type,value,sha256,malware_family,file_name,file_type,first_seen,source
MD5,2e3bb978d68490c99faac7f590933832,551aa018350fcf2b435b4d361dd4f117349a5136851f84ac10c02da1526e4e67,NanoCore,sales-tracker.io.exe,exe,2026-07-05 04:05:05,MalwareBazaar
SHA-1,c9970f57910e5e2bb746d838ab0f248bdfa1e15b,551aa018350fcf2b435b4d361dd4f117349a5136851f84ac10c02da1526e4e67,NanoCore,sales-tracker.io.exe,exe,2026-07-05 04:05:05,MalwareBazaar
SHA-256,551aa018350fcf2b435b4d361dd4f117349a5136851f84ac10c02da1526e4e67,551aa018350fcf2b435b4d361dd4f117349a5136851f84ac10c02da1526e4e67,NanoCore,sales-tracker.io.exe,exe,2026-07-05 04:05:05,MalwareBazaar
SHA3-384,e52530c2813f2e728c999d3afe7384591889ced31b3fb0704a8b149f8a543d8f7648110cff58e4e57b00ae664cbfe6ce,551aa018350fcf2b435b4d361dd4f117349a5136851f84ac10c02da1526e4e67,NanoCore,sales-tracker.io.exe,exe,2026-07-05 04:05:05,MalwareBazaar
IMPHASH,f34d5f2d4577ed6d9ceec516c1f5a744,551aa018350fcf2b435b4d361dd4f117349a5136851f84ac10c02da1526e4e67,NanoCore,sales-tracker.io.exe,exe,2026-07-05 04:05:05,MalwareBazaar
TLSH,T14414CF2A77A84A2FE2DE85B9611211538378C2E3DCC3F3EE18D855B35B663E50A071D7,551aa018350fcf2b435b4d361dd4f117349a5136851f84ac10c02da1526e4e67,NanoCore,sales-tracker.io.exe,exe,2026-07-05 04:05:05,MalwareBazaar
SSDEEP,3072:MzEqV6B1jHa6dtJ10jgvzcgi+oG/j9iaMP2s/HI2asvu1SEImfAF8V7m8CJvflRa:MLV6Bta6dtJmakIM5JuvImfVqflRj0vR,551aa018350fcf2b435b4d361dd4f117349a5136851f84ac10c02da1526e4e67,NanoCore,sales-tracker.io.exe,exe,2026-07-05 04:05:05,MalwareBazaar
MD5,ba3544437b369bbd4687a2ce30077a3f,d9f15a43821328bf482e2945ff9da40fa05f382777819d8e9fa3aaae8704862d,unknown,default.dat,exe,2026-07-05 03:51:59,MalwareBazaar
SHA-1,612fb6725b2c4b8f2c0edf6a2de5b1e53c8b8a76,d9f15a43821328bf482e2945ff9da40fa05f382777819d8e9fa3aaae8704862d,unknown,default.dat,exe,2026-07-05 03:51:59,MalwareBazaar
SHA-256,d9f15a43821328bf482e2945ff9da40fa05f382777819d8e9fa3aaae8704862d,d9f15a43821328bf482e2945ff9da40fa05f382777819d8e9fa3aaae8704862d,unknown,default.dat,exe,2026-07-05 03:51:59,MalwareBazaar
SHA3-384,0189377bf0332b59c8df2d905916b49acb3063368ea8d6ba09fafb6780dcfefffcf76aea463436860b87fdf9af67aef3,d9f15a43821328bf482e2945ff9da40fa05f382777819d8e9fa3aaae8704862d,unknown,default.dat,exe,2026-07-05 03:51:59,MalwareBazaar
IMPHASH,dcaf48c1f10b0efa0a4472200f3850ed,d9f15a43821328bf482e2945ff9da40fa05f382777819d8e9fa3aaae8704862d,unknown,default.dat,exe,2026-07-05 03:51:59,MalwareBazaar
TLSH,T10FE63318ABE001FEE9B7813C9DE19652D1B0B8651B61CEDF2798D7716E532E08C38B17,d9f15a43821328bf482e2945ff9da40fa05f382777819d8e9fa3aaae8704862d,unknown,default.dat,exe,2026-07-05 03:51:59,MalwareBazaar
SSDEEP,393216:IPHX1Bpawu+ifaDgNDXMCHWUjXFcuI3/PGTAI:I/lBzbpDYDXMb8XyH/O7,d9f15a43821328bf482e2945ff9da40fa05f382777819d8e9fa3aaae8704862d,unknown,default.dat,exe,2026-07-05 03:51:59,MalwareBazaar
ICON-DHASH,b2f1e8cccce871b2,d9f15a43821328bf482e2945ff9da40fa05f382777819d8e9fa3aaae8704862d,unknown,default.dat,exe,2026-07-05 03:51:59,MalwareBazaar
MD5,4be39027f6e94c46bf4307f6762d8b98,f193b47f2739aaa35c0ecec5d2731dc7d343c200340015e4a2bff663c3041512,unknown,file,exe,2026-07-05 03:12:53,MalwareBazaar
SHA-1,def05ff2de5bf7d550e6230c19480bae253d8043,f193b47f2739aaa35c0ecec5d2731dc7d343c200340015e4a2bff663c3041512,unknown,file,exe,2026-07-05 03:12:53,MalwareBazaar
SHA-256,f193b47f2739aaa35c0ecec5d2731dc7d343c200340015e4a2bff663c3041512,f193b47f2739aaa35c0ecec5d2731dc7d343c200340015e4a2bff663c3041512,unknown,file,exe,2026-07-05 03:12:53,MalwareBazaar
SHA3-384,38c3c1e8373f8bd2b80f47f8102be068f05c45ce550aa878b7b379b136fd8442dd3daebb6d9005487b48ede88746dc54,f193b47f2739aaa35c0ecec5d2731dc7d343c200340015e4a2bff663c3041512,unknown,file,exe,2026-07-05 03:12:53,MalwareBazaar
IMPHASH,20f35ed688f00eacb2c7ea603d9f248e,f193b47f2739aaa35c0ecec5d2731dc7d343c200340015e4a2bff663c3041512,unknown,file,exe,2026-07-05 03:12:53,MalwareBazaar
TLSH,T10E24292BD25375FCE552C03852667232BB32BA3D47309EF70392D7359D21AC0AE79A25,f193b47f2739aaa35c0ecec5d2731dc7d343c200340015e4a2bff663c3041512,unknown,file,exe,2026-07-05 03:12:53,MalwareBazaar
SSDEEP,3072:9SziFM0L3isiMJbXeEyqAbAMym8D68pnqWrrorGkM54Yqn:cilJjOvB8DHAWH8HYq,f193b47f2739aaa35c0ecec5d2731dc7d343c200340015e4a2bff663c3041512,unknown,file,exe,2026-07-05 03:12:53,MalwareBazaar
MD5,8a4c99ebd4cc814064ef6b209e8aa874,11936fb09c6770b658ce5335e704bdba76722e1282eb53630beca2e007bb0850,unknown,SETUP.zip,zip,2026-07-05 02:55:13,MalwareBazaar
SHA-1,51c6fa57c0590d67f12565dbf43a8b35e9935ebf,11936fb09c6770b658ce5335e704bdba76722e1282eb53630beca2e007bb0850,unknown,SETUP.zip,zip,2026-07-05 02:55:13,MalwareBazaar
SHA-256,11936fb09c6770b658ce5335e704bdba76722e1282eb53630beca2e007bb0850,11936fb09c6770b658ce5335e704bdba76722e1282eb53630beca2e007bb0850,unknown,SETUP.zip,zip,2026-07-05 02:55:13,MalwareBazaar
SHA3-384,91819d9e62fc9beafe435ded412f03e399c826e0b2a5ca2dd328eef9e0a27e0924b52cec5f04867a98f075791242efaf,11936fb09c6770b658ce5335e704bdba76722e1282eb53630beca2e007bb0850,unknown,SETUP.zip,zip,2026-07-05 02:55:13,MalwareBazaar
TLSH,T10EF63386A4B21FD6D89C013D81AF8B47639ABB074043936B5764E36B3FF37F19929940,11936fb09c6770b658ce5335e704bdba76722e1282eb53630beca2e007bb0850,unknown,SETUP.zip,zip,2026-07-05 02:55:13,MalwareBazaar
SSDEEP,393216:2UPTC40OSoynIC24FYlry7NTnhA+Trw6NXC8eFBT:+40O1yt24HhTh5TrnXC8ej,11936fb09c6770b658ce5335e704bdba76722e1282eb53630beca2e007bb0850,unknown,SETUP.zip,zip,2026-07-05 02:55:13,MalwareBazaar
MD5,e1824c5e2e9ade06e617a7e061fc8633,c016fd7194859f518e61b204e9df51a683959a28399bd88ec0f7b7f30858f133,unknown,SETUP.zip,zip,2026-07-05 02:53:21,MalwareBazaar
SHA-1,b0f7017a9b3ddbd3c9caaecfb19a18c18f628465,c016fd7194859f518e61b204e9df51a683959a28399bd88ec0f7b7f30858f133,unknown,SETUP.zip,zip,2026-07-05 02:53:21,MalwareBazaar
SHA-256,c016fd7194859f518e61b204e9df51a683959a28399bd88ec0f7b7f30858f133,c016fd7194859f518e61b204e9df51a683959a28399bd88ec0f7b7f30858f133,unknown,SETUP.zip,zip,2026-07-05 02:53:21,MalwareBazaar
SHA3-384,49e928c04ae8349e7100ac34a022c3ccbd0704a8961508ae7020518a22acd4eee207e7933d2d32a0656a24fa6113f89d,c016fd7194859f518e61b204e9df51a683959a28399bd88ec0f7b7f30858f133,unknown,SETUP.zip,zip,2026-07-05 02:53:21,MalwareBazaar
TLSH,T1F57723697A2D340BF9D18BFD94E539CC2167258849912E2F9F2F4471F673319BC3A822,c016fd7194859f518e61b204e9df51a683959a28399bd88ec0f7b7f30858f133,unknown,SETUP.zip,zip,2026-07-05 02:53:21,MalwareBazaar
SSDEEP,786432:eak7U8EBheCm/Pk+fDInMSnAZolgT9Tlltn2Fk8jB:eaQEBheCm/8eMhnAWlghLtn2F1B,c016fd7194859f518e61b204e9df51a683959a28399bd88ec0f7b7f30858f133,unknown,SETUP.zip,zip,2026-07-05 02:53:21,MalwareBazaar
MD5,99755cc0b98e663e73aac9be9aa33c13,422c55e0219b09d0262782b25420c601304f5d1b46a325f2b4859ef77244ff42,unknown,default.dat,exe,2026-07-05 02:52:11,MalwareBazaar
SHA-1,116af423f975819cd0668484d7e0fb7c83460fb8,422c55e0219b09d0262782b25420c601304f5d1b46a325f2b4859ef77244ff42,unknown,default.dat,exe,2026-07-05 02:52:11,MalwareBazaar
SHA-256,422c55e0219b09d0262782b25420c601304f5d1b46a325f2b4859ef77244ff42,422c55e0219b09d0262782b25420c601304f5d1b46a325f2b4859ef77244ff42,unknown,default.dat,exe,2026-07-05 02:52:11,MalwareBazaar
SHA3-384,1e68754c7a75f002e349aaf2deffe72df03e71a049307d0b8aac8602a99f3456e5c6a2f8cfd1870aec4b853d6f23c7d3,422c55e0219b09d0262782b25420c601304f5d1b46a325f2b4859ef77244ff42,unknown,default.dat,exe,2026-07-05 02:52:11,MalwareBazaar
IMPHASH,dcaf48c1f10b0efa0a4472200f3850ed,422c55e0219b09d0262782b25420c601304f5d1b46a325f2b4859ef77244ff42,unknown,default.dat,exe,2026-07-05 02:52:11,MalwareBazaar
TLSH,T1F4E63359A0D001EED533843CFE6185F2D56934A95BB2CA8F1BD4D3E1BC5B2E04E3A64B,422c55e0219b09d0262782b25420c601304f5d1b46a325f2b4859ef77244ff42,unknown,default.dat,exe,2026-07-05 02:52:11,MalwareBazaar
SSDEEP,393216:WcPtPJhURu1YY0WpZYmPxz48ITXMCHWUjXWcuI3/PGTAI:Wclf9R5z4zTXMb8XrH/O7,422c55e0219b09d0262782b25420c601304f5d1b46a325f2b4859ef77244ff42,unknown,default.dat,exe,2026-07-05 02:52:11,MalwareBazaar
ICON-DHASH,f0f8cc8682c6f0f0,422c55e0219b09d0262782b25420c601304f5d1b46a325f2b4859ef77244ff42,unknown,default.dat,exe,2026-07-05 02:52:11,MalwareBazaar
MD5,f344e4d3d76ac6712ddc17a7ac284da3,720035e8c6cfb6cdc35041b7f6fd3883d2dc4821aad56e39f3ca0f2947e2dc8e,unknown,recuva_professional__technician_(2026)_full_español_[mega].7z,7z,2026-07-05 02:52:10,MalwareBazaar
SHA-1,a73bfde9e33db85ab272a2e3b883879fd4c20824,720035e8c6cfb6cdc35041b7f6fd3883d2dc4821aad56e39f3ca0f2947e2dc8e,unknown,recuva_professional__technician_(2026)_full_español_[mega].7z,7z,2026-07-05 02:52:10,MalwareBazaar
SHA-256,720035e8c6cfb6cdc35041b7f6fd3883d2dc4821aad56e39f3ca0f2947e2dc8e,720035e8c6cfb6cdc35041b7f6fd3883d2dc4821aad56e39f3ca0f2947e2dc8e,unknown,recuva_professional__technician_(2026)_full_español_[mega].7z,7z,2026-07-05 02:52:10,MalwareBazaar
SHA3-384,ec393ad46be06563649806bc65adc6184eb63d7fe8163cb0684bac53c75974999e77da162157a34c9a1277d5a6b4ea5e,720035e8c6cfb6cdc35041b7f6fd3883d2dc4821aad56e39f3ca0f2947e2dc8e,unknown,recuva_professional__technician_(2026)_full_español_[mega].7z,7z,2026-07-05 02:52:10,MalwareBazaar
TLSH,T161073387B71B2C0FC7264D819618BBC2E7FE2B726604DEB1456CDC31B88D598A1F598C,720035e8c6cfb6cdc35041b7f6fd3883d2dc4821aad56e39f3ca0f2947e2dc8e,unknown,recuva_professional__technician_(2026)_full_español_[mega].7z,7z,2026-07-05 02:52:10,MalwareBazaar
SSDEEP,393216:aFCt9xmBrjQ5+4X0w1H5E98jVH8/UB0+3xM0DnR/hj0yUBM6/xSX:aWDrXbN5EgH2CRBzJYyEM+s,720035e8c6cfb6cdc35041b7f6fd3883d2dc4821aad56e39f3ca0f2947e2dc8e,unknown,recuva_professional__technician_(2026)_full_español_[mega].7z,7z,2026-07-05 02:52:10,MalwareBazaar
MD5,fafe52bd2c298f8b7a88ecc8778fd098,134385f37bc37813bd7b811a628b700d0791c31c2ea0f2cf037d2463e02976f3,unknown,cx-programmer 9.1 free download full.7z,7z,2026-07-05 02:50:57,MalwareBazaar
SHA-1,659251f9149677fb5515b3ce45078fba2dd7f2c2,134385f37bc37813bd7b811a628b700d0791c31c2ea0f2cf037d2463e02976f3,unknown,cx-programmer 9.1 free download full.7z,7z,2026-07-05 02:50:57,MalwareBazaar
SHA-256,134385f37bc37813bd7b811a628b700d0791c31c2ea0f2cf037d2463e02976f3,134385f37bc37813bd7b811a628b700d0791c31c2ea0f2cf037d2463e02976f3,unknown,cx-programmer 9.1 free download full.7z,7z,2026-07-05 02:50:57,MalwareBazaar
SHA3-384,a46a39c239f128fcc9f2954442c4bd1cd07e45ec4b3654f6cf16ac807064ff1d503abb515a58eaf3faabdb06820a4b1b,134385f37bc37813bd7b811a628b700d0791c31c2ea0f2cf037d2463e02976f3,unknown,cx-programmer 9.1 free download full.7z,7z,2026-07-05 02:50:57,MalwareBazaar
TLSH,T12107337180058ACA3A332CB87B35621A1D75C6197A2CE0DD3E6F91AC0BDE65D4B4DBD3,134385f37bc37813bd7b811a628b700d0791c31c2ea0f2cf037d2463e02976f3,unknown,cx-programmer 9.1 free download full.7z,7z,2026-07-05 02:50:57,MalwareBazaar
SSDEEP,393216:73nIZmav9nMUy7xTt/hqsGeQOuR47lOpPRA/65VFPoTq/NrSC:73YmalnI7x+sxQ9yYRZGG/lSC,134385f37bc37813bd7b811a628b700d0791c31c2ea0f2cf037d2463e02976f3,unknown,cx-programmer 9.1 free download full.7z,7z,2026-07-05 02:50:57,MalwareBazaar
MD5,62fbcb5eed035d28a3cd95bce4c81bdc,6cb7fd54f66b99cc623bfc38f8aed37b87e36a59882ea770ce30c825bbbe754b,unknown,SETUP.zip,zip,2026-07-05 02:49:26,MalwareBazaar
SHA-1,4485ba9c695d1d711f5c4fa8d9f255582c5969a9,6cb7fd54f66b99cc623bfc38f8aed37b87e36a59882ea770ce30c825bbbe754b,unknown,SETUP.zip,zip,2026-07-05 02:49:26,MalwareBazaar
SHA-256,6cb7fd54f66b99cc623bfc38f8aed37b87e36a59882ea770ce30c825bbbe754b,6cb7fd54f66b99cc623bfc38f8aed37b87e36a59882ea770ce30c825bbbe754b,unknown,SETUP.zip,zip,2026-07-05 02:49:26,MalwareBazaar
SHA3-384,a1432f08141c22d9b1cbc9f1ac8840028fabc14404a3ea1945a30c3be1630053d1c07a891ecc7bef7dab43fd74bd6b27,6cb7fd54f66b99cc623bfc38f8aed37b87e36a59882ea770ce30c825bbbe754b,unknown,SETUP.zip,zip,2026-07-05 02:49:26,MalwareBazaar
TLSH,T17C573328F8963A61EC4DC5B406B02DA403F06D76037B5BC42374746FA667FAE9B34A35,6cb7fd54f66b99cc623bfc38f8aed37b87e36a59882ea770ce30c825bbbe754b,unknown,SETUP.zip,zip,2026-07-05 02:49:26,MalwareBazaar
SSDEEP,786432:SnPIL9OBHBS1Rz9t0EZOWUietXPaVr0VYze8n5jZtzI:rAST4ie+0cei5ltI,6cb7fd54f66b99cc623bfc38f8aed37b87e36a59882ea770ce30c825bbbe754b,unknown,SETUP.zip,zip,2026-07-05 02:49:26,MalwareBazaar
MD5,46505a7f012438e9cd7cb8af114530ec,befaa63b031753c4e811f7f24b68c6107c8a6b1720e027aee673efde3c9f13ec,Gafgyt,befaa63b031753c4e811f7f24b68c6107c8a6b1720e027aee673efde3c9f13ec,elf,2026-07-05 02:09:45,MalwareBazaar
SHA-1,0afdd25eea1c82c4fd134a5c914769d20f86b5b6,befaa63b031753c4e811f7f24b68c6107c8a6b1720e027aee673efde3c9f13ec,Gafgyt,befaa63b031753c4e811f7f24b68c6107c8a6b1720e027aee673efde3c9f13ec,elf,2026-07-05 02:09:45,MalwareBazaar
SHA-256,befaa63b031753c4e811f7f24b68c6107c8a6b1720e027aee673efde3c9f13ec,befaa63b031753c4e811f7f24b68c6107c8a6b1720e027aee673efde3c9f13ec,Gafgyt,befaa63b031753c4e811f7f24b68c6107c8a6b1720e027aee673efde3c9f13ec,elf,2026-07-05 02:09:45,MalwareBazaar
SHA3-384,22e2ce5564c1fd51fc4f84b29d2a089b7ae009d07aa59825a2059a764df6cd079ca392ceb87579c07365ad2433c56760,befaa63b031753c4e811f7f24b68c6107c8a6b1720e027aee673efde3c9f13ec,Gafgyt,befaa63b031753c4e811f7f24b68c6107c8a6b1720e027aee673efde3c9f13ec,elf,2026-07-05 02:09:45,MalwareBazaar
TLSH,T1C744C71A3A11DFBFF56D863107B38A3047D9769626E1934AF25CD71C1E2028E681FBE4,befaa63b031753c4e811f7f24b68c6107c8a6b1720e027aee673efde3c9f13ec,Gafgyt,befaa63b031753c4e811f7f24b68c6107c8a6b1720e027aee673efde3c9f13ec,elf,2026-07-05 02:09:45,MalwareBazaar
TELFHASH,t144713158d43d09e9eea35d19a8692bf34993e12926f46b18ff66cdc0081f42df224d0f,befaa63b031753c4e811f7f24b68c6107c8a6b1720e027aee673efde3c9f13ec,Gafgyt,befaa63b031753c4e811f7f24b68c6107c8a6b1720e027aee673efde3c9f13ec,elf,2026-07-05 02:09:45,MalwareBazaar
SSDEEP,3072:dNFNVpJHJ4vqUagT10PJCRZUSlY9E+YlyrbT+Zy7KwmtwAL4OObI:FXGEgCPJaZdd+nbT+Zy7KwmtwAL4OObI,befaa63b031753c4e811f7f24b68c6107c8a6b1720e027aee673efde3c9f13ec,Gafgyt,befaa63b031753c4e811f7f24b68c6107c8a6b1720e027aee673efde3c9f13ec,elf,2026-07-05 02:09:45,MalwareBazaar
MD5,f9e1d4cc3a9a9d3bdc54baf112077bd1,8e8580be4c0807a0141da1e7cddf1763fea514408897d1bf2f7e298198525437,Mirai,Mozi.m,elf,2026-07-05 02:04:13,MalwareBazaar
SHA-1,051ee2689c553541c235bdfdc7be8d1802876c6d,8e8580be4c0807a0141da1e7cddf1763fea514408897d1bf2f7e298198525437,Mirai,Mozi.m,elf,2026-07-05 02:04:13,MalwareBazaar
SHA-256,8e8580be4c0807a0141da1e7cddf1763fea514408897d1bf2f7e298198525437,8e8580be4c0807a0141da1e7cddf1763fea514408897d1bf2f7e298198525437,Mirai,Mozi.m,elf,2026-07-05 02:04:13,MalwareBazaar
SHA3-384,bdc838dd6093d247e35f1d4bf626bc8b898a554ee681ad32df74ae34a812cdfcb30a24b38f6af0d791b07d34c4189fe6,8e8580be4c0807a0141da1e7cddf1763fea514408897d1bf2f7e298198525437,Mirai,Mozi.m,elf,2026-07-05 02:04:13,MalwareBazaar
TLSH,T10244398AFD81AF25D5C5227BFE2F428A33131BB8D2EB71129D145F24768A94F0F3A541,8e8580be4c0807a0141da1e7cddf1763fea514408897d1bf2f7e298198525437,Mirai,Mozi.m,elf,2026-07-05 02:04:13,MalwareBazaar
SSDEEP,6144:T2s/gAWuboqsJ9xcJxspJBqQgTuaJZRhVabE5wKSDP99zBa77oNsKqqfPqOJ:T2s/bW+UmJqBxAuaPRhVabEDSDP99zBT,8e8580be4c0807a0141da1e7cddf1763fea514408897d1bf2f7e298198525437,Mirai,Mozi.m,elf,2026-07-05 02:04:13,MalwareBazaar
MD5,69ac856f989a3dc0d8bff532c6f7f331,ccbf818a36523c19051d066f8e5edad655a478516afc916cd915aacca80dbcd2,unknown,default.dat,exe,2026-07-05 01:52:10,MalwareBazaar
SHA-1,a6b87c3a216ef6e26d483fa69151174b27a7c6f8,ccbf818a36523c19051d066f8e5edad655a478516afc916cd915aacca80dbcd2,unknown,default.dat,exe,2026-07-05 01:52:10,MalwareBazaar
SHA-256,ccbf818a36523c19051d066f8e5edad655a478516afc916cd915aacca80dbcd2,ccbf818a36523c19051d066f8e5edad655a478516afc916cd915aacca80dbcd2,unknown,default.dat,exe,2026-07-05 01:52:10,MalwareBazaar
SHA3-384,4ca9e45a79b540a544f44c92096fa5cf077122ca2948cc3eb191af546914302fd36e0fb790ad65d65d7da7097fae6067,ccbf818a36523c19051d066f8e5edad655a478516afc916cd915aacca80dbcd2,unknown,default.dat,exe,2026-07-05 01:52:10,MalwareBazaar
IMPHASH,dcaf48c1f10b0efa0a4472200f3850ed,ccbf818a36523c19051d066f8e5edad655a478516afc916cd915aacca80dbcd2,unknown,default.dat,exe,2026-07-05 01:52:10,MalwareBazaar
TLSH,T1E0E633545AC001FEECB7513CBEE14695D5A8F4BA4733C5AB439CA3622D271F08E3A762,ccbf818a36523c19051d066f8e5edad655a478516afc916cd915aacca80dbcd2,unknown,default.dat,exe,2026-07-05 01:52:10,MalwareBazaar
SSDEEP,393216:5PT923iF69GT0Y+XSDOhSXMCHWUjX+cuI3/PGTAI:5LkSg9GkaXMb8XzH/O7,ccbf818a36523c19051d066f8e5edad655a478516afc916cd915aacca80dbcd2,unknown,default.dat,exe,2026-07-05 01:52:10,MalwareBazaar
ICON-DHASH,71f0f0d8f8e0f070,ccbf818a36523c19051d066f8e5edad655a478516afc916cd915aacca80dbcd2,unknown,default.dat,exe,2026-07-05 01:52:10,MalwareBazaar
MD5,9b5e9ea4ed0ba0fd94033b766b6eb1b5,5c8dcfaf72d826e5e944b2b3c5a5f19c52f5d254e4f7de5a0a385354e778e955,Mirai,m68k,elf,2026-07-05 01:28:13,MalwareBazaar
SHA-1,68d325d7b2c6b63cba75ce6113c32890b007ca26,5c8dcfaf72d826e5e944b2b3c5a5f19c52f5d254e4f7de5a0a385354e778e955,Mirai,m68k,elf,2026-07-05 01:28:13,MalwareBazaar
SHA-256,5c8dcfaf72d826e5e944b2b3c5a5f19c52f5d254e4f7de5a0a385354e778e955,5c8dcfaf72d826e5e944b2b3c5a5f19c52f5d254e4f7de5a0a385354e778e955,Mirai,m68k,elf,2026-07-05 01:28:13,MalwareBazaar
SHA3-384,d6054942b0b4aa3ed6555598c09809947ede1159556d88f113685720363e2f0eeb4a15be30166b806366e3871762d5e0,5c8dcfaf72d826e5e944b2b3c5a5f19c52f5d254e4f7de5a0a385354e778e955,Mirai,m68k,elf,2026-07-05 01:28:13,MalwareBazaar
TLSH,T1BC144AC3F900DDBEF80AE73784134915B130B7A214925B37B257797BAC3A19A1467F8A,5c8dcfaf72d826e5e944b2b3c5a5f19c52f5d254e4f7de5a0a385354e778e955,Mirai,m68k,elf,2026-07-05 01:28:13,MalwareBazaar
SSDEEP,3072:29/k/QZzZKBITD6KATgmgM91XAD6MYmTQ1ci1wVejbiUL/4RzyqC0niS:mM/QZOICHgM91QDXlNi1jL/gyqcS,5c8dcfaf72d826e5e944b2b3c5a5f19c52f5d254e4f7de5a0a385354e778e955,Mirai,m68k,elf,2026-07-05 01:28:13,MalwareBazaar
MD5,fecfd4c8d58252abb469f6cc26414701,848b460096ecaeaf40ed9399c67650a0914967cd8ba35a3e59fbd372ddc2a7ee,unknown,k.php,sh,2026-07-05 01:28:12,MalwareBazaar
SHA-1,837578bac7e060af6ba7337b174f0a88a0a70875,848b460096ecaeaf40ed9399c67650a0914967cd8ba35a3e59fbd372ddc2a7ee,unknown,k.php,sh,2026-07-05 01:28:12,MalwareBazaar
SHA-256,848b460096ecaeaf40ed9399c67650a0914967cd8ba35a3e59fbd372ddc2a7ee,848b460096ecaeaf40ed9399c67650a0914967cd8ba35a3e59fbd372ddc2a7ee,unknown,k.php,sh,2026-07-05 01:28:12,MalwareBazaar
SHA3-384,4575dde256588066da97ac57f14ad701e99c5bd9005d07a47ae8761e1066f8650c80a7cf3c13b2acdf5c11183625d755,848b460096ecaeaf40ed9399c67650a0914967cd8ba35a3e59fbd372ddc2a7ee,unknown,k.php,sh,2026-07-05 01:28:12,MalwareBazaar
TLSH,T16A236C6516853C24AE99C4375C7F2F0CB9A983E6314491DDBFCA3CF28C4AA9CE21875D,848b460096ecaeaf40ed9399c67650a0914967cd8ba35a3e59fbd372ddc2a7ee,unknown,k.php,sh,2026-07-05 01:28:12,MalwareBazaar
SSDEEP,768:Yr9NyXsZztCx9GKYpr9GKYp82fkR4nnA9GKYpr9GKYp82fkR4nnW:GHusZ7cB,848b460096ecaeaf40ed9399c67650a0914967cd8ba35a3e59fbd372ddc2a7ee,unknown,k.php,sh,2026-07-05 01:28:12,MalwareBazaar
MD5,7feb34857e0f3ad6c939c0e9e7d4f65b,d1bc8967a413300d080ab7720d597511c1885912f35f6b11e4462dc12eb314ef,Mirai,pmips,elf,2026-07-05 01:15:08,MalwareBazaar
SHA-1,f2bea48e8eec792f90bba98e5f8e1852ed8fae77,d1bc8967a413300d080ab7720d597511c1885912f35f6b11e4462dc12eb314ef,Mirai,pmips,elf,2026-07-05 01:15:08,MalwareBazaar
SHA-256,d1bc8967a413300d080ab7720d597511c1885912f35f6b11e4462dc12eb314ef,d1bc8967a413300d080ab7720d597511c1885912f35f6b11e4462dc12eb314ef,Mirai,pmips,elf,2026-07-05 01:15:08,MalwareBazaar
SHA3-384,222afa436d8a797f5004c261a4e33992728caa62b3cb192ed8357cda0e0df11156ea9476ab5871c7404c4e3b82b70927,d1bc8967a413300d080ab7720d597511c1885912f35f6b11e4462dc12eb314ef,Mirai,pmips,elf,2026-07-05 01:15:08,MalwareBazaar
TLSH,T1F734C61F6F228F6EF269CB7447B74E35975C23D622E1D684D2ACD2101E6028E541FBB8,d1bc8967a413300d080ab7720d597511c1885912f35f6b11e4462dc12eb314ef,Mirai,pmips,elf,2026-07-05 01:15:08,MalwareBazaar
TELFHASH,t13641a4180d7813b0a6656c5d089def27d6a731db7e1b6c238e50e86eeb69f838d14d0c,d1bc8967a413300d080ab7720d597511c1885912f35f6b11e4462dc12eb314ef,Mirai,pmips,elf,2026-07-05 01:15:08,MalwareBazaar
SSDEEP,3072:jXzW5U6H5df8GyIzXBOud7stJMxJtnbCl6NGU47loJ2:jXSSG5dWIrI8xHbCl6IHloJ2,d1bc8967a413300d080ab7720d597511c1885912f35f6b11e4462dc12eb314ef,Mirai,pmips,elf,2026-07-05 01:15:08,MalwareBazaar
MD5,c7350c957c8fca2cfca4b7807efa9c43,dc3f3a497e0c23bb74713d90a4a4da901c4ad3f2062af803af03179c78726df2,Mirai,arm,elf,2026-07-05 01:11:05,MalwareBazaar
SHA-1,1839a62746ef12f775b5be1ecf99df0cff9a2a05,dc3f3a497e0c23bb74713d90a4a4da901c4ad3f2062af803af03179c78726df2,Mirai,arm,elf,2026-07-05 01:11:05,MalwareBazaar
SHA-256,dc3f3a497e0c23bb74713d90a4a4da901c4ad3f2062af803af03179c78726df2,dc3f3a497e0c23bb74713d90a4a4da901c4ad3f2062af803af03179c78726df2,Mirai,arm,elf,2026-07-05 01:11:05,MalwareBazaar
SHA3-384,c54f3d0e8ccd8b5c2162f3fdff44704660774ed8730d8d8a816cf1e154ec786fc6d199e0231835b9bfad9858e9f7976c,dc3f3a497e0c23bb74713d90a4a4da901c4ad3f2062af803af03179c78726df2,Mirai,arm,elf,2026-07-05 01:11:05,MalwareBazaar
TLSH,T1B6042945F9819A17C6C612BBFB5E428D372A13A8D3EE3103DD255F2137DB96B0A3B241,dc3f3a497e0c23bb74713d90a4a4da901c4ad3f2062af803af03179c78726df2,Mirai,arm,elf,2026-07-05 01:11:05,MalwareBazaar
TELFHASH,t1c1a00219cfb816eb710258c6ccc3406fe1b72499134164098f359646bdc20b8b1679b2,dc3f3a497e0c23bb74713d90a4a4da901c4ad3f2062af803af03179c78726df2,Mirai,arm,elf,2026-07-05 01:11:05,MalwareBazaar
SSDEEP,3072:acqDKVGmkvM9wPexJOMcU4OjIarfJDNCEm886:3Vl9/DZcU4OMar9NrT,dc3f3a497e0c23bb74713d90a4a4da901c4ad3f2062af803af03179c78726df2,Mirai,arm,elf,2026-07-05 01:11:05,MalwareBazaar
MD5,43e647b9d685e1e5be276026df86d7e4,46880af4b7bbb74def06569aecda2d96702de4b8b7723b05af927674928ce327,unknown,default.dat,exe,2026-07-05 00:52:25,MalwareBazaar
SHA-1,3acbcfe403d42d59ce337403a39201cad1107ad4,46880af4b7bbb74def06569aecda2d96702de4b8b7723b05af927674928ce327,unknown,default.dat,exe,2026-07-05 00:52:25,MalwareBazaar
SHA-256,46880af4b7bbb74def06569aecda2d96702de4b8b7723b05af927674928ce327,46880af4b7bbb74def06569aecda2d96702de4b8b7723b05af927674928ce327,unknown,default.dat,exe,2026-07-05 00:52:25,MalwareBazaar
SHA3-384,e631b45e685fae733c81b10dbdd79916704e1291ca99819b1d30929d1f226d13db645fe48be66a106b3126ad5cce6b29,46880af4b7bbb74def06569aecda2d96702de4b8b7723b05af927674928ce327,unknown,default.dat,exe,2026-07-05 00:52:25,MalwareBazaar
IMPHASH,dcaf48c1f10b0efa0a4472200f3850ed,46880af4b7bbb74def06569aecda2d96702de4b8b7723b05af927674928ce327,unknown,default.dat,exe,2026-07-05 00:52:25,MalwareBazaar
TLSH,T1FDE6332CEBE006FFD6730035EA66A199E56578221BB1C58F279897C66D833E08C3D753,46880af4b7bbb74def06569aecda2d96702de4b8b7723b05af927674928ce327,unknown,default.dat,exe,2026-07-05 00:52:25,MalwareBazaar
SSDEEP,393216:ybO0JfWO7BcqDFCa3ETsCuIxH3XMCHWUjXMcuI3/PGTAI:ybJetqDFCF3RXMb8XZH/O7,46880af4b7bbb74def06569aecda2d96702de4b8b7723b05af927674928ce327,unknown,default.dat,exe,2026-07-05 00:52:25,MalwareBazaar
ICON-DHASH,5479d0f0e0e870b2,46880af4b7bbb74def06569aecda2d96702de4b8b7723b05af927674928ce327,unknown,default.dat,exe,2026-07-05 00:52:25,MalwareBazaar
MD5,a4ea7c23112be168a7783fa48934ec03,b74f6ba6f0a2fd9969cea27d371567823fd7b9a6ffe14aa5347adc63d70fc1e3,Mirai,mpsl,elf,2026-07-05 00:51:26,MalwareBazaar
SHA-1,6fbb277168511b63056d2b813e50aca018a24e5b,b74f6ba6f0a2fd9969cea27d371567823fd7b9a6ffe14aa5347adc63d70fc1e3,Mirai,mpsl,elf,2026-07-05 00:51:26,MalwareBazaar
SHA-256,b74f6ba6f0a2fd9969cea27d371567823fd7b9a6ffe14aa5347adc63d70fc1e3,b74f6ba6f0a2fd9969cea27d371567823fd7b9a6ffe14aa5347adc63d70fc1e3,Mirai,mpsl,elf,2026-07-05 00:51:26,MalwareBazaar
SHA3-384,2c2ccb82b72aabc877ffd22078c10258e6e983f4f35e561b13be8f12996811950e5b77f669ead88850f6d0c72f35952a,b74f6ba6f0a2fd9969cea27d371567823fd7b9a6ffe14aa5347adc63d70fc1e3,Mirai,mpsl,elf,2026-07-05 00:51:26,MalwareBazaar
TLSH,T11634F80AAB610EFBECAFCD3701E90B0524CC645622A53F367674D918F94A54F4AE3D78,b74f6ba6f0a2fd9969cea27d371567823fd7b9a6ffe14aa5347adc63d70fc1e3,Mirai,mpsl,elf,2026-07-05 00:51:26,MalwareBazaar
SSDEEP,3072:O/k9Epohhkm43gXAy6XboWgXGXzgR9foPGAfHBr:Hr4XwROoWXwW+AB,b74f6ba6f0a2fd9969cea27d371567823fd7b9a6ffe14aa5347adc63d70fc1e3,Mirai,mpsl,elf,2026-07-05 00:51:26,MalwareBazaar
MD5,8f2d3180b697c8b138e2f3a1cd0936c4,12db9c40d7315b02d5231d11e04854b0c1ea3574219a97a32e6cd6a6cf8e8f60,Mirai,arm7,elf,2026-07-05 00:49:23,MalwareBazaar
SHA-1,c409dccd86fcc0cee4294c188070ceb2e80dce40,12db9c40d7315b02d5231d11e04854b0c1ea3574219a97a32e6cd6a6cf8e8f60,Mirai,arm7,elf,2026-07-05 00:49:23,MalwareBazaar
SHA-256,12db9c40d7315b02d5231d11e04854b0c1ea3574219a97a32e6cd6a6cf8e8f60,12db9c40d7315b02d5231d11e04854b0c1ea3574219a97a32e6cd6a6cf8e8f60,Mirai,arm7,elf,2026-07-05 00:49:23,MalwareBazaar
SHA3-384,ea88a899ff07cf757cf0f5b10656e73170f0a03bd95d53b9854eb19d75efe1ce630cbde00dd7fcf29eba3d129ad6b28d,12db9c40d7315b02d5231d11e04854b0c1ea3574219a97a32e6cd6a6cf8e8f60,Mirai,arm7,elf,2026-07-05 00:49:23,MalwareBazaar
TLSH,T1FE442946FB414A13C4D617B9EA9F42453333E768D3EB7306D928AFB03B8779A0E62505,12db9c40d7315b02d5231d11e04854b0c1ea3574219a97a32e6cd6a6cf8e8f60,Mirai,arm7,elf,2026-07-05 00:49:23,MalwareBazaar
TELFHASH,t18a41ea758b64112a5aa1dd14d9ea97b2251eda1b1344fa73de35c48c280948fe927c0f,12db9c40d7315b02d5231d11e04854b0c1ea3574219a97a32e6cd6a6cf8e8f60,Mirai,arm7,elf,2026-07-05 00:49:23,MalwareBazaar
SSDEEP,6144:lRv2k9DAMk5WIs/H1ByajPl0qv0MtuclBii8hE1V/Gpr2mC2qC5s:ll/9DAMCWlH1ByajPl0qv0SxPuE/I6mi,12db9c40d7315b02d5231d11e04854b0c1ea3574219a97a32e6cd6a6cf8e8f60,Mirai,arm7,elf,2026-07-05 00:49:23,MalwareBazaar
MD5,7144e9deb23ea76b159f8640766d1155,f37cc14d7aba3e5acb68885336ccf3882c61d4220c50618d0344aa874b4f0fb6,Mirai,arm6,elf,2026-07-05 00:46:15,MalwareBazaar
SHA-1,e52659901d465800df1706a00071f75ace1f190f,f37cc14d7aba3e5acb68885336ccf3882c61d4220c50618d0344aa874b4f0fb6,Mirai,arm6,elf,2026-07-05 00:46:15,MalwareBazaar
SHA-256,f37cc14d7aba3e5acb68885336ccf3882c61d4220c50618d0344aa874b4f0fb6,f37cc14d7aba3e5acb68885336ccf3882c61d4220c50618d0344aa874b4f0fb6,Mirai,arm6,elf,2026-07-05 00:46:15,MalwareBazaar
SHA3-384,df7507f5b48d808cefedc0372e5f19240089e65af2dfb8da6d85bd2082883ad9efbf542057c0351bc61c5caca739c417,f37cc14d7aba3e5acb68885336ccf3882c61d4220c50618d0344aa874b4f0fb6,Mirai,arm6,elf,2026-07-05 00:46:15,MalwareBazaar
TLSH,T1AE141956F8819B15D5D112BEFE0E128D33232BBCE2DE72129D246F30778B96B0A7B505,f37cc14d7aba3e5acb68885336ccf3882c61d4220c50618d0344aa874b4f0fb6,Mirai,arm6,elf,2026-07-05 00:46:15,MalwareBazaar
TELFHASH,t130a00216db825056f09b83e9a189a59bc3793090e28661e1675453a93d139d93411496,f37cc14d7aba3e5acb68885336ccf3882c61d4220c50618d0344aa874b4f0fb6,Mirai,arm6,elf,2026-07-05 00:46:15,MalwareBazaar
SSDEEP,3072:5yopnl2EQiEV+UZsFgp1tyhUS1EArXG9soYaav2psJxDdhAC3Vd3R5Kf:dnl2EQiEAqc0byht1rXcsZa5gxDQ+Vd+,f37cc14d7aba3e5acb68885336ccf3882c61d4220c50618d0344aa874b4f0fb6,Mirai,arm6,elf,2026-07-05 00:46:15,MalwareBazaar
MD5,1e7e1b36f954d5c9e04525f2fbf8015b,0f2bd4b70f03a3f5eba2121af97e5afb3c5969e4887c960c00d4c5b02c5c785f,Mirai,arm5,elf,2026-07-05 00:45:11,MalwareBazaar
SHA-1,e076646dcc964ef6e4f78966bd8f387f6a0b77c3,0f2bd4b70f03a3f5eba2121af97e5afb3c5969e4887c960c00d4c5b02c5c785f,Mirai,arm5,elf,2026-07-05 00:45:11,MalwareBazaar
SHA-256,0f2bd4b70f03a3f5eba2121af97e5afb3c5969e4887c960c00d4c5b02c5c785f,0f2bd4b70f03a3f5eba2121af97e5afb3c5969e4887c960c00d4c5b02c5c785f,Mirai,arm5,elf,2026-07-05 00:45:11,MalwareBazaar
SHA3-384,a3325a5fe8541e0c14e2f8105381b738ad72a20e3503e9c846a7bf6e3d7235fd7bd9c4c50f2f90f8127b3e56eb3f99b5,0f2bd4b70f03a3f5eba2121af97e5afb3c5969e4887c960c00d4c5b02c5c785f,Mirai,arm5,elf,2026-07-05 00:45:11,MalwareBazaar
TLSH,T143832A91B981966EC2E063BFF95E928D333563E8C2DE3523DD118B1137CA61F0977A90,0f2bd4b70f03a3f5eba2121af97e5afb3c5969e4887c960c00d4c5b02c5c785f,Mirai,arm5,elf,2026-07-05 00:45:11,MalwareBazaar
TELFHASH,t1edf08b04fe7a8f1948f29a70dcac17a0d407512791b21b20ef52cad1cc3e468f308d1d,0f2bd4b70f03a3f5eba2121af97e5afb3c5969e4887c960c00d4c5b02c5c785f,Mirai,arm5,elf,2026-07-05 00:45:11,MalwareBazaar
SSDEEP,1536:GT3qwGZbgDoB7bx4gJy+b4pu4N793L3L72mWf4Iyd2FEd:4UZbn7bx4gJyfJ3r/ew9d,0f2bd4b70f03a3f5eba2121af97e5afb3c5969e4887c960c00d4c5b02c5c785f,Mirai,arm5,elf,2026-07-05 00:45:11,MalwareBazaar
MD5,0413cbb5394de60195f92eb34775d9e4,028c7bb4023c66785328a078fb9ba3787418c45aace2b31395b9e06443224f71,unknown,chrome_elf.dll,dll,2026-07-05 00:21:34,MalwareBazaar
SHA-1,0ddd32dc4b3b4a6c339d14546759d4c1f94d4f98,028c7bb4023c66785328a078fb9ba3787418c45aace2b31395b9e06443224f71,unknown,chrome_elf.dll,dll,2026-07-05 00:21:34,MalwareBazaar
SHA-256,028c7bb4023c66785328a078fb9ba3787418c45aace2b31395b9e06443224f71,028c7bb4023c66785328a078fb9ba3787418c45aace2b31395b9e06443224f71,unknown,chrome_elf.dll,dll,2026-07-05 00:21:34,MalwareBazaar
SHA3-384,5ea6cc01a0131589be4d30bbb4762e4916338e3869c42d8055f9661d3569012b269ccbf4551d07c3078ed9fc7518b9d3,028c7bb4023c66785328a078fb9ba3787418c45aace2b31395b9e06443224f71,unknown,chrome_elf.dll,dll,2026-07-05 00:21:34,MalwareBazaar
IMPHASH,055f03c0930ee8e112600d2d9eea4c04,028c7bb4023c66785328a078fb9ba3787418c45aace2b31395b9e06443224f71,unknown,chrome_elf.dll,dll,2026-07-05 00:21:34,MalwareBazaar
TLSH,T14FC7335B39C7C4FBD4C509B0971777E713B7A2534ACA8C7A5AC42449D9E2FB2203E982,028c7bb4023c66785328a078fb9ba3787418c45aace2b31395b9e06443224f71,unknown,chrome_elf.dll,dll,2026-07-05 00:21:34,MalwareBazaar
SSDEEP,1572864:+0N92y60WTub4IHvSytoHPeeEaytZVix8ULgZy9cZqN6rQe97PgS:+OLWTu0IKyc7EaytZpty9cZqkXPT,028c7bb4023c66785328a078fb9ba3787418c45aace2b31395b9e06443224f71,unknown,chrome_elf.dll,dll,2026-07-05 00:21:34,MalwareBazaar
MD5,dc903b2967c0c943084a0d5c0d131cf1,716608d7e9a26e980f916e73792abcb86bbb21fb949436b7f359afcaf730b078,Stealc,file,exe,2026-07-05 00:13:14,MalwareBazaar
SHA-1,1dd66d9ee5902947bda7eb381fa256877a646879,716608d7e9a26e980f916e73792abcb86bbb21fb949436b7f359afcaf730b078,Stealc,file,exe,2026-07-05 00:13:14,MalwareBazaar
SHA-256,716608d7e9a26e980f916e73792abcb86bbb21fb949436b7f359afcaf730b078,716608d7e9a26e980f916e73792abcb86bbb21fb949436b7f359afcaf730b078,Stealc,file,exe,2026-07-05 00:13:14,MalwareBazaar
SHA3-384,d8b5c2ab6568d99f05d1581efed6f86138438c1a6c78e3757317101400f95a95599b7f2b846edb77e8c6f63cdc63fd9c,716608d7e9a26e980f916e73792abcb86bbb21fb949436b7f359afcaf730b078,Stealc,file,exe,2026-07-05 00:13:14,MalwareBazaar
IMPHASH,4cea7ae85c87ddc7295d39ff9cda31d1,716608d7e9a26e980f916e73792abcb86bbb21fb949436b7f359afcaf730b078,Stealc,file,exe,2026-07-05 00:13:14,MalwareBazaar
TLSH,T14EA5330012E409D1E02AA7B05CE74E6B4534F8B24B7116BF35E8967C9F267C5A53BB2F,716608d7e9a26e980f916e73792abcb86bbb21fb949436b7f359afcaf730b078,Stealc,file,exe,2026-07-05 00:13:14,MalwareBazaar
SSDEEP,49152:Au8yU6VTiz0JmAM/UaDjOlgrXcoJA5OZxwvt:VFs0JcJDjOsO5OHw,716608d7e9a26e980f916e73792abcb86bbb21fb949436b7f359afcaf730b078,Stealc,file,exe,2026-07-05 00:13:14,MalwareBazaar
ICON-DHASH,1fbc72cec2e3e3a8,716608d7e9a26e980f916e73792abcb86bbb21fb949436b7f359afcaf730b078,Stealc,file,exe,2026-07-05 00:13:14,MalwareBazaar
MD5,3f765f2396c7f2df4753ef0b02b20f3a,f23e6b705868c3d3a6615be240bfa23620b0b873fd17b12a9481f7580a18ec75,Vidar,SecuriteInfo.com.Win64.Evo-gen.45211965,exe,2026-07-05 00:00:38,MalwareBazaar
SHA-1,64c1b72294206007c43834fc70b3fa299ed6c3d9,f23e6b705868c3d3a6615be240bfa23620b0b873fd17b12a9481f7580a18ec75,Vidar,SecuriteInfo.com.Win64.Evo-gen.45211965,exe,2026-07-05 00:00:38,MalwareBazaar
SHA-256,f23e6b705868c3d3a6615be240bfa23620b0b873fd17b12a9481f7580a18ec75,f23e6b705868c3d3a6615be240bfa23620b0b873fd17b12a9481f7580a18ec75,Vidar,SecuriteInfo.com.Win64.Evo-gen.45211965,exe,2026-07-05 00:00:38,MalwareBazaar
SHA3-384,6aa608cef388b7cdb1991566c78cc66f7e4a4c643d2ae8fa6c4f91e221e4bc2afcd4f1a42597b320ea998782f415e1a7,f23e6b705868c3d3a6615be240bfa23620b0b873fd17b12a9481f7580a18ec75,Vidar,SecuriteInfo.com.Win64.Evo-gen.45211965,exe,2026-07-05 00:00:38,MalwareBazaar
IMPHASH,d42595b695fc008ef2c56aabd8efd68e,f23e6b705868c3d3a6615be240bfa23620b0b873fd17b12a9481f7580a18ec75,Vidar,SecuriteInfo.com.Win64.Evo-gen.45211965,exe,2026-07-05 00:00:38,MalwareBazaar
TLSH,T14AD5AD0B7CD545E9C4AAA3318DBA42967B35BC494F3227D72E9077782E727E08D36B40,f23e6b705868c3d3a6615be240bfa23620b0b873fd17b12a9481f7580a18ec75,Vidar,SecuriteInfo.com.Win64.Evo-gen.45211965,exe,2026-07-05 00:00:38,MalwareBazaar
SSDEEP,49152:V50BJeqTR9up7t8eoqvBkoA/+h7r0hri4Hw95gZ:V50dGN5kh/Of6rDQ95m,f23e6b705868c3d3a6615be240bfa23620b0b873fd17b12a9481f7580a18ec75,Vidar,SecuriteInfo.com.Win64.Evo-gen.45211965,exe,2026-07-05 00:00:38,MalwareBazaar
MD5,1f80fb7d02e567f3c92aed65acd83565,9462805f80c946c49bf44a3d567a682b666d1d0bd74e3819050339e6f3e93451,Vidar,SecuriteInfo.com.Win64.Evo-gen.11482139,exe,2026-07-05 00:00:36,MalwareBazaar
SHA-1,a2229b5da50d9f4c9fba066a7af5c23efbe22675,9462805f80c946c49bf44a3d567a682b666d1d0bd74e3819050339e6f3e93451,Vidar,SecuriteInfo.com.Win64.Evo-gen.11482139,exe,2026-07-05 00:00:36,MalwareBazaar
SHA-256,9462805f80c946c49bf44a3d567a682b666d1d0bd74e3819050339e6f3e93451,9462805f80c946c49bf44a3d567a682b666d1d0bd74e3819050339e6f3e93451,Vidar,SecuriteInfo.com.Win64.Evo-gen.11482139,exe,2026-07-05 00:00:36,MalwareBazaar
SHA3-384,612f114fe92a4518c210abd55a871e630dc289515d5c876f6ec7a40134f07100fed05d50d0fa1562d823687571b33b14,9462805f80c946c49bf44a3d567a682b666d1d0bd74e3819050339e6f3e93451,Vidar,SecuriteInfo.com.Win64.Evo-gen.11482139,exe,2026-07-05 00:00:36,MalwareBazaar
IMPHASH,d42595b695fc008ef2c56aabd8efd68e,9462805f80c946c49bf44a3d567a682b666d1d0bd74e3819050339e6f3e93451,Vidar,SecuriteInfo.com.Win64.Evo-gen.11482139,exe,2026-07-05 00:00:36,MalwareBazaar
TLSH,T1C1E59E47BCD009E5D5AAA6328DB792927B30BC454F3623D72E8072782F767D19C3A784,9462805f80c946c49bf44a3d567a682b666d1d0bd74e3819050339e6f3e93451,Vidar,SecuriteInfo.com.Win64.Evo-gen.11482139,exe,2026-07-05 00:00:36,MalwareBazaar
SSDEEP,49152:Hznf00G7buw5Zs0CVmQTqseuqnmHz18cFMIarEftsI4P:Hzs9odscFMdEsIs,9462805f80c946c49bf44a3d567a682b666d1d0bd74e3819050339e6f3e93451,Vidar,SecuriteInfo.com.Win64.Evo-gen.11482139,exe,2026-07-05 00:00:36,MalwareBazaar
MD5,c1c7abb7d3e27a5a13788863449b0678,8e3cf3dc6e5d8fdfbcc8575e9e97003f7f919c6ba2ea5889ec3ac658ceacc8a9,Vidar,SecuriteInfo.com.Trojan.Siggen32.61852.17703.28157,exe,2026-07-05 00:00:34,MalwareBazaar
SHA-1,05842daee782946e80621abe836f235fcb919e76,8e3cf3dc6e5d8fdfbcc8575e9e97003f7f919c6ba2ea5889ec3ac658ceacc8a9,Vidar,SecuriteInfo.com.Trojan.Siggen32.61852.17703.28157,exe,2026-07-05 00:00:34,MalwareBazaar
SHA-256,8e3cf3dc6e5d8fdfbcc8575e9e97003f7f919c6ba2ea5889ec3ac658ceacc8a9,8e3cf3dc6e5d8fdfbcc8575e9e97003f7f919c6ba2ea5889ec3ac658ceacc8a9,Vidar,SecuriteInfo.com.Trojan.Siggen32.61852.17703.28157,exe,2026-07-05 00:00:34,MalwareBazaar
SHA3-384,8df29bc158a7ac61dd437a8413e00f0c824d5f737a3cbbc556b710e20295874aed2fba1aab42072af0df711177c26b78,8e3cf3dc6e5d8fdfbcc8575e9e97003f7f919c6ba2ea5889ec3ac658ceacc8a9,Vidar,SecuriteInfo.com.Trojan.Siggen32.61852.17703.28157,exe,2026-07-05 00:00:34,MalwareBazaar
IMPHASH,d42595b695fc008ef2c56aabd8efd68e,8e3cf3dc6e5d8fdfbcc8575e9e97003f7f919c6ba2ea5889ec3ac658ceacc8a9,Vidar,SecuriteInfo.com.Trojan.Siggen32.61852.17703.28157,exe,2026-07-05 00:00:34,MalwareBazaar
TLSH,T1A8F57C47ACE108FAC09AA23185B75696BB74BC090F3227D32E91B7382F72BE05D75754,8e3cf3dc6e5d8fdfbcc8575e9e97003f7f919c6ba2ea5889ec3ac658ceacc8a9,Vidar,SecuriteInfo.com.Trojan.Siggen32.61852.17703.28157,exe,2026-07-05 00:00:34,MalwareBazaar
SSDEEP,49152:GDapaeJv7Dz45PGoIk9DdDQ97F+tKSAbB+2avZSFWnLOgCsDpDg:GWhXo2FoAbB+2avZxLe,8e3cf3dc6e5d8fdfbcc8575e9e97003f7f919c6ba2ea5889ec3ac658ceacc8a9,Vidar,SecuriteInfo.com.Trojan.Siggen32.61852.17703.28157,exe,2026-07-05 00:00:34,MalwareBazaar
MD5,14849cd2fbd1dc33147101bb7d028b61,e74cf40d9df390976e11bad98f81df248c14b6e5a45c889b05095fb66117a83b,Vidar,SecuriteInfo.com.Win64.Evo-gen.79583238,exe,2026-07-05 00:00:32,MalwareBazaar
SHA-1,b8fa979c5b97fcdd3012fd6399a1bc75f22add36,e74cf40d9df390976e11bad98f81df248c14b6e5a45c889b05095fb66117a83b,Vidar,SecuriteInfo.com.Win64.Evo-gen.79583238,exe,2026-07-05 00:00:32,MalwareBazaar
SHA-256,e74cf40d9df390976e11bad98f81df248c14b6e5a45c889b05095fb66117a83b,e74cf40d9df390976e11bad98f81df248c14b6e5a45c889b05095fb66117a83b,Vidar,SecuriteInfo.com.Win64.Evo-gen.79583238,exe,2026-07-05 00:00:32,MalwareBazaar
SHA3-384,f0805ea5a24e1c9fc743a1a26e9ac2afc189b003d3f7682844e54ee1622759e3d4c5ea10c9459cf27f1c653800dd171f,e74cf40d9df390976e11bad98f81df248c14b6e5a45c889b05095fb66117a83b,Vidar,SecuriteInfo.com.Win64.Evo-gen.79583238,exe,2026-07-05 00:00:32,MalwareBazaar
IMPHASH,d42595b695fc008ef2c56aabd8efd68e,e74cf40d9df390976e11bad98f81df248c14b6e5a45c889b05095fb66117a83b,Vidar,SecuriteInfo.com.Win64.Evo-gen.79583238,exe,2026-07-05 00:00:32,MalwareBazaar
TLSH,T17AE5AE0B7CE044E9D8AA92358CB751967B71BC490F3267D32E80B2782FB27D09D76B54,e74cf40d9df390976e11bad98f81df248c14b6e5a45c889b05095fb66117a83b,Vidar,SecuriteInfo.com.Win64.Evo-gen.79583238,exe,2026-07-05 00:00:32,MalwareBazaar
SSDEEP,49152:mJi9PRkDTG8WYrYN1DUTs9xFUU74xLu+FJbN1nrUJIPVgaGD:mJikK7LMi+GIPVVGD,e74cf40d9df390976e11bad98f81df248c14b6e5a45c889b05095fb66117a83b,Vidar,SecuriteInfo.com.Win64.Evo-gen.79583238,exe,2026-07-05 00:00:32,MalwareBazaar
MD5,4b3c6ee4490da28af2ec40637384c400,d9d6fc3085dd822f258601164ecb21f318822a63ca0360aead9201bcee49ed04,unknown,SecuriteInfo.com.Trojan.PWS.StealerNET.203.19366.4374,exe,2026-07-05 00:00:30,MalwareBazaar
SHA-1,96f4bf9096686fcb2cd171034b9ea22cd4da2280,d9d6fc3085dd822f258601164ecb21f318822a63ca0360aead9201bcee49ed04,unknown,SecuriteInfo.com.Trojan.PWS.StealerNET.203.19366.4374,exe,2026-07-05 00:00:30,MalwareBazaar
SHA-256,d9d6fc3085dd822f258601164ecb21f318822a63ca0360aead9201bcee49ed04,d9d6fc3085dd822f258601164ecb21f318822a63ca0360aead9201bcee49ed04,unknown,SecuriteInfo.com.Trojan.PWS.StealerNET.203.19366.4374,exe,2026-07-05 00:00:30,MalwareBazaar
SHA3-384,e3325dd76e832e3dec5026332ef3715af650cde56455942e071317e8bf83433ca27773e873885dfbc432e50f29b104dc,d9d6fc3085dd822f258601164ecb21f318822a63ca0360aead9201bcee49ed04,unknown,SecuriteInfo.com.Trojan.PWS.StealerNET.203.19366.4374,exe,2026-07-05 00:00:30,MalwareBazaar
IMPHASH,f34d5f2d4577ed6d9ceec516c1f5a744,d9d6fc3085dd822f258601164ecb21f318822a63ca0360aead9201bcee49ed04,unknown,SecuriteInfo.com.Trojan.PWS.StealerNET.203.19366.4374,exe,2026-07-05 00:00:30,MalwareBazaar
TLSH,T1F134086E9E97A641C5160836B87353814B799E7964CFB5628EE33FFE4BF3C9810070A1,d9d6fc3085dd822f258601164ecb21f318822a63ca0360aead9201bcee49ed04,unknown,SecuriteInfo.com.Trojan.PWS.StealerNET.203.19366.4374,exe,2026-07-05 00:00:30,MalwareBazaar
SSDEEP,3072:4/sQH9nTmUMzavkcHrU2DYgdbIX5US94NpVq8BxFRzaqF+o2GQJ7/JzqVfGv1:49TsgYUbcdgVqwlL,d9d6fc3085dd822f258601164ecb21f318822a63ca0360aead9201bcee49ed04,unknown,SecuriteInfo.com.Trojan.PWS.StealerNET.203.19366.4374,exe,2026-07-05 00:00:30,MalwareBazaar
ICON-DHASH,f0d0c8cdcd88c0e0,d9d6fc3085dd822f258601164ecb21f318822a63ca0360aead9201bcee49ed04,unknown,SecuriteInfo.com.Trojan.PWS.StealerNET.203.19366.4374,exe,2026-07-05 00:00:30,MalwareBazaar
MD5,eaf137a95d93a9093efc6280adaf9326,360e3c6d428da649c77a426d3f0379a3a1eced35f0d7a68f5a925d4b300ccaf7,Vidar,SecuriteInfo.com.Win64.Evo-gen.57237154,exe,2026-07-05 00:00:28,MalwareBazaar
SHA-1,4119957c3a2100afdc5eda40c89cdb2f426abf7f,360e3c6d428da649c77a426d3f0379a3a1eced35f0d7a68f5a925d4b300ccaf7,Vidar,SecuriteInfo.com.Win64.Evo-gen.57237154,exe,2026-07-05 00:00:28,MalwareBazaar
SHA-256,360e3c6d428da649c77a426d3f0379a3a1eced35f0d7a68f5a925d4b300ccaf7,360e3c6d428da649c77a426d3f0379a3a1eced35f0d7a68f5a925d4b300ccaf7,Vidar,SecuriteInfo.com.Win64.Evo-gen.57237154,exe,2026-07-05 00:00:28,MalwareBazaar
SHA3-384,71f5a602ca6c5f53fae004ddc73ed5753186411ca8e6b54144529f132bb43477b8c133e6f0ce4479df7bcc7f8a594098,360e3c6d428da649c77a426d3f0379a3a1eced35f0d7a68f5a925d4b300ccaf7,Vidar,SecuriteInfo.com.Win64.Evo-gen.57237154,exe,2026-07-05 00:00:28,MalwareBazaar
IMPHASH,d42595b695fc008ef2c56aabd8efd68e,360e3c6d428da649c77a426d3f0379a3a1eced35f0d7a68f5a925d4b300ccaf7,Vidar,SecuriteInfo.com.Win64.Evo-gen.57237154,exe,2026-07-05 00:00:28,MalwareBazaar
TLSH,T16DD59D076DE119E9D4EA963189B642A67B70BC090F3633D32E94B3782F727E14D35B90,360e3c6d428da649c77a426d3f0379a3a1eced35f0d7a68f5a925d4b300ccaf7,Vidar,SecuriteInfo.com.Win64.Evo-gen.57237154,exe,2026-07-05 00:00:28,MalwareBazaar
SSDEEP,49152:JQVuTmstSRhlmMA5kEg8QdlL1/oOxMFnH9/n4wEoszogn7WXlBgUt7:JQu6s/g8QdlL1/oCMFnHVn4wEoszognG,360e3c6d428da649c77a426d3f0379a3a1eced35f0d7a68f5a925d4b300ccaf7,Vidar,SecuriteInfo.com.Win64.Evo-gen.57237154,exe,2026-07-05 00:00:28,MalwareBazaar
MD5,9af17b2049b920cdc6729948eb7e625f,31da18115d031c335b2b4f2b2d3a1277ace95a139e7293e469ee2f55d084d3a3,Vidar,SecuriteInfo.com.Win64.Evo-gen.38397872,exe,2026-07-05 00:00:26,MalwareBazaar
SHA-1,911ea308dddb874b517885a9909f029126a54aba,31da18115d031c335b2b4f2b2d3a1277ace95a139e7293e469ee2f55d084d3a3,Vidar,SecuriteInfo.com.Win64.Evo-gen.38397872,exe,2026-07-05 00:00:26,MalwareBazaar
SHA-256,31da18115d031c335b2b4f2b2d3a1277ace95a139e7293e469ee2f55d084d3a3,31da18115d031c335b2b4f2b2d3a1277ace95a139e7293e469ee2f55d084d3a3,Vidar,SecuriteInfo.com.Win64.Evo-gen.38397872,exe,2026-07-05 00:00:26,MalwareBazaar
SHA3-384,dcefffc562f67af74a980a10fe16dec476cb0f71a425b30c158f3c6924e030edf3b6e3ae76564512cece49b095539242,31da18115d031c335b2b4f2b2d3a1277ace95a139e7293e469ee2f55d084d3a3,Vidar,SecuriteInfo.com.Win64.Evo-gen.38397872,exe,2026-07-05 00:00:26,MalwareBazaar
IMPHASH,d42595b695fc008ef2c56aabd8efd68e,31da18115d031c335b2b4f2b2d3a1277ace95a139e7293e469ee2f55d084d3a3,Vidar,SecuriteInfo.com.Win64.Evo-gen.38397872,exe,2026-07-05 00:00:26,MalwareBazaar
TLSH,T182E59D0B6CD249EAC4AA673289B615927A75FC154F3233D72E90B6783F727E48C39740,31da18115d031c335b2b4f2b2d3a1277ace95a139e7293e469ee2f55d084d3a3,Vidar,SecuriteInfo.com.Win64.Evo-gen.38397872,exe,2026-07-05 00:00:26,MalwareBazaar
SSDEEP,49152:Md20uoiCzddk8L215lj5D9dhupmLAvy+BiMQoNrPyVovkkrgwv:MdkoL2hdmisoiPyGvkkrt,31da18115d031c335b2b4f2b2d3a1277ace95a139e7293e469ee2f55d084d3a3,Vidar,SecuriteInfo.com.Win64.Evo-gen.38397872,exe,2026-07-05 00:00:26,MalwareBazaar
MD5,e1a2c6e811791ad672f8f600257c5fe8,eded86eb5c664d712b1393001d997338d122e53b15885adc4c89d2421a412f64,Vidar,SecuriteInfo.com.Win64.Evo-gen.87659349,exe,2026-07-05 00:00:23,MalwareBazaar
SHA-1,fe459ec940c0a2fecfa72ced9003c6be44af8865,eded86eb5c664d712b1393001d997338d122e53b15885adc4c89d2421a412f64,Vidar,SecuriteInfo.com.Win64.Evo-gen.87659349,exe,2026-07-05 00:00:23,MalwareBazaar
SHA-256,eded86eb5c664d712b1393001d997338d122e53b15885adc4c89d2421a412f64,eded86eb5c664d712b1393001d997338d122e53b15885adc4c89d2421a412f64,Vidar,SecuriteInfo.com.Win64.Evo-gen.87659349,exe,2026-07-05 00:00:23,MalwareBazaar
SHA3-384,c711c3d2982ed5708b97d00d03072797e701e0dd679a36c83b7a3b5cfa02f4253de19f0fe7c43aef15cfb307574477c6,eded86eb5c664d712b1393001d997338d122e53b15885adc4c89d2421a412f64,Vidar,SecuriteInfo.com.Win64.Evo-gen.87659349,exe,2026-07-05 00:00:23,MalwareBazaar
IMPHASH,d42595b695fc008ef2c56aabd8efd68e,eded86eb5c664d712b1393001d997338d122e53b15885adc4c89d2421a412f64,Vidar,SecuriteInfo.com.Win64.Evo-gen.87659349,exe,2026-07-05 00:00:23,MalwareBazaar
TLSH,T1CFD59C4A6CE049EAD49A973289B612867B74BC490F3273D72E9073783F72BD15C36784,eded86eb5c664d712b1393001d997338d122e53b15885adc4c89d2421a412f64,Vidar,SecuriteInfo.com.Win64.Evo-gen.87659349,exe,2026-07-05 00:00:23,MalwareBazaar
SSDEEP,49152:u5I1RmV9Et/vSi9X5XYzeZXlWrcwRZGuX9vlmNK5ktm5w+gclC:u5SAUIzeZwrpRZGuX9vlmNK51K,eded86eb5c664d712b1393001d997338d122e53b15885adc4c89d2421a412f64,Vidar,SecuriteInfo.com.Win64.Evo-gen.87659349,exe,2026-07-05 00:00:23,MalwareBazaar
MD5,9fdb32623242973019d8eb9dfc1c96af,16d67fa1f9e77c465e62a6a37f0c5bd54b8385215a5f40b1e5644dd3d84e0dad,Vidar,SecuriteInfo.com.Win64.Evo-gen.65488933,exe,2026-07-05 00:00:22,MalwareBazaar
SHA-1,499850d03ccc25102d17584956bb01e53fd5aa6f,16d67fa1f9e77c465e62a6a37f0c5bd54b8385215a5f40b1e5644dd3d84e0dad,Vidar,SecuriteInfo.com.Win64.Evo-gen.65488933,exe,2026-07-05 00:00:22,MalwareBazaar
SHA-256,16d67fa1f9e77c465e62a6a37f0c5bd54b8385215a5f40b1e5644dd3d84e0dad,16d67fa1f9e77c465e62a6a37f0c5bd54b8385215a5f40b1e5644dd3d84e0dad,Vidar,SecuriteInfo.com.Win64.Evo-gen.65488933,exe,2026-07-05 00:00:22,MalwareBazaar
SHA3-384,b7016ec28647feee737fa86f90d09741a91dd37aa17bbffc1b8627fd3b513bf8df48f515f9862295b3576bf1f693a6b1,16d67fa1f9e77c465e62a6a37f0c5bd54b8385215a5f40b1e5644dd3d84e0dad,Vidar,SecuriteInfo.com.Win64.Evo-gen.65488933,exe,2026-07-05 00:00:22,MalwareBazaar
IMPHASH,d42595b695fc008ef2c56aabd8efd68e,16d67fa1f9e77c465e62a6a37f0c5bd54b8385215a5f40b1e5644dd3d84e0dad,Vidar,SecuriteInfo.com.Win64.Evo-gen.65488933,exe,2026-07-05 00:00:22,MalwareBazaar
TLSH,T186D58C577DD009E9C49AA23688B65186BB71BC090F3223D72E90B3783F72BD19D7A744,16d67fa1f9e77c465e62a6a37f0c5bd54b8385215a5f40b1e5644dd3d84e0dad,Vidar,SecuriteInfo.com.Win64.Evo-gen.65488933,exe,2026-07-05 00:00:22,MalwareBazaar
SSDEEP,49152:CM38XcF9NPOjKL9a+Kn1ap4If2DmRF1yhWJBVgPGjJI:CM3RPLw78XfDRryWJBVsGjS,16d67fa1f9e77c465e62a6a37f0c5bd54b8385215a5f40b1e5644dd3d84e0dad,Vidar,SecuriteInfo.com.Win64.Evo-gen.65488933,exe,2026-07-05 00:00:22,MalwareBazaar
MD5,d9a904c03fe2967cbb32211c28ef2da6,5525784bfcc0c3340da0289ab8a5aed5565e73dc7246366b246ff000f7757ac5,Vidar,SecuriteInfo.com.Win64.Evo-gen.49523153,exe,2026-07-05 00:00:20,MalwareBazaar
SHA-1,8ec145ca3051276ef9698916841d785067ecfccd,5525784bfcc0c3340da0289ab8a5aed5565e73dc7246366b246ff000f7757ac5,Vidar,SecuriteInfo.com.Win64.Evo-gen.49523153,exe,2026-07-05 00:00:20,MalwareBazaar
SHA-256,5525784bfcc0c3340da0289ab8a5aed5565e73dc7246366b246ff000f7757ac5,5525784bfcc0c3340da0289ab8a5aed5565e73dc7246366b246ff000f7757ac5,Vidar,SecuriteInfo.com.Win64.Evo-gen.49523153,exe,2026-07-05 00:00:20,MalwareBazaar
SHA3-384,e6f3e3044ddd993dbceb600d6cb3bda791b99c961299e293ff96ff9f5c65b7b2ddac2681e6a50fc120d33657624f3fbb,5525784bfcc0c3340da0289ab8a5aed5565e73dc7246366b246ff000f7757ac5,Vidar,SecuriteInfo.com.Win64.Evo-gen.49523153,exe,2026-07-05 00:00:20,MalwareBazaar
IMPHASH,d42595b695fc008ef2c56aabd8efd68e,5525784bfcc0c3340da0289ab8a5aed5565e73dc7246366b246ff000f7757ac5,Vidar,SecuriteInfo.com.Win64.Evo-gen.49523153,exe,2026-07-05 00:00:20,MalwareBazaar
TLSH,T101D5AD0BACE209E9D49AA7759DB342567B38FC494F3227D76E8076782E723E18C35740,5525784bfcc0c3340da0289ab8a5aed5565e73dc7246366b246ff000f7757ac5,Vidar,SecuriteInfo.com.Win64.Evo-gen.49523153,exe,2026-07-05 00:00:20,MalwareBazaar
SSDEEP,49152:csEmnyDjTfZ+tR78mDAa+Rr6wThpfLgKBZOtgO:cs5fj8L0UAl,5525784bfcc0c3340da0289ab8a5aed5565e73dc7246366b246ff000f7757ac5,Vidar,SecuriteInfo.com.Win64.Evo-gen.49523153,exe,2026-07-05 00:00:20,MalwareBazaar
MD5,b703aacd3e943ffe9083c14779cd7cbb,08510ddd7019a2fb09d4893c35ddbb3356cd8ce3fe6e43fa68f9f13e95287d46,Vidar,SecuriteInfo.com.Win64.Evo-gen.25595179,exe,2026-07-05 00:00:18,MalwareBazaar
SHA-1,aa5e4452366f883dbb8a551b97a25e2739ca58a1,08510ddd7019a2fb09d4893c35ddbb3356cd8ce3fe6e43fa68f9f13e95287d46,Vidar,SecuriteInfo.com.Win64.Evo-gen.25595179,exe,2026-07-05 00:00:18,MalwareBazaar
SHA-256,08510ddd7019a2fb09d4893c35ddbb3356cd8ce3fe6e43fa68f9f13e95287d46,08510ddd7019a2fb09d4893c35ddbb3356cd8ce3fe6e43fa68f9f13e95287d46,Vidar,SecuriteInfo.com.Win64.Evo-gen.25595179,exe,2026-07-05 00:00:18,MalwareBazaar
SHA3-384,33396073f86db3f766c9a4456fa410a22dd54fa5ba6a5773a7f171eff343d918513420dbb8530de0140416eed04583ae,08510ddd7019a2fb09d4893c35ddbb3356cd8ce3fe6e43fa68f9f13e95287d46,Vidar,SecuriteInfo.com.Win64.Evo-gen.25595179,exe,2026-07-05 00:00:18,MalwareBazaar
IMPHASH,d42595b695fc008ef2c56aabd8efd68e,08510ddd7019a2fb09d4893c35ddbb3356cd8ce3fe6e43fa68f9f13e95287d46,Vidar,SecuriteInfo.com.Win64.Evo-gen.25595179,exe,2026-07-05 00:00:18,MalwareBazaar
TLSH,T1F3E59D0B7CD145EAD8AA92768CBA91927B71BC090F3623D32E90B77C2E727D44D36750,08510ddd7019a2fb09d4893c35ddbb3356cd8ce3fe6e43fa68f9f13e95287d46,Vidar,SecuriteInfo.com.Win64.Evo-gen.25595179,exe,2026-07-05 00:00:18,MalwareBazaar
SSDEEP,49152:D2HjesePiRBf3QcZrfbp//6mhcZ6sqeoHe3go:D2q+n5/6acZ6qTT,08510ddd7019a2fb09d4893c35ddbb3356cd8ce3fe6e43fa68f9f13e95287d46,Vidar,SecuriteInfo.com.Win64.Evo-gen.25595179,exe,2026-07-05 00:00:18,MalwareBazaar
MD5,fe8e6273c6c4ce33dc5506a497c60a16,33b317b7ffc3ea442add1da7aa7a7c444b670c62943e684c2ec2c5d6fa97904c,Vidar,SecuriteInfo.com.Win64.Evo-gen.49954333,exe,2026-07-05 00:00:16,MalwareBazaar
SHA-1,47ecc87cb6b4effe354e194e6338886769157795,33b317b7ffc3ea442add1da7aa7a7c444b670c62943e684c2ec2c5d6fa97904c,Vidar,SecuriteInfo.com.Win64.Evo-gen.49954333,exe,2026-07-05 00:00:16,MalwareBazaar
SHA-256,33b317b7ffc3ea442add1da7aa7a7c444b670c62943e684c2ec2c5d6fa97904c,33b317b7ffc3ea442add1da7aa7a7c444b670c62943e684c2ec2c5d6fa97904c,Vidar,SecuriteInfo.com.Win64.Evo-gen.49954333,exe,2026-07-05 00:00:16,MalwareBazaar
SHA3-384,c6d2ea0413608f25d441a2c5d107f0e99c96a6e456bbb8766ad4899f2cf4c8e7ec0d91ca277a293f2fd483a8beefd182,33b317b7ffc3ea442add1da7aa7a7c444b670c62943e684c2ec2c5d6fa97904c,Vidar,SecuriteInfo.com.Win64.Evo-gen.49954333,exe,2026-07-05 00:00:16,MalwareBazaar
IMPHASH,d42595b695fc008ef2c56aabd8efd68e,33b317b7ffc3ea442add1da7aa7a7c444b670c62943e684c2ec2c5d6fa97904c,Vidar,SecuriteInfo.com.Win64.Evo-gen.49954333,exe,2026-07-05 00:00:16,MalwareBazaar
TLSH,T136D59D4BBCD148E9D8AAA3328CB611867B74BC094F3623D72E50B6782F727D1AC35754,33b317b7ffc3ea442add1da7aa7a7c444b670c62943e684c2ec2c5d6fa97904c,Vidar,SecuriteInfo.com.Win64.Evo-gen.49954333,exe,2026-07-05 00:00:16,MalwareBazaar
SSDEEP,49152:EjO+4rvfjF7d1wAv65itXoG4WD5e7UlRHGOD9GCg9:Ej6jUItXo7WkkhGOJGCi,33b317b7ffc3ea442add1da7aa7a7c444b670c62943e684c2ec2c5d6fa97904c,Vidar,SecuriteInfo.com.Win64.Evo-gen.49954333,exe,2026-07-05 00:00:16,MalwareBazaar
MD5,776abc34a4ac6c2e3a93c809a39e1974,62f16a144816655addc35fa23adb766203296c38b75452e6d30aa4a3a13df6b5,Vidar,SecuriteInfo.com.Trojan.Siggen32.62131.22581.20107,exe,2026-07-05 00:00:13,MalwareBazaar
SHA-1,2fa9cf5acea1246a6bf71fffcbc7b3d823f3d9e2,62f16a144816655addc35fa23adb766203296c38b75452e6d30aa4a3a13df6b5,Vidar,SecuriteInfo.com.Trojan.Siggen32.62131.22581.20107,exe,2026-07-05 00:00:13,MalwareBazaar
SHA-256,62f16a144816655addc35fa23adb766203296c38b75452e6d30aa4a3a13df6b5,62f16a144816655addc35fa23adb766203296c38b75452e6d30aa4a3a13df6b5,Vidar,SecuriteInfo.com.Trojan.Siggen32.62131.22581.20107,exe,2026-07-05 00:00:13,MalwareBazaar
SHA3-384,38fd2eb2fa5cef7a30e043a960c080d27277d0f85d7a1a178c649131d23e0e58be189d1598302e874d01556e52046e07,62f16a144816655addc35fa23adb766203296c38b75452e6d30aa4a3a13df6b5,Vidar,SecuriteInfo.com.Trojan.Siggen32.62131.22581.20107,exe,2026-07-05 00:00:13,MalwareBazaar
IMPHASH,d42595b695fc008ef2c56aabd8efd68e,62f16a144816655addc35fa23adb766203296c38b75452e6d30aa4a3a13df6b5,Vidar,SecuriteInfo.com.Trojan.Siggen32.62131.22581.20107,exe,2026-07-05 00:00:13,MalwareBazaar
TLSH,T110D59D0B7CD048E9C86A6B3189B242967B34FC160F3623D72E5076792F727E09D7A785,62f16a144816655addc35fa23adb766203296c38b75452e6d30aa4a3a13df6b5,Vidar,SecuriteInfo.com.Trojan.Siggen32.62131.22581.20107,exe,2026-07-05 00:00:13,MalwareBazaar
SSDEEP,24576:KUu5LYwzrN8FoP+kAytRHFoQbsZSRIEMUNTCB+Qoxcp98qScc2wHxcfAdrBRtxzl:KUuVY28YZAy3H2FU9iycf2BLgq,62f16a144816655addc35fa23adb766203296c38b75452e6d30aa4a3a13df6b5,Vidar,SecuriteInfo.com.Trojan.Siggen32.62131.22581.20107,exe,2026-07-05 00:00:13,MalwareBazaar
MD5,2ae339b769bb7b5ec637d243e07a349e,b19e9f8b8b5cefd798ffd7a3b428aa842798d697a049f32cf80c720ccb5602f0,Vidar,SecuriteInfo.com.Trojan.Siggen32.61915.1296.13418,exe,2026-07-05 00:00:10,MalwareBazaar
SHA-1,51c82d82b7e8e89521e4f3259524fbc2a4b8e595,b19e9f8b8b5cefd798ffd7a3b428aa842798d697a049f32cf80c720ccb5602f0,Vidar,SecuriteInfo.com.Trojan.Siggen32.61915.1296.13418,exe,2026-07-05 00:00:10,MalwareBazaar
SHA-256,b19e9f8b8b5cefd798ffd7a3b428aa842798d697a049f32cf80c720ccb5602f0,b19e9f8b8b5cefd798ffd7a3b428aa842798d697a049f32cf80c720ccb5602f0,Vidar,SecuriteInfo.com.Trojan.Siggen32.61915.1296.13418,exe,2026-07-05 00:00:10,MalwareBazaar
SHA3-384,fc3573569d80e5dc17834481c83dc9d27342ca3af62fc78ea988b85c1f2a9d0ad0015b246bdbde73631a74bd50f5b241,b19e9f8b8b5cefd798ffd7a3b428aa842798d697a049f32cf80c720ccb5602f0,Vidar,SecuriteInfo.com.Trojan.Siggen32.61915.1296.13418,exe,2026-07-05 00:00:10,MalwareBazaar
IMPHASH,d42595b695fc008ef2c56aabd8efd68e,b19e9f8b8b5cefd798ffd7a3b428aa842798d697a049f32cf80c720ccb5602f0,Vidar,SecuriteInfo.com.Trojan.Siggen32.61915.1296.13418,exe,2026-07-05 00:00:10,MalwareBazaar
TLSH,T137D5AE0BBCD508E9C4AA673588B201967B35BC4A0F3263C72E90B7782F727E19D79754,b19e9f8b8b5cefd798ffd7a3b428aa842798d697a049f32cf80c720ccb5602f0,Vidar,SecuriteInfo.com.Trojan.Siggen32.61915.1296.13418,exe,2026-07-05 00:00:10,MalwareBazaar
SSDEEP,49152:OIWQYezEREEbDncQtLiwhjsVhzPqsBbcUVgwN:OIKeBQtmojsbzPqsBbTV9N,b19e9f8b8b5cefd798ffd7a3b428aa842798d697a049f32cf80c720ccb5602f0,Vidar,SecuriteInfo.com.Trojan.Siggen32.61915.1296.13418,exe,2026-07-05 00:00:10,MalwareBazaar
MD5,f853d193d83029352212ae5135589816,ec59758993501d25047672e4c46d33d7489012bf3936832af18896fb1bbef109,Vidar,SecuriteInfo.com.Trojan.Siggen32.62620.2012.11636,exe,2026-07-05 00:00:08,MalwareBazaar
SHA-1,af7c9e5a99e1d7de22f316eb0ccd9c694ed26f90,ec59758993501d25047672e4c46d33d7489012bf3936832af18896fb1bbef109,Vidar,SecuriteInfo.com.Trojan.Siggen32.62620.2012.11636,exe,2026-07-05 00:00:08,MalwareBazaar
SHA-256,ec59758993501d25047672e4c46d33d7489012bf3936832af18896fb1bbef109,ec59758993501d25047672e4c46d33d7489012bf3936832af18896fb1bbef109,Vidar,SecuriteInfo.com.Trojan.Siggen32.62620.2012.11636,exe,2026-07-05 00:00:08,MalwareBazaar
SHA3-384,50430775191d5390cd40af005c46afd6014fee413183beec246b7f4e9a1774f0434230a99e939c2ccb820da7e9fe90c3,ec59758993501d25047672e4c46d33d7489012bf3936832af18896fb1bbef109,Vidar,SecuriteInfo.com.Trojan.Siggen32.62620.2012.11636,exe,2026-07-05 00:00:08,MalwareBazaar
IMPHASH,d42595b695fc008ef2c56aabd8efd68e,ec59758993501d25047672e4c46d33d7489012bf3936832af18896fb1bbef109,Vidar,SecuriteInfo.com.Trojan.Siggen32.62620.2012.11636,exe,2026-07-05 00:00:08,MalwareBazaar
TLSH,T159D5AF0B7CE408E9C46A573688B252927B30BC564F3263D72E90B67C2F76BE09C79754,ec59758993501d25047672e4c46d33d7489012bf3936832af18896fb1bbef109,Vidar,SecuriteInfo.com.Trojan.Siggen32.62620.2012.11636,exe,2026-07-05 00:00:08,MalwareBazaar
SSDEEP,49152:o124yaD0luCrOifPzJTy+6tqi4iYW5nwngA:o1kPXz5y+6155nIF,ec59758993501d25047672e4c46d33d7489012bf3936832af18896fb1bbef109,Vidar,SecuriteInfo.com.Trojan.Siggen32.62620.2012.11636,exe,2026-07-05 00:00:08,MalwareBazaar
MD5,cb4da97b8dbf3dd30c9d32d2879c67a2,9cd9c0a79450290b1ac0ea3235df6cd68332cc5a426991fa1d53eb7f19ec5a09,Vidar,SecuriteInfo.com.Trojan.Siggen32.61904.18316.7310,exe,2026-07-05 00:00:05,MalwareBazaar
SHA-1,fb2d549228df09be55ebc41b0d8d77f0c1d1a77b,9cd9c0a79450290b1ac0ea3235df6cd68332cc5a426991fa1d53eb7f19ec5a09,Vidar,SecuriteInfo.com.Trojan.Siggen32.61904.18316.7310,exe,2026-07-05 00:00:05,MalwareBazaar
SHA-256,9cd9c0a79450290b1ac0ea3235df6cd68332cc5a426991fa1d53eb7f19ec5a09,9cd9c0a79450290b1ac0ea3235df6cd68332cc5a426991fa1d53eb7f19ec5a09,Vidar,SecuriteInfo.com.Trojan.Siggen32.61904.18316.7310,exe,2026-07-05 00:00:05,MalwareBazaar
SHA3-384,fcda11c506e788af5e567a47319317764fe9405684a4711a6af538756b18d09d794933790fad1fd5d1df8acf17ca5368,9cd9c0a79450290b1ac0ea3235df6cd68332cc5a426991fa1d53eb7f19ec5a09,Vidar,SecuriteInfo.com.Trojan.Siggen32.61904.18316.7310,exe,2026-07-05 00:00:05,MalwareBazaar
IMPHASH,d42595b695fc008ef2c56aabd8efd68e,9cd9c0a79450290b1ac0ea3235df6cd68332cc5a426991fa1d53eb7f19ec5a09,Vidar,SecuriteInfo.com.Trojan.Siggen32.61904.18316.7310,exe,2026-07-05 00:00:05,MalwareBazaar
TLSH,T1CFD59D0B7C9148EED469A2368DB611567B74BC190F3663D72E90B7383E32BE19C39784,9cd9c0a79450290b1ac0ea3235df6cd68332cc5a426991fa1d53eb7f19ec5a09,Vidar,SecuriteInfo.com.Trojan.Siggen32.61904.18316.7310,exe,2026-07-05 00:00:05,MalwareBazaar
SSDEEP,49152:p8d+qC4D+FuDYoLQlfwZqVuFm4s5jlWOojvpDIcR4gE:p8w9qQlfPVuFmNjBorpkV9,9cd9c0a79450290b1ac0ea3235df6cd68332cc5a426991fa1d53eb7f19ec5a09,Vidar,SecuriteInfo.com.Trojan.Siggen32.61904.18316.7310,exe,2026-07-05 00:00:05,MalwareBazaar
MD5,cb6189c15ec116abb50005041e178d74,c2cfd3d5cc6db52356661d50b0374c494c96af73cb0fea33babb9616d4453098,Vidar,SecuriteInfo.com.Win64.Evo-gen.88959866,exe,2026-07-05 00:00:01,MalwareBazaar
SHA-1,6995d6a1f44b8ba4f5c9971514e082816a8f0eae,c2cfd3d5cc6db52356661d50b0374c494c96af73cb0fea33babb9616d4453098,Vidar,SecuriteInfo.com.Win64.Evo-gen.88959866,exe,2026-07-05 00:00:01,MalwareBazaar
SHA-256,c2cfd3d5cc6db52356661d50b0374c494c96af73cb0fea33babb9616d4453098,c2cfd3d5cc6db52356661d50b0374c494c96af73cb0fea33babb9616d4453098,Vidar,SecuriteInfo.com.Win64.Evo-gen.88959866,exe,2026-07-05 00:00:01,MalwareBazaar
SHA3-384,98a491131663641a81e125d5ef8d15635b9c93e16e6ce212fa7b9c485d7d117e2cdc6ae8958e77b5f944169715588823,c2cfd3d5cc6db52356661d50b0374c494c96af73cb0fea33babb9616d4453098,Vidar,SecuriteInfo.com.Win64.Evo-gen.88959866,exe,2026-07-05 00:00:01,MalwareBazaar
IMPHASH,d42595b695fc008ef2c56aabd8efd68e,c2cfd3d5cc6db52356661d50b0374c494c96af73cb0fea33babb9616d4453098,Vidar,SecuriteInfo.com.Win64.Evo-gen.88959866,exe,2026-07-05 00:00:01,MalwareBazaar
TLSH,T169D59C0B6CD049EAC4AAA63689B751927B30BC054F3263D72E40B7783FB2BD09D75B54,c2cfd3d5cc6db52356661d50b0374c494c96af73cb0fea33babb9616d4453098,Vidar,SecuriteInfo.com.Win64.Evo-gen.88959866,exe,2026-07-05 00:00:01,MalwareBazaar
SSDEEP,49152:nwIjnR4toOc+w1uxYOl+FGVrNPflR16x+g2:nwu7syFGVrNVR16kp,c2cfd3d5cc6db52356661d50b0374c494c96af73cb0fea33babb9616d4453098,Vidar,SecuriteInfo.com.Win64.Evo-gen.88959866,exe,2026-07-05 00:00:01,MalwareBazaar
MD5,2344b27221e13bd6fdae3cbf1d71dbd2,337463ea7d1ef14be117bf0461be4dd342794f5919c820173651b9d7a7269ae3,Vidar,SecuriteInfo.com.Trojan.Siggen32.61853.5418.11599,exe,2026-07-05 00:00:00,MalwareBazaar
SHA-1,a87f3e023cff230f8b4bdfa7945e4e43dcc2c0c9,337463ea7d1ef14be117bf0461be4dd342794f5919c820173651b9d7a7269ae3,Vidar,SecuriteInfo.com.Trojan.Siggen32.61853.5418.11599,exe,2026-07-05 00:00:00,MalwareBazaar
SHA-256,337463ea7d1ef14be117bf0461be4dd342794f5919c820173651b9d7a7269ae3,337463ea7d1ef14be117bf0461be4dd342794f5919c820173651b9d7a7269ae3,Vidar,SecuriteInfo.com.Trojan.Siggen32.61853.5418.11599,exe,2026-07-05 00:00:00,MalwareBazaar
SHA3-384,1f02ff9f92dc7ed83d7f056f402c4b251a44806badba555a105c359f8689d6ce8912779c1146d2be20a536e8dd662398,337463ea7d1ef14be117bf0461be4dd342794f5919c820173651b9d7a7269ae3,Vidar,SecuriteInfo.com.Trojan.Siggen32.61853.5418.11599,exe,2026-07-05 00:00:00,MalwareBazaar
IMPHASH,d42595b695fc008ef2c56aabd8efd68e,337463ea7d1ef14be117bf0461be4dd342794f5919c820173651b9d7a7269ae3,Vidar,SecuriteInfo.com.Trojan.Siggen32.61853.5418.11599,exe,2026-07-05 00:00:00,MalwareBazaar
TLSH,T156F56B47BCD148E5C09AA33289B79296BB75BC090B3123D32E90B7382F76BD05D75B58,337463ea7d1ef14be117bf0461be4dd342794f5919c820173651b9d7a7269ae3,Vidar,SecuriteInfo.com.Trojan.Siggen32.61853.5418.11599,exe,2026-07-05 00:00:00,MalwareBazaar
SSDEEP,49152:WH26pOTjiRIAYE4RsCnm9TAVMamygFn0ggCsDpYpPHi:WRjNVjyk0KPHi,337463ea7d1ef14be117bf0461be4dd342794f5919c820173651b9d7a7269ae3,Vidar,SecuriteInfo.com.Trojan.Siggen32.61853.5418.11599,exe,2026-07-05 00:00:00,MalwareBazaar
MD5,834ee0b48222d8b99475dfd38d5283b9,b6fba18b6641eac47499735a0c872814b20bdc65ed491c04769d0e556d2ec40b,Vidar,SecuriteInfo.com.Trojan.Siggen32.61937.4405.20783,exe,2026-07-04 23:59:58,MalwareBazaar
SHA-1,2a6b75235df4ce03bc213a72cecfca0579998d69,b6fba18b6641eac47499735a0c872814b20bdc65ed491c04769d0e556d2ec40b,Vidar,SecuriteInfo.com.Trojan.Siggen32.61937.4405.20783,exe,2026-07-04 23:59:58,MalwareBazaar
SHA-256,b6fba18b6641eac47499735a0c872814b20bdc65ed491c04769d0e556d2ec40b,b6fba18b6641eac47499735a0c872814b20bdc65ed491c04769d0e556d2ec40b,Vidar,SecuriteInfo.com.Trojan.Siggen32.61937.4405.20783,exe,2026-07-04 23:59:58,MalwareBazaar
SHA3-384,cb4974526fd6cd1cab7be656cd076cfbd043716ed2d928369a21dda5d03f525d43e331084b9f967fabc6001ea23ade3f,b6fba18b6641eac47499735a0c872814b20bdc65ed491c04769d0e556d2ec40b,Vidar,SecuriteInfo.com.Trojan.Siggen32.61937.4405.20783,exe,2026-07-04 23:59:58,MalwareBazaar
IMPHASH,d42595b695fc008ef2c56aabd8efd68e,b6fba18b6641eac47499735a0c872814b20bdc65ed491c04769d0e556d2ec40b,Vidar,SecuriteInfo.com.Trojan.Siggen32.61937.4405.20783,exe,2026-07-04 23:59:58,MalwareBazaar
TLSH,T1BFD59D0BBCD109E9D45A673688B251923B34BC094F3663D72E90B3782F72BE09D39795,b6fba18b6641eac47499735a0c872814b20bdc65ed491c04769d0e556d2ec40b,Vidar,SecuriteInfo.com.Trojan.Siggen32.61937.4405.20783,exe,2026-07-04 23:59:58,MalwareBazaar
SSDEEP,49152:bqSuDzh8cabt5v6Iyhs6UHSXNrhMdDPOij2gx:bqvQv6IyhsBHAM5Gij2Q,b6fba18b6641eac47499735a0c872814b20bdc65ed491c04769d0e556d2ec40b,Vidar,SecuriteInfo.com.Trojan.Siggen32.61937.4405.20783,exe,2026-07-04 23:59:58,MalwareBazaar
MD5,76095c93b9c8ec3655df1c6345f9437a,0f1bcecd61092de0735dba542259b31c6566a1df62069a0a3287a0a12dcfa4f2,Vidar,SecuriteInfo.com.Trojan.Siggen32.62060.9877.21148,exe,2026-07-04 23:59:57,MalwareBazaar
SHA-1,733cdd58fa430b86a2daeca2e1b795cdbb3511c0,0f1bcecd61092de0735dba542259b31c6566a1df62069a0a3287a0a12dcfa4f2,Vidar,SecuriteInfo.com.Trojan.Siggen32.62060.9877.21148,exe,2026-07-04 23:59:57,MalwareBazaar
SHA-256,0f1bcecd61092de0735dba542259b31c6566a1df62069a0a3287a0a12dcfa4f2,0f1bcecd61092de0735dba542259b31c6566a1df62069a0a3287a0a12dcfa4f2,Vidar,SecuriteInfo.com.Trojan.Siggen32.62060.9877.21148,exe,2026-07-04 23:59:57,MalwareBazaar
SHA3-384,de1dbea3f9eadc4531667fb8bdd888b3a0c2a5133693d7bc5f5bda57951e2b9695fc1cdfb8939688c48a77fe9a3b9aa3,0f1bcecd61092de0735dba542259b31c6566a1df62069a0a3287a0a12dcfa4f2,Vidar,SecuriteInfo.com.Trojan.Siggen32.62060.9877.21148,exe,2026-07-04 23:59:57,MalwareBazaar
IMPHASH,d42595b695fc008ef2c56aabd8efd68e,0f1bcecd61092de0735dba542259b31c6566a1df62069a0a3287a0a12dcfa4f2,Vidar,SecuriteInfo.com.Trojan.Siggen32.62060.9877.21148,exe,2026-07-04 23:59:57,MalwareBazaar
TLSH,T1A5D59E0B6CD008E9D8AA573648B611857B35BC1A4F3163DB2EA4B3783F76BE09C35794,0f1bcecd61092de0735dba542259b31c6566a1df62069a0a3287a0a12dcfa4f2,Vidar,SecuriteInfo.com.Trojan.Siggen32.62060.9877.21148,exe,2026-07-04 23:59:57,MalwareBazaar
SSDEEP,49152:C3evFzicIonEtQfaTGLt/tylCm+P31U4GhIlolD+hO7jAgL:C3mmbGLtdz35GhIlolDCO78i,0f1bcecd61092de0735dba542259b31c6566a1df62069a0a3287a0a12dcfa4f2,Vidar,SecuriteInfo.com.Trojan.Siggen32.62060.9877.21148,exe,2026-07-04 23:59:57,MalwareBazaar
MD5,0007e1a20d9443cb815780c52ea1cdfb,3d776e8445933dee504ffe673a96480d5313c1e71979faebb74c3c9734b96b31,Vidar,SecuriteInfo.com.Win64.Evo-gen.44919756,exe,2026-07-04 23:59:56,MalwareBazaar
SHA-1,5e949d52b9c2d4a35a70d800985818c9b2135d69,3d776e8445933dee504ffe673a96480d5313c1e71979faebb74c3c9734b96b31,Vidar,SecuriteInfo.com.Win64.Evo-gen.44919756,exe,2026-07-04 23:59:56,MalwareBazaar
SHA-256,3d776e8445933dee504ffe673a96480d5313c1e71979faebb74c3c9734b96b31,3d776e8445933dee504ffe673a96480d5313c1e71979faebb74c3c9734b96b31,Vidar,SecuriteInfo.com.Win64.Evo-gen.44919756,exe,2026-07-04 23:59:56,MalwareBazaar
SHA3-384,405e00753f3ce665efd555dacc0fe6aab896260a1d28af152267f0bd9a900489b538fef635937c5712acfb6842cd63f2,3d776e8445933dee504ffe673a96480d5313c1e71979faebb74c3c9734b96b31,Vidar,SecuriteInfo.com.Win64.Evo-gen.44919756,exe,2026-07-04 23:59:56,MalwareBazaar
IMPHASH,d42595b695fc008ef2c56aabd8efd68e,3d776e8445933dee504ffe673a96480d5313c1e71979faebb74c3c9734b96b31,Vidar,SecuriteInfo.com.Win64.Evo-gen.44919756,exe,2026-07-04 23:59:56,MalwareBazaar
TLSH,T1A1D59D0BBDD048EAD4AAA33189B612967B30BC094F3227D72E90B77C2E727D19D35751,3d776e8445933dee504ffe673a96480d5313c1e71979faebb74c3c9734b96b31,Vidar,SecuriteInfo.com.Win64.Evo-gen.44919756,exe,2026-07-04 23:59:56,MalwareBazaar
SSDEEP,49152:JQVuTmstSaF+M/xBb3clmBpWu9xMUQAoAEgZG09:JQuAIxWlmBpWjgE6G09,3d776e8445933dee504ffe673a96480d5313c1e71979faebb74c3c9734b96b31,Vidar,SecuriteInfo.com.Win64.Evo-gen.44919756,exe,2026-07-04 23:59:56,MalwareBazaar
MD5,b77d29650850f76aa139cbbf7453a206,08be0ddd6e5d000404d4c5f27b7a1acf98c12ac4e4e715ae750f4d80f8e830e5,Vidar,SecuriteInfo.com.Trojan.Siggen32.62619.15404.14512,exe,2026-07-04 23:59:54,MalwareBazaar
SHA-1,4cd613e3b2d94d777d30ecfcf62cd0befe0b4842,08be0ddd6e5d000404d4c5f27b7a1acf98c12ac4e4e715ae750f4d80f8e830e5,Vidar,SecuriteInfo.com.Trojan.Siggen32.62619.15404.14512,exe,2026-07-04 23:59:54,MalwareBazaar
SHA-256,08be0ddd6e5d000404d4c5f27b7a1acf98c12ac4e4e715ae750f4d80f8e830e5,08be0ddd6e5d000404d4c5f27b7a1acf98c12ac4e4e715ae750f4d80f8e830e5,Vidar,SecuriteInfo.com.Trojan.Siggen32.62619.15404.14512,exe,2026-07-04 23:59:54,MalwareBazaar
SHA3-384,ffcd4b34c48754aa8c615ea8fb6331943308ca153eda3eca0a713e281929fc114e11561c576cd04dadfe730eb7e559f1,08be0ddd6e5d000404d4c5f27b7a1acf98c12ac4e4e715ae750f4d80f8e830e5,Vidar,SecuriteInfo.com.Trojan.Siggen32.62619.15404.14512,exe,2026-07-04 23:59:54,MalwareBazaar
IMPHASH,d42595b695fc008ef2c56aabd8efd68e,08be0ddd6e5d000404d4c5f27b7a1acf98c12ac4e4e715ae750f4d80f8e830e5,Vidar,SecuriteInfo.com.Trojan.Siggen32.62619.15404.14512,exe,2026-07-04 23:59:54,MalwareBazaar
TLSH,T1F8D59D0B7C9109F6C49A677588B251917B34BC1A4F3627D32E90B7382F727E1AC36B94,08be0ddd6e5d000404d4c5f27b7a1acf98c12ac4e4e715ae750f4d80f8e830e5,Vidar,SecuriteInfo.com.Trojan.Siggen32.62619.15404.14512,exe,2026-07-04 23:59:54,MalwareBazaar
SSDEEP,24576:wXc5uz9iGvhKEpekLKMywVb4wt3K880pX/jTolVzCWdlYF3JuWkEmKYxnuMmVqkA:wXc8zZhNEc5zjryCFF0mmN4F+jHp1PgS,08be0ddd6e5d000404d4c5f27b7a1acf98c12ac4e4e715ae750f4d80f8e830e5,Vidar,SecuriteInfo.com.Trojan.Siggen32.62619.15404.14512,exe,2026-07-04 23:59:54,MalwareBazaar
MD5,d8c5e570415b946b7a157a91377ad6ad,ebdd2ac5c447807ff3218ae4fe747a681dc1097b64025452acbf7faa1fb17ca4,Vidar,SecuriteInfo.com.Win64.Evo-gen.65646623,exe,2026-07-04 23:59:53,MalwareBazaar
SHA-1,d9c7eaaf67ce48be524c2ef9cb3f78fd19bf5b46,ebdd2ac5c447807ff3218ae4fe747a681dc1097b64025452acbf7faa1fb17ca4,Vidar,SecuriteInfo.com.Win64.Evo-gen.65646623,exe,2026-07-04 23:59:53,MalwareBazaar
SHA-256,ebdd2ac5c447807ff3218ae4fe747a681dc1097b64025452acbf7faa1fb17ca4,ebdd2ac5c447807ff3218ae4fe747a681dc1097b64025452acbf7faa1fb17ca4,Vidar,SecuriteInfo.com.Win64.Evo-gen.65646623,exe,2026-07-04 23:59:53,MalwareBazaar
SHA3-384,80ebd9f0e6cdacee7483c6f1fd877e48b68d6885957f97b872f81a62d4a963d939130000c3e9fa420e4c861fbe8ef608,ebdd2ac5c447807ff3218ae4fe747a681dc1097b64025452acbf7faa1fb17ca4,Vidar,SecuriteInfo.com.Win64.Evo-gen.65646623,exe,2026-07-04 23:59:53,MalwareBazaar
IMPHASH,d42595b695fc008ef2c56aabd8efd68e,ebdd2ac5c447807ff3218ae4fe747a681dc1097b64025452acbf7faa1fb17ca4,Vidar,SecuriteInfo.com.Win64.Evo-gen.65646623,exe,2026-07-04 23:59:53,MalwareBazaar
TLSH,T1C8D58C076CD105F9D4AAA63298BA11D63B75BC094F3263D32E90B3792FB2BE18D35750,ebdd2ac5c447807ff3218ae4fe747a681dc1097b64025452acbf7faa1fb17ca4,Vidar,SecuriteInfo.com.Win64.Evo-gen.65646623,exe,2026-07-04 23:59:53,MalwareBazaar
SSDEEP,49152:1WbQnVKTdTsQA4l7AIzKwuP+FEfU1IBgfazNtHgIN8:1WgS9AIRsU1CgwH1N8,ebdd2ac5c447807ff3218ae4fe747a681dc1097b64025452acbf7faa1fb17ca4,Vidar,SecuriteInfo.com.Win64.Evo-gen.65646623,exe,2026-07-04 23:59:53,MalwareBazaar
MD5,eb0da5f19b4395355e77c8da57d7266a,4521f532bf22c3155a95a71c4797253680dc60618c74c18522506a603ef43a03,Vidar,SecuriteInfo.com.Trojan.Siggen32.62148.2993.29667,exe,2026-07-04 23:59:51,MalwareBazaar
SHA-1,ae22f19ee1036f18f42a9fb9cfd203d0f15d6766,4521f532bf22c3155a95a71c4797253680dc60618c74c18522506a603ef43a03,Vidar,SecuriteInfo.com.Trojan.Siggen32.62148.2993.29667,exe,2026-07-04 23:59:51,MalwareBazaar
SHA-256,4521f532bf22c3155a95a71c4797253680dc60618c74c18522506a603ef43a03,4521f532bf22c3155a95a71c4797253680dc60618c74c18522506a603ef43a03,Vidar,SecuriteInfo.com.Trojan.Siggen32.62148.2993.29667,exe,2026-07-04 23:59:51,MalwareBazaar
SHA3-384,0ead8f1f63f6d46331c630ed8d0a31c5de163ceebd60dedc00f54d1e685be0c26945a8ed0558d7ac9c0f254b9b814807,4521f532bf22c3155a95a71c4797253680dc60618c74c18522506a603ef43a03,Vidar,SecuriteInfo.com.Trojan.Siggen32.62148.2993.29667,exe,2026-07-04 23:59:51,MalwareBazaar
IMPHASH,d42595b695fc008ef2c56aabd8efd68e,4521f532bf22c3155a95a71c4797253680dc60618c74c18522506a603ef43a03,Vidar,SecuriteInfo.com.Trojan.Siggen32.62148.2993.29667,exe,2026-07-04 23:59:51,MalwareBazaar
TLSH,T111D59D0B7C9109E9D8AA633688B251927B79BC450F3623D33E90B6783F727E19D39741,4521f532bf22c3155a95a71c4797253680dc60618c74c18522506a603ef43a03,Vidar,SecuriteInfo.com.Trojan.Siggen32.62148.2993.29667,exe,2026-07-04 23:59:51,MalwareBazaar
SSDEEP,49152:mv8RCDoF8Zt/ZTqYH26qbumU/FphRlMWcazv70CSg:mvFDJKumUtLRqWcabw,4521f532bf22c3155a95a71c4797253680dc60618c74c18522506a603ef43a03,Vidar,SecuriteInfo.com.Trojan.Siggen32.62148.2993.29667,exe,2026-07-04 23:59:51,MalwareBazaar
MD5,f0f29b04fcb7ca3303e900e189eb5549,9eb3e292b091c691943b70fc0e9d6d2c5e5c55727518e40018ba72b27d71e0a3,Vidar,SecuriteInfo.com.Trojan.Siggen32.61959.9199.15630,exe,2026-07-04 23:59:50,MalwareBazaar
SHA-1,3170e2e9076e6e7f27dafea941febfc1b994ce51,9eb3e292b091c691943b70fc0e9d6d2c5e5c55727518e40018ba72b27d71e0a3,Vidar,SecuriteInfo.com.Trojan.Siggen32.61959.9199.15630,exe,2026-07-04 23:59:50,MalwareBazaar
SHA-256,9eb3e292b091c691943b70fc0e9d6d2c5e5c55727518e40018ba72b27d71e0a3,9eb3e292b091c691943b70fc0e9d6d2c5e5c55727518e40018ba72b27d71e0a3,Vidar,SecuriteInfo.com.Trojan.Siggen32.61959.9199.15630,exe,2026-07-04 23:59:50,MalwareBazaar
SHA3-384,f26c9ad0541f88ba9b6a2d73c296c9d7b26ef0b74b6d6069529a2655e2dd887770cd7501d05c2367ebe5f9a2caa8b36c,9eb3e292b091c691943b70fc0e9d6d2c5e5c55727518e40018ba72b27d71e0a3,Vidar,SecuriteInfo.com.Trojan.Siggen32.61959.9199.15630,exe,2026-07-04 23:59:50,MalwareBazaar
IMPHASH,d42595b695fc008ef2c56aabd8efd68e,9eb3e292b091c691943b70fc0e9d6d2c5e5c55727518e40018ba72b27d71e0a3,Vidar,SecuriteInfo.com.Trojan.Siggen32.61959.9199.15630,exe,2026-07-04 23:59:50,MalwareBazaar
TLSH,T17ED5AD0B7CD049E9C8AA963648B251967B30BC160F7623D32E90B7783F76BE19C79750,9eb3e292b091c691943b70fc0e9d6d2c5e5c55727518e40018ba72b27d71e0a3,Vidar,SecuriteInfo.com.Trojan.Siggen32.61959.9199.15630,exe,2026-07-04 23:59:50,MalwareBazaar
SSDEEP,49152:btmlPoQc65tjwricZ7vCZKZt6a+aRLeCAZw8F+usKp5WkepaIl5t8XuRgN:bt1PricZlZQa+ah/30DaaIlX8G4,9eb3e292b091c691943b70fc0e9d6d2c5e5c55727518e40018ba72b27d71e0a3,Vidar,SecuriteInfo.com.Trojan.Siggen32.61959.9199.15630,exe,2026-07-04 23:59:50,MalwareBazaar
MD5,d197145d9ca63ded215154bb64c9dc40,c11aeec42a7f3c4e7895d37cf403b6900793226444dfc83ad2b85aab152e457c,Vidar,SecuriteInfo.com.Trojan.Siggen32.61860.23656.11656,exe,2026-07-04 23:59:48,MalwareBazaar
SHA-1,9c76c024469b7605f9ff575d7b5a9c68ebdfe57e,c11aeec42a7f3c4e7895d37cf403b6900793226444dfc83ad2b85aab152e457c,Vidar,SecuriteInfo.com.Trojan.Siggen32.61860.23656.11656,exe,2026-07-04 23:59:48,MalwareBazaar
SHA-256,c11aeec42a7f3c4e7895d37cf403b6900793226444dfc83ad2b85aab152e457c,c11aeec42a7f3c4e7895d37cf403b6900793226444dfc83ad2b85aab152e457c,Vidar,SecuriteInfo.com.Trojan.Siggen32.61860.23656.11656,exe,2026-07-04 23:59:48,MalwareBazaar
SHA3-384,968c7f308080b37bdf60bee5289838d4f272d95c416eaf463e28604ab9603eb4b8af86b9bec6ab08a2ae4e19aa6f9697,c11aeec42a7f3c4e7895d37cf403b6900793226444dfc83ad2b85aab152e457c,Vidar,SecuriteInfo.com.Trojan.Siggen32.61860.23656.11656,exe,2026-07-04 23:59:48,MalwareBazaar
IMPHASH,d42595b695fc008ef2c56aabd8efd68e,c11aeec42a7f3c4e7895d37cf403b6900793226444dfc83ad2b85aab152e457c,Vidar,SecuriteInfo.com.Trojan.Siggen32.61860.23656.11656,exe,2026-07-04 23:59:48,MalwareBazaar
TLSH,T162F58B47BC9048FAC06AA331CAB69196BB75BC080F3223D72E90B7392E767E45D75714,c11aeec42a7f3c4e7895d37cf403b6900793226444dfc83ad2b85aab152e457c,Vidar,SecuriteInfo.com.Trojan.Siggen32.61860.23656.11656,exe,2026-07-04 23:59:48,MalwareBazaar
SSDEEP,49152:LKpjlRkiShIGxewjFi2chBDj5do7J+/RLpE3RIgo34KH0NlY7OI+RiTtHtnlOgCc:LI6eL5l5ci+gHtlj,c11aeec42a7f3c4e7895d37cf403b6900793226444dfc83ad2b85aab152e457c,Vidar,SecuriteInfo.com.Trojan.Siggen32.61860.23656.11656,exe,2026-07-04 23:59:48,MalwareBazaar
MD5,dcc568c8a51881d74be42b270ee0e38d,0c4ad7ea7fd1d24186efc73657dd5feed3f7c7243089e4d9eae0b1f63abeb69d,Vidar,SecuriteInfo.com.Win64.Evo-gen.99646532,exe,2026-07-04 23:59:47,MalwareBazaar
SHA-1,c8781fb94d3f26d813bb5a55a703dca02121ae3d,0c4ad7ea7fd1d24186efc73657dd5feed3f7c7243089e4d9eae0b1f63abeb69d,Vidar,SecuriteInfo.com.Win64.Evo-gen.99646532,exe,2026-07-04 23:59:47,MalwareBazaar
SHA-256,0c4ad7ea7fd1d24186efc73657dd5feed3f7c7243089e4d9eae0b1f63abeb69d,0c4ad7ea7fd1d24186efc73657dd5feed3f7c7243089e4d9eae0b1f63abeb69d,Vidar,SecuriteInfo.com.Win64.Evo-gen.99646532,exe,2026-07-04 23:59:47,MalwareBazaar
SHA3-384,b4de6fa6b13f70203701f692e6fc6da87d98885ecab2902226242a0c14609d7c3df5aeb635c8a95ed452d78b47bd69e4,0c4ad7ea7fd1d24186efc73657dd5feed3f7c7243089e4d9eae0b1f63abeb69d,Vidar,SecuriteInfo.com.Win64.Evo-gen.99646532,exe,2026-07-04 23:59:47,MalwareBazaar
IMPHASH,d42595b695fc008ef2c56aabd8efd68e,0c4ad7ea7fd1d24186efc73657dd5feed3f7c7243089e4d9eae0b1f63abeb69d,Vidar,SecuriteInfo.com.Win64.Evo-gen.99646532,exe,2026-07-04 23:59:47,MalwareBazaar
TLSH,T185D59D4B7CD004E9C4AAA6328CB651977B79BC594F3263D72E40B3382E727D09D7AB50,0c4ad7ea7fd1d24186efc73657dd5feed3f7c7243089e4d9eae0b1f63abeb69d,Vidar,SecuriteInfo.com.Win64.Evo-gen.99646532,exe,2026-07-04 23:59:47,MalwareBazaar
SSDEEP,49152:WvpaOLeM7aEMKUF2X+F3ZtcX+3ecr72VnV3noIfhZq/csPJgGzL/:Wvp3JOgXY3Ztcqecn2VV3noIfhZ5OJt/,0c4ad7ea7fd1d24186efc73657dd5feed3f7c7243089e4d9eae0b1f63abeb69d,Vidar,SecuriteInfo.com.Win64.Evo-gen.99646532,exe,2026-07-04 23:59:47,MalwareBazaar
MD5,cb0451aa69db2baa8973078965893b08,741eea6f598af241e1337ad567b7c6d52e601309a381f934ab6ce245c7906469,Vidar,SecuriteInfo.com.Win64.Evo-gen.78866488,exe,2026-07-04 23:59:46,MalwareBazaar
SHA-1,9477e8ca9c28b45f506dd6c50f98c7d15e861afa,741eea6f598af241e1337ad567b7c6d52e601309a381f934ab6ce245c7906469,Vidar,SecuriteInfo.com.Win64.Evo-gen.78866488,exe,2026-07-04 23:59:46,MalwareBazaar
SHA-256,741eea6f598af241e1337ad567b7c6d52e601309a381f934ab6ce245c7906469,741eea6f598af241e1337ad567b7c6d52e601309a381f934ab6ce245c7906469,Vidar,SecuriteInfo.com.Win64.Evo-gen.78866488,exe,2026-07-04 23:59:46,MalwareBazaar
SHA3-384,10bba906443dc9cc40ee7bab44779c88902bf0fc5559f1da0934d463214e01635ec40b79f8a650ef6bba8a09660b901a,741eea6f598af241e1337ad567b7c6d52e601309a381f934ab6ce245c7906469,Vidar,SecuriteInfo.com.Win64.Evo-gen.78866488,exe,2026-07-04 23:59:46,MalwareBazaar
IMPHASH,d42595b695fc008ef2c56aabd8efd68e,741eea6f598af241e1337ad567b7c6d52e601309a381f934ab6ce245c7906469,Vidar,SecuriteInfo.com.Win64.Evo-gen.78866488,exe,2026-07-04 23:59:46,MalwareBazaar
TLSH,T1D3E58C4B7CE005E9D4AB633689B652867B75BC590F3223D72E90B6382F727D08D3A750,741eea6f598af241e1337ad567b7c6d52e601309a381f934ab6ce245c7906469,Vidar,SecuriteInfo.com.Win64.Evo-gen.78866488,exe,2026-07-04 23:59:46,MalwareBazaar
SSDEEP,24576:Dh6CplZo/PP5D1OaMdU9mnA7AzdSD08NF8ZHJCXEqMaBRuL5igvn8zMqnqLRrVtw:Dh6yb0HGaCPEWdSIJB5igvnwAgnmJM,741eea6f598af241e1337ad567b7c6d52e601309a381f934ab6ce245c7906469,Vidar,SecuriteInfo.com.Win64.Evo-gen.78866488,exe,2026-07-04 23:59:46,MalwareBazaar
MD5,871c3d3bc610e885318af5669948a07d,fcd8643dff51723d1250496b2a8e10d69fb6e2eb4c01c30cbad32bbf54c9ce51,Vidar,SecuriteInfo.com.Win64.Evo-gen.61776561,exe,2026-07-04 23:59:44,MalwareBazaar
SHA-1,7c7e735265f2b25be141acac89f91f424387e093,fcd8643dff51723d1250496b2a8e10d69fb6e2eb4c01c30cbad32bbf54c9ce51,Vidar,SecuriteInfo.com.Win64.Evo-gen.61776561,exe,2026-07-04 23:59:44,MalwareBazaar
SHA-256,fcd8643dff51723d1250496b2a8e10d69fb6e2eb4c01c30cbad32bbf54c9ce51,fcd8643dff51723d1250496b2a8e10d69fb6e2eb4c01c30cbad32bbf54c9ce51,Vidar,SecuriteInfo.com.Win64.Evo-gen.61776561,exe,2026-07-04 23:59:44,MalwareBazaar
SHA3-384,9e175063bcf0f0fe0f7d3f2e4ed404d61495075835ea38f91a7e320b65e3f9685757c3c3949098adb2d5c409fbf029f0,fcd8643dff51723d1250496b2a8e10d69fb6e2eb4c01c30cbad32bbf54c9ce51,Vidar,SecuriteInfo.com.Win64.Evo-gen.61776561,exe,2026-07-04 23:59:44,MalwareBazaar
IMPHASH,d42595b695fc008ef2c56aabd8efd68e,fcd8643dff51723d1250496b2a8e10d69fb6e2eb4c01c30cbad32bbf54c9ce51,Vidar,SecuriteInfo.com.Win64.Evo-gen.61776561,exe,2026-07-04 23:59:44,MalwareBazaar
TLSH,T16CE5AE4B7CD405E9C8AAA33588B691967B74BC194F3133D32E84B7782E327E49D76780,fcd8643dff51723d1250496b2a8e10d69fb6e2eb4c01c30cbad32bbf54c9ce51,Vidar,SecuriteInfo.com.Win64.Evo-gen.61776561,exe,2026-07-04 23:59:44,MalwareBazaar
SSDEEP,49152:s/008dWagNzTrif4krU2DWQCxI7fJTkDAEbseX4:s/se4ZpDWQC+7tkcS,fcd8643dff51723d1250496b2a8e10d69fb6e2eb4c01c30cbad32bbf54c9ce51,Vidar,SecuriteInfo.com.Win64.Evo-gen.61776561,exe,2026-07-04 23:59:44,MalwareBazaar
MD5,d5f708b13d4b70dc6aac1d0a491780a7,5bcd63edfe85569733cd75e76cb89fa3e9b3628694fa66e23e953a6724cb3ed9,Vidar,SecuriteInfo.com.Win64.Evo-gen.43331428,exe,2026-07-04 23:59:43,MalwareBazaar
SHA-1,e8f545c21e8429c7f33158e1cbd25a665cf48916,5bcd63edfe85569733cd75e76cb89fa3e9b3628694fa66e23e953a6724cb3ed9,Vidar,SecuriteInfo.com.Win64.Evo-gen.43331428,exe,2026-07-04 23:59:43,MalwareBazaar
SHA-256,5bcd63edfe85569733cd75e76cb89fa3e9b3628694fa66e23e953a6724cb3ed9,5bcd63edfe85569733cd75e76cb89fa3e9b3628694fa66e23e953a6724cb3ed9,Vidar,SecuriteInfo.com.Win64.Evo-gen.43331428,exe,2026-07-04 23:59:43,MalwareBazaar
SHA3-384,b7a20d174064c0cb2716429db926db24238b16eb16de0be4819f09d48f955a1f4cc0e1fa5304a16d005bd4232c274d49,5bcd63edfe85569733cd75e76cb89fa3e9b3628694fa66e23e953a6724cb3ed9,Vidar,SecuriteInfo.com.Win64.Evo-gen.43331428,exe,2026-07-04 23:59:43,MalwareBazaar
IMPHASH,d42595b695fc008ef2c56aabd8efd68e,5bcd63edfe85569733cd75e76cb89fa3e9b3628694fa66e23e953a6724cb3ed9,Vidar,SecuriteInfo.com.Win64.Evo-gen.43331428,exe,2026-07-04 23:59:43,MalwareBazaar
TLSH,T116D59D0BACD114F9C4AA673288B651827B35FC454F3623DB2E80B6382F727E1AC79754,5bcd63edfe85569733cd75e76cb89fa3e9b3628694fa66e23e953a6724cb3ed9,Vidar,SecuriteInfo.com.Win64.Evo-gen.43331428,exe,2026-07-04 23:59:43,MalwareBazaar
SSDEEP,49152:S/fztsvObm6d9ZZHkzxTqOGO6ekB7RmaUWrJig2:S/JVzEaekB7IYr8B,5bcd63edfe85569733cd75e76cb89fa3e9b3628694fa66e23e953a6724cb3ed9,Vidar,SecuriteInfo.com.Win64.Evo-gen.43331428,exe,2026-07-04 23:59:43,MalwareBazaar
MD5,57e8309eca711cc64df9b9abbdc05db8,bacb8e6d037adfe4e4643c6d8b64d47c0b7eb5a2716733871e6efde97130bd62,Vidar,SecuriteInfo.com.Win64.Evo-gen.48744784,exe,2026-07-04 23:59:41,MalwareBazaar
SHA-1,80e032644134d3a3bd943c238ec5e5b5c10f09bb,bacb8e6d037adfe4e4643c6d8b64d47c0b7eb5a2716733871e6efde97130bd62,Vidar,SecuriteInfo.com.Win64.Evo-gen.48744784,exe,2026-07-04 23:59:41,MalwareBazaar
SHA-256,bacb8e6d037adfe4e4643c6d8b64d47c0b7eb5a2716733871e6efde97130bd62,bacb8e6d037adfe4e4643c6d8b64d47c0b7eb5a2716733871e6efde97130bd62,Vidar,SecuriteInfo.com.Win64.Evo-gen.48744784,exe,2026-07-04 23:59:41,MalwareBazaar
SHA3-384,c2cce19ea8a83c0f6fdd53ac17c1515e07334b0cf6c8fd776fff5e799928d8046dd9a6054f1ee991ced8eb4d070af6b5,bacb8e6d037adfe4e4643c6d8b64d47c0b7eb5a2716733871e6efde97130bd62,Vidar,SecuriteInfo.com.Win64.Evo-gen.48744784,exe,2026-07-04 23:59:41,MalwareBazaar
IMPHASH,d42595b695fc008ef2c56aabd8efd68e,bacb8e6d037adfe4e4643c6d8b64d47c0b7eb5a2716733871e6efde97130bd62,Vidar,SecuriteInfo.com.Win64.Evo-gen.48744784,exe,2026-07-04 23:59:41,MalwareBazaar
TLSH,T1E7D59D0B7C9149F9C86AA33289B641927B74BC094F3263D72E90B7782F767E19C35394,bacb8e6d037adfe4e4643c6d8b64d47c0b7eb5a2716733871e6efde97130bd62,Vidar,SecuriteInfo.com.Win64.Evo-gen.48744784,exe,2026-07-04 23:59:41,MalwareBazaar
SSDEEP,49152:4jiVKsOPT5Bt+AFnZ0Q97JeuPhMTpct0UZL4iAPZg:4jWKz2gN0d,bacb8e6d037adfe4e4643c6d8b64d47c0b7eb5a2716733871e6efde97130bd62,Vidar,SecuriteInfo.com.Win64.Evo-gen.48744784,exe,2026-07-04 23:59:41,MalwareBazaar
MD5,1830bb589ad77073fe8ad97d4a8de0ff,e4d6f88789bab6b4646c872227ee03a81bed1532bb1b9953ef98b8535678886b,Vidar,SecuriteInfo.com.Win64.Evo-gen.52541319,exe,2026-07-04 23:59:40,MalwareBazaar
SHA-1,205f5a4da0e5655edaca72bcb7a3181430345959,e4d6f88789bab6b4646c872227ee03a81bed1532bb1b9953ef98b8535678886b,Vidar,SecuriteInfo.com.Win64.Evo-gen.52541319,exe,2026-07-04 23:59:40,MalwareBazaar
SHA-256,e4d6f88789bab6b4646c872227ee03a81bed1532bb1b9953ef98b8535678886b,e4d6f88789bab6b4646c872227ee03a81bed1532bb1b9953ef98b8535678886b,Vidar,SecuriteInfo.com.Win64.Evo-gen.52541319,exe,2026-07-04 23:59:40,MalwareBazaar
SHA3-384,05d0e1710f8207ba3d50532b2a99f1c29c3b25e09a6176a52cbc55547f76d588f8076e54e810d659cd712f52e888af9c,e4d6f88789bab6b4646c872227ee03a81bed1532bb1b9953ef98b8535678886b,Vidar,SecuriteInfo.com.Win64.Evo-gen.52541319,exe,2026-07-04 23:59:40,MalwareBazaar
IMPHASH,d42595b695fc008ef2c56aabd8efd68e,e4d6f88789bab6b4646c872227ee03a81bed1532bb1b9953ef98b8535678886b,Vidar,SecuriteInfo.com.Win64.Evo-gen.52541319,exe,2026-07-04 23:59:40,MalwareBazaar
TLSH,T138E58B0B7C9149EAD49AA33688B342967A75FC090F7223E32E90B6783F767E15D35740,e4d6f88789bab6b4646c872227ee03a81bed1532bb1b9953ef98b8535678886b,Vidar,SecuriteInfo.com.Win64.Evo-gen.52541319,exe,2026-07-04 23:59:40,MalwareBazaar
SSDEEP,49152:gctDA/k9HWl/OH1Hxe307gU9/YFV1vTEaYEYOsewISnnghLz68mgk:gcyYTeEMU9GV1Honm6/,e4d6f88789bab6b4646c872227ee03a81bed1532bb1b9953ef98b8535678886b,Vidar,SecuriteInfo.com.Win64.Evo-gen.52541319,exe,2026-07-04 23:59:40,MalwareBazaar
MD5,2c35ad8b1ad825c4a2f5b39921b8dc44,316ac119eef39b921d33f69cde46351f2caafc7cae17fe4f2dcbd6a38284da0a,Vidar,SecuriteInfo.com.Trojan.Siggen32.62135.7466.13646,exe,2026-07-04 23:59:39,MalwareBazaar
SHA-1,d67b8c7dff0a7be3ca8ef848593494abc8cabcd5,316ac119eef39b921d33f69cde46351f2caafc7cae17fe4f2dcbd6a38284da0a,Vidar,SecuriteInfo.com.Trojan.Siggen32.62135.7466.13646,exe,2026-07-04 23:59:39,MalwareBazaar
SHA-256,316ac119eef39b921d33f69cde46351f2caafc7cae17fe4f2dcbd6a38284da0a,316ac119eef39b921d33f69cde46351f2caafc7cae17fe4f2dcbd6a38284da0a,Vidar,SecuriteInfo.com.Trojan.Siggen32.62135.7466.13646,exe,2026-07-04 23:59:39,MalwareBazaar
SHA3-384,1d6163fd898be66580699d7780d3810652bbac21bd8f917aab7b896e19586405ad8117e3b49e14d64f52216c3efc3a5d,316ac119eef39b921d33f69cde46351f2caafc7cae17fe4f2dcbd6a38284da0a,Vidar,SecuriteInfo.com.Trojan.Siggen32.62135.7466.13646,exe,2026-07-04 23:59:39,MalwareBazaar
IMPHASH,d42595b695fc008ef2c56aabd8efd68e,316ac119eef39b921d33f69cde46351f2caafc7cae17fe4f2dcbd6a38284da0a,Vidar,SecuriteInfo.com.Trojan.Siggen32.62135.7466.13646,exe,2026-07-04 23:59:39,MalwareBazaar
TLSH,T199D59E0B7CD109E9C4A6A73648B651967B34BC1A0F7623D72ED073382E32BE19D79790,316ac119eef39b921d33f69cde46351f2caafc7cae17fe4f2dcbd6a38284da0a,Vidar,SecuriteInfo.com.Trojan.Siggen32.62135.7466.13646,exe,2026-07-04 23:59:39,MalwareBazaar
SSDEEP,49152:ntmlPoQc65tjwID3ev23xeDqVL2JhCBlbIagq:nt1Pgoa0yb7L,316ac119eef39b921d33f69cde46351f2caafc7cae17fe4f2dcbd6a38284da0a,Vidar,SecuriteInfo.com.Trojan.Siggen32.62135.7466.13646,exe,2026-07-04 23:59:39,MalwareBazaar
MD5,79cf7a509c9b0ced4aa049f4aa1a8d4d,b39f87a3671b4b2be40c8431c8901fb4c57d58506a8d73356a40f2c94b45007f,unknown,default.dat,exe,2026-07-04 23:52:06,MalwareBazaar
SHA-1,1299af036f5b66ea843a282355d52c51630950de,b39f87a3671b4b2be40c8431c8901fb4c57d58506a8d73356a40f2c94b45007f,unknown,default.dat,exe,2026-07-04 23:52:06,MalwareBazaar
SHA-256,b39f87a3671b4b2be40c8431c8901fb4c57d58506a8d73356a40f2c94b45007f,b39f87a3671b4b2be40c8431c8901fb4c57d58506a8d73356a40f2c94b45007f,unknown,default.dat,exe,2026-07-04 23:52:06,MalwareBazaar
SHA3-384,d166e5ac51e546170b506fffcb29e965ab876d3680d035c3dc87cad9b9c60f1318adbfd8fe38ea7c0ae8150f0933ae90,b39f87a3671b4b2be40c8431c8901fb4c57d58506a8d73356a40f2c94b45007f,unknown,default.dat,exe,2026-07-04 23:52:06,MalwareBazaar
IMPHASH,dcaf48c1f10b0efa0a4472200f3850ed,b39f87a3671b4b2be40c8431c8901fb4c57d58506a8d73356a40f2c94b45007f,unknown,default.dat,exe,2026-07-04 23:52:06,MalwareBazaar
TLSH,T1AAE6335866D812BDFEA34038EEF39AE0E57578761772CEDB076442D4AD231E45C38A23,b39f87a3671b4b2be40c8431c8901fb4c57d58506a8d73356a40f2c94b45007f,unknown,default.dat,exe,2026-07-04 23:52:06,MalwareBazaar
SSDEEP,393216:YnaVtonx2g0x/eBAENXMCHWUjXccuI3/PGTAI:YafG0xmBAoXMb8XJH/O7,b39f87a3671b4b2be40c8431c8901fb4c57d58506a8d73356a40f2c94b45007f,unknown,default.dat,exe,2026-07-04 23:52:06,MalwareBazaar
ICON-DHASH,30f8d0f0e0e8f0b0,b39f87a3671b4b2be40c8431c8901fb4c57d58506a8d73356a40f2c94b45007f,unknown,default.dat,exe,2026-07-04 23:52:06,MalwareBazaar
MD5,2ab3f68ee647f193da0fc680ce93a5a7,3aa36f96be62612268c0359e169fe6a8dac0cd2e628b3638e22a8173d7f8e789,unknown,file,exe,2026-07-04 23:47:52,MalwareBazaar
SHA-1,ca6d41e615c5d758e64b114a1efaac849ac45ac8,3aa36f96be62612268c0359e169fe6a8dac0cd2e628b3638e22a8173d7f8e789,unknown,file,exe,2026-07-04 23:47:52,MalwareBazaar
SHA-256,3aa36f96be62612268c0359e169fe6a8dac0cd2e628b3638e22a8173d7f8e789,3aa36f96be62612268c0359e169fe6a8dac0cd2e628b3638e22a8173d7f8e789,unknown,file,exe,2026-07-04 23:47:52,MalwareBazaar
SHA3-384,523f1c48034715913ebd21e105d62f394dd00c7bf8f8d6012e15a2edce90a868d6ff3fdc1b1ce29d6c8a31c684ef7130,3aa36f96be62612268c0359e169fe6a8dac0cd2e628b3638e22a8173d7f8e789,unknown,file,exe,2026-07-04 23:47:52,MalwareBazaar
IMPHASH,570a23107981914bfa2e50b080fd55c0,3aa36f96be62612268c0359e169fe6a8dac0cd2e628b3638e22a8173d7f8e789,unknown,file,exe,2026-07-04 23:47:52,MalwareBazaar
TLSH,T1FA15CB70F720F275C912DBF04018D7E5DA729C9CD7984017CA7A285BEBDA8DD0B1EA62,3aa36f96be62612268c0359e169fe6a8dac0cd2e628b3638e22a8173d7f8e789,unknown,file,exe,2026-07-04 23:47:52,MalwareBazaar
SSDEEP,6144:IFHNltn9P1mxKyy3hZq96PGCIdLZ+TO+o:En98xKyyRZc6uzZd+o,3aa36f96be62612268c0359e169fe6a8dac0cd2e628b3638e22a8173d7f8e789,unknown,file,exe,2026-07-04 23:47:52,MalwareBazaar
ICON-DHASH,30e8cccccccce830,3aa36f96be62612268c0359e169fe6a8dac0cd2e628b3638e22a8173d7f8e789,unknown,file,exe,2026-07-04 23:47:52,MalwareBazaar
MD5,93bd07cf950f573d0ae03115f7db5dd3,317e6d0cde0de8664db8f5c1d6c316d61ca91ef64e59a37a522df1b7425acc0c,unknown,file,exe,2026-07-04 23:04:59,MalwareBazaar
SHA-1,a5653be4df7f7dc8143e3d27ccf3afbfa7533431,317e6d0cde0de8664db8f5c1d6c316d61ca91ef64e59a37a522df1b7425acc0c,unknown,file,exe,2026-07-04 23:04:59,MalwareBazaar
SHA-256,317e6d0cde0de8664db8f5c1d6c316d61ca91ef64e59a37a522df1b7425acc0c,317e6d0cde0de8664db8f5c1d6c316d61ca91ef64e59a37a522df1b7425acc0c,unknown,file,exe,2026-07-04 23:04:59,MalwareBazaar
SHA3-384,e3919a5203d33da4bcb2514a123a76ed356e22709bd7a67c39f1b491146db6905a83aa3d8d084c12d5d888297a4db990,317e6d0cde0de8664db8f5c1d6c316d61ca91ef64e59a37a522df1b7425acc0c,unknown,file,exe,2026-07-04 23:04:59,MalwareBazaar
IMPHASH,edd9caae8565fbe43a73e0ad530f325e,317e6d0cde0de8664db8f5c1d6c316d61ca91ef64e59a37a522df1b7425acc0c,unknown,file,exe,2026-07-04 23:04:59,MalwareBazaar
TLSH,T14C825C0FB9424726C0E110B49676873BDA786872338854DBFB944AED0B686D2FC3365F,317e6d0cde0de8664db8f5c1d6c316d61ca91ef64e59a37a522df1b7425acc0c,unknown,file,exe,2026-07-04 23:04:59,MalwareBazaar
SSDEEP,192:taISCngTBvqQ1jV6lXwIXZ5qF4le6qo/fKUSiu9zw+gj5tBOgbOBqmEdEFWEo/GC:FIqQlV6lOF40uu9JgFtfUhav8U9cCF,317e6d0cde0de8664db8f5c1d6c316d61ca91ef64e59a37a522df1b7425acc0c,unknown,file,exe,2026-07-04 23:04:59,MalwareBazaar
MD5,bc09cdd2ebc0089f147e8362fa57dc0f,58d5ed5b67253c3644d233e721a8180ffd0b9267588c5605d98fbc049b446a01,CoinMiner,file,exe,2026-07-04 23:04:02,MalwareBazaar
SHA-1,f6ca41be2d90d4640a07bfb7586e481820cf12e3,58d5ed5b67253c3644d233e721a8180ffd0b9267588c5605d98fbc049b446a01,CoinMiner,file,exe,2026-07-04 23:04:02,MalwareBazaar
SHA-256,58d5ed5b67253c3644d233e721a8180ffd0b9267588c5605d98fbc049b446a01,58d5ed5b67253c3644d233e721a8180ffd0b9267588c5605d98fbc049b446a01,CoinMiner,file,exe,2026-07-04 23:04:02,MalwareBazaar
SHA3-384,2f6823e54c3a2f0dd0f4f5fcf32e4c78f348aaa9fc5a6d4bf9f31e17600459ca8935b3b928ef1012398e69fc73fbbc89,58d5ed5b67253c3644d233e721a8180ffd0b9267588c5605d98fbc049b446a01,CoinMiner,file,exe,2026-07-04 23:04:02,MalwareBazaar
IMPHASH,42cf01d41ef6dc0627982490afc9cddd,58d5ed5b67253c3644d233e721a8180ffd0b9267588c5605d98fbc049b446a01,CoinMiner,file,exe,2026-07-04 23:04:02,MalwareBazaar
TLSH,T15632911E2E4B0321DE5009B4E575424A517C2EE37387EBDBE633D6DB4AD6E4580C0AAF,58d5ed5b67253c3644d233e721a8180ffd0b9267588c5605d98fbc049b446a01,CoinMiner,file,exe,2026-07-04 23:04:02,MalwareBazaar
SSDEEP,192:jojWccS5BQcxSHO8S59jtPFJxTEZmFhquc:joBocsu3fjtPFwZ,58d5ed5b67253c3644d233e721a8180ffd0b9267588c5605d98fbc049b446a01,CoinMiner,file,exe,2026-07-04 23:04:02,MalwareBazaar
MD5,a15260c2ddd2f1f03ef5af6405d2bf9e,1900573180c4f5395fcf45b79fdc1ee14fe2067dd3579970d670c9faffcbd22d,unknown,default.dat,exe,2026-07-04 22:52:25,MalwareBazaar
SHA-1,18c3e66191fcd6d8980caaa950cc34c55958961e,1900573180c4f5395fcf45b79fdc1ee14fe2067dd3579970d670c9faffcbd22d,unknown,default.dat,exe,2026-07-04 22:52:25,MalwareBazaar
SHA-256,1900573180c4f5395fcf45b79fdc1ee14fe2067dd3579970d670c9faffcbd22d,1900573180c4f5395fcf45b79fdc1ee14fe2067dd3579970d670c9faffcbd22d,unknown,default.dat,exe,2026-07-04 22:52:25,MalwareBazaar
SHA3-384,73b080f82b67eee883e2cd1c723195d3f03e4101b2d535c9f51f611a4df7881b527751eebeab97b554505905daebbc4d,1900573180c4f5395fcf45b79fdc1ee14fe2067dd3579970d670c9faffcbd22d,unknown,default.dat,exe,2026-07-04 22:52:25,MalwareBazaar
IMPHASH,dcaf48c1f10b0efa0a4472200f3850ed,1900573180c4f5395fcf45b79fdc1ee14fe2067dd3579970d670c9faffcbd22d,unknown,default.dat,exe,2026-07-04 22:52:25,MalwareBazaar
TLSH,T184E6339C1AC412BEFA67903DEB62969DD6B8B0310F21C98F5B7587D0AE272D00E3C557,1900573180c4f5395fcf45b79fdc1ee14fe2067dd3579970d670c9faffcbd22d,unknown,default.dat,exe,2026-07-04 22:52:25,MalwareBazaar
SSDEEP,393216:n7SmyCFCwUJkFLoTQs1XMCHWUjXhcuI3/PGTAI:nU3JJGQdXMb8X2H/O7,1900573180c4f5395fcf45b79fdc1ee14fe2067dd3579970d670c9faffcbd22d,unknown,default.dat,exe,2026-07-04 22:52:25,MalwareBazaar
ICON-DHASH,71f0e4d4e4e4f070,1900573180c4f5395fcf45b79fdc1ee14fe2067dd3579970d670c9faffcbd22d,unknown,default.dat,exe,2026-07-04 22:52:25,MalwareBazaar
MD5,9bf5f842603e1048d1d41b6ecec8797c,dcc3893f89bdc55dc2f56bfccd426a7652e37b5a4e8790de99afc47bec3ecef4,unknown,file,msi,2026-07-04 22:51:49,MalwareBazaar
SHA-1,63f715c8309dfe0489da8e9a2908833c1eea3774,dcc3893f89bdc55dc2f56bfccd426a7652e37b5a4e8790de99afc47bec3ecef4,unknown,file,msi,2026-07-04 22:51:49,MalwareBazaar
SHA-256,dcc3893f89bdc55dc2f56bfccd426a7652e37b5a4e8790de99afc47bec3ecef4,dcc3893f89bdc55dc2f56bfccd426a7652e37b5a4e8790de99afc47bec3ecef4,unknown,file,msi,2026-07-04 22:51:49,MalwareBazaar
SHA3-384,416fb4d5a46260c7ed53a2b33942bcfa77e1da21b08b125725e6a9f8bd04229149bcd5e8f87534aa6c4559941399e095,dcc3893f89bdc55dc2f56bfccd426a7652e37b5a4e8790de99afc47bec3ecef4,unknown,file,msi,2026-07-04 22:51:49,MalwareBazaar
TLSH,T1032723E6AE222D83CE6525BB23521342AF314DB23B2287113D75F90D1C7D1FA5AD9387,dcc3893f89bdc55dc2f56bfccd426a7652e37b5a4e8790de99afc47bec3ecef4,unknown,file,msi,2026-07-04 22:51:49,MalwareBazaar
SSDEEP,393216:LDc8lw/6S3glvyv87upy4GCAKUdCCu3et11G0DlWziY:Liipa06RA7d9IeqGY,dcc3893f89bdc55dc2f56bfccd426a7652e37b5a4e8790de99afc47bec3ecef4,unknown,file,msi,2026-07-04 22:51:49,MalwareBazaar
MD5,d33f742030f90c706adeaf4a634e2b11,698bc8bcff6236341a6ad1d222e65c1b3771ca2a7042f3bd9cc5e1c40c4f392e,unknown,file,exe,2026-07-04 22:47:50,MalwareBazaar
SHA-1,ec200fb39c72d1041a91fa9713354ff8dd22da40,698bc8bcff6236341a6ad1d222e65c1b3771ca2a7042f3bd9cc5e1c40c4f392e,unknown,file,exe,2026-07-04 22:47:50,MalwareBazaar
SHA-256,698bc8bcff6236341a6ad1d222e65c1b3771ca2a7042f3bd9cc5e1c40c4f392e,698bc8bcff6236341a6ad1d222e65c1b3771ca2a7042f3bd9cc5e1c40c4f392e,unknown,file,exe,2026-07-04 22:47:50,MalwareBazaar
SHA3-384,c46cff1b1a69598d26042340b117dc72c31261d66ac8755a805c13cd582614ccc4416dcb6edd334b084c4fe44adc39be,698bc8bcff6236341a6ad1d222e65c1b3771ca2a7042f3bd9cc5e1c40c4f392e,unknown,file,exe,2026-07-04 22:47:50,MalwareBazaar
IMPHASH,edd9caae8565fbe43a73e0ad530f325e,698bc8bcff6236341a6ad1d222e65c1b3771ca2a7042f3bd9cc5e1c40c4f392e,unknown,file,exe,2026-07-04 22:47:50,MalwareBazaar
TLSH,T1F7825B0FB941472AC0E110B49676877BDAB86871338414DBFB948AED0A686D2FC3365F,698bc8bcff6236341a6ad1d222e65c1b3771ca2a7042f3bd9cc5e1c40c4f392e,unknown,file,exe,2026-07-04 22:47:50,MalwareBazaar
SSDEEP,384:l6IqQ1VaFuxoSZuu9JgFtfURav8U9cFF:lQRUD9ba0U,698bc8bcff6236341a6ad1d222e65c1b3771ca2a7042f3bd9cc5e1c40c4f392e,unknown,file,exe,2026-07-04 22:47:50,MalwareBazaar
MD5,e05db546225b635b3722764e3c73a461,7fd7a0a3703782d6eee97a8bfbd82e77ab65ebb7c5af3407bfc21c4ec1dd2ac9,unknown,file,exe,2026-07-04 22:46:28,MalwareBazaar
SHA-1,61acdd8d51cdb9db741739411fe9cfc89fe50728,7fd7a0a3703782d6eee97a8bfbd82e77ab65ebb7c5af3407bfc21c4ec1dd2ac9,unknown,file,exe,2026-07-04 22:46:28,MalwareBazaar
SHA-256,7fd7a0a3703782d6eee97a8bfbd82e77ab65ebb7c5af3407bfc21c4ec1dd2ac9,7fd7a0a3703782d6eee97a8bfbd82e77ab65ebb7c5af3407bfc21c4ec1dd2ac9,unknown,file,exe,2026-07-04 22:46:28,MalwareBazaar
SHA3-384,091d6d21b14f9b686129cdc70d422d71e29aadc9d90904573d97a0907f4ad18838cd04bdf858a2127a2f69c42d170f69,7fd7a0a3703782d6eee97a8bfbd82e77ab65ebb7c5af3407bfc21c4ec1dd2ac9,unknown,file,exe,2026-07-04 22:46:28,MalwareBazaar
IMPHASH,edd9caae8565fbe43a73e0ad530f325e,7fd7a0a3703782d6eee97a8bfbd82e77ab65ebb7c5af3407bfc21c4ec1dd2ac9,unknown,file,exe,2026-07-04 22:46:28,MalwareBazaar
TLSH,T143825B0FB9424726C0E110B49676863BDA78687233C854DBFB944AED0B686D2FC3365F,7fd7a0a3703782d6eee97a8bfbd82e77ab65ebb7c5af3407bfc21c4ec1dd2ac9,unknown,file,exe,2026-07-04 22:46:28,MalwareBazaar
SSDEEP,192:0aISCngTBvqQ1jV6lXwIXZ5qh4le6qo/fKUSiu9zw+gj5tBOgbOBqmEdEFWEo/GN:0IqQlV6lOh40uu9JgFtfUhav8U9cBF,7fd7a0a3703782d6eee97a8bfbd82e77ab65ebb7c5af3407bfc21c4ec1dd2ac9,unknown,file,exe,2026-07-04 22:46:28,MalwareBazaar
MD5,f59a897ace537928af73ac6442a9ad66,7084792a0c28fb37ec207c2b0a12dae8e6d43996e6b56cfe6f78970d72886121,unknown,file,exe,2026-07-04 22:38:10,MalwareBazaar
SHA-1,5a1ed24cba996376ebf3bb1c236adb0b309babcb,7084792a0c28fb37ec207c2b0a12dae8e6d43996e6b56cfe6f78970d72886121,unknown,file,exe,2026-07-04 22:38:10,MalwareBazaar
SHA-256,7084792a0c28fb37ec207c2b0a12dae8e6d43996e6b56cfe6f78970d72886121,7084792a0c28fb37ec207c2b0a12dae8e6d43996e6b56cfe6f78970d72886121,unknown,file,exe,2026-07-04 22:38:10,MalwareBazaar
SHA3-384,45f0e0da381744059cf2538e1c7c4cbef917b5e5fd9d88801ef2df7f128d2e5a95a348eca3619e9b5395232a9384e75b,7084792a0c28fb37ec207c2b0a12dae8e6d43996e6b56cfe6f78970d72886121,unknown,file,exe,2026-07-04 22:38:10,MalwareBazaar
IMPHASH,edd9caae8565fbe43a73e0ad530f325e,7084792a0c28fb37ec207c2b0a12dae8e6d43996e6b56cfe6f78970d72886121,unknown,file,exe,2026-07-04 22:38:10,MalwareBazaar
TLSH,T158825C0FB9424726C0E110B49676873BDA786871338854DBF7948AED0B686D2FC3365F,7084792a0c28fb37ec207c2b0a12dae8e6d43996e6b56cfe6f78970d72886121,unknown,file,exe,2026-07-04 22:38:10,MalwareBazaar
SSDEEP,192:N2aISCngTBvqQ1jV6lXwIXZ5qh4le6qo/fKUSiu9zw+gj5tBOgbOBqmEdEFWEo/p:NyIqQlV6lOh40uu9JgFtfUhav8U9cuF,7084792a0c28fb37ec207c2b0a12dae8e6d43996e6b56cfe6f78970d72886121,unknown,file,exe,2026-07-04 22:38:10,MalwareBazaar
MD5,0a5775b4ebfb602d389f32f276fa27a6,d7e334967a876168a3437f68020fd181e7e2320ea2742fc3583d3015025b1f6b,unknown,default.dat,exe,2026-07-04 21:52:25,MalwareBazaar
SHA-1,194aa965f6f0ca3777e8e74015531ec9a1f6edb1,d7e334967a876168a3437f68020fd181e7e2320ea2742fc3583d3015025b1f6b,unknown,default.dat,exe,2026-07-04 21:52:25,MalwareBazaar
SHA-256,d7e334967a876168a3437f68020fd181e7e2320ea2742fc3583d3015025b1f6b,d7e334967a876168a3437f68020fd181e7e2320ea2742fc3583d3015025b1f6b,unknown,default.dat,exe,2026-07-04 21:52:25,MalwareBazaar
SHA3-384,b86aeee7611cad40b4180ea4cbe29acfee2df0e97e85a2bddfc7bcf26f26beee744aa0b20c30a0f2edd65ff0ff66f2ff,d7e334967a876168a3437f68020fd181e7e2320ea2742fc3583d3015025b1f6b,unknown,default.dat,exe,2026-07-04 21:52:25,MalwareBazaar
IMPHASH,dcaf48c1f10b0efa0a4472200f3850ed,d7e334967a876168a3437f68020fd181e7e2320ea2742fc3583d3015025b1f6b,unknown,default.dat,exe,2026-07-04 21:52:25,MalwareBazaar
TLSH,T109E6332C67D012FFE573413C9AB19991D469B87A5773CAEF07D09BA25E832E08C39643,d7e334967a876168a3437f68020fd181e7e2320ea2742fc3583d3015025b1f6b,unknown,default.dat,exe,2026-07-04 21:52:25,MalwareBazaar
SSDEEP,393216:YEHvucHaq9Vb7bMMV/6o6UDAo7XMCHWUjX1cuI3/PGTAI:YEHVXMMVyHU8o7XMb8XCH/O7,d7e334967a876168a3437f68020fd181e7e2320ea2742fc3583d3015025b1f6b,unknown,default.dat,exe,2026-07-04 21:52:25,MalwareBazaar
ICON-DHASH,d4f070e8e8617138,d7e334967a876168a3437f68020fd181e7e2320ea2742fc3583d3015025b1f6b,unknown,default.dat,exe,2026-07-04 21:52:25,MalwareBazaar
MD5,3fa9c44f2937f40a5d70a55c31e1b43b,10424631b904e8498cb388966b92f850d9ddaed105188e73010533b66717829d,Mirai,mipsel,elf,2026-07-04 21:52:14,MalwareBazaar
SHA-1,8dd378fd4e6ed1444de39ed5b1f5087045695b56,10424631b904e8498cb388966b92f850d9ddaed105188e73010533b66717829d,Mirai,mipsel,elf,2026-07-04 21:52:14,MalwareBazaar
SHA-256,10424631b904e8498cb388966b92f850d9ddaed105188e73010533b66717829d,10424631b904e8498cb388966b92f850d9ddaed105188e73010533b66717829d,Mirai,mipsel,elf,2026-07-04 21:52:14,MalwareBazaar
SHA3-384,a440c8b18c6377ae3e2bb4ed4168a883a033310c29fa0ece3c494a660e0184d2d5da1d46f6974fcc22a0dd537336259d,10424631b904e8498cb388966b92f850d9ddaed105188e73010533b66717829d,Mirai,mipsel,elf,2026-07-04 21:52:14,MalwareBazaar
TLSH,T1AA44F607BBA18EB3C89FDD3706FA870120CEF4572564672B7274DA5CBA0A54F49D38A4,10424631b904e8498cb388966b92f850d9ddaed105188e73010533b66717829d,Mirai,mipsel,elf,2026-07-04 21:52:14,MalwareBazaar
TELFHASH,t144713158d43d09e9eea35d19a8692bf34993e12926f46b18ff66cdc0081f42df224d0f,10424631b904e8498cb388966b92f850d9ddaed105188e73010533b66717829d,Mirai,mipsel,elf,2026-07-04 21:52:14,MalwareBazaar
SSDEEP,6144:TKAyh+9hIUcwUkRMtbzfbT+Zy7KwmtwAL4OObI:TK54vIFkRMtPbT+Zy7KwmtwAL4OObI,10424631b904e8498cb388966b92f850d9ddaed105188e73010533b66717829d,Mirai,mipsel,elf,2026-07-04 21:52:14,MalwareBazaar
MD5,12455676af0b269860b383ed870d4cc2,4b98c014977ad113c22aaf5f794c567c41f8b7e6b77a3cab964116a1d8b0a542,unknown,aintall.6638250006.msi,msi,2026-07-04 21:32:34,MalwareBazaar
SHA-1,e473c0ec54ad78a11ed23cafa635497e46d0066c,4b98c014977ad113c22aaf5f794c567c41f8b7e6b77a3cab964116a1d8b0a542,unknown,aintall.6638250006.msi,msi,2026-07-04 21:32:34,MalwareBazaar
SHA-256,4b98c014977ad113c22aaf5f794c567c41f8b7e6b77a3cab964116a1d8b0a542,4b98c014977ad113c22aaf5f794c567c41f8b7e6b77a3cab964116a1d8b0a542,unknown,aintall.6638250006.msi,msi,2026-07-04 21:32:34,MalwareBazaar
SHA3-384,71e5f018fbe8aaca869acb60fd347eef4d95eaee920ca28159fc342cd26e2f9d320451bb8edbe25c9dce3c7a53e88cde,4b98c014977ad113c22aaf5f794c567c41f8b7e6b77a3cab964116a1d8b0a542,unknown,aintall.6638250006.msi,msi,2026-07-04 21:32:34,MalwareBazaar
TLSH,T19B5633C4BAA55171C0ABCB744503A66EB12C3FC4BAA59C077ADDF7244F33B1A24B6781,4b98c014977ad113c22aaf5f794c567c41f8b7e6b77a3cab964116a1d8b0a542,unknown,aintall.6638250006.msi,msi,2026-07-04 21:32:34,MalwareBazaar
SSDEEP,98304:gO76GUkZKFpFOBHM9yqjshiRj+0b36o1mXAxSJOszHs29Wc/ld/NubjwIlyDmUN0:f6GUkoFOBHMMqjiiN+0H1moY/JpWbsFg,4b98c014977ad113c22aaf5f794c567c41f8b7e6b77a3cab964116a1d8b0a542,unknown,aintall.6638250006.msi,msi,2026-07-04 21:32:34,MalwareBazaar
MD5,0a67dc70cd397d23aca3cff0fcfeb72f,0ea72062143e9dd49fecfccfa6dd2594d3f6f831e5ff9b0b5aa91631afdd8724,unknown,file,exe,2026-07-04 20:53:50,MalwareBazaar
SHA-1,c344482878852e01cd7986e8ae1ac541e7a6f049,0ea72062143e9dd49fecfccfa6dd2594d3f6f831e5ff9b0b5aa91631afdd8724,unknown,file,exe,2026-07-04 20:53:50,MalwareBazaar
SHA-256,0ea72062143e9dd49fecfccfa6dd2594d3f6f831e5ff9b0b5aa91631afdd8724,0ea72062143e9dd49fecfccfa6dd2594d3f6f831e5ff9b0b5aa91631afdd8724,unknown,file,exe,2026-07-04 20:53:50,MalwareBazaar
SHA3-384,69318e918338a960dbad6d71bac58e737d6b61d60c65ba0009c55c4b0f2e454ac44d257f7c2ee1fbd9c280367c6ae969,0ea72062143e9dd49fecfccfa6dd2594d3f6f831e5ff9b0b5aa91631afdd8724,unknown,file,exe,2026-07-04 20:53:50,MalwareBazaar
IMPHASH,d42595b695fc008ef2c56aabd8efd68e,0ea72062143e9dd49fecfccfa6dd2594d3f6f831e5ff9b0b5aa91631afdd8724,unknown,file,exe,2026-07-04 20:53:50,MalwareBazaar
TLSH,T138F58C07ECA148E5C0A9A332C9B7959A7736BC091B3227D72E60A7783F727C06D35B15,0ea72062143e9dd49fecfccfa6dd2594d3f6f831e5ff9b0b5aa91631afdd8724,unknown,file,exe,2026-07-04 20:53:50,MalwareBazaar
SSDEEP,49152:Jy+9ZTMEEzDKGK9BsfnRFFZoFjkZLN6zgN7n9Cye:JP2K9mFrZ6zgN796,0ea72062143e9dd49fecfccfa6dd2594d3f6f831e5ff9b0b5aa91631afdd8724,unknown,file,exe,2026-07-04 20:53:50,MalwareBazaar
MD5,fd6dc486c4a0de0b9460a709cb92b085,61c398e690795f37e111ecf8050f371c7e31bc99b7eacd92c8cf356649c72c0d,unknown,default.dat,exe,2026-07-04 20:52:05,MalwareBazaar
SHA-1,6933770c4661da278d66912b595016f08822f928,61c398e690795f37e111ecf8050f371c7e31bc99b7eacd92c8cf356649c72c0d,unknown,default.dat,exe,2026-07-04 20:52:05,MalwareBazaar
SHA-256,61c398e690795f37e111ecf8050f371c7e31bc99b7eacd92c8cf356649c72c0d,61c398e690795f37e111ecf8050f371c7e31bc99b7eacd92c8cf356649c72c0d,unknown,default.dat,exe,2026-07-04 20:52:05,MalwareBazaar
SHA3-384,2d6ea5f4b343c7af912211f09bb5f9db0fa1be2700abf6b9e9a969cebb8a0459231bc5c5bee46a5972a115cccc7032fc,61c398e690795f37e111ecf8050f371c7e31bc99b7eacd92c8cf356649c72c0d,unknown,default.dat,exe,2026-07-04 20:52:05,MalwareBazaar
IMPHASH,dcaf48c1f10b0efa0a4472200f3850ed,61c398e690795f37e111ecf8050f371c7e31bc99b7eacd92c8cf356649c72c0d,unknown,default.dat,exe,2026-07-04 20:52:05,MalwareBazaar
TLSH,T166E6330C6AD101FEE6B3807C9DE15255E57870960772C98F4BA487B12DA72F2CE39B4B,61c398e690795f37e111ecf8050f371c7e31bc99b7eacd92c8cf356649c72c0d,unknown,default.dat,exe,2026-07-04 20:52:05,MalwareBazaar
SSDEEP,393216:hqc6J4CnXLzAdg4IWfXMCHWUjXQcuI3/PGTAI:h7Mn/Ai4I2XMb8XFH/O7,61c398e690795f37e111ecf8050f371c7e31bc99b7eacd92c8cf356649c72c0d,unknown,default.dat,exe,2026-07-04 20:52:05,MalwareBazaar
ICON-DHASH,f0f0dc8682c4f0f0,61c398e690795f37e111ecf8050f371c7e31bc99b7eacd92c8cf356649c72c0d,unknown,default.dat,exe,2026-07-04 20:52:05,MalwareBazaar
MD5,584a173a7a32756b26c4a5dfe0356b25,36e70b9c5271aefeb3e4b4bc0eff8e81683f0ddfea4deed55dbc4cc0567ca179,unknown,36e70b9c5271aefeb3e4b4bc0eff8e81683f0ddfea4deed55dbc4cc0567ca179,elf,2026-07-04 20:43:15,MalwareBazaar
SHA-1,1b6fa52c604ef081e5c1358ede5a182d7e3a4adf,36e70b9c5271aefeb3e4b4bc0eff8e81683f0ddfea4deed55dbc4cc0567ca179,unknown,36e70b9c5271aefeb3e4b4bc0eff8e81683f0ddfea4deed55dbc4cc0567ca179,elf,2026-07-04 20:43:15,MalwareBazaar
SHA-256,36e70b9c5271aefeb3e4b4bc0eff8e81683f0ddfea4deed55dbc4cc0567ca179,36e70b9c5271aefeb3e4b4bc0eff8e81683f0ddfea4deed55dbc4cc0567ca179,unknown,36e70b9c5271aefeb3e4b4bc0eff8e81683f0ddfea4deed55dbc4cc0567ca179,elf,2026-07-04 20:43:15,MalwareBazaar
SHA3-384,8ee6684f1808a4922358c71d4f671dff66fa30b522f399e26b09ee3e6490d58384f0d02f3d0d6b0a3c4ddd0e8ee94725,36e70b9c5271aefeb3e4b4bc0eff8e81683f0ddfea4deed55dbc4cc0567ca179,unknown,36e70b9c5271aefeb3e4b4bc0eff8e81683f0ddfea4deed55dbc4cc0567ca179,elf,2026-07-04 20:43:15,MalwareBazaar
TLSH,T17D85F757F89590F4C0EEE174C726A213BAA13499473437E36FA18AF11B26FE466BC314,36e70b9c5271aefeb3e4b4bc0eff8e81683f0ddfea4deed55dbc4cc0567ca179,unknown,36e70b9c5271aefeb3e4b4bc0eff8e81683f0ddfea4deed55dbc4cc0567ca179,elf,2026-07-04 20:43:15,MalwareBazaar
SSDEEP,49152:c8nxDgC7g9rb/TBvO90dL3BmAFd4A64nsfJ7QQzjFHWkMNRCdQqzd:cqYUQuVDp,36e70b9c5271aefeb3e4b4bc0eff8e81683f0ddfea4deed55dbc4cc0567ca179,unknown,36e70b9c5271aefeb3e4b4bc0eff8e81683f0ddfea4deed55dbc4cc0567ca179,elf,2026-07-04 20:43:15,MalwareBazaar
MD5,bc32cc4b61f03675e3aafe72543b0d5e,1412ef99e1bdbc0ef34df0b25f9455cdee4a40984c4caec099a8e9f08b21301a,MaskGramStealer,file,exe,2026-07-04 20:35:40,MalwareBazaar
SHA-1,9c7ff829477cd46e84a2e74501f79d46c874c0ba,1412ef99e1bdbc0ef34df0b25f9455cdee4a40984c4caec099a8e9f08b21301a,MaskGramStealer,file,exe,2026-07-04 20:35:40,MalwareBazaar
SHA-256,1412ef99e1bdbc0ef34df0b25f9455cdee4a40984c4caec099a8e9f08b21301a,1412ef99e1bdbc0ef34df0b25f9455cdee4a40984c4caec099a8e9f08b21301a,MaskGramStealer,file,exe,2026-07-04 20:35:40,MalwareBazaar
SHA3-384,dd395daf6016302fa880763b20da257437d60cb2197a4d1bce1a551544d7a035d31dfbddf979d5ec63c8c47fb6b8c48e,1412ef99e1bdbc0ef34df0b25f9455cdee4a40984c4caec099a8e9f08b21301a,MaskGramStealer,file,exe,2026-07-04 20:35:40,MalwareBazaar
IMPHASH,d1c35276ff2b8e9d448afb940bccb1f0,1412ef99e1bdbc0ef34df0b25f9455cdee4a40984c4caec099a8e9f08b21301a,MaskGramStealer,file,exe,2026-07-04 20:35:40,MalwareBazaar
TLSH,T1D0043A5BD5D540E9EC1AC6348A99E237A4B3F8562936BA4F2BA0DF051F90B30B71DF04,1412ef99e1bdbc0ef34df0b25f9455cdee4a40984c4caec099a8e9f08b21301a,MaskGramStealer,file,exe,2026-07-04 20:35:40,MalwareBazaar
SSDEEP,3072:nftXePELBxpwWAkcv3CQAEALqmECASmTiAG625g2F87Ak0ght:VO2p2ki3CQlAuBAmTGdg2SMght,1412ef99e1bdbc0ef34df0b25f9455cdee4a40984c4caec099a8e9f08b21301a,MaskGramStealer,file,exe,2026-07-04 20:35:40,MalwareBazaar
MD5,38bdd5fb79d09e9ad03acdaabd85d9e5,444ae54b9603d446ca3497bf3a8647f16a43786798631f88a1de1db48ebba09a,Mirai,main_sh4,elf,2026-07-04 20:16:09,MalwareBazaar
SHA-1,ca8bc0ab1006d234a7e5816408d6b87c894f4c4d,444ae54b9603d446ca3497bf3a8647f16a43786798631f88a1de1db48ebba09a,Mirai,main_sh4,elf,2026-07-04 20:16:09,MalwareBazaar
SHA-256,444ae54b9603d446ca3497bf3a8647f16a43786798631f88a1de1db48ebba09a,444ae54b9603d446ca3497bf3a8647f16a43786798631f88a1de1db48ebba09a,Mirai,main_sh4,elf,2026-07-04 20:16:09,MalwareBazaar
SHA3-384,0b3575557cc86f6a952084c291bb24502a269a432dc8c5238a35b3903377c2454cd092e3f18326e9bbc35df0e8672bc1,444ae54b9603d446ca3497bf3a8647f16a43786798631f88a1de1db48ebba09a,Mirai,main_sh4,elf,2026-07-04 20:16:09,MalwareBazaar
TLSH,T1A5B35BB3DC26AF98C655D074B0B08FB92F53A59482471FBE19B6C2B44443D8DFA05BB8,444ae54b9603d446ca3497bf3a8647f16a43786798631f88a1de1db48ebba09a,Mirai,main_sh4,elf,2026-07-04 20:16:09,MalwareBazaar
SSDEEP,1536:WTW/VCxsHZusj2Li62C8vqKTR5/PPVGAto2WszrW+TNe7Z:WytCxsjx62NFT7VG92WcrbwN,444ae54b9603d446ca3497bf3a8647f16a43786798631f88a1de1db48ebba09a,Mirai,main_sh4,elf,2026-07-04 20:16:09,MalwareBazaar
MD5,4b6e19ccce188151d67eec2c397d14c6,53faf93d2f0a5caccf8a99a797602c07aa0d19a26249feb705570cb2fbd9483f,unknown,k.php,sh,2026-07-04 20:12:04,MalwareBazaar
SHA-1,93eb5e19dd2a0c69479151f6de9fb75b75b9326e,53faf93d2f0a5caccf8a99a797602c07aa0d19a26249feb705570cb2fbd9483f,unknown,k.php,sh,2026-07-04 20:12:04,MalwareBazaar
SHA-256,53faf93d2f0a5caccf8a99a797602c07aa0d19a26249feb705570cb2fbd9483f,53faf93d2f0a5caccf8a99a797602c07aa0d19a26249feb705570cb2fbd9483f,unknown,k.php,sh,2026-07-04 20:12:04,MalwareBazaar
SHA3-384,799f0dc8816dff0a334c9b6ae8480a2cff8ec34a399358eb5bf73323a1c2ca69e478e35f7ae321b266b6bcb4105498b9,53faf93d2f0a5caccf8a99a797602c07aa0d19a26249feb705570cb2fbd9483f,unknown,k.php,sh,2026-07-04 20:12:04,MalwareBazaar
TLSH,T1C4236C6516857C24AA99C4375C7F2F0CBDA983E6314491DDBFCA3CF28C4AA9CE21871D,53faf93d2f0a5caccf8a99a797602c07aa0d19a26249feb705570cb2fbd9483f,unknown,k.php,sh,2026-07-04 20:12:04,MalwareBazaar
SSDEEP,768:PDr9NyXsZztCd9GKYpr9GKYp82fkR4nnA9GKYpr9GKYp82fkR4nnW:/HusZbcB,53faf93d2f0a5caccf8a99a797602c07aa0d19a26249feb705570cb2fbd9483f,unknown,k.php,sh,2026-07-04 20:12:04,MalwareBazaar
MD5,badc57a353888f262c3358be1b117081,38809fbd8e2c55db79df0c71984ec5be8988f27f423674e5f6f58f572c2118c3,Mirai,main_mpsl,elf,2026-07-04 19:53:01,MalwareBazaar
SHA-1,7571745b5119a5e6a83ee133ef1070c8e83b85f8,38809fbd8e2c55db79df0c71984ec5be8988f27f423674e5f6f58f572c2118c3,Mirai,main_mpsl,elf,2026-07-04 19:53:01,MalwareBazaar
SHA-256,38809fbd8e2c55db79df0c71984ec5be8988f27f423674e5f6f58f572c2118c3,38809fbd8e2c55db79df0c71984ec5be8988f27f423674e5f6f58f572c2118c3,Mirai,main_mpsl,elf,2026-07-04 19:53:01,MalwareBazaar
SHA3-384,a1f7566b2bb9ee71e625b5e227bdec518a0186bf684a8909ab581b1bfe7bac6051ceb000b8cbaa79d284e0cccaa99ff2,38809fbd8e2c55db79df0c71984ec5be8988f27f423674e5f6f58f572c2118c3,Mirai,main_mpsl,elf,2026-07-04 19:53:01,MalwareBazaar
TLSH,T1A304C719AB510FBBDCAFDD3702E90B0139CC955B22A93B363674D528F54E50B4AE3C68,38809fbd8e2c55db79df0c71984ec5be8988f27f423674e5f6f58f572c2118c3,Mirai,main_mpsl,elf,2026-07-04 19:53:01,MalwareBazaar
SSDEEP,3072:nKpzGZeNkSfcQqmav8SqaRVlnYz6521t:nKYZeNYQqmeqavlg652,38809fbd8e2c55db79df0c71984ec5be8988f27f423674e5f6f58f572c2118c3,Mirai,main_mpsl,elf,2026-07-04 19:53:01,MalwareBazaar
MD5,33f8017e45465207aa2aac600e0b1fa1,c6048c44535ab5fe1f7af9047eacf7225d88fc7b0c9324c1595a8b45d2d9588e,unknown,default.dat,exe,2026-07-04 19:52:25,MalwareBazaar
SHA-1,834d8b30b5544b1d568e654011463fbc02a6d323,c6048c44535ab5fe1f7af9047eacf7225d88fc7b0c9324c1595a8b45d2d9588e,unknown,default.dat,exe,2026-07-04 19:52:25,MalwareBazaar
SHA-256,c6048c44535ab5fe1f7af9047eacf7225d88fc7b0c9324c1595a8b45d2d9588e,c6048c44535ab5fe1f7af9047eacf7225d88fc7b0c9324c1595a8b45d2d9588e,unknown,default.dat,exe,2026-07-04 19:52:25,MalwareBazaar
SHA3-384,883ba50cf6ba02808c7a5dea0bef1727997ae5af1c6bf2a96250d4266cdf51b358bbb42ee51048eb9ab6e3bcf7c916b8,c6048c44535ab5fe1f7af9047eacf7225d88fc7b0c9324c1595a8b45d2d9588e,unknown,default.dat,exe,2026-07-04 19:52:25,MalwareBazaar
IMPHASH,dcaf48c1f10b0efa0a4472200f3850ed,c6048c44535ab5fe1f7af9047eacf7225d88fc7b0c9324c1595a8b45d2d9588e,unknown,default.dat,exe,2026-07-04 19:52:25,MalwareBazaar
TLSH,T1E7E6335465E522FEEEA3413EE8E195C9C939787A1B33C5AF03A007656F270F0DD7920A,c6048c44535ab5fe1f7af9047eacf7225d88fc7b0c9324c1595a8b45d2d9588e,unknown,default.dat,exe,2026-07-04 19:52:25,MalwareBazaar
SSDEEP,393216:x3Mtni0QB+bQjubnLBtsQw8YXMCHWUjXRcuI3/PGTAI:x3qnc+bQjALBty8YXMb8XGH/O7,c6048c44535ab5fe1f7af9047eacf7225d88fc7b0c9324c1595a8b45d2d9588e,unknown,default.dat,exe,2026-07-04 19:52:25,MalwareBazaar
ICON-DHASH,71f8d0f0f0e8f070,c6048c44535ab5fe1f7af9047eacf7225d88fc7b0c9324c1595a8b45d2d9588e,unknown,default.dat,exe,2026-07-04 19:52:25,MalwareBazaar
MD5,650e5e901ef003b85999cdeaa80de3ab,adf43c66f5394bc13aaaf3df3adaa6debeb69aa7bb126b665f1b2522607b8225,MaskGramStealer,file,exe,2026-07-04 19:42:54,MalwareBazaar
SHA-1,1c9788a4749b807e12d03af17ecf45f16e725bc1,adf43c66f5394bc13aaaf3df3adaa6debeb69aa7bb126b665f1b2522607b8225,MaskGramStealer,file,exe,2026-07-04 19:42:54,MalwareBazaar
SHA-256,adf43c66f5394bc13aaaf3df3adaa6debeb69aa7bb126b665f1b2522607b8225,adf43c66f5394bc13aaaf3df3adaa6debeb69aa7bb126b665f1b2522607b8225,MaskGramStealer,file,exe,2026-07-04 19:42:54,MalwareBazaar
SHA3-384,6a588874a985de6a5ac7b366d60705365fa7faa01552b915867b7481081b44f195fa8b7e95d6562e4ca4515cc1bf2866,adf43c66f5394bc13aaaf3df3adaa6debeb69aa7bb126b665f1b2522607b8225,MaskGramStealer,file,exe,2026-07-04 19:42:54,MalwareBazaar
IMPHASH,d1c35276ff2b8e9d448afb940bccb1f0,adf43c66f5394bc13aaaf3df3adaa6debeb69aa7bb126b665f1b2522607b8225,MaskGramStealer,file,exe,2026-07-04 19:42:54,MalwareBazaar
TLSH,T155044A5BD8D540E9EC1AC638899AE237A4B2FC561936BA4F6BA0DF051F90B30771DF04,adf43c66f5394bc13aaaf3df3adaa6debeb69aa7bb126b665f1b2522607b8225,MaskGramStealer,file,exe,2026-07-04 19:42:54,MalwareBazaar
SSDEEP,3072:II4i4F/omV25ANhQHRtL7H87shCVybLDVVBhPliai7Ak0ght:AVNWxtL7ceKyL5hPliaOMght,adf43c66f5394bc13aaaf3df3adaa6debeb69aa7bb126b665f1b2522607b8225,MaskGramStealer,file,exe,2026-07-04 19:42:54,MalwareBazaar
MD5,6eabba2e577e3a074ad125e07a0192a4,0d4e9e01ec989627f77a09f744574f2bbd733f53b1736a2cc857c28bb4d820b3,Mirai,main_arm6,elf,2026-07-04 19:41:59,MalwareBazaar
SHA-1,7075ed45ba61c554e43d1352fd65eb6d5ab84761,0d4e9e01ec989627f77a09f744574f2bbd733f53b1736a2cc857c28bb4d820b3,Mirai,main_arm6,elf,2026-07-04 19:41:59,MalwareBazaar
SHA-256,0d4e9e01ec989627f77a09f744574f2bbd733f53b1736a2cc857c28bb4d820b3,0d4e9e01ec989627f77a09f744574f2bbd733f53b1736a2cc857c28bb4d820b3,Mirai,main_arm6,elf,2026-07-04 19:41:59,MalwareBazaar
SHA3-384,da16b896334222a60a77416de0e627cda9baef3fa660c44c4ed7b4ce79a446113db96b4243984a5c31202b73d41af962,0d4e9e01ec989627f77a09f744574f2bbd733f53b1736a2cc857c28bb4d820b3,Mirai,main_arm6,elf,2026-07-04 19:41:59,MalwareBazaar
TLSH,T100E30A46F8814B12D5D111BAFE1E128E37131BB8E2DE73029D246F647B8A97F0E3B915,0d4e9e01ec989627f77a09f744574f2bbd733f53b1736a2cc857c28bb4d820b3,Mirai,main_arm6,elf,2026-07-04 19:41:59,MalwareBazaar
TELFHASH,t1a1d0a781de182c54d6f49069c1ee6266679171d13f4460875eea1c5706310e7707030f,0d4e9e01ec989627f77a09f744574f2bbd733f53b1736a2cc857c28bb4d820b3,Mirai,main_arm6,elf,2026-07-04 19:41:59,MalwareBazaar
SSDEEP,3072:aTe9DGwUMhyTxXMbSrjWa223+t+T8PSpLC:ueBGw3wxXGSrCanP8PSpLC,0d4e9e01ec989627f77a09f744574f2bbd733f53b1736a2cc857c28bb4d820b3,Mirai,main_arm6,elf,2026-07-04 19:41:59,MalwareBazaar
MD5,a6395ec00b00be5437122936e25d83f3,5139f93689b446491172f9d157d563a91ba5e1da1403591eebbbb9d66d15549c,RemusStealer,file,exe,2026-07-04 19:34:03,MalwareBazaar
SHA-1,2ebc0c7c1d0d08ba31b23d7b066cd3532f427456,5139f93689b446491172f9d157d563a91ba5e1da1403591eebbbb9d66d15549c,RemusStealer,file,exe,2026-07-04 19:34:03,MalwareBazaar
SHA-256,5139f93689b446491172f9d157d563a91ba5e1da1403591eebbbb9d66d15549c,5139f93689b446491172f9d157d563a91ba5e1da1403591eebbbb9d66d15549c,RemusStealer,file,exe,2026-07-04 19:34:03,MalwareBazaar
SHA3-384,797d5c59fe69c08bbe9daa4a0c33a2bb4b2bed609a393e22db423c6408fea2b6653bd00de2231a5e769cb6bde1a6771b,5139f93689b446491172f9d157d563a91ba5e1da1403591eebbbb9d66d15549c,RemusStealer,file,exe,2026-07-04 19:34:03,MalwareBazaar
IMPHASH,67f6728bb9c2c56c262f6da70935d9d5,5139f93689b446491172f9d157d563a91ba5e1da1403591eebbbb9d66d15549c,RemusStealer,file,exe,2026-07-04 19:34:03,MalwareBazaar
TLSH,T108548E5AF7A508FAEE77817CC9524601EA727C564760D6CF03A04AA72F237E09E3E711,5139f93689b446491172f9d157d563a91ba5e1da1403591eebbbb9d66d15549c,RemusStealer,file,exe,2026-07-04 19:34:03,MalwareBazaar
SSDEEP,3072:QsZJwWBXV+WISOMphc7/25Y4jcZSmh0WFS05e5HVmFYt1zDye0KGnX5/j25HzX9U:hZfmQY4oYmh5sJ/KGrT9G1zE8RLM0,5139f93689b446491172f9d157d563a91ba5e1da1403591eebbbb9d66d15549c,RemusStealer,file,exe,2026-07-04 19:34:03,MalwareBazaar
MD5,1cfeb986d73f28d362bc3e00c04e21af,aff2feb0de45aa7c0e62cf110a637e10b6bb6acb93deaa6e33aaa6b920715b9e,unknown,aff2feb0de45aa7c0e62cf110a637e10b6bb6acb93deaa6e33aaa6b920715b9e,elf,2026-07-04 19:31:25,MalwareBazaar
SHA-1,d4c6846c48ced43c924c863866b051a6fcab1b2b,aff2feb0de45aa7c0e62cf110a637e10b6bb6acb93deaa6e33aaa6b920715b9e,unknown,aff2feb0de45aa7c0e62cf110a637e10b6bb6acb93deaa6e33aaa6b920715b9e,elf,2026-07-04 19:31:25,MalwareBazaar
SHA-256,aff2feb0de45aa7c0e62cf110a637e10b6bb6acb93deaa6e33aaa6b920715b9e,aff2feb0de45aa7c0e62cf110a637e10b6bb6acb93deaa6e33aaa6b920715b9e,unknown,aff2feb0de45aa7c0e62cf110a637e10b6bb6acb93deaa6e33aaa6b920715b9e,elf,2026-07-04 19:31:25,MalwareBazaar
SHA3-384,795633f10b4d6e3ac7eaae759273b360c0185cc2683f65010f6aa87b9698fd6a664ce8d75c6a46786fbd532e5e3c8c0e,aff2feb0de45aa7c0e62cf110a637e10b6bb6acb93deaa6e33aaa6b920715b9e,unknown,aff2feb0de45aa7c0e62cf110a637e10b6bb6acb93deaa6e33aaa6b920715b9e,elf,2026-07-04 19:31:25,MalwareBazaar
TLSH,T15647DF77814238E9E5B98DB4D11025426DAC388B5738A3C7BAC471F667EA7E48E3D730,aff2feb0de45aa7c0e62cf110a637e10b6bb6acb93deaa6e33aaa6b920715b9e,unknown,aff2feb0de45aa7c0e62cf110a637e10b6bb6acb93deaa6e33aaa6b920715b9e,elf,2026-07-04 19:31:25,MalwareBazaar
SSDEEP,49152:c8nxDgC7g9rb/TBvO90dL3BmAFd4A64nsfJ7QQzjFHWkMNRCdQqzB0dSyG2VjMQ3:cqYUQuVDt0TZEg,aff2feb0de45aa7c0e62cf110a637e10b6bb6acb93deaa6e33aaa6b920715b9e,unknown,aff2feb0de45aa7c0e62cf110a637e10b6bb6acb93deaa6e33aaa6b920715b9e,elf,2026-07-04 19:31:25,MalwareBazaar
MD5,b86220403f57735f1ae154dec9c3b226,10346d6fe66d5f29516bc9479de6c47392b0537a9c00389d1d3871243dcc0854,Mirai,arm7,elf,2026-07-04 19:29:08,MalwareBazaar
SHA-1,231e71c502b60401960c29aedce1e9bee3c281dc,10346d6fe66d5f29516bc9479de6c47392b0537a9c00389d1d3871243dcc0854,Mirai,arm7,elf,2026-07-04 19:29:08,MalwareBazaar
SHA-256,10346d6fe66d5f29516bc9479de6c47392b0537a9c00389d1d3871243dcc0854,10346d6fe66d5f29516bc9479de6c47392b0537a9c00389d1d3871243dcc0854,Mirai,arm7,elf,2026-07-04 19:29:08,MalwareBazaar
SHA3-384,4631d3443b5521336c41f0c05db9f3c31981b75dfc7691dd41911f6f652786d5f996b424c9f925e92d31cab513c3b9e8,10346d6fe66d5f29516bc9479de6c47392b0537a9c00389d1d3871243dcc0854,Mirai,arm7,elf,2026-07-04 19:29:08,MalwareBazaar
TLSH,T1D7243A05EB408B53C49627B9FA9F43113323D758E7A773059A28ABB03F8779E4F62506,10346d6fe66d5f29516bc9479de6c47392b0537a9c00389d1d3871243dcc0854,Mirai,arm7,elf,2026-07-04 19:29:08,MalwareBazaar
TELFHASH,t137313f85d43d88696ef26c2cec2927f2455397211b705a20dfaac4c42c2f00af932c2b,10346d6fe66d5f29516bc9479de6c47392b0537a9c00389d1d3871243dcc0854,Mirai,arm7,elf,2026-07-04 19:29:08,MalwareBazaar
SSDEEP,6144:HYkaY+1Y4ECaHKLrg70mT4JTIrqWFYqYV/GJVRk6IE:HYvY++4ECaHKLrgpEyrQ7/GHIE,10346d6fe66d5f29516bc9479de6c47392b0537a9c00389d1d3871243dcc0854,Mirai,arm7,elf,2026-07-04 19:29:08,MalwareBazaar
MD5,f857ce63168999a9d52fedadfad80e22,01d80b720d55ed1098ccabe709a582e1322ee2afd357981a8190531915af5ad4,Mirai,main_arm7,elf,2026-07-04 19:27:11,MalwareBazaar
SHA-1,f9b097910cd7f67cf6c8d78818b48f59e5193d49,01d80b720d55ed1098ccabe709a582e1322ee2afd357981a8190531915af5ad4,Mirai,main_arm7,elf,2026-07-04 19:27:11,MalwareBazaar
SHA-256,01d80b720d55ed1098ccabe709a582e1322ee2afd357981a8190531915af5ad4,01d80b720d55ed1098ccabe709a582e1322ee2afd357981a8190531915af5ad4,Mirai,main_arm7,elf,2026-07-04 19:27:11,MalwareBazaar
SHA3-384,f7b8e21b7f37b5aea4822e12f97e019d144a6fa8c288aee7b89c28c9d0344aa21ae2e790cd95049cc613cd472892782b,01d80b720d55ed1098ccabe709a582e1322ee2afd357981a8190531915af5ad4,Mirai,main_arm7,elf,2026-07-04 19:27:11,MalwareBazaar
TLSH,T14A042945EA404B13C4D627B9F6DF42453333AB9493EB73069528AFB43F8679E4F22A05,01d80b720d55ed1098ccabe709a582e1322ee2afd357981a8190531915af5ad4,Mirai,main_arm7,elf,2026-07-04 19:27:11,MalwareBazaar
TELFHASH,t178310071567851269aa1ec64d9ed97b2652ac7171340ff32df26c0cc281a449f62ac0f,01d80b720d55ed1098ccabe709a582e1322ee2afd357981a8190531915af5ad4,Mirai,main_arm7,elf,2026-07-04 19:27:11,MalwareBazaar
SSDEEP,3072:8Le6vh5G1QIruCee+asuTuRebU7IVILTZQe38YhTfYo+M/RzApthLn:0e6vfRIr1r+asuTuReAvLT/38+x+M/R+,01d80b720d55ed1098ccabe709a582e1322ee2afd357981a8190531915af5ad4,Mirai,main_arm7,elf,2026-07-04 19:27:11,MalwareBazaar
MD5,c1b68a8243ea51726d1476fa4a52d096,1ef81db33375ce7fb1a6e22cc88f7711d7cce2845e4c5f8bb4e4a0aa11917e86,Mirai,dg.mips,elf,2026-07-04 19:23:45,MalwareBazaar
SHA-1,8ce67fd4b776bbab694646295a68ba969e8b7757,1ef81db33375ce7fb1a6e22cc88f7711d7cce2845e4c5f8bb4e4a0aa11917e86,Mirai,dg.mips,elf,2026-07-04 19:23:45,MalwareBazaar
SHA-256,1ef81db33375ce7fb1a6e22cc88f7711d7cce2845e4c5f8bb4e4a0aa11917e86,1ef81db33375ce7fb1a6e22cc88f7711d7cce2845e4c5f8bb4e4a0aa11917e86,Mirai,dg.mips,elf,2026-07-04 19:23:45,MalwareBazaar
SHA3-384,af9f2d7aadc75e400baba5b6d5abc7f9834c767da3af292c3a8f4117ce84cb8424a103b5dee598d3550ba0b6b4138d82,1ef81db33375ce7fb1a6e22cc88f7711d7cce2845e4c5f8bb4e4a0aa11917e86,Mirai,dg.mips,elf,2026-07-04 19:23:45,MalwareBazaar
TLSH,T1ED24B61E6E328F7DF268C73447F74A34A75923D626E1D684D1ACD1142F2039E681FBA8,1ef81db33375ce7fb1a6e22cc88f7711d7cce2845e4c5f8bb4e4a0aa11917e86,Mirai,dg.mips,elf,2026-07-04 19:23:45,MalwareBazaar
TELFHASH,t1fe41955c0d7817b0b2655c9d05ddff76d6a330da7e262c238f51e86aab78a835d10c1c,1ef81db33375ce7fb1a6e22cc88f7711d7cce2845e4c5f8bb4e4a0aa11917e86,Mirai,dg.mips,elf,2026-07-04 19:23:45,MalwareBazaar
SSDEEP,3072:itFiiwqTH9cEDJGMqbtiEdppbDdBUewcggWr6O1VsbzjI7KOH:itFiin9cEDotikbB22NWR1KbzjdOH,1ef81db33375ce7fb1a6e22cc88f7711d7cce2845e4c5f8bb4e4a0aa11917e86,Mirai,dg.mips,elf,2026-07-04 19:23:45,MalwareBazaar
MD5,c8588e5933af154289c26ab43dcd2ad0,6ed2f848536d84e6fd14eb4258f1f5ac95a1c3ad87dbc42c5b7fc5af812d06d7,Mirai,dg.mips,elf,2026-07-04 19:22:02,MalwareBazaar
SHA-1,1d79c74c62087d9fd19d530875589a3fe71625d0,6ed2f848536d84e6fd14eb4258f1f5ac95a1c3ad87dbc42c5b7fc5af812d06d7,Mirai,dg.mips,elf,2026-07-04 19:22:02,MalwareBazaar
SHA-256,6ed2f848536d84e6fd14eb4258f1f5ac95a1c3ad87dbc42c5b7fc5af812d06d7,6ed2f848536d84e6fd14eb4258f1f5ac95a1c3ad87dbc42c5b7fc5af812d06d7,Mirai,dg.mips,elf,2026-07-04 19:22:02,MalwareBazaar
SHA3-384,d42854755f3d94d59b484fbbd4269a1f3d4dc539fb3db39135dd190d222eab1a3faa2b555e6874c684e354f805a00c56,6ed2f848536d84e6fd14eb4258f1f5ac95a1c3ad87dbc42c5b7fc5af812d06d7,Mirai,dg.mips,elf,2026-07-04 19:22:02,MalwareBazaar
TLSH,T19C6302FF97A1E358E677E03146C903B01BE11D58C6A7EECC9902278591334A5B784F6E,6ed2f848536d84e6fd14eb4258f1f5ac95a1c3ad87dbc42c5b7fc5af812d06d7,Mirai,dg.mips,elf,2026-07-04 19:22:02,MalwareBazaar
SSDEEP,1536:RljtNfVwI1hQZbnxkL97b0Vk18az19D1FvNiCKlPi0oVEW1:RtttduZDWB7gk18M9oC0K5VEe,6ed2f848536d84e6fd14eb4258f1f5ac95a1c3ad87dbc42c5b7fc5af812d06d7,Mirai,dg.mips,elf,2026-07-04 19:22:02,MalwareBazaar
MD5,153457e99671346e813fb84496972693,f504852cbbb545c41c227f85171632c919503e44c1aa9d52253e750bdf1b995c,Mirai,main_arm5,elf,2026-07-04 19:15:24,MalwareBazaar
SHA-1,f89dd1a76c3d7f9c3e1e40bdaf8b22c02f8177a8,f504852cbbb545c41c227f85171632c919503e44c1aa9d52253e750bdf1b995c,Mirai,main_arm5,elf,2026-07-04 19:15:24,MalwareBazaar
SHA-256,f504852cbbb545c41c227f85171632c919503e44c1aa9d52253e750bdf1b995c,f504852cbbb545c41c227f85171632c919503e44c1aa9d52253e750bdf1b995c,Mirai,main_arm5,elf,2026-07-04 19:15:24,MalwareBazaar
SHA3-384,9d5e00bfe4ba79da87c8eff2f6525fab32e8e70145b199a2538a78263223a1d2f2285417e0bc3c9f1a6a3488ba3ba632,f504852cbbb545c41c227f85171632c919503e44c1aa9d52253e750bdf1b995c,Mirai,main_arm5,elf,2026-07-04 19:15:24,MalwareBazaar
TLSH,T183C31B45FC404B23C6D612BBFB5E428D3B2A17D9D3EE720399215F60378686B0E3B646,f504852cbbb545c41c227f85171632c919503e44c1aa9d52253e750bdf1b995c,Mirai,main_arm5,elf,2026-07-04 19:15:24,MalwareBazaar
TELFHASH,t1e1114416cf5c01de3fe04208956ab50b9c64359d1bb775434c757a0fe382ce3306e821,f504852cbbb545c41c227f85171632c919503e44c1aa9d52253e750bdf1b995c,Mirai,main_arm5,elf,2026-07-04 19:15:24,MalwareBazaar
SSDEEP,1536:pnK20FG5NCjNoCDMQkYOqcW2AcRX4VRo6TDjJtCyMLYRCCaXYv4BPQlnKwywDROn:BK23kPRPOfW2R446rJtCZLYpQYAHbN,f504852cbbb545c41c227f85171632c919503e44c1aa9d52253e750bdf1b995c,Mirai,main_arm5,elf,2026-07-04 19:15:24,MalwareBazaar
MD5,0e1b503f9cc84c0de371e827d5e1fea4,ec6af7f9aeb339a3ca03f50be96d8b7063dec7f7f3bd53f9a3ab6fb81b89afba,unknown,file,exe,2026-07-04 19:13:14,MalwareBazaar
SHA-1,2f3bf18f551f3bc20affb9798def24fde11f63ff,ec6af7f9aeb339a3ca03f50be96d8b7063dec7f7f3bd53f9a3ab6fb81b89afba,unknown,file,exe,2026-07-04 19:13:14,MalwareBazaar
SHA-256,ec6af7f9aeb339a3ca03f50be96d8b7063dec7f7f3bd53f9a3ab6fb81b89afba,ec6af7f9aeb339a3ca03f50be96d8b7063dec7f7f3bd53f9a3ab6fb81b89afba,unknown,file,exe,2026-07-04 19:13:14,MalwareBazaar
SHA3-384,1ca9e2b4da7770ee1ebe60ffb81155d3e21ed051f1c5f49d24a3f74f8032a6811cdca7ca7e6bf9f5fe678450dd1a7f69,ec6af7f9aeb339a3ca03f50be96d8b7063dec7f7f3bd53f9a3ab6fb81b89afba,unknown,file,exe,2026-07-04 19:13:14,MalwareBazaar
IMPHASH,ca30fe585f3c506bf603153bca46c40e,ec6af7f9aeb339a3ca03f50be96d8b7063dec7f7f3bd53f9a3ab6fb81b89afba,unknown,file,exe,2026-07-04 19:13:14,MalwareBazaar
TLSH,T14A259B61EB64F2B6E815D772940CCAF1DF737C5AC7B4002F5A1D601BE3D3A8653A8A24,ec6af7f9aeb339a3ca03f50be96d8b7063dec7f7f3bd53f9a3ab6fb81b89afba,unknown,file,exe,2026-07-04 19:13:14,MalwareBazaar
SSDEEP,6144:aqUuTMYA5V52htQYvla8xoIb3wDrkAf7LPHoSjmGMjEi:YuTMp5qUao8Tw3kAf7UAmGOB,ec6af7f9aeb339a3ca03f50be96d8b7063dec7f7f3bd53f9a3ab6fb81b89afba,unknown,file,exe,2026-07-04 19:13:14,MalwareBazaar
ICON-DHASH,f09682aaaa8296f0,ec6af7f9aeb339a3ca03f50be96d8b7063dec7f7f3bd53f9a3ab6fb81b89afba,unknown,file,exe,2026-07-04 19:13:14,MalwareBazaar
MD5,4ad89509522c77d773928aaa7cbbb1ba,ae6e2ee1f562285f3a357e26ec7543854a41e829b75257e6fd5d6ee6d7d10693,Mirai,main_m68k,elf,2026-07-04 19:10:18,MalwareBazaar
SHA-1,1a3677fe72edd22824de091aa610a0f42500b626,ae6e2ee1f562285f3a357e26ec7543854a41e829b75257e6fd5d6ee6d7d10693,Mirai,main_m68k,elf,2026-07-04 19:10:18,MalwareBazaar
SHA-256,ae6e2ee1f562285f3a357e26ec7543854a41e829b75257e6fd5d6ee6d7d10693,ae6e2ee1f562285f3a357e26ec7543854a41e829b75257e6fd5d6ee6d7d10693,Mirai,main_m68k,elf,2026-07-04 19:10:18,MalwareBazaar
SHA3-384,b2ebc3f5dbbc59f5722cd7180328c1e3368af0ca5d2b255465949d4e5fc54cc15bf0f0a3109f83baa0a984ce51da5598,ae6e2ee1f562285f3a357e26ec7543854a41e829b75257e6fd5d6ee6d7d10693,Mirai,main_m68k,elf,2026-07-04 19:10:18,MalwareBazaar
TLSH,T1D3E329C7F800DEFAF80AE33748570905B630BBE115921B372257797BED3A1991963E86,ae6e2ee1f562285f3a357e26ec7543854a41e829b75257e6fd5d6ee6d7d10693,Mirai,main_m68k,elf,2026-07-04 19:10:18,MalwareBazaar
SSDEEP,3072:qmzTDH86JK78FO7xtjA7s2idk6w9YwVvjbiXL+noy+WYPr:q2TDH86JO3jA7sHda9YPLry+pPr,ae6e2ee1f562285f3a357e26ec7543854a41e829b75257e6fd5d6ee6d7d10693,Mirai,main_m68k,elf,2026-07-04 19:10:18,MalwareBazaar
MD5,63e98a1468129141405bb90451b04b48,4af306ca60a936809d8f33ecc20d9135fe130b8034fe2db174e91d54716614a7,Mirai,main_arm,elf,2026-07-04 19:08:15,MalwareBazaar
SHA-1,e30f192801aac9f60018a7c5e9a4e0ac49c8a085,4af306ca60a936809d8f33ecc20d9135fe130b8034fe2db174e91d54716614a7,Mirai,main_arm,elf,2026-07-04 19:08:15,MalwareBazaar
SHA-256,4af306ca60a936809d8f33ecc20d9135fe130b8034fe2db174e91d54716614a7,4af306ca60a936809d8f33ecc20d9135fe130b8034fe2db174e91d54716614a7,Mirai,main_arm,elf,2026-07-04 19:08:15,MalwareBazaar
SHA3-384,a2e9802ff141dc064889ec557b75562f05a17ac3cf4d638f0a0f5a5bf3585b49f053f920540389cba0b8f1870ba75068,4af306ca60a936809d8f33ecc20d9135fe130b8034fe2db174e91d54716614a7,Mirai,main_arm,elf,2026-07-04 19:08:15,MalwareBazaar
TLSH,T14CD30945F8505B23C6C612BBFB5E428D3B2A17E9D3EF720399216F20378695B0E37946,4af306ca60a936809d8f33ecc20d9135fe130b8034fe2db174e91d54716614a7,Mirai,main_arm,elf,2026-07-04 19:08:15,MalwareBazaar
TELFHASH,t1a41150c58b946a5d9ff0100dc69fb10360b070496b0b34a38e2e762b92132d1b81cc13,4af306ca60a936809d8f33ecc20d9135fe130b8034fe2db174e91d54716614a7,Mirai,main_arm,elf,2026-07-04 19:08:15,MalwareBazaar
SSDEEP,1536:kKdnEPmm8uKrRZWjp7F8PAZYg4V9z6mTQfoAO0fF5wpr8VBipAFly+wywnRl2JI3:kKtV8Nh8P24PvsoAOwFMo+pC6+KN,4af306ca60a936809d8f33ecc20d9135fe130b8034fe2db174e91d54716614a7,Mirai,main_arm,elf,2026-07-04 19:08:15,MalwareBazaar
MD5,a6b3b5a699a8cd55456e0d6f1b5b6ad3,f644411026620ae3f8d2c7cca2067d594b6ced57429a2291f90bac663d06d40c,MaskGramStealer,file,exe,2026-07-04 19:08:00,MalwareBazaar
SHA-1,f7e7d813b5cf876d0c4d5179b3897c63e1a4be3c,f644411026620ae3f8d2c7cca2067d594b6ced57429a2291f90bac663d06d40c,MaskGramStealer,file,exe,2026-07-04 19:08:00,MalwareBazaar
SHA-256,f644411026620ae3f8d2c7cca2067d594b6ced57429a2291f90bac663d06d40c,f644411026620ae3f8d2c7cca2067d594b6ced57429a2291f90bac663d06d40c,MaskGramStealer,file,exe,2026-07-04 19:08:00,MalwareBazaar
SHA3-384,54f657ffaaf0584c65d600b0fdaf1bf4c2c39e5c84f5196a362d6a93942d70d88403a203d28e43cc2e380b5a88da9e24,f644411026620ae3f8d2c7cca2067d594b6ced57429a2291f90bac663d06d40c,MaskGramStealer,file,exe,2026-07-04 19:08:00,MalwareBazaar
IMPHASH,88016fcdef7f227c62171d0afad9aae4,f644411026620ae3f8d2c7cca2067d594b6ced57429a2291f90bac663d06d40c,MaskGramStealer,file,exe,2026-07-04 19:08:00,MalwareBazaar
TLSH,T1B8C60233A24B613DE02E06392E7AD122553B6E717D624E0F96E434ACCF3D1607DBA647,f644411026620ae3f8d2c7cca2067d594b6ced57429a2291f90bac663d06d40c,MaskGramStealer,file,exe,2026-07-04 19:08:00,MalwareBazaar
SSDEEP,98304:EoJJqDrBRi7+FyPit+oGd88jPRpt1UksRrgvGa+1hwE3gmpRgrYVNljQ:HuFRi70y4+BjPRp6REvOhorYVN,f644411026620ae3f8d2c7cca2067d594b6ced57429a2291f90bac663d06d40c,MaskGramStealer,file,exe,2026-07-04 19:08:00,MalwareBazaar
ICON-DHASH,14cbc4d2d2c4cb14,f644411026620ae3f8d2c7cca2067d594b6ced57429a2291f90bac663d06d40c,MaskGramStealer,file,exe,2026-07-04 19:08:00,MalwareBazaar
MD5,c7c258e259322672128afb6d8d628b04,184d0b251392babb683b1b7e48ed5a64714655504244f00a02d9cc7c7d483ce1,unknown,file,exe,2026-07-04 19:00:37,MalwareBazaar
SHA-1,bed1fd71b919a610ab9ba1e17b0e022cf48150d1,184d0b251392babb683b1b7e48ed5a64714655504244f00a02d9cc7c7d483ce1,unknown,file,exe,2026-07-04 19:00:37,MalwareBazaar
SHA-256,184d0b251392babb683b1b7e48ed5a64714655504244f00a02d9cc7c7d483ce1,184d0b251392babb683b1b7e48ed5a64714655504244f00a02d9cc7c7d483ce1,unknown,file,exe,2026-07-04 19:00:37,MalwareBazaar
SHA3-384,16d7b246470e4f54e7f44caed0118f784e18dc9dd83fc3fa530283a5a6d7ca0b28395ff99d35203451d819dcaa69ba3f,184d0b251392babb683b1b7e48ed5a64714655504244f00a02d9cc7c7d483ce1,unknown,file,exe,2026-07-04 19:00:37,MalwareBazaar
IMPHASH,d42595b695fc008ef2c56aabd8efd68e,184d0b251392babb683b1b7e48ed5a64714655504244f00a02d9cc7c7d483ce1,unknown,file,exe,2026-07-04 19:00:37,MalwareBazaar
TLSH,T140069D07BDE108EAC0AE923289B7569A7B74BC490F3227D72E50B6782F767C05C35B54,184d0b251392babb683b1b7e48ed5a64714655504244f00a02d9cc7c7d483ce1,unknown,file,exe,2026-07-04 19:00:37,MalwareBazaar
SSDEEP,49152:bbUZ2GxH9nhcZBSI4c38GaY/LWA02lTTUA4EKAfZLVzrVYMeyKVX/FCq2HK4HYDR:blPDaR6X1hLFVYMiFCq6BMuYRr,184d0b251392babb683b1b7e48ed5a64714655504244f00a02d9cc7c7d483ce1,unknown,file,exe,2026-07-04 19:00:37,MalwareBazaar
ICON-DHASH,aae8e8e8e8e8e8aa,184d0b251392babb683b1b7e48ed5a64714655504244f00a02d9cc7c7d483ce1,unknown,file,exe,2026-07-04 19:00:37,MalwareBazaar
MD5,32dc37835fad591c9f00e8d963744739,94dc994f1fe99fd402f2aed5a681a0d46ddc8417519d72f8a72071261368bb4f,Mirai,main_x86,elf,2026-07-04 18:55:01,MalwareBazaar
SHA-1,c787d6d91e641d9536514a932e6bfa58d83b2099,94dc994f1fe99fd402f2aed5a681a0d46ddc8417519d72f8a72071261368bb4f,Mirai,main_x86,elf,2026-07-04 18:55:01,MalwareBazaar
SHA-256,94dc994f1fe99fd402f2aed5a681a0d46ddc8417519d72f8a72071261368bb4f,94dc994f1fe99fd402f2aed5a681a0d46ddc8417519d72f8a72071261368bb4f,Mirai,main_x86,elf,2026-07-04 18:55:01,MalwareBazaar
SHA3-384,00b644c9bc25c055b7b4b10b758e7b030029c5697951f5c862fd57cf2acf63c75f4c13e6b647d322d6ee4aab47ef2473,94dc994f1fe99fd402f2aed5a681a0d46ddc8417519d72f8a72071261368bb4f,Mirai,main_x86,elf,2026-07-04 18:55:01,MalwareBazaar
TLSH,T1FD937CC0F683C4F6E84305B1507BE7379B32F1B9101AFA43D3699A72DC91951EA1AB9C,94dc994f1fe99fd402f2aed5a681a0d46ddc8417519d72f8a72071261368bb4f,Mirai,main_x86,elf,2026-07-04 18:55:01,MalwareBazaar
TELFHASH,t10751b1fa6dba08ecfbd0a804c75e5bd33669ca7b153025b0406398b532f79954475c3a,94dc994f1fe99fd402f2aed5a681a0d46ddc8417519d72f8a72071261368bb4f,Mirai,main_x86,elf,2026-07-04 18:55:01,MalwareBazaar
SSDEEP,1536:W/QCZaxGdvts3i5JPholIxPu++ALtgUIKqI4FrS4LSz:WYCZa8dvm3oJPhAIxP5htSKfUmDz,94dc994f1fe99fd402f2aed5a681a0d46ddc8417519d72f8a72071261368bb4f,Mirai,main_x86,elf,2026-07-04 18:55:01,MalwareBazaar
MD5,c4834e2a0c04942304cd22a3bd74b6fd,b9c89db879a1b9223a6e5de8707bf5fb42e1e9118e28cb80360673997f0f80be,unknown,default.dat,exe,2026-07-04 18:52:10,MalwareBazaar
SHA-1,55ff8bf9ee68fa22f05f3dfc4814230b824a33e5,b9c89db879a1b9223a6e5de8707bf5fb42e1e9118e28cb80360673997f0f80be,unknown,default.dat,exe,2026-07-04 18:52:10,MalwareBazaar
SHA-256,b9c89db879a1b9223a6e5de8707bf5fb42e1e9118e28cb80360673997f0f80be,b9c89db879a1b9223a6e5de8707bf5fb42e1e9118e28cb80360673997f0f80be,unknown,default.dat,exe,2026-07-04 18:52:10,MalwareBazaar
SHA3-384,401c55e3f692a7419409a52b3f268ef8d6986dc65a256d61ea251c805e89dc6ac949126f9b2be2d5c5adbcecaa34f3bf,b9c89db879a1b9223a6e5de8707bf5fb42e1e9118e28cb80360673997f0f80be,unknown,default.dat,exe,2026-07-04 18:52:10,MalwareBazaar
IMPHASH,dcaf48c1f10b0efa0a4472200f3850ed,b9c89db879a1b9223a6e5de8707bf5fb42e1e9118e28cb80360673997f0f80be,unknown,default.dat,exe,2026-07-04 18:52:10,MalwareBazaar
TLSH,T16EE63308B2F011FBD8B7113CBCE042B5D59578B50732C69F87A4AAA5BE673D18D3E212,b9c89db879a1b9223a6e5de8707bf5fb42e1e9118e28cb80360673997f0f80be,unknown,default.dat,exe,2026-07-04 18:52:10,MalwareBazaar
SSDEEP,393216:s+8YeZOgZWuW0aEUtsh1fCWrYNxXMCHWUjX/cuI3/PGTAI:s+cggMP0dU8fHrYNxXMb8XUH/O7,b9c89db879a1b9223a6e5de8707bf5fb42e1e9118e28cb80360673997f0f80be,unknown,default.dat,exe,2026-07-04 18:52:10,MalwareBazaar
ICON-DHASH,71f0d4d8e8e4f030,b9c89db879a1b9223a6e5de8707bf5fb42e1e9118e28cb80360673997f0f80be,unknown,default.dat,exe,2026-07-04 18:52:10,MalwareBazaar
MD5,2f706766dfec19de9a341724554e0eaf,1c7dc921cf45fb255a9e7a0e0aec6ea30bfc5f2a3fe110c72ee00de7817f5913,unknown,o.xml,unknown,2026-07-04 18:50:00,MalwareBazaar
SHA-256,1c7dc921cf45fb255a9e7a0e0aec6ea30bfc5f2a3fe110c72ee00de7817f5913,1c7dc921cf45fb255a9e7a0e0aec6ea30bfc5f2a3fe110c72ee00de7817f5913,unknown,o.xml,unknown,2026-07-04 18:50:00,MalwareBazaar
MD5,31d7ab817a5259df5b90f8cf9b807ac4,b5bc53ee395db78c5922a5556ad50bc6fc6f9ab0524194fe5be8e1d4d9f3b859,Mirai,i,elf,2026-07-04 18:46:03,MalwareBazaar
SHA-1,24958b46b9d8aeb062a6b6536e259c2a9810f4d0,b5bc53ee395db78c5922a5556ad50bc6fc6f9ab0524194fe5be8e1d4d9f3b859,Mirai,i,elf,2026-07-04 18:46:03,MalwareBazaar
SHA-256,b5bc53ee395db78c5922a5556ad50bc6fc6f9ab0524194fe5be8e1d4d9f3b859,b5bc53ee395db78c5922a5556ad50bc6fc6f9ab0524194fe5be8e1d4d9f3b859,Mirai,i,elf,2026-07-04 18:46:03,MalwareBazaar
SHA3-384,3394521dbf4041bfc29a0cf70ba0e850d916236d3f374d0b36045b2a6015d1b6b5373aed85700d0ef8946ba50fbf409a,b5bc53ee395db78c5922a5556ad50bc6fc6f9ab0524194fe5be8e1d4d9f3b859,Mirai,i,elf,2026-07-04 18:46:03,MalwareBazaar
TLSH,T11B53F686BC82865689D423BFB97D81CE331373B8D2DF7102CD155F18B6CA94F0E6A952,b5bc53ee395db78c5922a5556ad50bc6fc6f9ab0524194fe5be8e1d4d9f3b859,Mirai,i,elf,2026-07-04 18:46:03,MalwareBazaar
SSDEEP,1536:CMn12A//SrRftY97WARbIcbboW+zLsYtJ913DhrPDysX+4ifP:T2s/ITo7WCkybotgsJ913DhrbW4UP,b5bc53ee395db78c5922a5556ad50bc6fc6f9ab0524194fe5be8e1d4d9f3b859,Mirai,i,elf,2026-07-04 18:46:03,MalwareBazaar
MD5,cc4c7baf666099d98f5af426d815f998,11897f1af9fd7814c1c8e03148cafc4a18ba4978ddaa9c31f64ae5a6fff92635,Mirai,main_ppc,elf,2026-07-04 18:44:59,MalwareBazaar
SHA-1,bd69ff29c59f3b7476a1dcdc1bc38d6e0ae4485c,11897f1af9fd7814c1c8e03148cafc4a18ba4978ddaa9c31f64ae5a6fff92635,Mirai,main_ppc,elf,2026-07-04 18:44:59,MalwareBazaar
SHA-256,11897f1af9fd7814c1c8e03148cafc4a18ba4978ddaa9c31f64ae5a6fff92635,11897f1af9fd7814c1c8e03148cafc4a18ba4978ddaa9c31f64ae5a6fff92635,Mirai,main_ppc,elf,2026-07-04 18:44:59,MalwareBazaar
SHA3-384,e8acbf03dea7b6e31a4d68b6ad8c3ee3bbd7a4268ec4e09e0c6beac224384fb5f1aa148f256ce649b99395baf235233d,11897f1af9fd7814c1c8e03148cafc4a18ba4978ddaa9c31f64ae5a6fff92635,Mirai,main_ppc,elf,2026-07-04 18:44:59,MalwareBazaar
TLSH,T1DAD33A06730C0A47D2632EB03A3F67D193AFDAC121E4FA41355F9B8A95B1E325586ECD,11897f1af9fd7814c1c8e03148cafc4a18ba4978ddaa9c31f64ae5a6fff92635,Mirai,main_ppc,elf,2026-07-04 18:44:59,MalwareBazaar
SSDEEP,1536:xnlQp4Goyx6BxIBUiuxfytKte4c/tzabw0M7lrkJvAhhDrp+p3jqkXD7wO:ouHKUiuxhtyuwh7l7hG0O,11897f1af9fd7814c1c8e03148cafc4a18ba4978ddaa9c31f64ae5a6fff92635,Mirai,main_ppc,elf,2026-07-04 18:44:59,MalwareBazaar
MD5,53d66227529f0067cdbf4abfdbbb8d67,78f05b9d029f0226c68730c45c2d3ed59a617c4d2115f3669eb75869f5d0099b,SalatStealer,RKNByPass.exe,exe,2026-07-04 18:34:12,MalwareBazaar
SHA-1,0dc0cb45ab74c0a11e2b0a351ffb46287775a563,78f05b9d029f0226c68730c45c2d3ed59a617c4d2115f3669eb75869f5d0099b,SalatStealer,RKNByPass.exe,exe,2026-07-04 18:34:12,MalwareBazaar
SHA-256,78f05b9d029f0226c68730c45c2d3ed59a617c4d2115f3669eb75869f5d0099b,78f05b9d029f0226c68730c45c2d3ed59a617c4d2115f3669eb75869f5d0099b,SalatStealer,RKNByPass.exe,exe,2026-07-04 18:34:12,MalwareBazaar
SHA3-384,6f321e201b07ebc03f7938841e0b439719bc38fc0dbea44648c35d9034bbe85a326e4a838fa07ef0e315d728ed16c463,78f05b9d029f0226c68730c45c2d3ed59a617c4d2115f3669eb75869f5d0099b,SalatStealer,RKNByPass.exe,exe,2026-07-04 18:34:12,MalwareBazaar
IMPHASH,1aae8bf580c846f39c71c05898e57e88,78f05b9d029f0226c68730c45c2d3ed59a617c4d2115f3669eb75869f5d0099b,SalatStealer,RKNByPass.exe,exe,2026-07-04 18:34:12,MalwareBazaar
TLSH,T183C66B11FADB95F1E903583101ABB37F23315D048B28DB9BEB547B2AF87B6A10D66305,78f05b9d029f0226c68730c45c2d3ed59a617c4d2115f3669eb75869f5d0099b,SalatStealer,RKNByPass.exe,exe,2026-07-04 18:34:12,MalwareBazaar
SSDEEP,98304:7ZalwwiNclCzAmeNTk+7d3qg74SG2Z1rEU2:swUAAPq+7d6A/Sz,78f05b9d029f0226c68730c45c2d3ed59a617c4d2115f3669eb75869f5d0099b,SalatStealer,RKNByPass.exe,exe,2026-07-04 18:34:12,MalwareBazaar
MD5,01810d0da014221225e410b9888780de,fd315aaf3b4e34f2b210a39d04a08b60e8b0484241c0a953ef7ec740bdf405f8,SalatStealer,RKNByPass.exe,exe,2026-07-04 18:31:28,MalwareBazaar
SHA-1,c96539cb92c1f3f8e17ba8ac494aa8a95eea0412,fd315aaf3b4e34f2b210a39d04a08b60e8b0484241c0a953ef7ec740bdf405f8,SalatStealer,RKNByPass.exe,exe,2026-07-04 18:31:28,MalwareBazaar
SHA-256,fd315aaf3b4e34f2b210a39d04a08b60e8b0484241c0a953ef7ec740bdf405f8,fd315aaf3b4e34f2b210a39d04a08b60e8b0484241c0a953ef7ec740bdf405f8,SalatStealer,RKNByPass.exe,exe,2026-07-04 18:31:28,MalwareBazaar
SHA3-384,fa37b776870fbcd0686cb6c4aee0ff4d55385af819a463d853a9326a2468a86705ac96619713433158dca736dd494043,fd315aaf3b4e34f2b210a39d04a08b60e8b0484241c0a953ef7ec740bdf405f8,SalatStealer,RKNByPass.exe,exe,2026-07-04 18:31:28,MalwareBazaar
IMPHASH,6ed4f5f04d62b18d96b26d6db7c18840,fd315aaf3b4e34f2b210a39d04a08b60e8b0484241c0a953ef7ec740bdf405f8,SalatStealer,RKNByPass.exe,exe,2026-07-04 18:31:28,MalwareBazaar
TLSH,T152F53386D197D87BE19C2EF0B83964A17299DE0BCC754ECB893044C646AF406DFE6F21,fd315aaf3b4e34f2b210a39d04a08b60e8b0484241c0a953ef7ec740bdf405f8,SalatStealer,RKNByPass.exe,exe,2026-07-04 18:31:28,MalwareBazaar
SSDEEP,98304:FcausFpgqhuw19kxHzbnia/CqmHz7INkmIQP53KlMc2yh0:eausXhST7qqmHz7I1IQP53Uhh0,fd315aaf3b4e34f2b210a39d04a08b60e8b0484241c0a953ef7ec740bdf405f8,SalatStealer,RKNByPass.exe,exe,2026-07-04 18:31:28,MalwareBazaar
MD5,bf058ed0b039b5c801e4f5da188bccd0,f44aa3193bdb9b79598542f1421d2da02e92f74565f277728f847b7933974e35,unknown,zapret v1.9.9b.exe,exe,2026-07-04 18:28:10,MalwareBazaar
SHA-1,fa0c141338eb27408b23df24d3496fd0cf5ba2e6,f44aa3193bdb9b79598542f1421d2da02e92f74565f277728f847b7933974e35,unknown,zapret v1.9.9b.exe,exe,2026-07-04 18:28:10,MalwareBazaar
SHA-256,f44aa3193bdb9b79598542f1421d2da02e92f74565f277728f847b7933974e35,f44aa3193bdb9b79598542f1421d2da02e92f74565f277728f847b7933974e35,unknown,zapret v1.9.9b.exe,exe,2026-07-04 18:28:10,MalwareBazaar
SHA3-384,bbb10b3490966ddfb92eb60f74afc68ee109c0bfc84feed53a121570f4a92c7c111efbf4b8737f3efc1049f1f8519657,f44aa3193bdb9b79598542f1421d2da02e92f74565f277728f847b7933974e35,unknown,zapret v1.9.9b.exe,exe,2026-07-04 18:28:10,MalwareBazaar
IMPHASH,d54f4ce7166adf987d04345af91ff939,f44aa3193bdb9b79598542f1421d2da02e92f74565f277728f847b7933974e35,unknown,zapret v1.9.9b.exe,exe,2026-07-04 18:28:10,MalwareBazaar
TLSH,T14EB63302425B60DAC2D5A973EE3FE9E09735B329A61E32C9452D62373F462D26F3C153,f44aa3193bdb9b79598542f1421d2da02e92f74565f277728f847b7933974e35,unknown,zapret v1.9.9b.exe,exe,2026-07-04 18:28:10,MalwareBazaar
SSDEEP,196608:85GltmLZgJWlxy/sQXLIhpEQfRWee63IZKD9h7vs38KjdaxqeDB9I:vvYgUls/sQMk2RWePE05s3TaFDBm,f44aa3193bdb9b79598542f1421d2da02e92f74565f277728f847b7933974e35,unknown,zapret v1.9.9b.exe,exe,2026-07-04 18:28:10,MalwareBazaar
ICON-DHASH,b070b088d8c8d8a4,f44aa3193bdb9b79598542f1421d2da02e92f74565f277728f847b7933974e35,unknown,zapret v1.9.9b.exe,exe,2026-07-04 18:28:10,MalwareBazaar
MD5,8ecb6d38c9bb3af5fddaed18347affba,0e2ad9912cc24574917d46e8d99c75348987cc8272dafea87c35df142ee121c1,unknown,Zapret.exe,exe,2026-07-04 18:22:45,MalwareBazaar
SHA-1,93aa0a6674147661c84687284b325e77a5d2f4c3,0e2ad9912cc24574917d46e8d99c75348987cc8272dafea87c35df142ee121c1,unknown,Zapret.exe,exe,2026-07-04 18:22:45,MalwareBazaar
SHA-256,0e2ad9912cc24574917d46e8d99c75348987cc8272dafea87c35df142ee121c1,0e2ad9912cc24574917d46e8d99c75348987cc8272dafea87c35df142ee121c1,unknown,Zapret.exe,exe,2026-07-04 18:22:45,MalwareBazaar
SHA3-384,2d59c0b5aac0651d4abc9fe73c1ccc5e0ac1dd855bf5eca5643e1913f7754123d45a3b80cd6f013e54a653167bbefa77,0e2ad9912cc24574917d46e8d99c75348987cc8272dafea87c35df142ee121c1,unknown,Zapret.exe,exe,2026-07-04 18:22:45,MalwareBazaar
IMPHASH,1aae8bf580c846f39c71c05898e57e88,0e2ad9912cc24574917d46e8d99c75348987cc8272dafea87c35df142ee121c1,unknown,Zapret.exe,exe,2026-07-04 18:22:45,MalwareBazaar
TLSH,T168C66B11FADB95F1E903583101ABB37F23315D048B28DB9BEB547B2AF87B6A10D66305,0e2ad9912cc24574917d46e8d99c75348987cc8272dafea87c35df142ee121c1,unknown,Zapret.exe,exe,2026-07-04 18:22:45,MalwareBazaar
SSDEEP,98304:dY/LGM+lgLCYj8bzPliE9bQg4SG2Z1rEPi:UGw5j45iE9Mg/S6,0e2ad9912cc24574917d46e8d99c75348987cc8272dafea87c35df142ee121c1,unknown,Zapret.exe,exe,2026-07-04 18:22:45,MalwareBazaar
MD5,b16b61877a7d7c2a9f99529ea32ddd44,8bc30eb67e864fc80ad80cd3fc52a4c74613af1c60ba1975b788a26cc277d8a7,SalatStealer,Zapret.exe,exe,2026-07-04 18:19:43,MalwareBazaar
SHA-1,3927d0e0a3804afe41215c0f2237e408c2c377e4,8bc30eb67e864fc80ad80cd3fc52a4c74613af1c60ba1975b788a26cc277d8a7,SalatStealer,Zapret.exe,exe,2026-07-04 18:19:43,MalwareBazaar
SHA-256,8bc30eb67e864fc80ad80cd3fc52a4c74613af1c60ba1975b788a26cc277d8a7,8bc30eb67e864fc80ad80cd3fc52a4c74613af1c60ba1975b788a26cc277d8a7,SalatStealer,Zapret.exe,exe,2026-07-04 18:19:43,MalwareBazaar
SHA3-384,1cdb88f37f8ce0ed6fc5dc285cf94cf636ae0e024f7075d9cd24b2d62520fc19acb47b1bfc9ef24ffae88c3fcb8e8fa7,8bc30eb67e864fc80ad80cd3fc52a4c74613af1c60ba1975b788a26cc277d8a7,SalatStealer,Zapret.exe,exe,2026-07-04 18:19:43,MalwareBazaar
IMPHASH,6ed4f5f04d62b18d96b26d6db7c18840,8bc30eb67e864fc80ad80cd3fc52a4c74613af1c60ba1975b788a26cc277d8a7,SalatStealer,Zapret.exe,exe,2026-07-04 18:19:43,MalwareBazaar
TLSH,T156F5330ACEED3F22CFA7A2766E25D56862D880CF19454B9251582311B2D8D3DFF31BE4,8bc30eb67e864fc80ad80cd3fc52a4c74613af1c60ba1975b788a26cc277d8a7,SalatStealer,Zapret.exe,exe,2026-07-04 18:19:43,MalwareBazaar
SSDEEP,98304:IosBuIpH7zSoT11WP7MPhRA8WwFgPIDbCoO2:6PbzN54eRA8xFgPIfCoV,8bc30eb67e864fc80ad80cd3fc52a4c74613af1c60ba1975b788a26cc277d8a7,SalatStealer,Zapret.exe,exe,2026-07-04 18:19:43,MalwareBazaar
