type,value,sha256,malware_family,file_name,file_type,first_seen,source
MD5,2b2de39726907ebb133bbb630c55536a,e0be3f6600d16a77b705cc780dde976839e605c8c44b7205af301f0bab4287ef,Mirai,putita.arm5,elf,2026-08-05 03:22:34,MalwareBazaar
SHA-1,db57a3ab74d95d9aac6c48c910ce15978f5507f4,e0be3f6600d16a77b705cc780dde976839e605c8c44b7205af301f0bab4287ef,Mirai,putita.arm5,elf,2026-08-05 03:22:34,MalwareBazaar
SHA-256,e0be3f6600d16a77b705cc780dde976839e605c8c44b7205af301f0bab4287ef,e0be3f6600d16a77b705cc780dde976839e605c8c44b7205af301f0bab4287ef,Mirai,putita.arm5,elf,2026-08-05 03:22:34,MalwareBazaar
SHA3-384,e342806c76e9fe152ac23931bb1f5eb6ad062fd992dd4fa43eb17230f79ff9c7ecd99d79cc512ff12562797a8aa20ef3,e0be3f6600d16a77b705cc780dde976839e605c8c44b7205af301f0bab4287ef,Mirai,putita.arm5,elf,2026-08-05 03:22:34,MalwareBazaar
TLSH,T190C319A9F890DE52C6D526B6FB4E418C33231778C3DE7106CE149E3467FB95A0A3E942,e0be3f6600d16a77b705cc780dde976839e605c8c44b7205af301f0bab4287ef,Mirai,putita.arm5,elf,2026-08-05 03:22:34,MalwareBazaar
SSDEEP,3072:ZT5VBa0Zv5medpH+mMJ1uIYrcYEEUIvXMWmNwhGolYMqPbN3F+RDuS5mf1Dl:ZVDZniruBrcYEEUIvXMWAwP6MqHmiomf,e0be3f6600d16a77b705cc780dde976839e605c8c44b7205af301f0bab4287ef,Mirai,putita.arm5,elf,2026-08-05 03:22:34,MalwareBazaar
MD5,ef1c39c21ac6ea4c7bb99d379f0d85f0,8beb744ad418cf0304095aead056fde47dcb889ed917b78559c8c0c68dffe581,Mirai,putita.arm5,elf,2026-08-05 03:21:47,MalwareBazaar
SHA-1,12f04e1ae2873a32a5fe1df0d6e1fe5840ac573c,8beb744ad418cf0304095aead056fde47dcb889ed917b78559c8c0c68dffe581,Mirai,putita.arm5,elf,2026-08-05 03:21:47,MalwareBazaar
SHA-256,8beb744ad418cf0304095aead056fde47dcb889ed917b78559c8c0c68dffe581,8beb744ad418cf0304095aead056fde47dcb889ed917b78559c8c0c68dffe581,Mirai,putita.arm5,elf,2026-08-05 03:21:47,MalwareBazaar
SHA3-384,978ff1ad8193c4d25ee6f766fdc6ef2982e0ba28336c51d166c325f837eb3167ef54586218bed7319c57ef7b5e2f4a78,8beb744ad418cf0304095aead056fde47dcb889ed917b78559c8c0c68dffe581,Mirai,putita.arm5,elf,2026-08-05 03:21:47,MalwareBazaar
TLSH,T13A430262220A7FD1C5932C7BD37EF188B194A97C52B836B1433902D9D165C5B3BFB542,8beb744ad418cf0304095aead056fde47dcb889ed917b78559c8c0c68dffe581,Mirai,putita.arm5,elf,2026-08-05 03:21:47,MalwareBazaar
SSDEEP,1536:5vL3NHASE8G6gmaSZX/NAdPJW1bsg5MDT3l5fZl:5vDNdEcgAZXlQh2sw+v,8beb744ad418cf0304095aead056fde47dcb889ed917b78559c8c0c68dffe581,Mirai,putita.arm5,elf,2026-08-05 03:21:47,MalwareBazaar
MD5,6865f288f369477f5b51466d1c2f3e6a,0a9c86f0f73ef504afc9215b8032b4f10e356cc6d8bb20eff97413ae517faafc,Mirai,renzo.sh,sh,2026-08-05 03:11:32,MalwareBazaar
SHA-1,1208a1b612e279f45563c907afbad6330c44aa24,0a9c86f0f73ef504afc9215b8032b4f10e356cc6d8bb20eff97413ae517faafc,Mirai,renzo.sh,sh,2026-08-05 03:11:32,MalwareBazaar
SHA-256,0a9c86f0f73ef504afc9215b8032b4f10e356cc6d8bb20eff97413ae517faafc,0a9c86f0f73ef504afc9215b8032b4f10e356cc6d8bb20eff97413ae517faafc,Mirai,renzo.sh,sh,2026-08-05 03:11:32,MalwareBazaar
SHA3-384,374679e1c2f01e570fc14fded8246a383d5723694d17fe7500bf45cf03213776d63ed114a27913403643d75caa16ac67,0a9c86f0f73ef504afc9215b8032b4f10e356cc6d8bb20eff97413ae517faafc,Mirai,renzo.sh,sh,2026-08-05 03:11:32,MalwareBazaar
TLSH,T191019EED946644313F0E943B32291C507641082F24B95EDD128EDD638E0CFA9235EA33,0a9c86f0f73ef504afc9215b8032b4f10e356cc6d8bb20eff97413ae517faafc,Mirai,renzo.sh,sh,2026-08-05 03:11:32,MalwareBazaar
SSDEEP,12:liXI0aDNjWr5jWijW2HjN/OpG5rNaQFTERE5YEmYXmY6uYYiH:4MNjWr5jWijW2HjN/OqsGBYDYXmYRYr,0a9c86f0f73ef504afc9215b8032b4f10e356cc6d8bb20eff97413ae517faafc,Mirai,renzo.sh,sh,2026-08-05 03:11:32,MalwareBazaar
MD5,b26ebec73708719f7b4de88beda7538c,e9e1ff9629e53ed07c4cb758a310d894d88c049f497bd189a058a85c8bff2a61,unknown,sensi_totolink.sh,sh,2026-08-05 03:09:17,MalwareBazaar
SHA-1,1603351affedee2afaa42fae3b5fa83d282bf32c,e9e1ff9629e53ed07c4cb758a310d894d88c049f497bd189a058a85c8bff2a61,unknown,sensi_totolink.sh,sh,2026-08-05 03:09:17,MalwareBazaar
SHA-256,e9e1ff9629e53ed07c4cb758a310d894d88c049f497bd189a058a85c8bff2a61,e9e1ff9629e53ed07c4cb758a310d894d88c049f497bd189a058a85c8bff2a61,unknown,sensi_totolink.sh,sh,2026-08-05 03:09:17,MalwareBazaar
SHA3-384,4335874fa4d17a3268270b225054b76fcc8088749bacc4c7e72e16bb284b302a89d16103eea1d0a8d58694d793ee53b6,e9e1ff9629e53ed07c4cb758a310d894d88c049f497bd189a058a85c8bff2a61,unknown,sensi_totolink.sh,sh,2026-08-05 03:09:17,MalwareBazaar
TLSH,T12DF09EE5955284323F3D4A36F7041895F642181714E16689714DD9315E3C9786265F33,e9e1ff9629e53ed07c4cb758a310d894d88c049f497bd189a058a85c8bff2a61,unknown,sensi_totolink.sh,sh,2026-08-05 03:09:17,MalwareBazaar
SSDEEP,12:Am6MJGvFHV7KCkpQm9jWT9jWg5jWJFFl7j6NiCYRNaNN7sfYOfqd0Y1IYTv:AmlJGi8m9jWT9jWg5jWJFr7je7YRsvYC,e9e1ff9629e53ed07c4cb758a310d894d88c049f497bd189a058a85c8bff2a61,unknown,sensi_totolink.sh,sh,2026-08-05 03:09:17,MalwareBazaar
MD5,ab7ef4f6f862458c6343e0d25553b5e1,834e241f797dc0f4886cfdd0b2ef6e6fbbb510d2ab5d481fbe55fedb63fd7b21,unknown,netgear,sh,2026-08-05 03:09:16,MalwareBazaar
SHA-1,1f59e8587afe235e5b84f80e074b486352638700,834e241f797dc0f4886cfdd0b2ef6e6fbbb510d2ab5d481fbe55fedb63fd7b21,unknown,netgear,sh,2026-08-05 03:09:16,MalwareBazaar
SHA-256,834e241f797dc0f4886cfdd0b2ef6e6fbbb510d2ab5d481fbe55fedb63fd7b21,834e241f797dc0f4886cfdd0b2ef6e6fbbb510d2ab5d481fbe55fedb63fd7b21,unknown,netgear,sh,2026-08-05 03:09:16,MalwareBazaar
SHA3-384,747ee9647613d59ed3d6018a8ec875dce00041d312adfb2cbe841947d781f788b78abb318abb9c496f987c50aae506a4,834e241f797dc0f4886cfdd0b2ef6e6fbbb510d2ab5d481fbe55fedb63fd7b21,unknown,netgear,sh,2026-08-05 03:09:16,MalwareBazaar
TLSH,T15901AFF5A49289353F29CB37B6095985F901142B18B52689B10C9A715F3C9742259F33,834e241f797dc0f4886cfdd0b2ef6e6fbbb510d2ab5d481fbe55fedb63fd7b21,unknown,netgear,sh,2026-08-05 03:09:16,MalwareBazaar
SSDEEP,24:uem9jWhjWg5jWJFr7jS/Y7YLaWcfXsvofYOfHY1IYpYsYlRv:uT9j8jZ5jsnjS/IWcfXffnPl,834e241f797dc0f4886cfdd0b2ef6e6fbbb510d2ab5d481fbe55fedb63fd7b21,unknown,netgear,sh,2026-08-05 03:09:16,MalwareBazaar
MD5,6c7970a95086dc63e2c9262e7c195eff,f0a9123f4a672c76a6c61a47b8ef4d991b398526c0b072f909ccc2630e0eb2de,unknown,composer.dat,exe,2026-08-05 02:52:29,MalwareBazaar
SHA-1,f6739b4ad55b2377afa8a6299e81a94a03bfa71f,f0a9123f4a672c76a6c61a47b8ef4d991b398526c0b072f909ccc2630e0eb2de,unknown,composer.dat,exe,2026-08-05 02:52:29,MalwareBazaar
SHA-256,f0a9123f4a672c76a6c61a47b8ef4d991b398526c0b072f909ccc2630e0eb2de,f0a9123f4a672c76a6c61a47b8ef4d991b398526c0b072f909ccc2630e0eb2de,unknown,composer.dat,exe,2026-08-05 02:52:29,MalwareBazaar
SHA3-384,f0528b00cb954df4ecb16ef1e3c8de5660f5b518ce3275bb9080a01737211bf9bbe1afb4523df4901deede48dfa6ed8e,f0a9123f4a672c76a6c61a47b8ef4d991b398526c0b072f909ccc2630e0eb2de,unknown,composer.dat,exe,2026-08-05 02:52:29,MalwareBazaar
IMPHASH,dcaf48c1f10b0efa0a4472200f3850ed,f0a9123f4a672c76a6c61a47b8ef4d991b398526c0b072f909ccc2630e0eb2de,unknown,composer.dat,exe,2026-08-05 02:52:29,MalwareBazaar
TLSH,T113E6334869D423EEDAF3857C8DC208AAE179B4764732CAEB1BB867971D531E08D3D701,f0a9123f4a672c76a6c61a47b8ef4d991b398526c0b072f909ccc2630e0eb2de,unknown,composer.dat,exe,2026-08-05 02:52:29,MalwareBazaar
SSDEEP,393216:cGmnP3gEQTMzhP56AXMCHWUjfcuI3/PGTAI:cGNEQTMNPdXMb80H/O7,f0a9123f4a672c76a6c61a47b8ef4d991b398526c0b072f909ccc2630e0eb2de,unknown,composer.dat,exe,2026-08-05 02:52:29,MalwareBazaar
ICON-DHASH,e8e864e0d8e8ec48,f0a9123f4a672c76a6c61a47b8ef4d991b398526c0b072f909ccc2630e0eb2de,unknown,composer.dat,exe,2026-08-05 02:52:29,MalwareBazaar
MD5,8cc953fc3fd9bd40ff0a4fd6dd21b41b,135cefead339d5e0813e38049da8666efefef7c7b64c6ed22f5fec62b676ced1,Mirai,sample,elf,2026-08-05 02:50:28,MalwareBazaar
SHA-1,b4bc5e859101507ec3af8b556def0aa817246179,135cefead339d5e0813e38049da8666efefef7c7b64c6ed22f5fec62b676ced1,Mirai,sample,elf,2026-08-05 02:50:28,MalwareBazaar
SHA-256,135cefead339d5e0813e38049da8666efefef7c7b64c6ed22f5fec62b676ced1,135cefead339d5e0813e38049da8666efefef7c7b64c6ed22f5fec62b676ced1,Mirai,sample,elf,2026-08-05 02:50:28,MalwareBazaar
SHA3-384,6f2ae1270e513774624184ed91098318a26cc6a650703a2c490f76ee52ebd65eca0f49eb1175d001c0da6aaeabd25b2d,135cefead339d5e0813e38049da8666efefef7c7b64c6ed22f5fec62b676ced1,Mirai,sample,elf,2026-08-05 02:50:28,MalwareBazaar
TLSH,T1BD0429C7FD00DDBAF809E33748130809B130BBA254925A777257356FED3A295197BE8A,135cefead339d5e0813e38049da8666efefef7c7b64c6ed22f5fec62b676ced1,Mirai,sample,elf,2026-08-05 02:50:28,MalwareBazaar
SSDEEP,3072:T1ThsmVqwyJ3XjRcirf200yvcKd34FSkGD52RVRf4grVpjbiNLEy5cKNKB:Uwgx4yvjd34F7GD8V4g2LLvNKB,135cefead339d5e0813e38049da8666efefef7c7b64c6ed22f5fec62b676ced1,Mirai,sample,elf,2026-08-05 02:50:28,MalwareBazaar
MD5,e7bc67139a7d7ed94654c4e0de1aa334,5f3709aa1823bc153c63dc5d0bccab9fbf9e252a910a08a639e857bd9f8f0149,Mirai,sample,elf,2026-08-05 02:50:28,MalwareBazaar
SHA-1,2668cd67e8df3c5e91df5fc339ad3c110cdc57f6,5f3709aa1823bc153c63dc5d0bccab9fbf9e252a910a08a639e857bd9f8f0149,Mirai,sample,elf,2026-08-05 02:50:28,MalwareBazaar
SHA-256,5f3709aa1823bc153c63dc5d0bccab9fbf9e252a910a08a639e857bd9f8f0149,5f3709aa1823bc153c63dc5d0bccab9fbf9e252a910a08a639e857bd9f8f0149,Mirai,sample,elf,2026-08-05 02:50:28,MalwareBazaar
SHA3-384,54c0dfa121afb147381b59e84611bada03077b86263768dd63daa8e6798125a672b41d840415b8f004307f91ed799a5e,5f3709aa1823bc153c63dc5d0bccab9fbf9e252a910a08a639e857bd9f8f0149,Mirai,sample,elf,2026-08-05 02:50:28,MalwareBazaar
TLSH,T17E24955E6A328F7DF368873447B74A35975D22D627E1DA84E2ACC1041F2434E681FFA8,5f3709aa1823bc153c63dc5d0bccab9fbf9e252a910a08a639e857bd9f8f0149,Mirai,sample,elf,2026-08-05 02:50:28,MalwareBazaar
TELFHASH,t15741811c097813b0a7796c5e499dff76d6a330de7f262c238e50e86aa769b835d11c0c,5f3709aa1823bc153c63dc5d0bccab9fbf9e252a910a08a639e857bd9f8f0149,Mirai,sample,elf,2026-08-05 02:50:28,MalwareBazaar
SSDEEP,3072:sPvQ0inW06qBVrDuQ5SPkCekMcJXs9op/rzibKom:sw0inW06I1DA81qJQ2/r4Kom,5f3709aa1823bc153c63dc5d0bccab9fbf9e252a910a08a639e857bd9f8f0149,Mirai,sample,elf,2026-08-05 02:50:28,MalwareBazaar
MD5,61505dbce5b8c81b8b3cd542e9547925,bebd8062fba5ab7163333480655f9027995ace5d4eee2bebab499d4c549923f3,Mirai,sample,elf,2026-08-05 02:50:28,MalwareBazaar
SHA-1,8c039bf4a743b27477d07c2eb47dea2fa2b851ab,bebd8062fba5ab7163333480655f9027995ace5d4eee2bebab499d4c549923f3,Mirai,sample,elf,2026-08-05 02:50:28,MalwareBazaar
SHA-256,bebd8062fba5ab7163333480655f9027995ace5d4eee2bebab499d4c549923f3,bebd8062fba5ab7163333480655f9027995ace5d4eee2bebab499d4c549923f3,Mirai,sample,elf,2026-08-05 02:50:28,MalwareBazaar
SHA3-384,6b4cf8cc48f53948ebf2cc7f36b0e72bfc81d199b51e66f69b5e56c9b06906459b38595f353fef94bd4d07f872626fb6,bebd8062fba5ab7163333480655f9027995ace5d4eee2bebab499d4c549923f3,Mirai,sample,elf,2026-08-05 02:50:28,MalwareBazaar
TLSH,T1DE24C60AAF610FFBD8AFDD3746E90B0635CC650722A83B3A3674D924F54A54B49D3C68,bebd8062fba5ab7163333480655f9027995ace5d4eee2bebab499d4c549923f3,Mirai,sample,elf,2026-08-05 02:50:28,MalwareBazaar
SSDEEP,3072:P9/6gT7DbU28Mn0NawZ5aMBjv+7GYNRPO1:P9ND1f08wZ5Fj6GY3PO,bebd8062fba5ab7163333480655f9027995ace5d4eee2bebab499d4c549923f3,Mirai,sample,elf,2026-08-05 02:50:28,MalwareBazaar
MD5,5edd133760ff0b66524654958b0f3614,41973e5dc419ef5d31ba3c0b984ae22d80dddd15d3bf65696e7e0c919134430f,Mirai,sample,elf,2026-08-05 02:50:27,MalwareBazaar
SHA-1,13ad2076c05702a776053ee9dbff2cca014ef1a9,41973e5dc419ef5d31ba3c0b984ae22d80dddd15d3bf65696e7e0c919134430f,Mirai,sample,elf,2026-08-05 02:50:27,MalwareBazaar
SHA-256,41973e5dc419ef5d31ba3c0b984ae22d80dddd15d3bf65696e7e0c919134430f,41973e5dc419ef5d31ba3c0b984ae22d80dddd15d3bf65696e7e0c919134430f,Mirai,sample,elf,2026-08-05 02:50:27,MalwareBazaar
SHA3-384,03f62bae331537fc14074cbb86ecbe34a4087370414f703e86c9d94e73f0723594acf2a59890702e00fd36291718d907,41973e5dc419ef5d31ba3c0b984ae22d80dddd15d3bf65696e7e0c919134430f,Mirai,sample,elf,2026-08-05 02:50:27,MalwareBazaar
TLSH,T1E0F35B0274D0D4FEC8E5C2B84BEFE136DA32B4595274761F23C8AE262E5DF212B6D650,41973e5dc419ef5d31ba3c0b984ae22d80dddd15d3bf65696e7e0c919134430f,Mirai,sample,elf,2026-08-05 02:50:27,MalwareBazaar
TELFHASH,t1f951de703ca63a5c61ebe726b30ae95dad750d600ce371f5dd7368eace023844da3062,41973e5dc419ef5d31ba3c0b984ae22d80dddd15d3bf65696e7e0c919134430f,Mirai,sample,elf,2026-08-05 02:50:27,MalwareBazaar
SSDEEP,3072:wQUWH4VklB1Amd10qb8ODAhv4y1jFg+SVqKE:wZWfYOB25dfKE,41973e5dc419ef5d31ba3c0b984ae22d80dddd15d3bf65696e7e0c919134430f,Mirai,sample,elf,2026-08-05 02:50:27,MalwareBazaar
MD5,9243523b2111579b333d6741517e4069,ca2af697388746b2381dc7c4e857ffcec86223ea4618de4583437380050d7770,Mirai,sample,elf,2026-08-05 02:50:27,MalwareBazaar
SHA-1,e8fbe93a2a71f28abbd5fab68d97a05e656ea172,ca2af697388746b2381dc7c4e857ffcec86223ea4618de4583437380050d7770,Mirai,sample,elf,2026-08-05 02:50:27,MalwareBazaar
SHA-256,ca2af697388746b2381dc7c4e857ffcec86223ea4618de4583437380050d7770,ca2af697388746b2381dc7c4e857ffcec86223ea4618de4583437380050d7770,Mirai,sample,elf,2026-08-05 02:50:27,MalwareBazaar
SHA3-384,e84a639bf39ef0a25ddbfbda3d8f429fdbc325af9b5ca1e21fefdbd9ed026a1494d7c0afa0bbcae0d9d7d33e1f792f55,ca2af697388746b2381dc7c4e857ffcec86223ea4618de4583437380050d7770,Mirai,sample,elf,2026-08-05 02:50:27,MalwareBazaar
TLSH,T155246BA8BA0F6C01F2C3D3F8DE8C87E13A1735E3C7768971791212EDDAA39D95990512,ca2af697388746b2381dc7c4e857ffcec86223ea4618de4583437380050d7770,Mirai,sample,elf,2026-08-05 02:50:27,MalwareBazaar
SSDEEP,3072:wwS1OScpwRz0maXCvz9P+HyC37HbKG9P9nKMhazboqN3y:LuOScKRz0mayvhPIyu7HWwnKbzboq,ca2af697388746b2381dc7c4e857ffcec86223ea4618de4583437380050d7770,Mirai,sample,elf,2026-08-05 02:50:27,MalwareBazaar
MD5,2964fa0f630463150faa4313bca1966f,563bcacf84a7c6e900023f7970caaace95bf49c91f63f76c295d32a8f9cc55bf,unknown,wr.php,sh,2026-08-05 02:43:35,MalwareBazaar
SHA-1,d45a66ddcc42faa5463f6f2b83e78397012a3d78,563bcacf84a7c6e900023f7970caaace95bf49c91f63f76c295d32a8f9cc55bf,unknown,wr.php,sh,2026-08-05 02:43:35,MalwareBazaar
SHA-256,563bcacf84a7c6e900023f7970caaace95bf49c91f63f76c295d32a8f9cc55bf,563bcacf84a7c6e900023f7970caaace95bf49c91f63f76c295d32a8f9cc55bf,unknown,wr.php,sh,2026-08-05 02:43:35,MalwareBazaar
SHA3-384,f83814de6605f442538b699dcbbd1038f430a0714efd337e074731ce7a270b5d49e89101b3bfb9cf77bf684fead25fa1,563bcacf84a7c6e900023f7970caaace95bf49c91f63f76c295d32a8f9cc55bf,unknown,wr.php,sh,2026-08-05 02:43:35,MalwareBazaar
TLSH,T16DC27D956A867C44BEC94A3E4CBD2B1D6DF5C3D1324942AC3D8A3C71DC11F9CD618B1A,563bcacf84a7c6e900023f7970caaace95bf49c91f63f76c295d32a8f9cc55bf,unknown,wr.php,sh,2026-08-05 02:43:35,MalwareBazaar
SSDEEP,768:Y8vCB+25j6es8RY9FYpMSUpi+20qUpi+20YQX:Y8l25Jud2QX,563bcacf84a7c6e900023f7970caaace95bf49c91f63f76c295d32a8f9cc55bf,unknown,wr.php,sh,2026-08-05 02:43:35,MalwareBazaar
MD5,38e1fd82d7e08a915a910ce78186f073,3b3bc398e71b2dad7e7af96b0607b264e405f3af2ed453b251f3575a6e513fba,unknown,wr.php,sh,2026-08-05 02:31:50,MalwareBazaar
SHA-1,1a8b0b7e6324279fbf409aecbf9a8d6950f12624,3b3bc398e71b2dad7e7af96b0607b264e405f3af2ed453b251f3575a6e513fba,unknown,wr.php,sh,2026-08-05 02:31:50,MalwareBazaar
SHA-256,3b3bc398e71b2dad7e7af96b0607b264e405f3af2ed453b251f3575a6e513fba,3b3bc398e71b2dad7e7af96b0607b264e405f3af2ed453b251f3575a6e513fba,unknown,wr.php,sh,2026-08-05 02:31:50,MalwareBazaar
SHA3-384,1b7d846dbdc32459800cf7997b7a317aa2ddc0cd9b7eba60d0ca96a2492953781febf8afdcee0c24fb781f4b8b695dc4,3b3bc398e71b2dad7e7af96b0607b264e405f3af2ed453b251f3575a6e513fba,unknown,wr.php,sh,2026-08-05 02:31:50,MalwareBazaar
TLSH,T14FC27C966A867C44BEC94A3E4CBD2B1D6DF5C3D1324942AC3D8A3C719C11FACD618B1A,3b3bc398e71b2dad7e7af96b0607b264e405f3af2ed453b251f3575a6e513fba,unknown,wr.php,sh,2026-08-05 02:31:50,MalwareBazaar
SSDEEP,768:m8vCB+25j6es8RF9FYpMSUpi+20qUpi+20YQX:m8l25Jjd2QX,3b3bc398e71b2dad7e7af96b0607b264e405f3af2ed453b251f3575a6e513fba,unknown,wr.php,sh,2026-08-05 02:31:50,MalwareBazaar
MD5,c1bd9b2e7d6c48633c6dc7d211f768c9,2272cf84ed710394a08d70054cf2f54e96fd65af399e5addfcfdffe284266a56,unknown,lterouter,unknown,2026-08-05 02:19:44,MalwareBazaar
SHA-256,2272cf84ed710394a08d70054cf2f54e96fd65af399e5addfcfdffe284266a56,2272cf84ed710394a08d70054cf2f54e96fd65af399e5addfcfdffe284266a56,unknown,lterouter,unknown,2026-08-05 02:19:44,MalwareBazaar
MD5,f0c4e39a002352b4a6344126a3f44ce0,8c0495b2595aff4244c1c157a3f2594f12275d776509a6b49224f357b88f4270,unknown,x86,elf,2026-08-05 02:08:20,MalwareBazaar
SHA-1,0d0311c204f5471f5ed5293116d6d4e4f3842044,8c0495b2595aff4244c1c157a3f2594f12275d776509a6b49224f357b88f4270,unknown,x86,elf,2026-08-05 02:08:20,MalwareBazaar
SHA-256,8c0495b2595aff4244c1c157a3f2594f12275d776509a6b49224f357b88f4270,8c0495b2595aff4244c1c157a3f2594f12275d776509a6b49224f357b88f4270,unknown,x86,elf,2026-08-05 02:08:20,MalwareBazaar
SHA3-384,43e21ace9df188b6d200cbbd85a44a8ade5cd7e48f275e3c4b62be2c0a608a78bb45da01724bad161b390129b6280e6d,8c0495b2595aff4244c1c157a3f2594f12275d776509a6b49224f357b88f4270,unknown,x86,elf,2026-08-05 02:08:20,MalwareBazaar
TLSH,T146C3123A938CE892045AD9BF61AEBB18045FF8CCD098D6E6EF4D097ECD0032455ED791,8c0495b2595aff4244c1c157a3f2594f12275d776509a6b49224f357b88f4270,unknown,x86,elf,2026-08-05 02:08:20,MalwareBazaar
SSDEEP,3072:3PjvN0zkW4C6ZjJAIXOfCUlYKlFyugtAtoutDN:3jN+kLPJdXS6Kf/LoSDN,8c0495b2595aff4244c1c157a3f2594f12275d776509a6b49224f357b88f4270,unknown,x86,elf,2026-08-05 02:08:20,MalwareBazaar
MD5,44d564b267fa8a53297a937a89309315,9b1c0cb8ac7704452f06292398a65ffe9b3c901329f93ac716d7486ed8798d94,Mirai,mpsl,elf,2026-08-05 02:08:19,MalwareBazaar
SHA-1,1ab9d5072f8c6a1fae5163519a359614fd2447d9,9b1c0cb8ac7704452f06292398a65ffe9b3c901329f93ac716d7486ed8798d94,Mirai,mpsl,elf,2026-08-05 02:08:19,MalwareBazaar
SHA-256,9b1c0cb8ac7704452f06292398a65ffe9b3c901329f93ac716d7486ed8798d94,9b1c0cb8ac7704452f06292398a65ffe9b3c901329f93ac716d7486ed8798d94,Mirai,mpsl,elf,2026-08-05 02:08:19,MalwareBazaar
SHA3-384,93be48c039c52e13507191d5ab40b699e4bf14879536e37110ceeb0650bc6585c052f8a3e8d15d23f616a4a53eccbeb9,9b1c0cb8ac7704452f06292398a65ffe9b3c901329f93ac716d7486ed8798d94,Mirai,mpsl,elf,2026-08-05 02:08:19,MalwareBazaar
TLSH,T1F5D3125D6C333B59E865393678EE072ACE9110EE4B21877E8BFD494A206FD873906473,9b1c0cb8ac7704452f06292398a65ffe9b3c901329f93ac716d7486ed8798d94,Mirai,mpsl,elf,2026-08-05 02:08:19,MalwareBazaar
SSDEEP,3072:2lbKL83FTLLrdzvfO4+U6V7ya1viLBWITLWaV1LDMypzSAj:2BKm1zvf8V7D18BJTFTL3B,9b1c0cb8ac7704452f06292398a65ffe9b3c901329f93ac716d7486ed8798d94,Mirai,mpsl,elf,2026-08-05 02:08:19,MalwareBazaar
MD5,db7eede4f6d1c21472c98bf96cc58502,ab1b6934bc586d442ec14067cb8075b94f66e0981c41fb308758ba7949eaa437,Mirai,mips,elf,2026-08-05 02:08:17,MalwareBazaar
SHA-1,6e7fddff494ca0be5191d02548b7aa771fd9bd97,ab1b6934bc586d442ec14067cb8075b94f66e0981c41fb308758ba7949eaa437,Mirai,mips,elf,2026-08-05 02:08:17,MalwareBazaar
SHA-256,ab1b6934bc586d442ec14067cb8075b94f66e0981c41fb308758ba7949eaa437,ab1b6934bc586d442ec14067cb8075b94f66e0981c41fb308758ba7949eaa437,Mirai,mips,elf,2026-08-05 02:08:17,MalwareBazaar
SHA3-384,a5f89ae63610d403451692e35f3b2ea060332ffa78ebf2d2fb137544c8c8683d848dcbdaa30d5224afeca8a80ba33845,ab1b6934bc586d442ec14067cb8075b94f66e0981c41fb308758ba7949eaa437,Mirai,mips,elf,2026-08-05 02:08:17,MalwareBazaar
TLSH,T172D3127FDA79083BD5399074A99A23A56E7D69F7B003F4562E4AC3224C70F2933532C6,ab1b6934bc586d442ec14067cb8075b94f66e0981c41fb308758ba7949eaa437,Mirai,mips,elf,2026-08-05 02:08:17,MalwareBazaar
SSDEEP,3072:R+kzsw8M5Ppwa3YT8htu9s4N3Bj5jVD869V0yJIjVM:RLzswL7Iutb4N3Bjh98TyJIRM,ab1b6934bc586d442ec14067cb8075b94f66e0981c41fb308758ba7949eaa437,Mirai,mips,elf,2026-08-05 02:08:17,MalwareBazaar
MD5,a0489fc28cfb85f9d9c91dadd6fc2ca2,28b4e8084fd3eb35aa0fcf362c87c43b7b380379643c209b40015e744f5df425,unknown,armv5l,elf,2026-08-05 02:08:15,MalwareBazaar
SHA-1,d4db10357add1bd38a8ac0a7491946c8a3b4fa57,28b4e8084fd3eb35aa0fcf362c87c43b7b380379643c209b40015e744f5df425,unknown,armv5l,elf,2026-08-05 02:08:15,MalwareBazaar
SHA-256,28b4e8084fd3eb35aa0fcf362c87c43b7b380379643c209b40015e744f5df425,28b4e8084fd3eb35aa0fcf362c87c43b7b380379643c209b40015e744f5df425,unknown,armv5l,elf,2026-08-05 02:08:15,MalwareBazaar
SHA3-384,e01c8925eb655506fb52f3c5bedc97fa13a1ad6bf03345f21071aa74b222882c6fe17385e616fa1d1b9dabe7e368f119,28b4e8084fd3eb35aa0fcf362c87c43b7b380379643c209b40015e744f5df425,unknown,armv5l,elf,2026-08-05 02:08:15,MalwareBazaar
TLSH,T1D8B31263B9C01F9366B3AB65E801A00B53627D9490072F3DC669FF2D5193E9C09EE4D7,28b4e8084fd3eb35aa0fcf362c87c43b7b380379643c209b40015e744f5df425,unknown,armv5l,elf,2026-08-05 02:08:15,MalwareBazaar
SSDEEP,3072:jGhGc30ZXifdC0e4ZJ+SZKeiIZZuKzDxWcxV7Z:K4c8XifdCB4D+UFJZZLDVZ,28b4e8084fd3eb35aa0fcf362c87c43b7b380379643c209b40015e744f5df425,unknown,armv5l,elf,2026-08-05 02:08:15,MalwareBazaar
MD5,24cef98575e7a54fd5ec53671d0c715d,5c724000830082753cdb5c57ae528b92350d9ff94bb0e935d17c04b9b41253ba,unknown,tbk,unknown,2026-08-05 02:08:13,MalwareBazaar
SHA-256,5c724000830082753cdb5c57ae528b92350d9ff94bb0e935d17c04b9b41253ba,5c724000830082753cdb5c57ae528b92350d9ff94bb0e935d17c04b9b41253ba,unknown,tbk,unknown,2026-08-05 02:08:13,MalwareBazaar
MD5,5ab45d0e17f3bece44ab60a1659104c5,6db4914bfa06a112892250974b42abde5c7a096050c970a1dcbb23172ff863f6,unknown,ok,sh,2026-08-05 02:01:52,MalwareBazaar
SHA-1,b78ae090d9f24269327d5f4dc50b46fe33d964f3,6db4914bfa06a112892250974b42abde5c7a096050c970a1dcbb23172ff863f6,unknown,ok,sh,2026-08-05 02:01:52,MalwareBazaar
SHA-256,6db4914bfa06a112892250974b42abde5c7a096050c970a1dcbb23172ff863f6,6db4914bfa06a112892250974b42abde5c7a096050c970a1dcbb23172ff863f6,unknown,ok,sh,2026-08-05 02:01:52,MalwareBazaar
SHA3-384,444f1d00cd9963085ac2fbdf3d0ebe2e46960ba4fed132e2af7ae0039375bf87aca20cb5ab3f12b1f6513944eb18807b,6db4914bfa06a112892250974b42abde5c7a096050c970a1dcbb23172ff863f6,unknown,ok,sh,2026-08-05 02:01:52,MalwareBazaar
TLSH,T1763184EF13429A211554CE4BB271224D9700C1DF2E6BE7E8EE4C2D29B68E54C329DE4B,6db4914bfa06a112892250974b42abde5c7a096050c970a1dcbb23172ff863f6,unknown,ok,sh,2026-08-05 02:01:52,MalwareBazaar
SSDEEP,24:i8919UWC7uut75OeHGtsHQuCBP7+yqT5BH:i8dwua75RGtsHQuCBP7tqbH,6db4914bfa06a112892250974b42abde5c7a096050c970a1dcbb23172ff863f6,unknown,ok,sh,2026-08-05 02:01:52,MalwareBazaar
MD5,bffbfc243a228af9ea95ccceb3e578c6,a374f3ebc886eda122ca1229138b8a31ce0758addb60c0dd38052e5a95b3d37d,unknown,lil,sh,2026-08-05 01:58:33,MalwareBazaar
SHA-1,6f7e5aa9716ac19035cb2a42edae24b6de44307d,a374f3ebc886eda122ca1229138b8a31ce0758addb60c0dd38052e5a95b3d37d,unknown,lil,sh,2026-08-05 01:58:33,MalwareBazaar
SHA-256,a374f3ebc886eda122ca1229138b8a31ce0758addb60c0dd38052e5a95b3d37d,a374f3ebc886eda122ca1229138b8a31ce0758addb60c0dd38052e5a95b3d37d,unknown,lil,sh,2026-08-05 01:58:33,MalwareBazaar
SHA3-384,c79f02b46013680236de09ac6d94ef29afda0562d5ba4c83a6a1c627302075b4161003d35e6eda4de85eae63a7f8595f,a374f3ebc886eda122ca1229138b8a31ce0758addb60c0dd38052e5a95b3d37d,unknown,lil,sh,2026-08-05 01:58:33,MalwareBazaar
TLSH,T1EB01AFC9C400AC0090AA9E5D26E75554F810C3CF1A9A4FB9BF9C6D3EFB88D14B066F84,a374f3ebc886eda122ca1229138b8a31ce0758addb60c0dd38052e5a95b3d37d,unknown,lil,sh,2026-08-05 01:58:33,MalwareBazaar
SSDEEP,24:kXCKysE2hi0ziQvZoha1M1prF1fbnte53X:e9Qp+Mse1dF1fbnA53X,a374f3ebc886eda122ca1229138b8a31ce0758addb60c0dd38052e5a95b3d37d,unknown,lil,sh,2026-08-05 01:58:33,MalwareBazaar
MD5,144bb5b02b3b6c4462c7468ac7740fa6,919e2a1a6d1755902e4def4456e6220e9c069efc34d8bfc850f4490a5f88c769,Prometei,919e2a1a6d1755902e4def4456e6220e9c069efc34d8bfc850f4490a5f88c769,elf,2026-08-05 01:56:19,MalwareBazaar
SHA-1,c73a9de3ae9f0be76f04d6c3f88f62c4429866e6,919e2a1a6d1755902e4def4456e6220e9c069efc34d8bfc850f4490a5f88c769,Prometei,919e2a1a6d1755902e4def4456e6220e9c069efc34d8bfc850f4490a5f88c769,elf,2026-08-05 01:56:19,MalwareBazaar
SHA-256,919e2a1a6d1755902e4def4456e6220e9c069efc34d8bfc850f4490a5f88c769,919e2a1a6d1755902e4def4456e6220e9c069efc34d8bfc850f4490a5f88c769,Prometei,919e2a1a6d1755902e4def4456e6220e9c069efc34d8bfc850f4490a5f88c769,elf,2026-08-05 01:56:19,MalwareBazaar
SHA3-384,b095748126b085b0043e84aca6bf7dec28fc3d105459a124bcb7be9761b4619cfc11ab92cfd9eb6479c06d4d2299db5d,919e2a1a6d1755902e4def4456e6220e9c069efc34d8bfc850f4490a5f88c769,Prometei,919e2a1a6d1755902e4def4456e6220e9c069efc34d8bfc850f4490a5f88c769,elf,2026-08-05 01:56:19,MalwareBazaar
TLSH,T127A423B4F9219E9F6DD769B91B24831DE182C172689D4C1313AE94A34F3D632BF2C816,919e2a1a6d1755902e4def4456e6220e9c069efc34d8bfc850f4490a5f88c769,Prometei,919e2a1a6d1755902e4def4456e6220e9c069efc34d8bfc850f4490a5f88c769,elf,2026-08-05 01:56:19,MalwareBazaar
SSDEEP,12288:Fs+/py5fM2l+M5F7TsJwtY1yvr+bT1psS+6T6NCj76tsdk:Fs6pyCC/Ya2hpi6T6N4a,919e2a1a6d1755902e4def4456e6220e9c069efc34d8bfc850f4490a5f88c769,Prometei,919e2a1a6d1755902e4def4456e6220e9c069efc34d8bfc850f4490a5f88c769,elf,2026-08-05 01:56:19,MalwareBazaar
MD5,0afc11d0fc849f09583286d35a9c5166,b6fcb33c4d6193b07bcb7c595ab6209e6a935f853ba73c07212b4a4c9eff5518,Mirai,debug,elf,2026-08-05 01:50:32,MalwareBazaar
SHA-1,6e8718f35839de1bdd1385495d3a4c217a614efd,b6fcb33c4d6193b07bcb7c595ab6209e6a935f853ba73c07212b4a4c9eff5518,Mirai,debug,elf,2026-08-05 01:50:32,MalwareBazaar
SHA-256,b6fcb33c4d6193b07bcb7c595ab6209e6a935f853ba73c07212b4a4c9eff5518,b6fcb33c4d6193b07bcb7c595ab6209e6a935f853ba73c07212b4a4c9eff5518,Mirai,debug,elf,2026-08-05 01:50:32,MalwareBazaar
SHA3-384,9f1d792f392df00ac4b86b53103a1e42f39f3e289216605d8d26e64fae49022ee6471153ede2fc512ad69392c4bca0d8,b6fcb33c4d6193b07bcb7c595ab6209e6a935f853ba73c07212b4a4c9eff5518,Mirai,debug,elf,2026-08-05 01:50:32,MalwareBazaar
TLSH,T1D2D32B17B64148BDC4E1E0708B7BA962D738B0BD5231271F2B95AB721C92B691F1BBC1,b6fcb33c4d6193b07bcb7c595ab6209e6a935f853ba73c07212b4a4c9eff5518,Mirai,debug,elf,2026-08-05 01:50:32,MalwareBazaar
TELFHASH,t16611ec0e7b2647ab7d9109a86fe147e68407409fd01d4bd5dfd4db96c039164fd008de,b6fcb33c4d6193b07bcb7c595ab6209e6a935f853ba73c07212b4a4c9eff5518,Mirai,debug,elf,2026-08-05 01:50:32,MalwareBazaar
SSDEEP,1536:G1JUOHzadQU4WUrlHUCrX1T+f7ZD+FnzwMI1yPIlJT1Te7OkK3GnRdVgdZM3Nq:0JUMFBhZXhcQhTkxc0GnRdmPM3,b6fcb33c4d6193b07bcb7c595ab6209e6a935f853ba73c07212b4a4c9eff5518,Mirai,debug,elf,2026-08-05 01:50:32,MalwareBazaar
MD5,3cb849c9254f28ad3a10fd3211a77217,3a6e532493b6e27a65591644109e2d2021d1ef4d7abae9e5f5c36244ed653d4d,unknown,lil,sh,2026-08-05 01:36:32,MalwareBazaar
SHA-1,80ace9b8fd7fd44149d50c51e20379440c2cf56e,3a6e532493b6e27a65591644109e2d2021d1ef4d7abae9e5f5c36244ed653d4d,unknown,lil,sh,2026-08-05 01:36:32,MalwareBazaar
SHA-256,3a6e532493b6e27a65591644109e2d2021d1ef4d7abae9e5f5c36244ed653d4d,3a6e532493b6e27a65591644109e2d2021d1ef4d7abae9e5f5c36244ed653d4d,unknown,lil,sh,2026-08-05 01:36:32,MalwareBazaar
SHA3-384,dced079a9a5c258ae3dfb8797ed00828dba3be040da90710c1514b62c89e7e888241a6ef06177b629bc3db6760186344,3a6e532493b6e27a65591644109e2d2021d1ef4d7abae9e5f5c36244ed653d4d,unknown,lil,sh,2026-08-05 01:36:32,MalwareBazaar
TLSH,T1BB01ABCAD4609800909DD55C22EB2155FC31C3C7165B8F79BFACA93E9B94D05B067FD4,3a6e532493b6e27a65591644109e2d2021d1ef4d7abae9e5f5c36244ed653d4d,unknown,lil,sh,2026-08-05 01:36:32,MalwareBazaar
SSDEEP,12:dOXOsYxcysE+vhCFN0zvy/RQvZowHkaVjCoX2C3VbjCmXCeTIChzMBX:kXCKysE2hi0ziQvZohaVjxG0Z1h8U4X,3a6e532493b6e27a65591644109e2d2021d1ef4d7abae9e5f5c36244ed653d4d,unknown,lil,sh,2026-08-05 01:36:32,MalwareBazaar
MD5,f52e334be54ae6f28fb9f19fdf5f00fe,367ea7e4e3abd64b1d89c6d4ebc82bd42b9f2b56897b093c1f0f411303c28945,unknown,k.php,sh,2026-08-05 01:27:46,MalwareBazaar
SHA-1,5cadb5c016687aab7b39e42b91361feec5c5283c,367ea7e4e3abd64b1d89c6d4ebc82bd42b9f2b56897b093c1f0f411303c28945,unknown,k.php,sh,2026-08-05 01:27:46,MalwareBazaar
SHA-256,367ea7e4e3abd64b1d89c6d4ebc82bd42b9f2b56897b093c1f0f411303c28945,367ea7e4e3abd64b1d89c6d4ebc82bd42b9f2b56897b093c1f0f411303c28945,unknown,k.php,sh,2026-08-05 01:27:46,MalwareBazaar
SHA3-384,7e0a38d1274bce214d7606b564dc642ef4d17630062b76e0bd4eafe10c68db3961973a4bac72f7985de4eadc2a5f99ce,367ea7e4e3abd64b1d89c6d4ebc82bd42b9f2b56897b093c1f0f411303c28945,unknown,k.php,sh,2026-08-05 01:27:46,MalwareBazaar
TLSH,T100236C6516857C14AE99C4365C7E2F0CB9AD43E6314492EE7FCE3CF28C4A6AD920871D,367ea7e4e3abd64b1d89c6d4ebc82bd42b9f2b56897b093c1f0f411303c28945,unknown,k.php,sh,2026-08-05 01:27:46,MalwareBazaar
SSDEEP,768:w9r9NyXsZztCt9GKYpr9GKYp82fkR4nnA9GKYpr9GKYp82fkR4nnS:wFHusZTcr,367ea7e4e3abd64b1d89c6d4ebc82bd42b9f2b56897b093c1f0f411303c28945,unknown,k.php,sh,2026-08-05 01:27:46,MalwareBazaar
MD5,84890ef65a2a0ec62b1115809928c71c,fc04a6d3555001a8f04cf75dcdc1cb2de12f530d78603c31aadea81fb26312a3,unknown,MV ANNA SCHULTE VESSEL Q88 PARTICULARS.js,js,2026-08-05 01:26:34,MalwareBazaar
SHA-1,2872bf0290f44efed82943bead3cd16eecd8ebe5,fc04a6d3555001a8f04cf75dcdc1cb2de12f530d78603c31aadea81fb26312a3,unknown,MV ANNA SCHULTE VESSEL Q88 PARTICULARS.js,js,2026-08-05 01:26:34,MalwareBazaar
SHA-256,fc04a6d3555001a8f04cf75dcdc1cb2de12f530d78603c31aadea81fb26312a3,fc04a6d3555001a8f04cf75dcdc1cb2de12f530d78603c31aadea81fb26312a3,unknown,MV ANNA SCHULTE VESSEL Q88 PARTICULARS.js,js,2026-08-05 01:26:34,MalwareBazaar
SHA3-384,9508e4adaeeffcf5aae6b7d7dc51ec83b0396a9560eb371b55e215837cb971e531d54429379f7d4ea6a720dc8408678d,fc04a6d3555001a8f04cf75dcdc1cb2de12f530d78603c31aadea81fb26312a3,unknown,MV ANNA SCHULTE VESSEL Q88 PARTICULARS.js,js,2026-08-05 01:26:34,MalwareBazaar
TLSH,T1FEE50AD323CD798B5D59B7B6A64CF6040BBFE2620B8235D1A9CE0949872F0D7A5D08DC,fc04a6d3555001a8f04cf75dcdc1cb2de12f530d78603c31aadea81fb26312a3,unknown,MV ANNA SCHULTE VESSEL Q88 PARTICULARS.js,js,2026-08-05 01:26:34,MalwareBazaar
SSDEEP,12288:krJDc94BmkFRIqvf2r5MaA6SVYvuQlhAyGkruQ2t5J9DDWh4dtU5VvbuNApECKNb:OJo+kPgCMVddkoux5c2oVt,fc04a6d3555001a8f04cf75dcdc1cb2de12f530d78603c31aadea81fb26312a3,unknown,MV ANNA SCHULTE VESSEL Q88 PARTICULARS.js,js,2026-08-05 01:26:34,MalwareBazaar
MD5,91ae10d8443e8f48845bb727384b86ea,ba584221459b0f1a6359864f3addeca070259f707eb402f26e945565eb25852d,Mirai,main.mipsel,elf,2026-08-05 01:12:51,MalwareBazaar
SHA-1,64e5595ca9f9ac33dcdc4875ea49b742dc2a0068,ba584221459b0f1a6359864f3addeca070259f707eb402f26e945565eb25852d,Mirai,main.mipsel,elf,2026-08-05 01:12:51,MalwareBazaar
SHA-256,ba584221459b0f1a6359864f3addeca070259f707eb402f26e945565eb25852d,ba584221459b0f1a6359864f3addeca070259f707eb402f26e945565eb25852d,Mirai,main.mipsel,elf,2026-08-05 01:12:51,MalwareBazaar
SHA3-384,0a3c3d43b5b1731b0ab86f5edab0a16d4fb84920f9fc17eb79f5baef9e533f4108ba9904fe62bd009afd3f40f42551e4,ba584221459b0f1a6359864f3addeca070259f707eb402f26e945565eb25852d,Mirai,main.mipsel,elf,2026-08-05 01:12:51,MalwareBazaar
TLSH,T1AB43641AAF629E77D81FDD7301E8850120CDB49762AA2B2F7170CA6CF75B98B05D3C94,ba584221459b0f1a6359864f3addeca070259f707eb402f26e945565eb25852d,Mirai,main.mipsel,elf,2026-08-05 01:12:51,MalwareBazaar
SSDEEP,1536:ug0e5e+NsG6JEFClpbGUoK88Jzny4Dy1rtrZg61VsVfDA:uze5eosG6quNGUoRrZ,ba584221459b0f1a6359864f3addeca070259f707eb402f26e945565eb25852d,Mirai,main.mipsel,elf,2026-08-05 01:12:51,MalwareBazaar
MD5,48554c3a4f4c2d0d88f1edfe848fab18,0eda0c619807b5d9f641b253338fbc9574a31d7573b979d4dc63dec16bc29399,Mirai,main.x86_64,elf,2026-08-05 01:12:49,MalwareBazaar
SHA-1,5eb24958eb9b79442a2e09eafa64347c5c7937cd,0eda0c619807b5d9f641b253338fbc9574a31d7573b979d4dc63dec16bc29399,Mirai,main.x86_64,elf,2026-08-05 01:12:49,MalwareBazaar
SHA-256,0eda0c619807b5d9f641b253338fbc9574a31d7573b979d4dc63dec16bc29399,0eda0c619807b5d9f641b253338fbc9574a31d7573b979d4dc63dec16bc29399,Mirai,main.x86_64,elf,2026-08-05 01:12:49,MalwareBazaar
SHA3-384,57a5fd13b378eb913b701300d41050d09655eab49042fa34c9778a018406a1512e29764ff73612bb89482e435ab03876,0eda0c619807b5d9f641b253338fbc9574a31d7573b979d4dc63dec16bc29399,Mirai,main.x86_64,elf,2026-08-05 01:12:49,MalwareBazaar
TLSH,T1CA03E827F6618C2FC44BD2B19BDFA6219623B8792331600F9394FF615E4D5C4EE9A243,0eda0c619807b5d9f641b253338fbc9574a31d7573b979d4dc63dec16bc29399,Mirai,main.x86_64,elf,2026-08-05 01:12:49,MalwareBazaar
TELFHASH,t14311b2b07a493dd172cbf826b35af1b6cd390c3612a236e6c9b1b5f5c720fd06942861,0eda0c619807b5d9f641b253338fbc9574a31d7573b979d4dc63dec16bc29399,Mirai,main.x86_64,elf,2026-08-05 01:12:49,MalwareBazaar
SSDEEP,768:BgE/rbqhuPDSH9+7ZI1KgBolcb6mVKuLbfwOSsau7:i0rbq2+d+211oAVnTwOSsau,0eda0c619807b5d9f641b253338fbc9574a31d7573b979d4dc63dec16bc29399,Mirai,main.x86_64,elf,2026-08-05 01:12:49,MalwareBazaar
MD5,44bc46927e58e76510e5664a8388169b,c8f50aebfc5cf9506e58593afcee45d98aa2a1e142644aabf316e46c61374f95,unknown,main.mips,elf,2026-08-05 01:12:48,MalwareBazaar
SHA-1,e2a8359373366989656754cc4931cdf859ff60bf,c8f50aebfc5cf9506e58593afcee45d98aa2a1e142644aabf316e46c61374f95,unknown,main.mips,elf,2026-08-05 01:12:48,MalwareBazaar
SHA-256,c8f50aebfc5cf9506e58593afcee45d98aa2a1e142644aabf316e46c61374f95,c8f50aebfc5cf9506e58593afcee45d98aa2a1e142644aabf316e46c61374f95,unknown,main.mips,elf,2026-08-05 01:12:48,MalwareBazaar
SHA3-384,dab74383a4c34cc2e092ee9c58e697f4bc09dfaa84f9f7301969129e3b236ae66a4487da093308503c0fed62d6e1adfc,c8f50aebfc5cf9506e58593afcee45d98aa2a1e142644aabf316e46c61374f95,unknown,main.mips,elf,2026-08-05 01:12:48,MalwareBazaar
TLSH,T15343442A2A21AFFEF56E823047F39E70D75535E226E0C284E26CCB185F7028D585F795,c8f50aebfc5cf9506e58593afcee45d98aa2a1e142644aabf316e46c61374f95,unknown,main.mips,elf,2026-08-05 01:12:48,MalwareBazaar
TELFHASH,t1be017c58583417f193894dde77edff34e4a140df89262f3b8d50ecea9621a468c00c2c,c8f50aebfc5cf9506e58593afcee45d98aa2a1e142644aabf316e46c61374f95,unknown,main.mips,elf,2026-08-05 01:12:48,MalwareBazaar
SSDEEP,1536:bYRYD6yh6HEMrBp5r5gEZNe19q057gxsE+BHcTT:l5Ck0T,c8f50aebfc5cf9506e58593afcee45d98aa2a1e142644aabf316e46c61374f95,unknown,main.mips,elf,2026-08-05 01:12:48,MalwareBazaar
MD5,5b40c59005833724c2010b8965a13362,93fd29a33fb0d14b9b55b6b8cbbfab61bae8dcc14745d03ec7138207cc84b9ad,unknown,run.sh,sh,2026-08-05 01:12:46,MalwareBazaar
SHA-1,1bfea71935971131204f626dd3ea92e34b65244c,93fd29a33fb0d14b9b55b6b8cbbfab61bae8dcc14745d03ec7138207cc84b9ad,unknown,run.sh,sh,2026-08-05 01:12:46,MalwareBazaar
SHA-256,93fd29a33fb0d14b9b55b6b8cbbfab61bae8dcc14745d03ec7138207cc84b9ad,93fd29a33fb0d14b9b55b6b8cbbfab61bae8dcc14745d03ec7138207cc84b9ad,unknown,run.sh,sh,2026-08-05 01:12:46,MalwareBazaar
SHA3-384,1b0ca13333af9efa7f2ec470da71cfb9660d35df7291892fee0e0f6772968f988f412aa74b71910fe0c13a46a0414bf6,93fd29a33fb0d14b9b55b6b8cbbfab61bae8dcc14745d03ec7138207cc84b9ad,unknown,run.sh,sh,2026-08-05 01:12:46,MalwareBazaar
TLSH,T17D212BB090905449DD24E44938FA040872259AA261717F05BC9C2EFBEEDB9A4F53F7BE,93fd29a33fb0d14b9b55b6b8cbbfab61bae8dcc14745d03ec7138207cc84b9ad,unknown,run.sh,sh,2026-08-05 01:12:46,MalwareBazaar
SSDEEP,24:h0XZH9SJBCPi9NWxuWctYJl8YJltuLoGE:ENfi9N0uWctYX8YXwLov,93fd29a33fb0d14b9b55b6b8cbbfab61bae8dcc14745d03ec7138207cc84b9ad,unknown,run.sh,sh,2026-08-05 01:12:46,MalwareBazaar
MD5,ca759b42d58ca63e704a66d6ab213bfe,ae2a66ca651b574132c6d29b0bcb714bc2b2855d52f139fcd4d03e1e5d3c12ea,unknown,main.armv4,elf,2026-08-05 01:12:44,MalwareBazaar
SHA-1,ac3b2442d0b52192a9bbc6cbc6212d6157023de9,ae2a66ca651b574132c6d29b0bcb714bc2b2855d52f139fcd4d03e1e5d3c12ea,unknown,main.armv4,elf,2026-08-05 01:12:44,MalwareBazaar
SHA-256,ae2a66ca651b574132c6d29b0bcb714bc2b2855d52f139fcd4d03e1e5d3c12ea,ae2a66ca651b574132c6d29b0bcb714bc2b2855d52f139fcd4d03e1e5d3c12ea,unknown,main.armv4,elf,2026-08-05 01:12:44,MalwareBazaar
SHA3-384,bbc345b59ea4470671abe02b20846244085c125c14b1083a38b1b266c06abca1e70322786db2c7d458f373b860b5a669,ae2a66ca651b574132c6d29b0bcb714bc2b2855d52f139fcd4d03e1e5d3c12ea,unknown,main.armv4,elf,2026-08-05 01:12:44,MalwareBazaar
TLSH,T1DF03E943FA5D8B07C19271B7F75E429E3A2E6D79A3F932119830AFD023C65F11939226,ae2a66ca651b574132c6d29b0bcb714bc2b2855d52f139fcd4d03e1e5d3c12ea,unknown,main.armv4,elf,2026-08-05 01:12:44,MalwareBazaar
TELFHASH,t1d70189200d58dccc7298901de9ef85268b2870fa36bf245139bbe88d9e53cf190308ad,ae2a66ca651b574132c6d29b0bcb714bc2b2855d52f139fcd4d03e1e5d3c12ea,unknown,main.armv4,elf,2026-08-05 01:12:44,MalwareBazaar
SSDEEP,768:IcI1ft8nn69IO8edPqUsoIUJFL3dqIQNTKEUOfB27:7I1ftey8eVlso1FrdqTn527,ae2a66ca651b574132c6d29b0bcb714bc2b2855d52f139fcd4d03e1e5d3c12ea,unknown,main.armv4,elf,2026-08-05 01:12:44,MalwareBazaar
MD5,3f659ddc4c4aae7b0fc6fb8428e1063b,808c6fdb337af1c24a141b3a2a1006041575d0bfe260b055a70d003c3806eac6,Mirai,main.armv6,elf,2026-08-05 01:12:43,MalwareBazaar
SHA-1,df2c71afb9d7e020888a551497f8a6dab453bcdc,808c6fdb337af1c24a141b3a2a1006041575d0bfe260b055a70d003c3806eac6,Mirai,main.armv6,elf,2026-08-05 01:12:43,MalwareBazaar
SHA-256,808c6fdb337af1c24a141b3a2a1006041575d0bfe260b055a70d003c3806eac6,808c6fdb337af1c24a141b3a2a1006041575d0bfe260b055a70d003c3806eac6,Mirai,main.armv6,elf,2026-08-05 01:12:43,MalwareBazaar
SHA3-384,207c82edc84ece1c9eca51d871e10468b63df30ef46687f50a1501462aa7e3d244349bd3bec54366a281219f80b455e0,808c6fdb337af1c24a141b3a2a1006041575d0bfe260b055a70d003c3806eac6,Mirai,main.armv6,elf,2026-08-05 01:12:43,MalwareBazaar
TLSH,T17B030A42E651DB06C59272BAFB8E014E37176F68F7EE32359E306FE013825E70939925,808c6fdb337af1c24a141b3a2a1006041575d0bfe260b055a70d003c3806eac6,Mirai,main.armv6,elf,2026-08-05 01:12:43,MalwareBazaar
SSDEEP,768:x5nOr0lyUZ0AbzaFj2cR9D7mRQ4MSiPiyyvFyj7YrTfaKVE/2/:x5nOr0lz0AbzySc72tM9iyyvgnYrK2/,808c6fdb337af1c24a141b3a2a1006041575d0bfe260b055a70d003c3806eac6,Mirai,main.armv6,elf,2026-08-05 01:12:43,MalwareBazaar
MD5,9fb74a718a3b9ae9e97b5ef8bec2a587,2fa9fb858fac4b501006e2f787e0af1ebd591be08ad08f86eb97348329bca3c7,Mirai,main.armv5,elf,2026-08-05 01:12:41,MalwareBazaar
SHA-1,7b07e674b9651e6a98181fb3135405629c2ac7b0,2fa9fb858fac4b501006e2f787e0af1ebd591be08ad08f86eb97348329bca3c7,Mirai,main.armv5,elf,2026-08-05 01:12:41,MalwareBazaar
SHA-256,2fa9fb858fac4b501006e2f787e0af1ebd591be08ad08f86eb97348329bca3c7,2fa9fb858fac4b501006e2f787e0af1ebd591be08ad08f86eb97348329bca3c7,Mirai,main.armv5,elf,2026-08-05 01:12:41,MalwareBazaar
SHA3-384,5ac3956296663b2fc8a5463c663d649668120bafbe8bee16c51b22aae37340d7837c14f6efe0d999d82c2830135eece9,2fa9fb858fac4b501006e2f787e0af1ebd591be08ad08f86eb97348329bca3c7,Mirai,main.armv5,elf,2026-08-05 01:12:41,MalwareBazaar
TLSH,T142031A42E651DB06C59272BAFB8E014E37176F68F7EE32359E306FE013825E70939925,2fa9fb858fac4b501006e2f787e0af1ebd591be08ad08f86eb97348329bca3c7,Mirai,main.armv5,elf,2026-08-05 01:12:41,MalwareBazaar
SSDEEP,768:x5nOr0lyUZ0AbzaFj2cR9D7mRQ4MSiPiyyvFyj7YrTfaKVE/T/:x5nOr0lz0AbzySc72tM9iyyvgnYrKT/,2fa9fb858fac4b501006e2f787e0af1ebd591be08ad08f86eb97348329bca3c7,Mirai,main.armv5,elf,2026-08-05 01:12:41,MalwareBazaar
MD5,5a5a3a3e3b119acc87697c4d482d7fd5,a1364a57e9114843e6a6707b196d5b824d48737abb66d6f3621215b6b0ebfecc,Mirai,d8602f06298cba1a8fbd4c3a2ef8f68cb3e5b07f7d933bfd0e6184b4e683a1c6,elf,2026-08-05 01:01:49,MalwareBazaar
SHA-1,5bc9caa11427abb1a0e04b709075c397ec666f5e,a1364a57e9114843e6a6707b196d5b824d48737abb66d6f3621215b6b0ebfecc,Mirai,d8602f06298cba1a8fbd4c3a2ef8f68cb3e5b07f7d933bfd0e6184b4e683a1c6,elf,2026-08-05 01:01:49,MalwareBazaar
SHA-256,a1364a57e9114843e6a6707b196d5b824d48737abb66d6f3621215b6b0ebfecc,a1364a57e9114843e6a6707b196d5b824d48737abb66d6f3621215b6b0ebfecc,Mirai,d8602f06298cba1a8fbd4c3a2ef8f68cb3e5b07f7d933bfd0e6184b4e683a1c6,elf,2026-08-05 01:01:49,MalwareBazaar
SHA3-384,2bb08bf76fae66060787d8f14769914cb30f19f3d4e6bec3a30432f945aeca92530f9ef91200bdba901e9716bc3807a5,a1364a57e9114843e6a6707b196d5b824d48737abb66d6f3621215b6b0ebfecc,Mirai,d8602f06298cba1a8fbd4c3a2ef8f68cb3e5b07f7d933bfd0e6184b4e683a1c6,elf,2026-08-05 01:01:49,MalwareBazaar
TLSH,T145935BD4E643D8F5EC63053621B7FB3B9E72F5BD2128DA43C3A49676A823541C40AA7C,a1364a57e9114843e6a6707b196d5b824d48737abb66d6f3621215b6b0ebfecc,Mirai,d8602f06298cba1a8fbd4c3a2ef8f68cb3e5b07f7d933bfd0e6184b4e683a1c6,elf,2026-08-05 01:01:49,MalwareBazaar
TELFHASH,t15b31d5f9177a0ced6bc06942b21e2f31bc0d6a7b417066e601f35978266fe4152bad3c,a1364a57e9114843e6a6707b196d5b824d48737abb66d6f3621215b6b0ebfecc,Mirai,d8602f06298cba1a8fbd4c3a2ef8f68cb3e5b07f7d933bfd0e6184b4e683a1c6,elf,2026-08-05 01:01:49,MalwareBazaar
SSDEEP,1536:WzF5mW9HVGK8nO3x3gXJP7TIbzGdHFvqZQcxrrwxFy/vZyt:s51VL3g5TTIvG1FWQeYFHt,a1364a57e9114843e6a6707b196d5b824d48737abb66d6f3621215b6b0ebfecc,Mirai,d8602f06298cba1a8fbd4c3a2ef8f68cb3e5b07f7d933bfd0e6184b4e683a1c6,elf,2026-08-05 01:01:49,MalwareBazaar
MD5,50ddff0b1f7eeb59e02d8529abef038a,053076456278fcab8a1820126d590986170a08754eb301dbaff9b8184bedc2fb,unknown,p,sh,2026-08-05 01:00:43,MalwareBazaar
SHA-1,140aea5ae9b428f585992d9d7eec25cfaea620f8,053076456278fcab8a1820126d590986170a08754eb301dbaff9b8184bedc2fb,unknown,p,sh,2026-08-05 01:00:43,MalwareBazaar
SHA-256,053076456278fcab8a1820126d590986170a08754eb301dbaff9b8184bedc2fb,053076456278fcab8a1820126d590986170a08754eb301dbaff9b8184bedc2fb,unknown,p,sh,2026-08-05 01:00:43,MalwareBazaar
SHA3-384,db7b41a1db2a7276bf16aef7c8f413d3ce5d46f40caf29f1c7660cfb96e5665a358d914294b35a244c4ec511ce3ded09,053076456278fcab8a1820126d590986170a08754eb301dbaff9b8184bedc2fb,unknown,p,sh,2026-08-05 01:00:43,MalwareBazaar
TLSH,T12C014CD98550AD1090699A5966E75290F410C3CF0A9A0BB87FDC593DFB88914B026F94,053076456278fcab8a1820126d590986170a08754eb301dbaff9b8184bedc2fb,unknown,p,sh,2026-08-05 01:00:43,MalwareBazaar
SSDEEP,24:kXCKysE2hi0ziQvZoha1M1pN6gP1ffntk57N7:e9Qp+Mse16gP1ffnO57N7,053076456278fcab8a1820126d590986170a08754eb301dbaff9b8184bedc2fb,unknown,p,sh,2026-08-05 01:00:43,MalwareBazaar
MD5,3a05f5ffbe4f0d7ef69a0aaea19444e0,d8602f06298cba1a8fbd4c3a2ef8f68cb3e5b07f7d933bfd0e6184b4e683a1c6,Mirai,d8602f06298cba1a8fbd4c3a2ef8f68cb3e5b07f7d933bfd0e6184b4e683a1c6,elf,2026-08-05 01:00:26,MalwareBazaar
SHA-1,0e7f3696f835455a0e849763983ede60127e0509,d8602f06298cba1a8fbd4c3a2ef8f68cb3e5b07f7d933bfd0e6184b4e683a1c6,Mirai,d8602f06298cba1a8fbd4c3a2ef8f68cb3e5b07f7d933bfd0e6184b4e683a1c6,elf,2026-08-05 01:00:26,MalwareBazaar
SHA-256,d8602f06298cba1a8fbd4c3a2ef8f68cb3e5b07f7d933bfd0e6184b4e683a1c6,d8602f06298cba1a8fbd4c3a2ef8f68cb3e5b07f7d933bfd0e6184b4e683a1c6,Mirai,d8602f06298cba1a8fbd4c3a2ef8f68cb3e5b07f7d933bfd0e6184b4e683a1c6,elf,2026-08-05 01:00:26,MalwareBazaar
SHA3-384,6166525a74282969d6916607c72646fc6c30475200a6d12161f9aa915319e7fdc9dcb0a4854a312619fff193404f2533,d8602f06298cba1a8fbd4c3a2ef8f68cb3e5b07f7d933bfd0e6184b4e683a1c6,Mirai,d8602f06298cba1a8fbd4c3a2ef8f68cb3e5b07f7d933bfd0e6184b4e683a1c6,elf,2026-08-05 01:00:26,MalwareBazaar
TLSH,T1EF1302D222DC8DA0C61D15FE128D776E116CE6EAECD2D8ED49C001659CA0F593D60BF6,d8602f06298cba1a8fbd4c3a2ef8f68cb3e5b07f7d933bfd0e6184b4e683a1c6,Mirai,d8602f06298cba1a8fbd4c3a2ef8f68cb3e5b07f7d933bfd0e6184b4e683a1c6,elf,2026-08-05 01:00:26,MalwareBazaar
SSDEEP,768:Pp9i4h0726dzuhnvpaaJ/dXNs5VINsio7Fd/N1H/zwnbcuyD7UHQRjqg:Pvi4h07shnhjJ/dB+ioRdFynouy8HyR,d8602f06298cba1a8fbd4c3a2ef8f68cb3e5b07f7d933bfd0e6184b4e683a1c6,Mirai,d8602f06298cba1a8fbd4c3a2ef8f68cb3e5b07f7d933bfd0e6184b4e683a1c6,elf,2026-08-05 01:00:26,MalwareBazaar
MD5,6df6013b68ad0921b72c4480d4ede5bf,3a09f7e85184a22da474d5fba72c2bed3afb2423e139b7973897067264f7bdc6,unknown,k.php,sh,2026-08-05 00:57:37,MalwareBazaar
SHA-1,566ba581c73e8684ba66b59f218a1ea2a2cbebf7,3a09f7e85184a22da474d5fba72c2bed3afb2423e139b7973897067264f7bdc6,unknown,k.php,sh,2026-08-05 00:57:37,MalwareBazaar
SHA-256,3a09f7e85184a22da474d5fba72c2bed3afb2423e139b7973897067264f7bdc6,3a09f7e85184a22da474d5fba72c2bed3afb2423e139b7973897067264f7bdc6,unknown,k.php,sh,2026-08-05 00:57:37,MalwareBazaar
SHA3-384,055246ae748f380f6d8c3883d3665e5773f2692ab4dd7ed089d88c3eba993788fe837b69537862c7f5db43c809d21b44,3a09f7e85184a22da474d5fba72c2bed3afb2423e139b7973897067264f7bdc6,unknown,k.php,sh,2026-08-05 00:57:37,MalwareBazaar
TLSH,T140235C512A857C14AA99C8371D7F2F0CB9A943E6320452DE7FCF3CF68C4AA9DA10971D,3a09f7e85184a22da474d5fba72c2bed3afb2423e139b7973897067264f7bdc6,unknown,k.php,sh,2026-08-05 00:57:37,MalwareBazaar
SSDEEP,768:HJFWzZx569GKYpr9GKYp82fkR4nnA9GKYpr9GKYp82fkR4nnS:pkzZcr,3a09f7e85184a22da474d5fba72c2bed3afb2423e139b7973897067264f7bdc6,unknown,k.php,sh,2026-08-05 00:57:37,MalwareBazaar
MD5,e0812e42b716d16ab61212f9d0314c6c,c1dfc650c67b98f8f51ca35bc8583fe4454f6f3c4e6263f1dbead0e969ea463a,Mirai,nz.x86_64,elf,2026-08-05 00:57:36,MalwareBazaar
SHA-1,3c46b6d6aa8db2eecc2eda0101bff342d00ef0e4,c1dfc650c67b98f8f51ca35bc8583fe4454f6f3c4e6263f1dbead0e969ea463a,Mirai,nz.x86_64,elf,2026-08-05 00:57:36,MalwareBazaar
SHA-256,c1dfc650c67b98f8f51ca35bc8583fe4454f6f3c4e6263f1dbead0e969ea463a,c1dfc650c67b98f8f51ca35bc8583fe4454f6f3c4e6263f1dbead0e969ea463a,Mirai,nz.x86_64,elf,2026-08-05 00:57:36,MalwareBazaar
SHA3-384,be148f959ec5ee8cb3d52f95f4dd7d06e03c6c0f246943fc001baf3b14adcc98db46e4da57b4dbc85daf23696a4e5be6,c1dfc650c67b98f8f51ca35bc8583fe4454f6f3c4e6263f1dbead0e969ea463a,Mirai,nz.x86_64,elf,2026-08-05 00:57:36,MalwareBazaar
TLSH,T1DEC3180BB55249BCC1F1C1309B7BE225DB30709DA631375F6B946B362C56FA81F29B90,c1dfc650c67b98f8f51ca35bc8583fe4454f6f3c4e6263f1dbead0e969ea463a,Mirai,nz.x86_64,elf,2026-08-05 00:57:36,MalwareBazaar
TELFHASH,t1c8110a0e7b2a47abbd9149a86fe447e68807415f904d8bd5dfd4cb96c039164fe008de,c1dfc650c67b98f8f51ca35bc8583fe4454f6f3c4e6263f1dbead0e969ea463a,Mirai,nz.x86_64,elf,2026-08-05 00:57:36,MalwareBazaar
SSDEEP,1536:ElCfgX8NVZIMaauGKzKJhtzrRcgHmz9f/UQxv/sQ57O8nxheSgwgd:ElCFNw1stztN+XUajRCSKd,c1dfc650c67b98f8f51ca35bc8583fe4454f6f3c4e6263f1dbead0e969ea463a,Mirai,nz.x86_64,elf,2026-08-05 00:57:36,MalwareBazaar
MD5,ec6f8d8d8cb60fd3e8e91c9a744f4214,5c5e89bf5b0ecf61e19bcd0f50f4edcba6b256c8862b4ee8f5efa1c416956c00,unknown,p,sh,2026-08-05 00:54:35,MalwareBazaar
SHA-1,b5b335233d8531386148b0ff25f0f26d5c94e154,5c5e89bf5b0ecf61e19bcd0f50f4edcba6b256c8862b4ee8f5efa1c416956c00,unknown,p,sh,2026-08-05 00:54:35,MalwareBazaar
SHA-256,5c5e89bf5b0ecf61e19bcd0f50f4edcba6b256c8862b4ee8f5efa1c416956c00,5c5e89bf5b0ecf61e19bcd0f50f4edcba6b256c8862b4ee8f5efa1c416956c00,unknown,p,sh,2026-08-05 00:54:35,MalwareBazaar
SHA3-384,e269f6824d711a205b21d541b28f9c3d1d3fdba0ee6e8823e85842c6a744555a5e7d284fc01793360bd76e20246ac61c,5c5e89bf5b0ecf61e19bcd0f50f4edcba6b256c8862b4ee8f5efa1c416956c00,unknown,p,sh,2026-08-05 00:54:35,MalwareBazaar
TLSH,T1CB01ABC6D560A500905DD91E62EB52A0B821C3C7465B0F787FDC993DAB98D05B0A7FD8,5c5e89bf5b0ecf61e19bcd0f50f4edcba6b256c8862b4ee8f5efa1c416956c00,unknown,p,sh,2026-08-05 00:54:35,MalwareBazaar
SSDEEP,12:dOXOsYxcysE+vhCFN0zvy/RQvZowHkaVjCoT2C3+sbjC4XCefIChzMbauD:kXCKysE2hi0ziQvZohaVjxC0+s5hgUU7,5c5e89bf5b0ecf61e19bcd0f50f4edcba6b256c8862b4ee8f5efa1c416956c00,unknown,p,sh,2026-08-05 00:54:35,MalwareBazaar
MD5,b3c9d1993a05188c4bce23a34aa1d549,8bf367564afbbc28d3101d21124b5bfc3ec006fb32d4a2ba3fb9ccf1414fad8b,Gh0stRAT,rLobO7.exe,exe,2026-08-05 00:48:47,MalwareBazaar
SHA-1,e71485853edf523fe5a5fb1d6e3b543b65feb652,8bf367564afbbc28d3101d21124b5bfc3ec006fb32d4a2ba3fb9ccf1414fad8b,Gh0stRAT,rLobO7.exe,exe,2026-08-05 00:48:47,MalwareBazaar
SHA-256,8bf367564afbbc28d3101d21124b5bfc3ec006fb32d4a2ba3fb9ccf1414fad8b,8bf367564afbbc28d3101d21124b5bfc3ec006fb32d4a2ba3fb9ccf1414fad8b,Gh0stRAT,rLobO7.exe,exe,2026-08-05 00:48:47,MalwareBazaar
SHA3-384,eb7b890bf52fc07d687f989a928242b677f59a373ce613b7396f56c328f03aeb27529ab98a7a0f3a77f90d28eedec4be,8bf367564afbbc28d3101d21124b5bfc3ec006fb32d4a2ba3fb9ccf1414fad8b,Gh0stRAT,rLobO7.exe,exe,2026-08-05 00:48:47,MalwareBazaar
IMPHASH,d9022e87b984803cdab2208819b430c2,8bf367564afbbc28d3101d21124b5bfc3ec006fb32d4a2ba3fb9ccf1414fad8b,Gh0stRAT,rLobO7.exe,exe,2026-08-05 00:48:47,MalwareBazaar
TLSH,T110271223F38D653FD05B3E3D663792A4987B76602D128C57A6FC2A8C4F391801E2A757,8bf367564afbbc28d3101d21124b5bfc3ec006fb32d4a2ba3fb9ccf1414fad8b,Gh0stRAT,rLobO7.exe,exe,2026-08-05 00:48:47,MalwareBazaar
SSDEEP,393216:mCyLpUDY1B6aZsxSzbNbgbRi1mrZeaACA8Mf0SiNJzgbWA:MGD4NIoA414enP40iA,8bf367564afbbc28d3101d21124b5bfc3ec006fb32d4a2ba3fb9ccf1414fad8b,Gh0stRAT,rLobO7.exe,exe,2026-08-05 00:48:47,MalwareBazaar
ICON-DHASH,4c0f2bcccc692317,8bf367564afbbc28d3101d21124b5bfc3ec006fb32d4a2ba3fb9ccf1414fad8b,Gh0stRAT,rLobO7.exe,exe,2026-08-05 00:48:47,MalwareBazaar
MD5,004a9b30d096ea79f8350e4013fd0e38,951c35be1ee761f7ba5c95ac29d4bd5b623b62d947276133bca63871844dbf63,unknown,SecuriteInfo.com.Trojan.GenericKD.81024962.25068.1356,exe,2026-08-05 00:34:56,MalwareBazaar
SHA-1,8e1bdae4753611c5ccab2a3e6e0d9f51ab9eaf15,951c35be1ee761f7ba5c95ac29d4bd5b623b62d947276133bca63871844dbf63,unknown,SecuriteInfo.com.Trojan.GenericKD.81024962.25068.1356,exe,2026-08-05 00:34:56,MalwareBazaar
SHA-256,951c35be1ee761f7ba5c95ac29d4bd5b623b62d947276133bca63871844dbf63,951c35be1ee761f7ba5c95ac29d4bd5b623b62d947276133bca63871844dbf63,unknown,SecuriteInfo.com.Trojan.GenericKD.81024962.25068.1356,exe,2026-08-05 00:34:56,MalwareBazaar
SHA3-384,0146aab9865e70b3702aad8bf1e5af53de330c6a79bf3a9c8edb4db9cefb08a4d6607640a480dd4c1bd69b2da8b735bf,951c35be1ee761f7ba5c95ac29d4bd5b623b62d947276133bca63871844dbf63,unknown,SecuriteInfo.com.Trojan.GenericKD.81024962.25068.1356,exe,2026-08-05 00:34:56,MalwareBazaar
IMPHASH,de85a398477c39117ee5fd3f2278b959,951c35be1ee761f7ba5c95ac29d4bd5b623b62d947276133bca63871844dbf63,unknown,SecuriteInfo.com.Trojan.GenericKD.81024962.25068.1356,exe,2026-08-05 00:34:56,MalwareBazaar
TLSH,T18FA5C0C3EAF289DCC1638C3C5AADA113E136390D865C477BFB9D29503F2578AB464B19,951c35be1ee761f7ba5c95ac29d4bd5b623b62d947276133bca63871844dbf63,unknown,SecuriteInfo.com.Trojan.GenericKD.81024962.25068.1356,exe,2026-08-05 00:34:56,MalwareBazaar
SSDEEP,49152:HXAbqCrvUt2o428iiUv+vQSsy18RNajVEtAtReHO+geiHieXD7d:vnTDJFCl,951c35be1ee761f7ba5c95ac29d4bd5b623b62d947276133bca63871844dbf63,unknown,SecuriteInfo.com.Trojan.GenericKD.81024962.25068.1356,exe,2026-08-05 00:34:56,MalwareBazaar
ICON-DHASH,f0f06969697196cc,951c35be1ee761f7ba5c95ac29d4bd5b623b62d947276133bca63871844dbf63,unknown,SecuriteInfo.com.Trojan.GenericKD.81024962.25068.1356,exe,2026-08-05 00:34:56,MalwareBazaar
MD5,b48594fa63f56bf074801dac09d57275,c6d4209d7086ece3833d2c655e1fa281881515c487733205ace2fc9452b91a1f,unknown,voxfix.exe,exe,2026-08-05 00:16:13,MalwareBazaar
SHA-1,c5ea7df65dfccb856b51e8a3827bb325bc965b4e,c6d4209d7086ece3833d2c655e1fa281881515c487733205ace2fc9452b91a1f,unknown,voxfix.exe,exe,2026-08-05 00:16:13,MalwareBazaar
SHA-256,c6d4209d7086ece3833d2c655e1fa281881515c487733205ace2fc9452b91a1f,c6d4209d7086ece3833d2c655e1fa281881515c487733205ace2fc9452b91a1f,unknown,voxfix.exe,exe,2026-08-05 00:16:13,MalwareBazaar
SHA3-384,59f2106e91084f859bc6fe68c9649c1625112455db59e1824bca21db759fceb1c8ee14a521477a24bbce1302c85e6ce5,c6d4209d7086ece3833d2c655e1fa281881515c487733205ace2fc9452b91a1f,unknown,voxfix.exe,exe,2026-08-05 00:16:13,MalwareBazaar
IMPHASH,b34f154ec913d2d2c435cbd644e91687,c6d4209d7086ece3833d2c655e1fa281881515c487733205ace2fc9452b91a1f,unknown,voxfix.exe,exe,2026-08-05 00:16:13,MalwareBazaar
TLSH,T1D3E733000B0FC1B1D145E2F6DB8BAD4A982EFBCB92D8571A1BDE54B26256CF59C73231,c6d4209d7086ece3833d2c655e1fa281881515c487733205ace2fc9452b91a1f,unknown,voxfix.exe,exe,2026-08-05 00:16:13,MalwareBazaar
SSDEEP,1572864:BzFaNokS5i00u3mCgBjcxceYcyr8U57IoMTXnIjj7:BzFuS5i8kjc6eQjM7E7,c6d4209d7086ece3833d2c655e1fa281881515c487733205ace2fc9452b91a1f,unknown,voxfix.exe,exe,2026-08-05 00:16:13,MalwareBazaar
ICON-DHASH,b2a89c96a2cada72,c6d4209d7086ece3833d2c655e1fa281881515c487733205ace2fc9452b91a1f,unknown,voxfix.exe,exe,2026-08-05 00:16:13,MalwareBazaar
MD5,7ef55ba50a6cd390e5b49aa4c0db58bf,ff7556135cf2beee8e4b110a3563ea6deb5d86a92580eaa38398dc092e0b98dd,Mirai,parm,elf,2026-08-04 23:53:14,MalwareBazaar
SHA-1,6322fe64294971dda3aaa047b63bc457293c472a,ff7556135cf2beee8e4b110a3563ea6deb5d86a92580eaa38398dc092e0b98dd,Mirai,parm,elf,2026-08-04 23:53:14,MalwareBazaar
SHA-256,ff7556135cf2beee8e4b110a3563ea6deb5d86a92580eaa38398dc092e0b98dd,ff7556135cf2beee8e4b110a3563ea6deb5d86a92580eaa38398dc092e0b98dd,Mirai,parm,elf,2026-08-04 23:53:14,MalwareBazaar
SHA3-384,ec6998ae08dd1ed70c7f15e609681311a910de730f6c66c5738d5d93d4d9bee514240af7cb591e2e7373f17d5e50c348,ff7556135cf2beee8e4b110a3563ea6deb5d86a92580eaa38398dc092e0b98dd,Mirai,parm,elf,2026-08-04 23:53:14,MalwareBazaar
TLSH,T17F632A91BC819B13C6D512BBFB6E028D372613A8D2EF72039D266F21378785B0E77651,ff7556135cf2beee8e4b110a3563ea6deb5d86a92580eaa38398dc092e0b98dd,Mirai,parm,elf,2026-08-04 23:53:14,MalwareBazaar
TELFHASH,t10231dcb58e4c0fc87bb0db5487ce723ab1d836b9ab112135ce1b6f5b0613680761e836,ff7556135cf2beee8e4b110a3563ea6deb5d86a92580eaa38398dc092e0b98dd,Mirai,parm,elf,2026-08-04 23:53:14,MalwareBazaar
SSDEEP,1536:tLk15ADO50HaK9sFNsSF6GInq9LRq89qLvQa:tLkwDSNso6GbREn,ff7556135cf2beee8e4b110a3563ea6deb5d86a92580eaa38398dc092e0b98dd,Mirai,parm,elf,2026-08-04 23:53:14,MalwareBazaar
MD5,d8474af411a1a61b4fa91f2c79172bc3,e1bcd3ef29771dcce576f910c9dd9fabed482ed5a03a11aa1617bb2a029daa72,Mirai,parm6,elf,2026-08-04 23:53:08,MalwareBazaar
SHA-1,55e640994c53312388c1fb6ea8960b2dd93af1e6,e1bcd3ef29771dcce576f910c9dd9fabed482ed5a03a11aa1617bb2a029daa72,Mirai,parm6,elf,2026-08-04 23:53:08,MalwareBazaar
SHA-256,e1bcd3ef29771dcce576f910c9dd9fabed482ed5a03a11aa1617bb2a029daa72,e1bcd3ef29771dcce576f910c9dd9fabed482ed5a03a11aa1617bb2a029daa72,Mirai,parm6,elf,2026-08-04 23:53:08,MalwareBazaar
SHA3-384,a4f42d43dc90650e768d4f6143a6da5b37c1d9a878f07b2dd2f0f07eeba67ce5ac8b4b7cff0718fa3d3fdac98532167c,e1bcd3ef29771dcce576f910c9dd9fabed482ed5a03a11aa1617bb2a029daa72,Mirai,parm6,elf,2026-08-04 23:53:08,MalwareBazaar
TLSH,T163731995B8818B22C5D512BEFE1E118E3313177CE3DE73229D206F24778696B0E7B916,e1bcd3ef29771dcce576f910c9dd9fabed482ed5a03a11aa1617bb2a029daa72,Mirai,parm6,elf,2026-08-04 23:53:08,MalwareBazaar
TELFHASH,t1d301f1241acd4eac5fe0c52e876f4313391831b54c236a658d7f259f23129d23495039,e1bcd3ef29771dcce576f910c9dd9fabed482ed5a03a11aa1617bb2a029daa72,Mirai,parm6,elf,2026-08-04 23:53:08,MalwareBazaar
SSDEEP,1536:DAnQq6+9bDfANnVfmw39hVUZJacs+kQLMGiA09k3Uw7+75gYsP:oZDfaVPjVUZJac509k3UwC7Op,e1bcd3ef29771dcce576f910c9dd9fabed482ed5a03a11aa1617bb2a029daa72,Mirai,parm6,elf,2026-08-04 23:53:08,MalwareBazaar
MD5,7d7aba9d21e3793a6f8b9c94b0367577,331e955b58409993cb50593b0314666dcd35afd38edf4ebc9dbdd272fc595137,Mirai,px86,elf,2026-08-04 23:52:59,MalwareBazaar
SHA-1,0e0c614909aba3cf85899de4dcd35ebf5eb03d58,331e955b58409993cb50593b0314666dcd35afd38edf4ebc9dbdd272fc595137,Mirai,px86,elf,2026-08-04 23:52:59,MalwareBazaar
SHA-256,331e955b58409993cb50593b0314666dcd35afd38edf4ebc9dbdd272fc595137,331e955b58409993cb50593b0314666dcd35afd38edf4ebc9dbdd272fc595137,Mirai,px86,elf,2026-08-04 23:52:59,MalwareBazaar
SHA3-384,97993d89e7d9b5bd74edf3481aa17d9582c2936287d9228c40c32f433daf33e777e9fe469b12103a1d68cedc99c048ce,331e955b58409993cb50593b0314666dcd35afd38edf4ebc9dbdd272fc595137,Mirai,px86,elf,2026-08-04 23:52:59,MalwareBazaar
TLSH,T1D8435BC1A68BD4F4EE6605F41177E3734732F839112DCAC7D3299932B952610EA9B39C,331e955b58409993cb50593b0314666dcd35afd38edf4ebc9dbdd272fc595137,Mirai,px86,elf,2026-08-04 23:52:59,MalwareBazaar
TELFHASH,t11d3124eb5eaa09fcb7d07d08c31b2b571976d573057072b840b29ca422f2dd19136c3a,331e955b58409993cb50593b0314666dcd35afd38edf4ebc9dbdd272fc595137,Mirai,px86,elf,2026-08-04 23:52:59,MalwareBazaar
SSDEEP,1536:RcYAsMflv2PNc79uESIcE5LHzTn1EF9/p9tAI+lv/uF+:Rcx9flv2PQDtconO9B9KTlf,331e955b58409993cb50593b0314666dcd35afd38edf4ebc9dbdd272fc595137,Mirai,px86,elf,2026-08-04 23:52:59,MalwareBazaar
MD5,029ca0976c75731261cd1fe5b696ddf6,3b89db05cd1e6283a5d23e32eb6a6c17d92953c80c93befa194a0c93a633c1b5,Mirai,pmips,elf,2026-08-04 23:52:56,MalwareBazaar
SHA-1,936be0cc7707ad40d4950f058d0bc04a73cc74cb,3b89db05cd1e6283a5d23e32eb6a6c17d92953c80c93befa194a0c93a633c1b5,Mirai,pmips,elf,2026-08-04 23:52:56,MalwareBazaar
SHA-256,3b89db05cd1e6283a5d23e32eb6a6c17d92953c80c93befa194a0c93a633c1b5,3b89db05cd1e6283a5d23e32eb6a6c17d92953c80c93befa194a0c93a633c1b5,Mirai,pmips,elf,2026-08-04 23:52:56,MalwareBazaar
SHA3-384,6e300bdfeb0665083aa1186f469862c59358114007d03ccc24becf5f1973224677c0d11d0857391278c77509f81d9d16,3b89db05cd1e6283a5d23e32eb6a6c17d92953c80c93befa194a0c93a633c1b5,Mirai,pmips,elf,2026-08-04 23:52:56,MalwareBazaar
TLSH,T10A93C81E6E218FBDF768873147B78A21A39C33D627E1D685E25CD6001F6124E641FFA8,3b89db05cd1e6283a5d23e32eb6a6c17d92953c80c93befa194a0c93a633c1b5,Mirai,pmips,elf,2026-08-04 23:52:56,MalwareBazaar
TELFHASH,t1dc115b4c4a3813e49b711d9d2badef73e19130ef0a256d338e10b99daa6d9825e00c1c,3b89db05cd1e6283a5d23e32eb6a6c17d92953c80c93befa194a0c93a633c1b5,Mirai,pmips,elf,2026-08-04 23:52:56,MalwareBazaar
SSDEEP,1536:8vaRljjJToLe2iiMLOke/1vkeCOiuWcu1c:FRljFToiCMLpe/hVW31c,3b89db05cd1e6283a5d23e32eb6a6c17d92953c80c93befa194a0c93a633c1b5,Mirai,pmips,elf,2026-08-04 23:52:56,MalwareBazaar
MD5,ba786fcc12a5defaffc96001e3310c51,a6d7e53827923e4ef5ad75738d9f972d070436669e3f8898041d11dad4311d64,Mirai,parm5,elf,2026-08-04 23:52:54,MalwareBazaar
SHA-1,2630533673431c290d945c973a0c5d0b3bd55145,a6d7e53827923e4ef5ad75738d9f972d070436669e3f8898041d11dad4311d64,Mirai,parm5,elf,2026-08-04 23:52:54,MalwareBazaar
SHA-256,a6d7e53827923e4ef5ad75738d9f972d070436669e3f8898041d11dad4311d64,a6d7e53827923e4ef5ad75738d9f972d070436669e3f8898041d11dad4311d64,Mirai,parm5,elf,2026-08-04 23:52:54,MalwareBazaar
SHA3-384,dab62afdb8d1d604eea105ff0b0f9da207fd60b39d3a0c20e190c47b0d86737cac56846d0e71e24e338018ca31635967,a6d7e53827923e4ef5ad75738d9f972d070436669e3f8898041d11dad4311d64,Mirai,parm5,elf,2026-08-04 23:52:54,MalwareBazaar
TLSH,T1F2F20881B9925A27C1E423BAAA7F618E333173A8D2DF7757D8111F10BB8981F4D63B41,a6d7e53827923e4ef5ad75738d9f972d070436669e3f8898041d11dad4311d64,Mirai,parm5,elf,2026-08-04 23:52:54,MalwareBazaar
TELFHASH,t1e4e05504be668e0998e79ab0ccbd07a4e802121391a65b20cf12cbe0883f448e308d2e,a6d7e53827923e4ef5ad75738d9f972d070436669e3f8898041d11dad4311d64,Mirai,parm5,elf,2026-08-04 23:52:54,MalwareBazaar
SSDEEP,768:ty/DUyXeYUqiAzF68zF2rL+8T8SEG3mX39IZnM07:tCXBUrAmL+fG4WZD,a6d7e53827923e4ef5ad75738d9f972d070436669e3f8898041d11dad4311d64,Mirai,parm5,elf,2026-08-04 23:52:54,MalwareBazaar
MD5,1da6fff71eb28185fe6b09a436227661,573f7e484d4c9657434581cce579a623a1cf3e65acb910d908a87d3d6681dcea,Mirai,pmpsl,elf,2026-08-04 23:52:52,MalwareBazaar
SHA-1,2c0073291a2f828fa3cdf3792c1ce134f18f8f88,573f7e484d4c9657434581cce579a623a1cf3e65acb910d908a87d3d6681dcea,Mirai,pmpsl,elf,2026-08-04 23:52:52,MalwareBazaar
SHA-256,573f7e484d4c9657434581cce579a623a1cf3e65acb910d908a87d3d6681dcea,573f7e484d4c9657434581cce579a623a1cf3e65acb910d908a87d3d6681dcea,Mirai,pmpsl,elf,2026-08-04 23:52:52,MalwareBazaar
SHA3-384,6a0eceff82e7e0ae01ea75860197ae9d996131e04891af0a51c9cebc169d15531b4cd00c027915b3d9ae388a14679604,573f7e484d4c9657434581cce579a623a1cf3e65acb910d908a87d3d6681dcea,Mirai,pmpsl,elf,2026-08-04 23:52:52,MalwareBazaar
TLSH,T15293E706BB650FFBDCAFCD3706A9170525CC551A52B93B3A3634C928F64B21B4AE3C64,573f7e484d4c9657434581cce579a623a1cf3e65acb910d908a87d3d6681dcea,Mirai,pmpsl,elf,2026-08-04 23:52:52,MalwareBazaar
SSDEEP,1536:Fi9M4jBIagVLZzdGBFSoITdb5UCYlBMxAZmjyXs9BGhYLqO0K:FWMoSagVNpUY3YlBIAUiLO7,573f7e484d4c9657434581cce579a623a1cf3e65acb910d908a87d3d6681dcea,Mirai,pmpsl,elf,2026-08-04 23:52:52,MalwareBazaar
MD5,3d57234d2ec566f15a20c88780977b38,ceef74efa11e441698207a000466abc3048d4144feb2be779e44a498a8dfc54a,Mirai,parm7,elf,2026-08-04 23:52:49,MalwareBazaar
SHA-1,7a1e0e7ef3eaa16460a66186e26e376f7863b1c0,ceef74efa11e441698207a000466abc3048d4144feb2be779e44a498a8dfc54a,Mirai,parm7,elf,2026-08-04 23:52:49,MalwareBazaar
SHA-256,ceef74efa11e441698207a000466abc3048d4144feb2be779e44a498a8dfc54a,ceef74efa11e441698207a000466abc3048d4144feb2be779e44a498a8dfc54a,Mirai,parm7,elf,2026-08-04 23:52:49,MalwareBazaar
SHA3-384,5c8d4f46c1f972b61d3218e17b4fe06342ad5dfb0645a4fce1611a0d975196340fe7022ab244345f63d6bdffb90fe192,ceef74efa11e441698207a000466abc3048d4144feb2be779e44a498a8dfc54a,Mirai,parm7,elf,2026-08-04 23:52:49,MalwareBazaar
TLSH,T1C0E33B46E7414A13C4D61779BAEF42453323AB64D3EB73059928BFB43F867AE0E23605,ceef74efa11e441698207a000466abc3048d4144feb2be779e44a498a8dfc54a,Mirai,parm7,elf,2026-08-04 23:52:49,MalwareBazaar
TELFHASH,t1c421fe31572141196a52cc60dcee47f1252c8b172744ef33cf36c4cc641a09ae62bc4f,ceef74efa11e441698207a000466abc3048d4144feb2be779e44a498a8dfc54a,Mirai,parm7,elf,2026-08-04 23:52:49,MalwareBazaar
SSDEEP,3072:RYj3Oxbj4Bafybkeb2fwU7l4/NvModnk3JpxM/9bo7:RYj3O+BafybkebQwY4/ZMmk3J3M/9bo7,ceef74efa11e441698207a000466abc3048d4144feb2be779e44a498a8dfc54a,Mirai,parm7,elf,2026-08-04 23:52:49,MalwareBazaar
MD5,c957533603cfcc1f559bc3a3199ddb12,f76f596286a2b1e0686b9b7e7ca1eb18ab462ccf3b4c5dbef6c09f7ddc593272,Mirai,parm,elf,2026-08-04 23:52:06,MalwareBazaar
SHA-1,a2af92a0b43f4d308453cd64bec0db586a1c6743,f76f596286a2b1e0686b9b7e7ca1eb18ab462ccf3b4c5dbef6c09f7ddc593272,Mirai,parm,elf,2026-08-04 23:52:06,MalwareBazaar
SHA-256,f76f596286a2b1e0686b9b7e7ca1eb18ab462ccf3b4c5dbef6c09f7ddc593272,f76f596286a2b1e0686b9b7e7ca1eb18ab462ccf3b4c5dbef6c09f7ddc593272,Mirai,parm,elf,2026-08-04 23:52:06,MalwareBazaar
SHA3-384,42fb4605bbfc6b5baaf443eace99d8769c3ffe120ee97ce7a6770bf66509cf1f46be7a06ccefd2dea02a56e850e08b00,f76f596286a2b1e0686b9b7e7ca1eb18ab462ccf3b4c5dbef6c09f7ddc593272,Mirai,parm,elf,2026-08-04 23:52:06,MalwareBazaar
TLSH,T190E2E07298839A52D3E0083CDA689EC6B59D39B5E2F87B8154504BF0EA55008D3773C7,f76f596286a2b1e0686b9b7e7ca1eb18ab462ccf3b4c5dbef6c09f7ddc593272,Mirai,parm,elf,2026-08-04 23:52:06,MalwareBazaar
SSDEEP,768:FMSAfmfnkGVXSa1c2pb0oEj7DHVfr9+TPa5SJ2khAIc0hXs3Uoz1:JAoXCAtVGj7jJiPaMJ20Wz1,f76f596286a2b1e0686b9b7e7ca1eb18ab462ccf3b4c5dbef6c09f7ddc593272,Mirai,parm,elf,2026-08-04 23:52:06,MalwareBazaar
MD5,32daeb58e93a99c67f95b353b7be69b0,5a433a64567fce8e9ccf41dc6ce2d3536b2382d116b9737912a4709926cd283c,Mirai,parm6,elf,2026-08-04 23:52:04,MalwareBazaar
SHA-1,c805c9565ae16a6603db288c6928a6c6854366fe,5a433a64567fce8e9ccf41dc6ce2d3536b2382d116b9737912a4709926cd283c,Mirai,parm6,elf,2026-08-04 23:52:04,MalwareBazaar
SHA-256,5a433a64567fce8e9ccf41dc6ce2d3536b2382d116b9737912a4709926cd283c,5a433a64567fce8e9ccf41dc6ce2d3536b2382d116b9737912a4709926cd283c,Mirai,parm6,elf,2026-08-04 23:52:04,MalwareBazaar
SHA3-384,950df92766cbb74732383ac7c0aa8e4160848b2d8defdba3f13b66a0e653be83c58ced4a09c051605a090563dd7a794e,5a433a64567fce8e9ccf41dc6ce2d3536b2382d116b9737912a4709926cd283c,Mirai,parm6,elf,2026-08-04 23:52:04,MalwareBazaar
TLSH,T137F2F13031727675CD810E76DBA542837EB109B5C65C35BAAA7F3D6C8CC62830B7D8A2,5a433a64567fce8e9ccf41dc6ce2d3536b2382d116b9737912a4709926cd283c,Mirai,parm6,elf,2026-08-04 23:52:04,MalwareBazaar
SSDEEP,768:AMFxIpp61ohh5VNYYrZPJqeUUzo92x4681BBxbT67IcdTv+2VdOkwl9q3UELeW:AMIp6+hh5VNYeZUeDzo92xT87B9kTCud,5a433a64567fce8e9ccf41dc6ce2d3536b2382d116b9737912a4709926cd283c,Mirai,parm6,elf,2026-08-04 23:52:04,MalwareBazaar
MD5,4e2a507a225425d0ca41ffff9e949f4e,1f2bc04401a73357813d145ea66ec6ad168c21e44dd9a47ff840102d301fbc51,Mirai,pspc,elf,2026-08-04 23:52:03,MalwareBazaar
SHA-1,ad00b0fe0ccbc5cd769b2f37440eb70e10ba7c27,1f2bc04401a73357813d145ea66ec6ad168c21e44dd9a47ff840102d301fbc51,Mirai,pspc,elf,2026-08-04 23:52:03,MalwareBazaar
SHA-256,1f2bc04401a73357813d145ea66ec6ad168c21e44dd9a47ff840102d301fbc51,1f2bc04401a73357813d145ea66ec6ad168c21e44dd9a47ff840102d301fbc51,Mirai,pspc,elf,2026-08-04 23:52:03,MalwareBazaar
SHA3-384,8605d757828b31a32b5e37cffcd652cf213c349188d7cc05e7645d190717b580d541494d2d4f4882476a0a5e62f073c8,1f2bc04401a73357813d145ea66ec6ad168c21e44dd9a47ff840102d301fbc51,Mirai,pspc,elf,2026-08-04 23:52:03,MalwareBazaar
TLSH,T139735C32B9761D27C4D0A87A61F34724F2F2479A25ACCA1A3DB10D8EBF3564032577B6,1f2bc04401a73357813d145ea66ec6ad168c21e44dd9a47ff840102d301fbc51,Mirai,pspc,elf,2026-08-04 23:52:03,MalwareBazaar
SSDEEP,1536:y1WSpkB5DQ4YPmxjnk3QwtwceNM5Z8ggRE8uLtf8u:2HsemeaLN8egYHu,1f2bc04401a73357813d145ea66ec6ad168c21e44dd9a47ff840102d301fbc51,Mirai,pspc,elf,2026-08-04 23:52:03,MalwareBazaar
MD5,039b190c7cf4994e67cb1c545a88162e,1f71e800d6147c5932c6a85eaa3dc8f9e79ed8eed5493821a562f5609585fb5d,Mirai,pm68k,elf,2026-08-04 23:52:02,MalwareBazaar
SHA-1,ac29f6746b11662fc1ba2d31feef8c3c18d8727f,1f71e800d6147c5932c6a85eaa3dc8f9e79ed8eed5493821a562f5609585fb5d,Mirai,pm68k,elf,2026-08-04 23:52:02,MalwareBazaar
SHA-256,1f71e800d6147c5932c6a85eaa3dc8f9e79ed8eed5493821a562f5609585fb5d,1f71e800d6147c5932c6a85eaa3dc8f9e79ed8eed5493821a562f5609585fb5d,Mirai,pm68k,elf,2026-08-04 23:52:02,MalwareBazaar
SHA3-384,8f35ad42baee8ac840551bb2f717437983160b6783cdf787561af07743584a30f072298831867a440d64e690a5fa7381,1f71e800d6147c5932c6a85eaa3dc8f9e79ed8eed5493821a562f5609585fb5d,Mirai,pm68k,elf,2026-08-04 23:52:02,MalwareBazaar
TLSH,T1FA7328D7B400DDBDF80ED77B44534A0AB231A79155830F3A6397BA67FD321A84866F82,1f71e800d6147c5932c6a85eaa3dc8f9e79ed8eed5493821a562f5609585fb5d,Mirai,pm68k,elf,2026-08-04 23:52:02,MalwareBazaar
SSDEEP,1536:+hI/ss2F7AyB4wXx8IJPsG+0VjnJFtbTCbolHuJ/9tYyqX:+hI0HrB4wXtCFajnntvqJ/9WyqX,1f71e800d6147c5932c6a85eaa3dc8f9e79ed8eed5493821a562f5609585fb5d,Mirai,pm68k,elf,2026-08-04 23:52:02,MalwareBazaar
MD5,b36431acc22b468ccaa622a82c9ae595,b2f27f60ab93a86fce986b7137986fabbe7952ad38e6a9d6c0d458c019baeeb0,Mirai,px86,elf,2026-08-04 23:51:59,MalwareBazaar
SHA-1,064e2bd4642a10b466d647f8a6a02af0c1d168e4,b2f27f60ab93a86fce986b7137986fabbe7952ad38e6a9d6c0d458c019baeeb0,Mirai,px86,elf,2026-08-04 23:51:59,MalwareBazaar
SHA-256,b2f27f60ab93a86fce986b7137986fabbe7952ad38e6a9d6c0d458c019baeeb0,b2f27f60ab93a86fce986b7137986fabbe7952ad38e6a9d6c0d458c019baeeb0,Mirai,px86,elf,2026-08-04 23:51:59,MalwareBazaar
SHA3-384,bc5c2e9bc1f1c590323e2e90b5d61b0a6070a7cf013ebc4a866eb17e7245e7c86ea757eabcd6dd460beee5235a504b6f,b2f27f60ab93a86fce986b7137986fabbe7952ad38e6a9d6c0d458c019baeeb0,Mirai,px86,elf,2026-08-04 23:51:59,MalwareBazaar
TLSH,T1E3E2E1B86BA8270FEF19613753E18CEDA7BA1D650E94D5612B14CBE311061AEC32D731,b2f27f60ab93a86fce986b7137986fabbe7952ad38e6a9d6c0d458c019baeeb0,Mirai,px86,elf,2026-08-04 23:51:59,MalwareBazaar
SSDEEP,768:D/Afcl9QI38cDxXGFbzVvgi0dHBOM6oZMxwd4:DY0l9QI3VwhVvgiWhooZq1,b2f27f60ab93a86fce986b7137986fabbe7952ad38e6a9d6c0d458c019baeeb0,Mirai,px86,elf,2026-08-04 23:51:59,MalwareBazaar
MD5,e40c858cd52a9381428bf2fe385c58f4,d2726a8326104f79becf68c4e806a6f9ddfde07344baf592e0a783a9e4ac58cd,Mirai,pmips,elf,2026-08-04 23:51:58,MalwareBazaar
SHA-1,1c49d4a009165808bc65a832a982f443fa77442d,d2726a8326104f79becf68c4e806a6f9ddfde07344baf592e0a783a9e4ac58cd,Mirai,pmips,elf,2026-08-04 23:51:58,MalwareBazaar
SHA-256,d2726a8326104f79becf68c4e806a6f9ddfde07344baf592e0a783a9e4ac58cd,d2726a8326104f79becf68c4e806a6f9ddfde07344baf592e0a783a9e4ac58cd,Mirai,pmips,elf,2026-08-04 23:51:58,MalwareBazaar
SHA3-384,2e12052fe47c509158e8a37ae06e6705a542d16264df98d16c90ed68f50108843d169a7286d431eaeba24c0514282e96,d2726a8326104f79becf68c4e806a6f9ddfde07344baf592e0a783a9e4ac58cd,Mirai,pmips,elf,2026-08-04 23:51:58,MalwareBazaar
TLSH,T15DF2E16836010DF5EE23D83E12B903E9AC69837054D7DC56392EE687E96A1BB74C7CD0,d2726a8326104f79becf68c4e806a6f9ddfde07344baf592e0a783a9e4ac58cd,Mirai,pmips,elf,2026-08-04 23:51:58,MalwareBazaar
SSDEEP,768:psneKrC019npifNuNxUjgZZddiFTPBSx+fJgGlzDpbuR1Jt:psnvC013i19jgZ7688dVJuj,d2726a8326104f79becf68c4e806a6f9ddfde07344baf592e0a783a9e4ac58cd,Mirai,pmips,elf,2026-08-04 23:51:58,MalwareBazaar
MD5,3add6151f29a2724898e49c264ac1a1b,f3eed21ca3a8d07883868fc0245a17acf954336675cfe2bd042d4bb29a35e0f9,Mirai,parm5,elf,2026-08-04 23:51:57,MalwareBazaar
SHA-1,3213240f571c622af54b58c0b1b38a6cdfcd5a49,f3eed21ca3a8d07883868fc0245a17acf954336675cfe2bd042d4bb29a35e0f9,Mirai,parm5,elf,2026-08-04 23:51:57,MalwareBazaar
SHA-256,f3eed21ca3a8d07883868fc0245a17acf954336675cfe2bd042d4bb29a35e0f9,f3eed21ca3a8d07883868fc0245a17acf954336675cfe2bd042d4bb29a35e0f9,Mirai,parm5,elf,2026-08-04 23:51:57,MalwareBazaar
SHA3-384,2ee2ae1b44eb3c5a87ecd45cdba430ac1024008780c2f68425a64f405582d08a44f0df3804cc94119df33b58b50c98cf,f3eed21ca3a8d07883868fc0245a17acf954336675cfe2bd042d4bb29a35e0f9,Mirai,parm5,elf,2026-08-04 23:51:57,MalwareBazaar
TLSH,T11D82C02701E75CB0D6B16A32DD3C8985B1FB9F78D27A72B0291E064CA9C41099A3C94E,f3eed21ca3a8d07883868fc0245a17acf954336675cfe2bd042d4bb29a35e0f9,Mirai,parm5,elf,2026-08-04 23:51:57,MalwareBazaar
SSDEEP,384:Gelrb97x8fEJ4G+5KZjcUSMKdEWjhymdGUop5h4wx:Bbj8nKZ4UiW8s3Uozlx,f3eed21ca3a8d07883868fc0245a17acf954336675cfe2bd042d4bb29a35e0f9,Mirai,parm5,elf,2026-08-04 23:51:57,MalwareBazaar
MD5,166e8c2a90bf76c09185f3e7b168a6fc,ac787255b109b4558b0bffe85f5b4f158bd260f993b9aedb6cbf1d0b227ca5ad,Mirai,pmpsl,elf,2026-08-04 23:51:56,MalwareBazaar
SHA-1,fd18e9f07128584d2c119a81c698a0fa9346039e,ac787255b109b4558b0bffe85f5b4f158bd260f993b9aedb6cbf1d0b227ca5ad,Mirai,pmpsl,elf,2026-08-04 23:51:56,MalwareBazaar
SHA-256,ac787255b109b4558b0bffe85f5b4f158bd260f993b9aedb6cbf1d0b227ca5ad,ac787255b109b4558b0bffe85f5b4f158bd260f993b9aedb6cbf1d0b227ca5ad,Mirai,pmpsl,elf,2026-08-04 23:51:56,MalwareBazaar
SHA3-384,3f12457cc356d771fa27aa5baed76893e9250d2e52c091db4e8565242e6001c1e3f752923b0fa964bdf9078a29402aef,ac787255b109b4558b0bffe85f5b4f158bd260f993b9aedb6cbf1d0b227ca5ad,Mirai,pmpsl,elf,2026-08-04 23:51:56,MalwareBazaar
TLSH,T1D9F2E17EF8183146CCACE67C009E6BEB65D5F96533E75BEC630044D9EE0811E35AD268,ac787255b109b4558b0bffe85f5b4f158bd260f993b9aedb6cbf1d0b227ca5ad,Mirai,pmpsl,elf,2026-08-04 23:51:56,MalwareBazaar
SSDEEP,768:Tg4k7NaZ6I+n6hFZZOfODnjrSFgPFAZNxdpO5UhF17qbWda:T1k7A0VmZZOwjrSFgNAV3mUhjGIa,ac787255b109b4558b0bffe85f5b4f158bd260f993b9aedb6cbf1d0b227ca5ad,Mirai,pmpsl,elf,2026-08-04 23:51:56,MalwareBazaar
MD5,2b152ca15c412328cf22b65b0e209e59,7258dc0bef74fe98f77dc6a29c513063cba7131a68974e2e1f21412f199d366c,Mirai,parm7,elf,2026-08-04 23:51:55,MalwareBazaar
SHA-1,ebb19c6cdeafb0b3c8e49ba55364cc06c5c60bb4,7258dc0bef74fe98f77dc6a29c513063cba7131a68974e2e1f21412f199d366c,Mirai,parm7,elf,2026-08-04 23:51:55,MalwareBazaar
SHA-256,7258dc0bef74fe98f77dc6a29c513063cba7131a68974e2e1f21412f199d366c,7258dc0bef74fe98f77dc6a29c513063cba7131a68974e2e1f21412f199d366c,Mirai,parm7,elf,2026-08-04 23:51:55,MalwareBazaar
SHA3-384,5783dc6da9e2ecf337e48581d0cb944bec16cd498b41e0dfc28b9cf21f6324b207c192a3e6167d47dbe9ca1e06647c67,7258dc0bef74fe98f77dc6a29c513063cba7131a68974e2e1f21412f199d366c,Mirai,parm7,elf,2026-08-04 23:51:55,MalwareBazaar
TLSH,T1CE43023A4C8F591107A83DF4C56C17CB4D4D6FB4E19931B246BE1EAAF12984296FC2D3,7258dc0bef74fe98f77dc6a29c513063cba7131a68974e2e1f21412f199d366c,Mirai,parm7,elf,2026-08-04 23:51:55,MalwareBazaar
SSDEEP,768:QvB5QwePT9S85H666sJn1ds+SIsZ43QyyBZSXqPyyuzx39ZJHi8QnNrC9q3UELYP:iPe7IgHRpK4IZS6B639ZJHM3LgNeGd,7258dc0bef74fe98f77dc6a29c513063cba7131a68974e2e1f21412f199d366c,Mirai,parm7,elf,2026-08-04 23:51:55,MalwareBazaar
MD5,e3f1a63acf8c12e1994da70dcc1b9508,dd9d754896001df78f96486b10729650e5957a08e4931d6b6a1a154753a26c63,unknown,file,exe,2026-08-04 23:48:30,MalwareBazaar
SHA-1,8b5a5b2eafac846e3995f2e80fa2e801df585519,dd9d754896001df78f96486b10729650e5957a08e4931d6b6a1a154753a26c63,unknown,file,exe,2026-08-04 23:48:30,MalwareBazaar
SHA-256,dd9d754896001df78f96486b10729650e5957a08e4931d6b6a1a154753a26c63,dd9d754896001df78f96486b10729650e5957a08e4931d6b6a1a154753a26c63,unknown,file,exe,2026-08-04 23:48:30,MalwareBazaar
SHA3-384,ca38f8ac43c5a17a6689d516b756bd549a111f26a0e730555a09c96c8ba1727c37d7c71bfd6f90a678a2e0215c5c6d3a,dd9d754896001df78f96486b10729650e5957a08e4931d6b6a1a154753a26c63,unknown,file,exe,2026-08-04 23:48:30,MalwareBazaar
IMPHASH,70d2e884fa127843c5bcbb53da86b6c8,dd9d754896001df78f96486b10729650e5957a08e4931d6b6a1a154753a26c63,unknown,file,exe,2026-08-04 23:48:30,MalwareBazaar
TLSH,T1F7771256E2FD00E8D57AC0BCC6575517EBB2345917309BEB52A48A692F33BE0AE3D310,dd9d754896001df78f96486b10729650e5957a08e4931d6b6a1a154753a26c63,unknown,file,exe,2026-08-04 23:48:30,MalwareBazaar
SSDEEP,786432:+uML4PXoeOvHiwB3sn+h1hW25F+wX0ff6yajCs6+4S3Nftl:+5soeeCwDrhWG+tf6fj4ull,dd9d754896001df78f96486b10729650e5957a08e4931d6b6a1a154753a26c63,unknown,file,exe,2026-08-04 23:48:30,MalwareBazaar
MD5,eaa14a38f0f9d65a9db6f0cceee1a914,96b09d3c8deac6e7694c8a37ce45b5359fb7345f13e824c808831321eefd5f01,unknown,java-qEKUrj.exe,exe,2026-08-04 23:45:52,MalwareBazaar
SHA-1,52574c16aa7af67ea08be9ed4fde7b0e74602cf2,96b09d3c8deac6e7694c8a37ce45b5359fb7345f13e824c808831321eefd5f01,unknown,java-qEKUrj.exe,exe,2026-08-04 23:45:52,MalwareBazaar
SHA-256,96b09d3c8deac6e7694c8a37ce45b5359fb7345f13e824c808831321eefd5f01,96b09d3c8deac6e7694c8a37ce45b5359fb7345f13e824c808831321eefd5f01,unknown,java-qEKUrj.exe,exe,2026-08-04 23:45:52,MalwareBazaar
SHA3-384,3c3e5019afc98ad8dc3e02b0aacea7c4e4514bf292cb840e8ad65deb3265142a4ed06ce98e85c1fe5adfe21d599fe270,96b09d3c8deac6e7694c8a37ce45b5359fb7345f13e824c808831321eefd5f01,unknown,java-qEKUrj.exe,exe,2026-08-04 23:45:52,MalwareBazaar
IMPHASH,b34f154ec913d2d2c435cbd644e91687,96b09d3c8deac6e7694c8a37ce45b5359fb7345f13e824c808831321eefd5f01,unknown,java-qEKUrj.exe,exe,2026-08-04 23:45:52,MalwareBazaar
TLSH,T10CE733C919DEA47ED6686BFD03312876207CBFDA7FA5C91468C580C7680976E8C32D72,96b09d3c8deac6e7694c8a37ce45b5359fb7345f13e824c808831321eefd5f01,unknown,java-qEKUrj.exe,exe,2026-08-04 23:45:52,MalwareBazaar
SSDEEP,1572864:UzXH/d3YYrS9SXDmcoOoz0Q4RysehXQKapNFHuPBdgoEEAd07:UzX1IYrvmcoFzyIIp+/7,96b09d3c8deac6e7694c8a37ce45b5359fb7345f13e824c808831321eefd5f01,unknown,java-qEKUrj.exe,exe,2026-08-04 23:45:52,MalwareBazaar
ICON-DHASH,b2a89c96a2cada72,96b09d3c8deac6e7694c8a37ce45b5359fb7345f13e824c808831321eefd5f01,unknown,java-qEKUrj.exe,exe,2026-08-04 23:45:52,MalwareBazaar
MD5,0a537502a50dc17582ca318676f5e7f0,b4647c8851c316988984a6c6d534f103a0cd65e5f165f8aaaa9da8b0a7f28854,unknown,file,exe,2026-08-04 23:41:30,MalwareBazaar
SHA-1,3fe31d67c6c22ae20abc32237697fcb6f9bf122e,b4647c8851c316988984a6c6d534f103a0cd65e5f165f8aaaa9da8b0a7f28854,unknown,file,exe,2026-08-04 23:41:30,MalwareBazaar
SHA-256,b4647c8851c316988984a6c6d534f103a0cd65e5f165f8aaaa9da8b0a7f28854,b4647c8851c316988984a6c6d534f103a0cd65e5f165f8aaaa9da8b0a7f28854,unknown,file,exe,2026-08-04 23:41:30,MalwareBazaar
SHA3-384,027cd0e8ceace1ec95d3698be20afd8b11d696454179738e0cdda4aefe5805759a252e142a34a9a9124ac0492660e5a4,b4647c8851c316988984a6c6d534f103a0cd65e5f165f8aaaa9da8b0a7f28854,unknown,file,exe,2026-08-04 23:41:30,MalwareBazaar
IMPHASH,e2bf3ea500ed6add4b896d96c842dc0a,b4647c8851c316988984a6c6d534f103a0cd65e5f165f8aaaa9da8b0a7f28854,unknown,file,exe,2026-08-04 23:41:30,MalwareBazaar
TLSH,T189875C93F8922A90D4EEC274C272816BB7613C590B3823E75690F7601F3ABD4DAB7751,b4647c8851c316988984a6c6d534f103a0cd65e5f165f8aaaa9da8b0a7f28854,unknown,file,exe,2026-08-04 23:41:30,MalwareBazaar
SSDEEP,196608:158HKYeP2mwIsj2ZIj2AaMEtOiP7M6ODCVzGlOPRM/wMK/zKthg32RQkaGiCdNUz:174j2+j23/OgRrMK/ehg32RDaG9dfui,b4647c8851c316988984a6c6d534f103a0cd65e5f165f8aaaa9da8b0a7f28854,unknown,file,exe,2026-08-04 23:41:30,MalwareBazaar
MD5,aa361a2c34222dd96b9cb8a6ac38d7de,757060d1a348f54c2fceeb3337e0e8b8a984d3f3001ffc27771dd49f559254e7,unknown,msedge.exe,exe,2026-08-04 23:22:34,MalwareBazaar
SHA-1,001b194569773929260830ccdd0ecf4177709e1a,757060d1a348f54c2fceeb3337e0e8b8a984d3f3001ffc27771dd49f559254e7,unknown,msedge.exe,exe,2026-08-04 23:22:34,MalwareBazaar
SHA-256,757060d1a348f54c2fceeb3337e0e8b8a984d3f3001ffc27771dd49f559254e7,757060d1a348f54c2fceeb3337e0e8b8a984d3f3001ffc27771dd49f559254e7,unknown,msedge.exe,exe,2026-08-04 23:22:34,MalwareBazaar
SHA3-384,64b86fec13bd317e41fa9f73a8f825bcac05ccf5c361f8c7d29b28cbf5d39722c87c876edbabb6f199740aa13996f8a0,757060d1a348f54c2fceeb3337e0e8b8a984d3f3001ffc27771dd49f559254e7,unknown,msedge.exe,exe,2026-08-04 23:22:34,MalwareBazaar
IMPHASH,f2da2e4c1b5a39d16c40d60cec2608d7,757060d1a348f54c2fceeb3337e0e8b8a984d3f3001ffc27771dd49f559254e7,unknown,msedge.exe,exe,2026-08-04 23:22:34,MalwareBazaar
TLSH,T18E75E01367DE92A5C2725173BA55BB426E7FBD2805B1F09B2FD4093DEA20131821EB73,757060d1a348f54c2fceeb3337e0e8b8a984d3f3001ffc27771dd49f559254e7,unknown,msedge.exe,exe,2026-08-04 23:22:34,MalwareBazaar
SSDEEP,49152:Qkwkn9IMSNYJEwXUHLpDoBqsTi2lwaPCS:rdnsQE9L9ZsTllvPC,757060d1a348f54c2fceeb3337e0e8b8a984d3f3001ffc27771dd49f559254e7,unknown,msedge.exe,exe,2026-08-04 23:22:34,MalwareBazaar
ICON-DHASH,f0d4820ccecef4f8,757060d1a348f54c2fceeb3337e0e8b8a984d3f3001ffc27771dd49f559254e7,unknown,msedge.exe,exe,2026-08-04 23:22:34,MalwareBazaar
MD5,61e7b67b3ca5412726f99a469d54c545,2b2cf3626f4d79fa2b10001f024b86677c63e2381f0923331924d26b1ee676ba,unknown,msedge.exe,exe,2026-08-04 23:21:30,MalwareBazaar
SHA-1,8b78edc4466399b0a4158f018f614dcf01f255c4,2b2cf3626f4d79fa2b10001f024b86677c63e2381f0923331924d26b1ee676ba,unknown,msedge.exe,exe,2026-08-04 23:21:30,MalwareBazaar
SHA-256,2b2cf3626f4d79fa2b10001f024b86677c63e2381f0923331924d26b1ee676ba,2b2cf3626f4d79fa2b10001f024b86677c63e2381f0923331924d26b1ee676ba,unknown,msedge.exe,exe,2026-08-04 23:21:30,MalwareBazaar
SHA3-384,f9dbd29739060a03ea40d63f9c7f971d67ac373d6cd40bf5ef5294ca0680fea2e5bf838b07b06a2e7e17b919d10be9a1,2b2cf3626f4d79fa2b10001f024b86677c63e2381f0923331924d26b1ee676ba,unknown,msedge.exe,exe,2026-08-04 23:21:30,MalwareBazaar
IMPHASH,ef471c0edf1877cd5a881a6a8bf647b9,2b2cf3626f4d79fa2b10001f024b86677c63e2381f0923331924d26b1ee676ba,unknown,msedge.exe,exe,2026-08-04 23:21:30,MalwareBazaar
TLSH,T19435132A4E8BBCDFE41459B45496DBD6066CDFA5B4E506EC30E4EF3DA3A24748600FB0,2b2cf3626f4d79fa2b10001f024b86677c63e2381f0923331924d26b1ee676ba,unknown,msedge.exe,exe,2026-08-04 23:21:30,MalwareBazaar
SSDEEP,24576:3hloDX0XOf4btEJNO5HjXp/LI6oVjbBqsTg92lz:3hloJfsEvUHLpDoBqsTi2l,2b2cf3626f4d79fa2b10001f024b86677c63e2381f0923331924d26b1ee676ba,unknown,msedge.exe,exe,2026-08-04 23:21:30,MalwareBazaar
ICON-DHASH,f0d4820ccecef4f8,2b2cf3626f4d79fa2b10001f024b86677c63e2381f0923331924d26b1ee676ba,unknown,msedge.exe,exe,2026-08-04 23:21:30,MalwareBazaar
MD5,0702fad301d4fe09a98c878d74b1b5ea,ae12961097868ed2394644d506dfd40d175d30ef159def7d68a845ac23f7a9b3,unknown,file,exe,2026-08-04 23:14:21,MalwareBazaar
SHA-1,1081734150ecc7e0125f9da6b4f1dd58bbb17a24,ae12961097868ed2394644d506dfd40d175d30ef159def7d68a845ac23f7a9b3,unknown,file,exe,2026-08-04 23:14:21,MalwareBazaar
SHA-256,ae12961097868ed2394644d506dfd40d175d30ef159def7d68a845ac23f7a9b3,ae12961097868ed2394644d506dfd40d175d30ef159def7d68a845ac23f7a9b3,unknown,file,exe,2026-08-04 23:14:21,MalwareBazaar
SHA3-384,c7bd32a69c927b7a30ee8dff29979771f0fbbf3ecad17de417f9b0d17e4ad99201c817f35c4e2b4c776058a4628f397d,ae12961097868ed2394644d506dfd40d175d30ef159def7d68a845ac23f7a9b3,unknown,file,exe,2026-08-04 23:14:21,MalwareBazaar
IMPHASH,83fa772670ac674cd68ff73f3ef04802,ae12961097868ed2394644d506dfd40d175d30ef159def7d68a845ac23f7a9b3,unknown,file,exe,2026-08-04 23:14:21,MalwareBazaar
TLSH,T10243B69167F9151AF6F38E783C7465568C7BBE726D61E08E8280204F0875B95CE78B33,ae12961097868ed2394644d506dfd40d175d30ef159def7d68a845ac23f7a9b3,unknown,file,exe,2026-08-04 23:14:21,MalwareBazaar
SSDEEP,768:spM+/0vaXDiTLlGCI0App3rWSph6koM3R+qsq:uCEiTLXA3bfp4koUR+v,ae12961097868ed2394644d506dfd40d175d30ef159def7d68a845ac23f7a9b3,unknown,file,exe,2026-08-04 23:14:21,MalwareBazaar
MD5,3cd5cfd593b9708f8a72fdea8bbcaec5,0aae3c635faa512b497fd34dce58b7b5fcaafcbe0a67e4c154cf7659ba334b81,CoinMiner,file,exe,2026-08-04 23:13:14,MalwareBazaar
SHA-1,d6973c358e3997dbaf694f0db6693635bd780664,0aae3c635faa512b497fd34dce58b7b5fcaafcbe0a67e4c154cf7659ba334b81,CoinMiner,file,exe,2026-08-04 23:13:14,MalwareBazaar
SHA-256,0aae3c635faa512b497fd34dce58b7b5fcaafcbe0a67e4c154cf7659ba334b81,0aae3c635faa512b497fd34dce58b7b5fcaafcbe0a67e4c154cf7659ba334b81,CoinMiner,file,exe,2026-08-04 23:13:14,MalwareBazaar
SHA3-384,fae18b862b689dd312afc1503fdcc6d0354467119f4fcbc7dfe310f068cb60081c3aaa5e8d21e56184471fb0e89c60fd,0aae3c635faa512b497fd34dce58b7b5fcaafcbe0a67e4c154cf7659ba334b81,CoinMiner,file,exe,2026-08-04 23:13:14,MalwareBazaar
IMPHASH,42cf01d41ef6dc0627982490afc9cddd,0aae3c635faa512b497fd34dce58b7b5fcaafcbe0a67e4c154cf7659ba334b81,CoinMiner,file,exe,2026-08-04 23:13:14,MalwareBazaar
TLSH,T1A122D61E2E460330EE5048B0E2755A4A553D5DE37386FBDBE333D5970AD5D8584C0AAF,0aae3c635faa512b497fd34dce58b7b5fcaafcbe0a67e4c154cf7659ba334b81,CoinMiner,file,exe,2026-08-04 23:13:14,MalwareBazaar
SSDEEP,192:xcolWai9BQ5tMxeuwq5C2PFJxTEZmFhEorccGF:OoJi3Ak3PFwZsMF,0aae3c635faa512b497fd34dce58b7b5fcaafcbe0a67e4c154cf7659ba334b81,CoinMiner,file,exe,2026-08-04 23:13:14,MalwareBazaar
MD5,26f2b6e4a15be9822ca4299612b41fce,2c6790b4141e5bbd9684c129acb2a7aeb1b8b3c167dfdfd6b3e9df7013bd1f4d,unknown,java-rjZsjZ.exe,exe,2026-08-04 22:52:46,MalwareBazaar
SHA-1,62bafae99f3d06ab32435d61e9b8b0226fbd3473,2c6790b4141e5bbd9684c129acb2a7aeb1b8b3c167dfdfd6b3e9df7013bd1f4d,unknown,java-rjZsjZ.exe,exe,2026-08-04 22:52:46,MalwareBazaar
SHA-256,2c6790b4141e5bbd9684c129acb2a7aeb1b8b3c167dfdfd6b3e9df7013bd1f4d,2c6790b4141e5bbd9684c129acb2a7aeb1b8b3c167dfdfd6b3e9df7013bd1f4d,unknown,java-rjZsjZ.exe,exe,2026-08-04 22:52:46,MalwareBazaar
SHA3-384,182c59990be2a500bed2319ba72984b93411ca720c42dec798b2aad876b91fdbff978718c9f083ef763931a668979310,2c6790b4141e5bbd9684c129acb2a7aeb1b8b3c167dfdfd6b3e9df7013bd1f4d,unknown,java-rjZsjZ.exe,exe,2026-08-04 22:52:46,MalwareBazaar
IMPHASH,b34f154ec913d2d2c435cbd644e91687,2c6790b4141e5bbd9684c129acb2a7aeb1b8b3c167dfdfd6b3e9df7013bd1f4d,unknown,java-rjZsjZ.exe,exe,2026-08-04 22:52:46,MalwareBazaar
TLSH,T167E733B160FA4495D29C33F44F329D7E10E7AEBDEDE44A0C92CD349299B3AC6046199F,2c6790b4141e5bbd9684c129acb2a7aeb1b8b3c167dfdfd6b3e9df7013bd1f4d,unknown,java-rjZsjZ.exe,exe,2026-08-04 22:52:46,MalwareBazaar
SSDEEP,1572864:GzjzJT1M7S9SXDmcoOoz0Q4RysehXQKapNFHuPBdgoEEAdG7:GzpRM7vmcoFzyIIp+H7,2c6790b4141e5bbd9684c129acb2a7aeb1b8b3c167dfdfd6b3e9df7013bd1f4d,unknown,java-rjZsjZ.exe,exe,2026-08-04 22:52:46,MalwareBazaar
ICON-DHASH,524a4d4f260f0b1e,2c6790b4141e5bbd9684c129acb2a7aeb1b8b3c167dfdfd6b3e9df7013bd1f4d,unknown,java-rjZsjZ.exe,exe,2026-08-04 22:52:46,MalwareBazaar
MD5,faa2e02a0bfc9a94117cb4cd5f281829,fe8277705549324d8fdb94cc7d9a9083190f3e93e8e5dfec582b5afa5d42c97d,unknown,photo_287742060718.zip,zip,2026-08-04 22:18:55,MalwareBazaar
SHA-1,b4e650340077519842773626b4b1c3760964eb28,fe8277705549324d8fdb94cc7d9a9083190f3e93e8e5dfec582b5afa5d42c97d,unknown,photo_287742060718.zip,zip,2026-08-04 22:18:55,MalwareBazaar
SHA-256,fe8277705549324d8fdb94cc7d9a9083190f3e93e8e5dfec582b5afa5d42c97d,fe8277705549324d8fdb94cc7d9a9083190f3e93e8e5dfec582b5afa5d42c97d,unknown,photo_287742060718.zip,zip,2026-08-04 22:18:55,MalwareBazaar
SHA3-384,c929349db1ef16ea54396cb2ae4bb699edd6bbc314592cc69170bd0eb1985c4bad2fdc440a166ae200f84d37d6c9dad0,fe8277705549324d8fdb94cc7d9a9083190f3e93e8e5dfec582b5afa5d42c97d,unknown,photo_287742060718.zip,zip,2026-08-04 22:18:55,MalwareBazaar
TLSH,T1D2219650DAE40A20DEC6977D267D1FA011646528BC0FDBDBB8060247A76374D1BC3D16,fe8277705549324d8fdb94cc7d9a9083190f3e93e8e5dfec582b5afa5d42c97d,unknown,photo_287742060718.zip,zip,2026-08-04 22:18:55,MalwareBazaar
SSDEEP,24:9EBVgbtW/x6/7eco5ILyuIhzyAG7ouxj9VkvhSqXhubSuRzSrf1C0pQ/FiV+oLel:9dJWk/7Ro5KN7ouxjcjxuJzSrf1CpFQ6,fe8277705549324d8fdb94cc7d9a9083190f3e93e8e5dfec582b5afa5d42c97d,unknown,photo_287742060718.zip,zip,2026-08-04 22:18:55,MalwareBazaar
MD5,3206acc6fc88ef09cf845f65e9965484,6941fbafdf1c7e5ddd12b9050c27501aba8b0ab05e1916afffd21ba30257ebf8,unknown,pfbofa.zip,zip,2026-08-04 22:16:48,MalwareBazaar
SHA-1,0c4891b76bc605a064b84e1ae37c25c3f1bfb82e,6941fbafdf1c7e5ddd12b9050c27501aba8b0ab05e1916afffd21ba30257ebf8,unknown,pfbofa.zip,zip,2026-08-04 22:16:48,MalwareBazaar
SHA-256,6941fbafdf1c7e5ddd12b9050c27501aba8b0ab05e1916afffd21ba30257ebf8,6941fbafdf1c7e5ddd12b9050c27501aba8b0ab05e1916afffd21ba30257ebf8,unknown,pfbofa.zip,zip,2026-08-04 22:16:48,MalwareBazaar
SHA3-384,3bc8fc3b6d97f078e576170231607d0b2790575fd3021e2d33c50d0073cc81587d2b6439a5d057688d0788009a06c372,6941fbafdf1c7e5ddd12b9050c27501aba8b0ab05e1916afffd21ba30257ebf8,unknown,pfbofa.zip,zip,2026-08-04 22:16:48,MalwareBazaar
TLSH,T1DF530123FB189E2C837F21116BD93983DE184A5D0D8DF458A4CAB44BE4E0756EB4FE46,6941fbafdf1c7e5ddd12b9050c27501aba8b0ab05e1916afffd21ba30257ebf8,unknown,pfbofa.zip,zip,2026-08-04 22:16:48,MalwareBazaar
SSDEEP,1536:+6NiG3ckfq/6P10YTm/slmRjufzPUm5ww+gBy0XQ4R:pNzMxUDT5luj2PxwJgByiR,6941fbafdf1c7e5ddd12b9050c27501aba8b0ab05e1916afffd21ba30257ebf8,unknown,pfbofa.zip,zip,2026-08-04 22:16:48,MalwareBazaar
MD5,da90fd74d3033e19b43c7bf0c9a9eec0,151b01ecbb7aca8b8a3e82f2e74c4f496e95046b89601a2482e6dcb3d570d78c,Formbook,Q88 with vessel's particulars.exe,exe,2026-08-04 22:14:41,MalwareBazaar
SHA-1,dd5b0cb474bef398e49423fe6b83713834232439,151b01ecbb7aca8b8a3e82f2e74c4f496e95046b89601a2482e6dcb3d570d78c,Formbook,Q88 with vessel's particulars.exe,exe,2026-08-04 22:14:41,MalwareBazaar
SHA-256,151b01ecbb7aca8b8a3e82f2e74c4f496e95046b89601a2482e6dcb3d570d78c,151b01ecbb7aca8b8a3e82f2e74c4f496e95046b89601a2482e6dcb3d570d78c,Formbook,Q88 with vessel's particulars.exe,exe,2026-08-04 22:14:41,MalwareBazaar
SHA3-384,92218cb8a8c816820c6965782af3015ca15866015d0167b5132d4f4a82e911e498006650ac44589edb121e94b22657c1,151b01ecbb7aca8b8a3e82f2e74c4f496e95046b89601a2482e6dcb3d570d78c,Formbook,Q88 with vessel's particulars.exe,exe,2026-08-04 22:14:41,MalwareBazaar
IMPHASH,f34d5f2d4577ed6d9ceec516c1f5a744,151b01ecbb7aca8b8a3e82f2e74c4f496e95046b89601a2482e6dcb3d570d78c,Formbook,Q88 with vessel's particulars.exe,exe,2026-08-04 22:14:41,MalwareBazaar
TLSH,T1772501262E83BB40D7780F3DC162149853F4D21B5222F7AA1EFE02F44E57F6D9A2745A,151b01ecbb7aca8b8a3e82f2e74c4f496e95046b89601a2482e6dcb3d570d78c,Formbook,Q88 with vessel's particulars.exe,exe,2026-08-04 22:14:41,MalwareBazaar
SSDEEP,24576:S+4S39HMJU3YORunWhm60XybH350qIno0GYb:S+b3eJUDYnWY60K5Mj,151b01ecbb7aca8b8a3e82f2e74c4f496e95046b89601a2482e6dcb3d570d78c,Formbook,Q88 with vessel's particulars.exe,exe,2026-08-04 22:14:41,MalwareBazaar
MD5,fbfc482fd1420ffc9f918f064a20c59c,4cc5af32dfe739b1d73d1291dd178e4b8b76cb5b5cb4096b03d060c9236a5896,unknown,ok,sh,2026-08-04 22:09:48,MalwareBazaar
SHA-1,825d925b5e2f90d7d5160c9fb07a465f7f7219d5,4cc5af32dfe739b1d73d1291dd178e4b8b76cb5b5cb4096b03d060c9236a5896,unknown,ok,sh,2026-08-04 22:09:48,MalwareBazaar
SHA-256,4cc5af32dfe739b1d73d1291dd178e4b8b76cb5b5cb4096b03d060c9236a5896,4cc5af32dfe739b1d73d1291dd178e4b8b76cb5b5cb4096b03d060c9236a5896,unknown,ok,sh,2026-08-04 22:09:48,MalwareBazaar
SHA3-384,b4acf004664b4ab165fa3a74e3c8dd80ad7e27fb6e0ea1e80fdaff2896ad31a4316bb3e657bc880f449402a6ee22b991,4cc5af32dfe739b1d73d1291dd178e4b8b76cb5b5cb4096b03d060c9236a5896,unknown,ok,sh,2026-08-04 22:09:48,MalwareBazaar
TLSH,T13F3190FF0316DB128904CA4BB3A1154D5205C2AF2F6BE7F8EF4C2D3A638A5583259B47,4cc5af32dfe739b1d73d1291dd178e4b8b76cb5b5cb4096b03d060c9236a5896,unknown,ok,sh,2026-08-04 22:09:48,MalwareBazaar
SSDEEP,24:q3pGyj6b6BYKEVpPo0dHXwg+jeYsFYmoCcgl7J7NE:Io1dpw0dAg+6YsFN7J7NE,4cc5af32dfe739b1d73d1291dd178e4b8b76cb5b5cb4096b03d060c9236a5896,unknown,ok,sh,2026-08-04 22:09:48,MalwareBazaar
MD5,dd8d47b19e413e031d9c8b40d49f136d,0e6518062d007026012e15e87f993f51b5338a6317c69330db4671887817a26e,Prometei,0e6518062d007026012e15e87f993f51b5338a6317c69330db4671887817a26e,elf,2026-08-04 22:08:04,MalwareBazaar
SHA-1,0c7df2950889474de81430d89c0c1776686a267d,0e6518062d007026012e15e87f993f51b5338a6317c69330db4671887817a26e,Prometei,0e6518062d007026012e15e87f993f51b5338a6317c69330db4671887817a26e,elf,2026-08-04 22:08:04,MalwareBazaar
SHA-256,0e6518062d007026012e15e87f993f51b5338a6317c69330db4671887817a26e,0e6518062d007026012e15e87f993f51b5338a6317c69330db4671887817a26e,Prometei,0e6518062d007026012e15e87f993f51b5338a6317c69330db4671887817a26e,elf,2026-08-04 22:08:04,MalwareBazaar
SHA3-384,736d6788963a54affd9ddee33636fd5b7ccacfa635786ef9ae70bb4a987b69e281abf800425953d939b3dc03220f63e9,0e6518062d007026012e15e87f993f51b5338a6317c69330db4671887817a26e,Prometei,0e6518062d007026012e15e87f993f51b5338a6317c69330db4671887817a26e,elf,2026-08-04 22:08:04,MalwareBazaar
TLSH,T1EFA423B4F9219E8F6DD769B91B24C31DE182D172589D4C2313AE94A34F3D732AF2C816,0e6518062d007026012e15e87f993f51b5338a6317c69330db4671887817a26e,Prometei,0e6518062d007026012e15e87f993f51b5338a6317c69330db4671887817a26e,elf,2026-08-04 22:08:04,MalwareBazaar
SSDEEP,12288:Fs+/py5fM2l+M5F7TsJwtY1yvr+bT1psS+6T6NCj76tsdt:Fs6pyCC/Ya2hpi6T6N4b,0e6518062d007026012e15e87f993f51b5338a6317c69330db4671887817a26e,Prometei,0e6518062d007026012e15e87f993f51b5338a6317c69330db4671887817a26e,elf,2026-08-04 22:08:04,MalwareBazaar
MD5,3c480e63ebeb2bd7dc3846b216d34886,a5073027d44c6ce3d7b0b8b29e4cfefb509665c4c25848e75522ebd7eb17c836,Prometei,a5073027d44c6ce3d7b0b8b29e4cfefb509665c4c25848e75522ebd7eb17c836,elf,2026-08-04 22:07:07,MalwareBazaar
SHA-1,2cfc74c230d1c370d157e651ea3066f341b0206f,a5073027d44c6ce3d7b0b8b29e4cfefb509665c4c25848e75522ebd7eb17c836,Prometei,a5073027d44c6ce3d7b0b8b29e4cfefb509665c4c25848e75522ebd7eb17c836,elf,2026-08-04 22:07:07,MalwareBazaar
SHA-256,a5073027d44c6ce3d7b0b8b29e4cfefb509665c4c25848e75522ebd7eb17c836,a5073027d44c6ce3d7b0b8b29e4cfefb509665c4c25848e75522ebd7eb17c836,Prometei,a5073027d44c6ce3d7b0b8b29e4cfefb509665c4c25848e75522ebd7eb17c836,elf,2026-08-04 22:07:07,MalwareBazaar
SHA3-384,c67626039485d8a293cd940c94ab85fd7c57c21a4fa7ba38efaa68e70656ce883c5e00f039366c470611826d895618a3,a5073027d44c6ce3d7b0b8b29e4cfefb509665c4c25848e75522ebd7eb17c836,Prometei,a5073027d44c6ce3d7b0b8b29e4cfefb509665c4c25848e75522ebd7eb17c836,elf,2026-08-04 22:07:07,MalwareBazaar
TLSH,T177A423B4F9219E8F6DD769B91B24831DE182C172589D4C2313AE95E34F3D632BF2C816,a5073027d44c6ce3d7b0b8b29e4cfefb509665c4c25848e75522ebd7eb17c836,Prometei,a5073027d44c6ce3d7b0b8b29e4cfefb509665c4c25848e75522ebd7eb17c836,elf,2026-08-04 22:07:07,MalwareBazaar
SSDEEP,12288:Fs+/py5fM2l+M5F7TsJwtY1yvr+bT1psS+6T6NCj76tsdk:Fs6pyCC/Ya2hpi6T6N4m,a5073027d44c6ce3d7b0b8b29e4cfefb509665c4c25848e75522ebd7eb17c836,Prometei,a5073027d44c6ce3d7b0b8b29e4cfefb509665c4c25848e75522ebd7eb17c836,elf,2026-08-04 22:07:07,MalwareBazaar
MD5,03a2ee34e4320374b76fac09f265159c,918a0a4cde273e289a846a5e21e160c2caf84372cc13c717d707458c7fd561a8,Mirai,data_arm7,elf,2026-08-04 21:57:40,MalwareBazaar
SHA-1,527c5666a6757860e7f1ee9ec8e36e9af10de154,918a0a4cde273e289a846a5e21e160c2caf84372cc13c717d707458c7fd561a8,Mirai,data_arm7,elf,2026-08-04 21:57:40,MalwareBazaar
SHA-256,918a0a4cde273e289a846a5e21e160c2caf84372cc13c717d707458c7fd561a8,918a0a4cde273e289a846a5e21e160c2caf84372cc13c717d707458c7fd561a8,Mirai,data_arm7,elf,2026-08-04 21:57:40,MalwareBazaar
SHA3-384,828cfe5c8de1dd8c6638f90ff5ab0b48873df0b42a9f2ac77a8d02e7d6a072d17370ee680a1787460a25e7f91fde0f40,918a0a4cde273e289a846a5e21e160c2caf84372cc13c717d707458c7fd561a8,Mirai,data_arm7,elf,2026-08-04 21:57:40,MalwareBazaar
TLSH,T1D5E3074AA9519F12D5C321FAFB9F814933136FB8E3F93102DD246F60278B99B0E76512,918a0a4cde273e289a846a5e21e160c2caf84372cc13c717d707458c7fd561a8,Mirai,data_arm7,elf,2026-08-04 21:57:40,MalwareBazaar
TELFHASH,t15e21f15dcd9c0fac7bd48388c0ee990f86f5356b1f102066da5d9e6f4292cc67035927,918a0a4cde273e289a846a5e21e160c2caf84372cc13c717d707458c7fd561a8,Mirai,data_arm7,elf,2026-08-04 21:57:40,MalwareBazaar
SSDEEP,3072:7L1lAQfl3poFSyQLShdGx5w0VaAX9ug9B5Syzr9GSuOXgSneAQPcFcq:7HllpoFSyQfxJVaKV9B5Syv9GSvgC1Qe,918a0a4cde273e289a846a5e21e160c2caf84372cc13c717d707458c7fd561a8,Mirai,data_arm7,elf,2026-08-04 21:57:40,MalwareBazaar
MD5,c6090d84f3ccccd3d3902921f640dfc9,a8ae2492cac7901938e1e12b81d858b96f9b10609bda4678dfb63a0be56473e7,Mirai,data_powerpc,elf,2026-08-04 21:57:39,MalwareBazaar
SHA-1,2ffb8b05eb6f599abf3dae5e6eb5e6f07289aeca,a8ae2492cac7901938e1e12b81d858b96f9b10609bda4678dfb63a0be56473e7,Mirai,data_powerpc,elf,2026-08-04 21:57:39,MalwareBazaar
SHA-256,a8ae2492cac7901938e1e12b81d858b96f9b10609bda4678dfb63a0be56473e7,a8ae2492cac7901938e1e12b81d858b96f9b10609bda4678dfb63a0be56473e7,Mirai,data_powerpc,elf,2026-08-04 21:57:39,MalwareBazaar
SHA3-384,f60f2fc33d5d0fc688b330b233b4d57e7a9c10331162c89ca0cfff07ab37fa9eeabd5b3316631d9aefaba80338a9ddd1,a8ae2492cac7901938e1e12b81d858b96f9b10609bda4678dfb63a0be56473e7,Mirai,data_powerpc,elf,2026-08-04 21:57:39,MalwareBazaar
TLSH,T1C9C33902770D0F43E1232CF03B7B1BE0879ABEA619F5A584751EBEC65275EB12142ED9,a8ae2492cac7901938e1e12b81d858b96f9b10609bda4678dfb63a0be56473e7,Mirai,data_powerpc,elf,2026-08-04 21:57:39,MalwareBazaar
SSDEEP,3072:V//0H5Iu/M2Fo4zMot5CRMw/KbIX+6atnE6:V//6H//e4A8gRMBbCItnE6,a8ae2492cac7901938e1e12b81d858b96f9b10609bda4678dfb63a0be56473e7,Mirai,data_powerpc,elf,2026-08-04 21:57:39,MalwareBazaar
MD5,cbf0833f9bc206c1ca56376c5b47119e,26d365cb80c309e42a88e0091f15a3c5de80409d18d141c83c8802e82abab22f,Mirai,data_arm4,elf,2026-08-04 21:57:37,MalwareBazaar
SHA-1,7e78e4592d01c78b6d39ce50587c0ce3ddeb6665,26d365cb80c309e42a88e0091f15a3c5de80409d18d141c83c8802e82abab22f,Mirai,data_arm4,elf,2026-08-04 21:57:37,MalwareBazaar
SHA-256,26d365cb80c309e42a88e0091f15a3c5de80409d18d141c83c8802e82abab22f,26d365cb80c309e42a88e0091f15a3c5de80409d18d141c83c8802e82abab22f,Mirai,data_arm4,elf,2026-08-04 21:57:37,MalwareBazaar
SHA3-384,595be80a93ab454b2652d41b35337fdb6a1a27f3a761fae1943ade79e8f5d6f425a6fa4abde060fa7d5b2be31bc89281,26d365cb80c309e42a88e0091f15a3c5de80409d18d141c83c8802e82abab22f,Mirai,data_arm4,elf,2026-08-04 21:57:37,MalwareBazaar
TLSH,T1EDC31A427E528F13C6C321F6FBAE42583B136B7CD7EA7202A9247F50274B8DA0E76551,26d365cb80c309e42a88e0091f15a3c5de80409d18d141c83c8802e82abab22f,Mirai,data_arm4,elf,2026-08-04 21:57:37,MalwareBazaar
TELFHASH,t1a321e222df9905ac67f0c555819be02547ed34ee175a24294e1a7b2f8c4b580b83d825,26d365cb80c309e42a88e0091f15a3c5de80409d18d141c83c8802e82abab22f,Mirai,data_arm4,elf,2026-08-04 21:57:37,MalwareBazaar
SSDEEP,3072:79M51agDjr3WrKkU9ZamTl1hGWVauXkS6O4X:6Vr3WrKk4aM1hGqa/S6O4X,26d365cb80c309e42a88e0091f15a3c5de80409d18d141c83c8802e82abab22f,Mirai,data_arm4,elf,2026-08-04 21:57:37,MalwareBazaar
MD5,20d8300b6ac1237261d0b08bb2369f14,47db897ff8ee59a7caa16b8b06e8bf45a376be9e3f581587d8fcaeda6d7d75d0,Mirai,data_arm6,elf,2026-08-04 21:54:34,MalwareBazaar
SHA-1,e4d2799428e03c671dba52cf5b01f50cf8e1892e,47db897ff8ee59a7caa16b8b06e8bf45a376be9e3f581587d8fcaeda6d7d75d0,Mirai,data_arm6,elf,2026-08-04 21:54:34,MalwareBazaar
SHA-256,47db897ff8ee59a7caa16b8b06e8bf45a376be9e3f581587d8fcaeda6d7d75d0,47db897ff8ee59a7caa16b8b06e8bf45a376be9e3f581587d8fcaeda6d7d75d0,Mirai,data_arm6,elf,2026-08-04 21:54:34,MalwareBazaar
SHA3-384,9c7094d9bce32dda188c8418d045e42174168f73c0099c770afdc176dcf092be0e3012573890f11553cb6acd8e7bf200,47db897ff8ee59a7caa16b8b06e8bf45a376be9e3f581587d8fcaeda6d7d75d0,Mirai,data_arm6,elf,2026-08-04 21:54:34,MalwareBazaar
TLSH,T11BD31A56A952CB12C1C325BAFB9F514D33132FB8E3ED72029D14AF60678B8DB0E76512,47db897ff8ee59a7caa16b8b06e8bf45a376be9e3f581587d8fcaeda6d7d75d0,Mirai,data_arm6,elf,2026-08-04 21:54:34,MalwareBazaar
TELFHASH,t1d221ac66ffd10a6c5bf443ed92a988391aad358e0b2138578b08f72fc2529d4f029422,47db897ff8ee59a7caa16b8b06e8bf45a376be9e3f581587d8fcaeda6d7d75d0,Mirai,data_arm6,elf,2026-08-04 21:54:34,MalwareBazaar
SSDEEP,3072:rM2RyKsGadJ7x8Wtulk+PdcEbLzav0yS7R6N5mhfjoLxXO:rtxs5dJ7x8WtkP6EbfatS8N5AoLxXO,47db897ff8ee59a7caa16b8b06e8bf45a376be9e3f581587d8fcaeda6d7d75d0,Mirai,data_arm6,elf,2026-08-04 21:54:34,MalwareBazaar
MD5,ca5fef9a891acf04dddfb9680ca652ae,b038d9b928a355c583d0c64f5f32990e557a40117d9fa7b9c231022f540f40be,Mirai,data_arm5,elf,2026-08-04 21:54:33,MalwareBazaar
SHA-1,dd00c1e11fd2dc34a78cff078e34639892bdf239,b038d9b928a355c583d0c64f5f32990e557a40117d9fa7b9c231022f540f40be,Mirai,data_arm5,elf,2026-08-04 21:54:33,MalwareBazaar
SHA-256,b038d9b928a355c583d0c64f5f32990e557a40117d9fa7b9c231022f540f40be,b038d9b928a355c583d0c64f5f32990e557a40117d9fa7b9c231022f540f40be,Mirai,data_arm5,elf,2026-08-04 21:54:33,MalwareBazaar
SHA3-384,6697c8a3a9b1cfe04bb9c42bbed098e1b5d73ab5bd94a126dfeaa8ffad4b8b4f89c7659ec1c6ad2c95cfd4667c08673f,b038d9b928a355c583d0c64f5f32990e557a40117d9fa7b9c231022f540f40be,Mirai,data_arm5,elf,2026-08-04 21:54:33,MalwareBazaar
TLSH,T1F4C31A527E429F13C6C321F6FBAE46583B176B7DD7EA3102E9247F50234B8DA0E26611,b038d9b928a355c583d0c64f5f32990e557a40117d9fa7b9c231022f540f40be,Mirai,data_arm5,elf,2026-08-04 21:54:33,MalwareBazaar
TELFHASH,t18021e051ea90169c6bf182ac91bde1564bd930b85b133119af3ba35f9acad81300c466,b038d9b928a355c583d0c64f5f32990e557a40117d9fa7b9c231022f540f40be,Mirai,data_arm5,elf,2026-08-04 21:54:33,MalwareBazaar
SSDEEP,3072:LXTRoumQZXAGtermlOin5DoMCU1vAQaX:BoumQxAFKOintpCqvAQaX,b038d9b928a355c583d0c64f5f32990e557a40117d9fa7b9c231022f540f40be,Mirai,data_arm5,elf,2026-08-04 21:54:33,MalwareBazaar
MD5,c5940abae3fb2c368f0841417c9b0454,8de2d51797f113896007d6ed8c634d99f5cee4c34c2bf55b1e4c19432afcbab3,ValleyRAT,C5940ABAE3FB2C368F0841417C9B0454.exe,exe,2026-08-04 21:45:32,MalwareBazaar
SHA-1,4a7d250aa077b7e3a2923cf7451058ae07a69b77,8de2d51797f113896007d6ed8c634d99f5cee4c34c2bf55b1e4c19432afcbab3,ValleyRAT,C5940ABAE3FB2C368F0841417C9B0454.exe,exe,2026-08-04 21:45:32,MalwareBazaar
SHA-256,8de2d51797f113896007d6ed8c634d99f5cee4c34c2bf55b1e4c19432afcbab3,8de2d51797f113896007d6ed8c634d99f5cee4c34c2bf55b1e4c19432afcbab3,ValleyRAT,C5940ABAE3FB2C368F0841417C9B0454.exe,exe,2026-08-04 21:45:32,MalwareBazaar
SHA3-384,5a8b7b1ef8d7dad7cdd8e168caed8097e94c3f959f81082cf24d8abb3367825dee6d49f2a669339587f92b2273ac438d,8de2d51797f113896007d6ed8c634d99f5cee4c34c2bf55b1e4c19432afcbab3,ValleyRAT,C5940ABAE3FB2C368F0841417C9B0454.exe,exe,2026-08-04 21:45:32,MalwareBazaar
IMPHASH,d61098bb34ea41207b7b575f9f5f033b,8de2d51797f113896007d6ed8c634d99f5cee4c34c2bf55b1e4c19432afcbab3,ValleyRAT,C5940ABAE3FB2C368F0841417C9B0454.exe,exe,2026-08-04 21:45:32,MalwareBazaar
TLSH,T1CB866B21B54ACC26D1AD06B85D2C9F9AD23C6D261B2184DB72FE7F5E16364C23236F13,8de2d51797f113896007d6ed8c634d99f5cee4c34c2bf55b1e4c19432afcbab3,ValleyRAT,C5940ABAE3FB2C368F0841417C9B0454.exe,exe,2026-08-04 21:45:32,MalwareBazaar
SSDEEP,196608:dOt5LgwyaVFZ5AejK9Z6aHm+ByHXDmKuemuUIBqYSqSbhK:dOt5LgwyaPEejK9Z6aPcCKuemuTBHDSU,8de2d51797f113896007d6ed8c634d99f5cee4c34c2bf55b1e4c19432afcbab3,ValleyRAT,C5940ABAE3FB2C368F0841417C9B0454.exe,exe,2026-08-04 21:45:32,MalwareBazaar
ICON-DHASH,6d6de9c7b1b0a2c0,8de2d51797f113896007d6ed8c634d99f5cee4c34c2bf55b1e4c19432afcbab3,ValleyRAT,C5940ABAE3FB2C368F0841417C9B0454.exe,exe,2026-08-04 21:45:32,MalwareBazaar
MD5,b33a668328313f6843b1b8094bfaffe3,1d0b8f081975cc9dfb542c8da5d173c3a68a23531e83f07e86ccc706e56d76f3,ValleyRAT,B33A668328313F6843B1B8094BFAFFE3.exe,exe,2026-08-04 21:45:28,MalwareBazaar
SHA-1,9681a8e07a3f673e5fad0cd3fd844ed67422ee0d,1d0b8f081975cc9dfb542c8da5d173c3a68a23531e83f07e86ccc706e56d76f3,ValleyRAT,B33A668328313F6843B1B8094BFAFFE3.exe,exe,2026-08-04 21:45:28,MalwareBazaar
SHA-256,1d0b8f081975cc9dfb542c8da5d173c3a68a23531e83f07e86ccc706e56d76f3,1d0b8f081975cc9dfb542c8da5d173c3a68a23531e83f07e86ccc706e56d76f3,ValleyRAT,B33A668328313F6843B1B8094BFAFFE3.exe,exe,2026-08-04 21:45:28,MalwareBazaar
SHA3-384,b007d69d6441dd366bd034ec50dd55846c9a029fb7f19c1c7c537ac5bd25b2f42c1ee5784790ce0d01ff1cb230e8f7b8,1d0b8f081975cc9dfb542c8da5d173c3a68a23531e83f07e86ccc706e56d76f3,ValleyRAT,B33A668328313F6843B1B8094BFAFFE3.exe,exe,2026-08-04 21:45:28,MalwareBazaar
IMPHASH,40ab50289f7ef5fae60801f88d4541fc,1d0b8f081975cc9dfb542c8da5d173c3a68a23531e83f07e86ccc706e56d76f3,ValleyRAT,B33A668328313F6843B1B8094BFAFFE3.exe,exe,2026-08-04 21:45:28,MalwareBazaar
TLSH,T16A160213B28BE43EE05E0B370572A26494FBB7656127ED1697E0889CCF661502E3FB47,1d0b8f081975cc9dfb542c8da5d173c3a68a23531e83f07e86ccc706e56d76f3,ValleyRAT,B33A668328313F6843B1B8094BFAFFE3.exe,exe,2026-08-04 21:45:28,MalwareBazaar
SSDEEP,98304:3rYNP16C0RSAqUcfQCS1bNmVnLLa4OHb5fO36rojDTg:bYF4CLAtp7pNmVnOO33jng,1d0b8f081975cc9dfb542c8da5d173c3a68a23531e83f07e86ccc706e56d76f3,ValleyRAT,B33A668328313F6843B1B8094BFAFFE3.exe,exe,2026-08-04 21:45:28,MalwareBazaar
ICON-DHASH,b292849696969e8e,1d0b8f081975cc9dfb542c8da5d173c3a68a23531e83f07e86ccc706e56d76f3,ValleyRAT,B33A668328313F6843B1B8094BFAFFE3.exe,exe,2026-08-04 21:45:28,MalwareBazaar
MD5,47a4f35908f85c4a3fbe536341989d7a,931ce3beac7484c2bab59eb90ee0b8230823a2f7b0dbfd6ffd4296767b0640b8,ValleyRAT,47A4F35908F85C4A3FBE536341989D7A.dll,dll,2026-08-04 21:45:24,MalwareBazaar
SHA-1,6c05f1d4a1d5ab6414f2df877978cf253c2f2d30,931ce3beac7484c2bab59eb90ee0b8230823a2f7b0dbfd6ffd4296767b0640b8,ValleyRAT,47A4F35908F85C4A3FBE536341989D7A.dll,dll,2026-08-04 21:45:24,MalwareBazaar
SHA-256,931ce3beac7484c2bab59eb90ee0b8230823a2f7b0dbfd6ffd4296767b0640b8,931ce3beac7484c2bab59eb90ee0b8230823a2f7b0dbfd6ffd4296767b0640b8,ValleyRAT,47A4F35908F85C4A3FBE536341989D7A.dll,dll,2026-08-04 21:45:24,MalwareBazaar
SHA3-384,5879018a51e69e4b133dbf03c88d87b354e76a4b4dfb06bc9a929cba8ebeb298f6aff54651775699786139359516a9ff,931ce3beac7484c2bab59eb90ee0b8230823a2f7b0dbfd6ffd4296767b0640b8,ValleyRAT,47A4F35908F85C4A3FBE536341989D7A.dll,dll,2026-08-04 21:45:24,MalwareBazaar
IMPHASH,3d78bbe1faa6a6dae6c4cb9020627809,931ce3beac7484c2bab59eb90ee0b8230823a2f7b0dbfd6ffd4296767b0640b8,ValleyRAT,47A4F35908F85C4A3FBE536341989D7A.dll,dll,2026-08-04 21:45:24,MalwareBazaar
TLSH,T1EF746C21B291C236D5AE1130A679DB7B0D7D78310BE5D0CBA3D04E6E1E217E2EE3475A,931ce3beac7484c2bab59eb90ee0b8230823a2f7b0dbfd6ffd4296767b0640b8,ValleyRAT,47A4F35908F85C4A3FBE536341989D7A.dll,dll,2026-08-04 21:45:24,MalwareBazaar
SSDEEP,6144:8n+06yirywPV6q6KRIb1qkNMJ5A8S0+z2oQ9UeFMr:Ah6yiBP3DkK5A8S0+2ouU,931ce3beac7484c2bab59eb90ee0b8230823a2f7b0dbfd6ffd4296767b0640b8,ValleyRAT,47A4F35908F85C4A3FBE536341989D7A.dll,dll,2026-08-04 21:45:24,MalwareBazaar
MD5,83a191c82a700bd83128f7ad8576a1cd,3e6b5327d9d19cdcd8adf389b991cba090c49bd9f11d4909da89e19420c16b42,ValleyRAT,83A191C82A700BD83128F7AD8576A1CD.dll,dll,2026-08-04 21:45:21,MalwareBazaar
SHA-1,5cdbcbbd73e6c239fd73ee8597e0e57d7c4182f5,3e6b5327d9d19cdcd8adf389b991cba090c49bd9f11d4909da89e19420c16b42,ValleyRAT,83A191C82A700BD83128F7AD8576A1CD.dll,dll,2026-08-04 21:45:21,MalwareBazaar
SHA-256,3e6b5327d9d19cdcd8adf389b991cba090c49bd9f11d4909da89e19420c16b42,3e6b5327d9d19cdcd8adf389b991cba090c49bd9f11d4909da89e19420c16b42,ValleyRAT,83A191C82A700BD83128F7AD8576A1CD.dll,dll,2026-08-04 21:45:21,MalwareBazaar
SHA3-384,1c346217998c399a5a6cf8d58e7f555ed1dfa12e23a7409043bb749a2d6ab88961afec9aad4794c0568e88682e376f99,3e6b5327d9d19cdcd8adf389b991cba090c49bd9f11d4909da89e19420c16b42,ValleyRAT,83A191C82A700BD83128F7AD8576A1CD.dll,dll,2026-08-04 21:45:21,MalwareBazaar
IMPHASH,3d78bbe1faa6a6dae6c4cb9020627809,3e6b5327d9d19cdcd8adf389b991cba090c49bd9f11d4909da89e19420c16b42,ValleyRAT,83A191C82A700BD83128F7AD8576A1CD.dll,dll,2026-08-04 21:45:21,MalwareBazaar
TLSH,T119747C21B291C236D5AE1134A679DB7B0D7D78310BE5D0CBA3D04A6E1E213E2EF3475A,3e6b5327d9d19cdcd8adf389b991cba090c49bd9f11d4909da89e19420c16b42,ValleyRAT,83A191C82A700BD83128F7AD8576A1CD.dll,dll,2026-08-04 21:45:21,MalwareBazaar
SSDEEP,6144:Wn+06yirywPV6q6KRIb1qkNMJ5A8S0+z2oQHUeFMr:mh6yiBP3DkK5A8S0+2oIU,3e6b5327d9d19cdcd8adf389b991cba090c49bd9f11d4909da89e19420c16b42,ValleyRAT,83A191C82A700BD83128F7AD8576A1CD.dll,dll,2026-08-04 21:45:21,MalwareBazaar
MD5,0a3e2c2bd38771605cb2eeae9c8cbc62,a85a685e8753319479922d6098726906804dca6a518205ed70fd555c5289d743,DCRat,0a3e2c2bd38771605cb2eeae9c8cbc62.exe,exe,2026-08-04 21:45:17,MalwareBazaar
SHA-1,9a271677e5d66df8d0b7d0677893d69ce9ab72f1,a85a685e8753319479922d6098726906804dca6a518205ed70fd555c5289d743,DCRat,0a3e2c2bd38771605cb2eeae9c8cbc62.exe,exe,2026-08-04 21:45:17,MalwareBazaar
SHA-256,a85a685e8753319479922d6098726906804dca6a518205ed70fd555c5289d743,a85a685e8753319479922d6098726906804dca6a518205ed70fd555c5289d743,DCRat,0a3e2c2bd38771605cb2eeae9c8cbc62.exe,exe,2026-08-04 21:45:17,MalwareBazaar
SHA3-384,ef5f9b6bf70d8bdf2814efa969e449570f1bfacb427dc0569a2eaa877ed3d019267b60316b88b5b75161ec3471a5f618,a85a685e8753319479922d6098726906804dca6a518205ed70fd555c5289d743,DCRat,0a3e2c2bd38771605cb2eeae9c8cbc62.exe,exe,2026-08-04 21:45:17,MalwareBazaar
IMPHASH,f34d5f2d4577ed6d9ceec516c1f5a744,a85a685e8753319479922d6098726906804dca6a518205ed70fd555c5289d743,DCRat,0a3e2c2bd38771605cb2eeae9c8cbc62.exe,exe,2026-08-04 21:45:17,MalwareBazaar
TLSH,T1E4E5D0017E45CE01F0091273C2EF494847B9A95166A6E31FBDBA37AE65523E73C0DACB,a85a685e8753319479922d6098726906804dca6a518205ed70fd555c5289d743,DCRat,0a3e2c2bd38771605cb2eeae9c8cbc62.exe,exe,2026-08-04 21:45:17,MalwareBazaar
SSDEEP,49152:0iLfjgg4P/r0AXH3gyMaElS0a+yqQKrvVkOPR3QdE0QynCsAJWVPT7djEPt:bfjgrLJgyelE43/0LnCbYVrBjEPt,a85a685e8753319479922d6098726906804dca6a518205ed70fd555c5289d743,DCRat,0a3e2c2bd38771605cb2eeae9c8cbc62.exe,exe,2026-08-04 21:45:17,MalwareBazaar
MD5,fa401024b25cfc7e0a62134ff7ff71e3,5d8b365ca864c693f967e2b087db0838dea3cb639325ae9be1df085b771f8796,RemcosRAT,Order Specicifications-request for AYB64537.J.js,js,2026-08-04 21:45:14,MalwareBazaar
SHA-1,d5b0fe65a71d1493c87bb3205a55504209868b9a,5d8b365ca864c693f967e2b087db0838dea3cb639325ae9be1df085b771f8796,RemcosRAT,Order Specicifications-request for AYB64537.J.js,js,2026-08-04 21:45:14,MalwareBazaar
SHA-256,5d8b365ca864c693f967e2b087db0838dea3cb639325ae9be1df085b771f8796,5d8b365ca864c693f967e2b087db0838dea3cb639325ae9be1df085b771f8796,RemcosRAT,Order Specicifications-request for AYB64537.J.js,js,2026-08-04 21:45:14,MalwareBazaar
SHA3-384,281f8713ba7ba8864400df5caed6f3f924d5a3598b1eddddaee0d084d4927a90a67fb025df971ab6724992ea56c08ded,5d8b365ca864c693f967e2b087db0838dea3cb639325ae9be1df085b771f8796,RemcosRAT,Order Specicifications-request for AYB64537.J.js,js,2026-08-04 21:45:14,MalwareBazaar
TLSH,T1361629D2279591727721BBAD923ECD319A0EA15318C2CF1471ADE608376CD4FA358EE3,5d8b365ca864c693f967e2b087db0838dea3cb639325ae9be1df085b771f8796,RemcosRAT,Order Specicifications-request for AYB64537.J.js,js,2026-08-04 21:45:14,MalwareBazaar
SSDEEP,98304:pkpKh34Cmue98+14wNtzeIuarxW/ZGITowutjREG/Fy35K5TRfRxKzO+OiQfa94I:+A6CW6EzeIuarxW/AjptjuG/A52KTwa/,5d8b365ca864c693f967e2b087db0838dea3cb639325ae9be1df085b771f8796,RemcosRAT,Order Specicifications-request for AYB64537.J.js,js,2026-08-04 21:45:14,MalwareBazaar
MD5,fee9a1ff4882ba692e235a8ce1e525b1,1f0ed64ac1128b10a54ad87cf10d1145bf56e7046b1eb7da1ff5162a0661dc8a,Pony,FEE9A1FF4882BA692E235A8CE1E525B1.exe,exe,2026-08-04 21:45:09,MalwareBazaar
SHA-1,3da11f13d831adda99b81fd43583c57ccb0474ab,1f0ed64ac1128b10a54ad87cf10d1145bf56e7046b1eb7da1ff5162a0661dc8a,Pony,FEE9A1FF4882BA692E235A8CE1E525B1.exe,exe,2026-08-04 21:45:09,MalwareBazaar
SHA-256,1f0ed64ac1128b10a54ad87cf10d1145bf56e7046b1eb7da1ff5162a0661dc8a,1f0ed64ac1128b10a54ad87cf10d1145bf56e7046b1eb7da1ff5162a0661dc8a,Pony,FEE9A1FF4882BA692E235A8CE1E525B1.exe,exe,2026-08-04 21:45:09,MalwareBazaar
SHA3-384,2eb172c312aeacccf8e10ceb761ac29e3425b3f8c240cd94a83656373066951064dd9820f658b14d0840f2e63374bccc,1f0ed64ac1128b10a54ad87cf10d1145bf56e7046b1eb7da1ff5162a0661dc8a,Pony,FEE9A1FF4882BA692E235A8CE1E525B1.exe,exe,2026-08-04 21:45:09,MalwareBazaar
IMPHASH,6d809cf712ffd89f86be8f79e3bcd47d,1f0ed64ac1128b10a54ad87cf10d1145bf56e7046b1eb7da1ff5162a0661dc8a,Pony,FEE9A1FF4882BA692E235A8CE1E525B1.exe,exe,2026-08-04 21:45:09,MalwareBazaar
TLSH,T15783F803F4C1E0F2C1A216712BC11770F7FDAEA9BC764D5FEF8C5585ADA2296AB12052,1f0ed64ac1128b10a54ad87cf10d1145bf56e7046b1eb7da1ff5162a0661dc8a,Pony,FEE9A1FF4882BA692E235A8CE1E525B1.exe,exe,2026-08-04 21:45:09,MalwareBazaar
SSDEEP,1536:vIGto2wQwgqTt/vV07lBfbmcTD9OemOU/TvekzbQTl2/C:A67kwBfbmVOAY4/C,1f0ed64ac1128b10a54ad87cf10d1145bf56e7046b1eb7da1ff5162a0661dc8a,Pony,FEE9A1FF4882BA692E235A8CE1E525B1.exe,exe,2026-08-04 21:45:09,MalwareBazaar
MD5,a06194a36273470e5bedebe9d313b951,93cfcf58ba02b6704041d8e036b4230a4ba9561723c5e7e8fdce681684864870,Pony,A06194A36273470E5BEDEBE9D313B951.exe,exe,2026-08-04 21:45:06,MalwareBazaar
SHA-1,a21226a0e754f7f27579c17e4f1f35ed7a1d978e,93cfcf58ba02b6704041d8e036b4230a4ba9561723c5e7e8fdce681684864870,Pony,A06194A36273470E5BEDEBE9D313B951.exe,exe,2026-08-04 21:45:06,MalwareBazaar
SHA-256,93cfcf58ba02b6704041d8e036b4230a4ba9561723c5e7e8fdce681684864870,93cfcf58ba02b6704041d8e036b4230a4ba9561723c5e7e8fdce681684864870,Pony,A06194A36273470E5BEDEBE9D313B951.exe,exe,2026-08-04 21:45:06,MalwareBazaar
SHA3-384,58b355a4af39e181a633016e115257bad262aea08333b188e5e29785cf42aed2b25614f0f6d95999fd98d9f1f84adc0a,93cfcf58ba02b6704041d8e036b4230a4ba9561723c5e7e8fdce681684864870,Pony,A06194A36273470E5BEDEBE9D313B951.exe,exe,2026-08-04 21:45:06,MalwareBazaar
IMPHASH,6d809cf712ffd89f86be8f79e3bcd47d,93cfcf58ba02b6704041d8e036b4230a4ba9561723c5e7e8fdce681684864870,Pony,A06194A36273470E5BEDEBE9D313B951.exe,exe,2026-08-04 21:45:06,MalwareBazaar
TLSH,T10883F803F4C1E0F2C1A216712BC11770F7FDAEA9BC764D5FEF8C5585ADA2296AB12052,93cfcf58ba02b6704041d8e036b4230a4ba9561723c5e7e8fdce681684864870,Pony,A06194A36273470E5BEDEBE9D313B951.exe,exe,2026-08-04 21:45:06,MalwareBazaar
SSDEEP,1536:9IGto2wQwgqTt/vV07lBfbmcTD9OemOU/TvekzbQTl2/C:667kwBfbmVOAY4/C,93cfcf58ba02b6704041d8e036b4230a4ba9561723c5e7e8fdce681684864870,Pony,A06194A36273470E5BEDEBE9D313B951.exe,exe,2026-08-04 21:45:06,MalwareBazaar
MD5,23d82b604133932ba4391ae7fb344dd0,97b2a7b78f98521a1436c44adb0f717b84364f67f4444b22d544caa2eba8811b,NanoCore,23d82b604133932ba4391ae7fb344dd0.exe,exe,2026-08-04 21:40:05,MalwareBazaar
SHA-1,9b75143b3e4e331a0de2796dc06ac888c55b0dca,97b2a7b78f98521a1436c44adb0f717b84364f67f4444b22d544caa2eba8811b,NanoCore,23d82b604133932ba4391ae7fb344dd0.exe,exe,2026-08-04 21:40:05,MalwareBazaar
SHA-256,97b2a7b78f98521a1436c44adb0f717b84364f67f4444b22d544caa2eba8811b,97b2a7b78f98521a1436c44adb0f717b84364f67f4444b22d544caa2eba8811b,NanoCore,23d82b604133932ba4391ae7fb344dd0.exe,exe,2026-08-04 21:40:05,MalwareBazaar
SHA3-384,696abc47e96765277d2f4961ad4586ea58a0c93751bc113081e84e4b1da5d193caef01ad3cecd9e124c7d69abf8253e5,97b2a7b78f98521a1436c44adb0f717b84364f67f4444b22d544caa2eba8811b,NanoCore,23d82b604133932ba4391ae7fb344dd0.exe,exe,2026-08-04 21:40:05,MalwareBazaar
IMPHASH,f34d5f2d4577ed6d9ceec516c1f5a744,97b2a7b78f98521a1436c44adb0f717b84364f67f4444b22d544caa2eba8811b,NanoCore,23d82b604133932ba4391ae7fb344dd0.exe,exe,2026-08-04 21:40:05,MalwareBazaar
TLSH,T1CE14CF1637A84A2FD2DE86BD611202139379C2E3A8C3F7DE28D455B79F667E50A070D3,97b2a7b78f98521a1436c44adb0f717b84364f67f4444b22d544caa2eba8811b,NanoCore,23d82b604133932ba4391ae7fb344dd0.exe,exe,2026-08-04 21:40:05,MalwareBazaar
SSDEEP,6144:gLV6Bta6dtJmakIM5kEcNr2JvU639Wn2a2:gLV6BtpmkmcNr6lNc0,97b2a7b78f98521a1436c44adb0f717b84364f67f4444b22d544caa2eba8811b,NanoCore,23d82b604133932ba4391ae7fb344dd0.exe,exe,2026-08-04 21:40:05,MalwareBazaar
MD5,b59686479528d4aabc65f98ab2ee479b,b481cc2e88ab19b63fca837aef5d80b961659621db8650ee307305062b4eeb41,Mirai,data_x86_64,elf,2026-08-04 21:33:45,MalwareBazaar
SHA-1,21308bc38b389ed859040ca70c776995a75a2642,b481cc2e88ab19b63fca837aef5d80b961659621db8650ee307305062b4eeb41,Mirai,data_x86_64,elf,2026-08-04 21:33:45,MalwareBazaar
SHA-256,b481cc2e88ab19b63fca837aef5d80b961659621db8650ee307305062b4eeb41,b481cc2e88ab19b63fca837aef5d80b961659621db8650ee307305062b4eeb41,Mirai,data_x86_64,elf,2026-08-04 21:33:45,MalwareBazaar
SHA3-384,462820349ccfccbe0f69aa27eb564a27f27b0e729e227c4abbcd6da708544f5155320bbc03eff437227a45a283459f3a,b481cc2e88ab19b63fca837aef5d80b961659621db8650ee307305062b4eeb41,Mirai,data_x86_64,elf,2026-08-04 21:33:45,MalwareBazaar
TLSH,T1E1845B93F6A228FCD952C930825D6513E638744943126AFB27C8EB753E16ED06F3EB50,b481cc2e88ab19b63fca837aef5d80b961659621db8650ee307305062b4eeb41,Mirai,data_x86_64,elf,2026-08-04 21:33:45,MalwareBazaar
TELFHASH,t19fa159b0418b65f8d592e5d5cfb2b72296b203e567546930813dfc70ee02fe4b965c03,b481cc2e88ab19b63fca837aef5d80b961659621db8650ee307305062b4eeb41,Mirai,data_x86_64,elf,2026-08-04 21:33:45,MalwareBazaar
SSDEEP,6144:HAVAAOAggqG0NFGN9rh5IZcF5zoJgha/phZNg8LOUuNC1rq5DF7OpQ:Hi1CBLnGPh5ImPsN/9bLOUWCotO,b481cc2e88ab19b63fca837aef5d80b961659621db8650ee307305062b4eeb41,Mirai,data_x86_64,elf,2026-08-04 21:33:45,MalwareBazaar
MD5,bbac2ea950c7313c7ad5ab041fa1eae8,844b854d590e9ebe4ae09a7233125f473ce3b05312bce3374b5f05c7d50d123a,Mirai,data_mipsel,elf,2026-08-04 21:33:42,MalwareBazaar
SHA-1,8e466d1addc4e1e31b4cc5109c7818bf2ff1e678,844b854d590e9ebe4ae09a7233125f473ce3b05312bce3374b5f05c7d50d123a,Mirai,data_mipsel,elf,2026-08-04 21:33:42,MalwareBazaar
SHA-256,844b854d590e9ebe4ae09a7233125f473ce3b05312bce3374b5f05c7d50d123a,844b854d590e9ebe4ae09a7233125f473ce3b05312bce3374b5f05c7d50d123a,Mirai,data_mipsel,elf,2026-08-04 21:33:42,MalwareBazaar
SHA3-384,2272ca06ccd42ebb00e592f56ad0ad9e193e20c1b6b8d50d01c53c998c243e2e9c8d308fc711c3de70a88027ba548556,844b854d590e9ebe4ae09a7233125f473ce3b05312bce3374b5f05c7d50d123a,Mirai,data_mipsel,elf,2026-08-04 21:33:42,MalwareBazaar
TLSH,T15DF3E60ABB600FF7D8ABDD7702EA0B1129CCA95725B43B797534E818B50B58B4AD3C74,844b854d590e9ebe4ae09a7233125f473ce3b05312bce3374b5f05c7d50d123a,Mirai,data_mipsel,elf,2026-08-04 21:33:42,MalwareBazaar
SSDEEP,1536:KRL+5d2HrbdPsoCNbhWaZ/m1L5qe0N8TDMLbtUwG/H4BBoZWPlZ4Dph7PCdu+V3X:cJL5PsApjrYBBtliphEvJR2EV2,844b854d590e9ebe4ae09a7233125f473ce3b05312bce3374b5f05c7d50d123a,Mirai,data_mipsel,elf,2026-08-04 21:33:42,MalwareBazaar
MD5,e9e0d48babde7905f11ff1935b9b3a44,6c65afb1eb421e192dd0b6ab9fa187b0973d43f10763279dd7f60098ec1acd69,Mirai,data_mips,elf,2026-08-04 21:33:40,MalwareBazaar
SHA-1,97e7dbc7907fbe703e3144234779a8b1067037db,6c65afb1eb421e192dd0b6ab9fa187b0973d43f10763279dd7f60098ec1acd69,Mirai,data_mips,elf,2026-08-04 21:33:40,MalwareBazaar
SHA-256,6c65afb1eb421e192dd0b6ab9fa187b0973d43f10763279dd7f60098ec1acd69,6c65afb1eb421e192dd0b6ab9fa187b0973d43f10763279dd7f60098ec1acd69,Mirai,data_mips,elf,2026-08-04 21:33:40,MalwareBazaar
SHA3-384,b3d0009b817ac4dfc54c70953797b4dc874a246e667c55631c1852f53f49e24b872b44bcd9e553d5b6362ec0c8f27e01,6c65afb1eb421e192dd0b6ab9fa187b0973d43f10763279dd7f60098ec1acd69,Mirai,data_mips,elf,2026-08-04 21:33:40,MalwareBazaar
TLSH,T16DF3975A6E228F7EF369877147B78E20975977D616E1C680E2ACD5001F202CE641FFB8,6c65afb1eb421e192dd0b6ab9fa187b0973d43f10763279dd7f60098ec1acd69,Mirai,data_mips,elf,2026-08-04 21:33:40,MalwareBazaar
TELFHASH,t17c4192080db817e0b6396c59045dfb67d6a330de7e266c238f21e86aa769b435d14c1d,6c65afb1eb421e192dd0b6ab9fa187b0973d43f10763279dd7f60098ec1acd69,Mirai,data_mips,elf,2026-08-04 21:33:40,MalwareBazaar
SSDEEP,3072:UMVklUaZLaRzRbIj4AAD+C3pnt8JoFT2E2VAY9W:5VklUIGRzR0j4QynXV2E2CKW,6c65afb1eb421e192dd0b6ab9fa187b0973d43f10763279dd7f60098ec1acd69,Mirai,data_mips,elf,2026-08-04 21:33:40,MalwareBazaar
MD5,994bceb67f526c2ad2a4d4d304bf0cb8,b19eb2605a969acda3bd284d2376acc657c3a556d4c81ce17eaaabe39d48b990,CoinMiner,file,exe,2026-08-04 21:25:07,MalwareBazaar
SHA-1,712ab4371b1979c2104280e21e57842a70ab9f63,b19eb2605a969acda3bd284d2376acc657c3a556d4c81ce17eaaabe39d48b990,CoinMiner,file,exe,2026-08-04 21:25:07,MalwareBazaar
SHA-256,b19eb2605a969acda3bd284d2376acc657c3a556d4c81ce17eaaabe39d48b990,b19eb2605a969acda3bd284d2376acc657c3a556d4c81ce17eaaabe39d48b990,CoinMiner,file,exe,2026-08-04 21:25:07,MalwareBazaar
SHA3-384,d9e0b477261e7fb0f19ab1b6dd083eca2f47de48d4fa614d023bbd71253f4678972702d47ba38fe714b1d9317074e4a4,b19eb2605a969acda3bd284d2376acc657c3a556d4c81ce17eaaabe39d48b990,CoinMiner,file,exe,2026-08-04 21:25:07,MalwareBazaar
IMPHASH,42cf01d41ef6dc0627982490afc9cddd,b19eb2605a969acda3bd284d2376acc657c3a556d4c81ce17eaaabe39d48b990,CoinMiner,file,exe,2026-08-04 21:25:07,MalwareBazaar
TLSH,T1E932D51E2E460331DE5008B4E575864A513C1EE37393EBDBE633E5DB0AD6E4584C1AAF,b19eb2605a969acda3bd284d2376acc657c3a556d4c81ce17eaaabe39d48b990,CoinMiner,file,exe,2026-08-04 21:25:07,MalwareBazaar
SSDEEP,192:YhIo2WbtBwLxeuqMaugPFJxTEZmFhEucS:po5oAJzugPFwZ,b19eb2605a969acda3bd284d2376acc657c3a556d4c81ce17eaaabe39d48b990,CoinMiner,file,exe,2026-08-04 21:25:07,MalwareBazaar
MD5,4264991601686145d9e14f36c1e7b3d9,0d298a65db890328d0357b2fb39ea7352645a994a601f430c38450769635f957,RemusStealer,file,exe,2026-08-04 21:22:42,MalwareBazaar
SHA-1,feb272114aba399e891d551603b195c4bce264c7,0d298a65db890328d0357b2fb39ea7352645a994a601f430c38450769635f957,RemusStealer,file,exe,2026-08-04 21:22:42,MalwareBazaar
SHA-256,0d298a65db890328d0357b2fb39ea7352645a994a601f430c38450769635f957,0d298a65db890328d0357b2fb39ea7352645a994a601f430c38450769635f957,RemusStealer,file,exe,2026-08-04 21:22:42,MalwareBazaar
SHA3-384,86a23024faed29ba7bb9199b77e4b95f3eb68c45c4499530923806ec699b14f45aceadce86832b277d60ce373a755d12,0d298a65db890328d0357b2fb39ea7352645a994a601f430c38450769635f957,RemusStealer,file,exe,2026-08-04 21:22:42,MalwareBazaar
IMPHASH,d9c0bfb4053066384ee7484b4c2917f9,0d298a65db890328d0357b2fb39ea7352645a994a601f430c38450769635f957,RemusStealer,file,exe,2026-08-04 21:22:42,MalwareBazaar
TLSH,T143A533800BC87843DC9E83F7EC9526A25768557157A96C03827752092EB773BF3B02AF,0d298a65db890328d0357b2fb39ea7352645a994a601f430c38450769635f957,RemusStealer,file,exe,2026-08-04 21:22:42,MalwareBazaar
SSDEEP,49152:bO+wxA1pzE9o3xJPMwSjlRyauLF1n7dgG75JUTe8dkXioeLS7/tugRs98Lb2az34:yJqzz0Cx1MNKfnh/lXLZUrCbVz3Dc,0d298a65db890328d0357b2fb39ea7352645a994a601f430c38450769635f957,RemusStealer,file,exe,2026-08-04 21:22:42,MalwareBazaar
ICON-DHASH,30f8cc8e8eccf030,0d298a65db890328d0357b2fb39ea7352645a994a601f430c38450769635f957,RemusStealer,file,exe,2026-08-04 21:22:42,MalwareBazaar
MD5,f5a368edff2c23f939ba18141a640044,b7db32e16aa207e3643f6f9a1b076e7b8ffdb8166ff5e76fe966ae0c94638ac0,Mirai,boatnet.mips,elf,2026-08-04 21:17:02,MalwareBazaar
SHA-1,3915a69048bc216d004a70ad163929a0ef43d293,b7db32e16aa207e3643f6f9a1b076e7b8ffdb8166ff5e76fe966ae0c94638ac0,Mirai,boatnet.mips,elf,2026-08-04 21:17:02,MalwareBazaar
SHA-256,b7db32e16aa207e3643f6f9a1b076e7b8ffdb8166ff5e76fe966ae0c94638ac0,b7db32e16aa207e3643f6f9a1b076e7b8ffdb8166ff5e76fe966ae0c94638ac0,Mirai,boatnet.mips,elf,2026-08-04 21:17:02,MalwareBazaar
SHA3-384,7d1905838b2252d4cbb18224dca1cf5300901450dfe7acca09be1a68a49d665a96223cd035eaccab02c40e01fed4edbb,b7db32e16aa207e3643f6f9a1b076e7b8ffdb8166ff5e76fe966ae0c94638ac0,Mirai,boatnet.mips,elf,2026-08-04 21:17:02,MalwareBazaar
TLSH,T130A3D61FAE058FBDF759C63407FB8E21969833C72AA1D581E17CD2105E6028E641FFA8,b7db32e16aa207e3643f6f9a1b076e7b8ffdb8166ff5e76fe966ae0c94638ac0,Mirai,boatnet.mips,elf,2026-08-04 21:17:02,MalwareBazaar
TELFHASH,t1d611a14c8a7413e4a7365ce9186eeb77e16131dd67326c234f01aca8ebadd814e10c0c,b7db32e16aa207e3643f6f9a1b076e7b8ffdb8166ff5e76fe966ae0c94638ac0,Mirai,boatnet.mips,elf,2026-08-04 21:17:02,MalwareBazaar
SSDEEP,1536:wb9iiB0QEn3XxThWXZp+3xd0gVaFqfm8eoN/D8WsD:piIXxUZp+70gVVfmmwWsD,b7db32e16aa207e3643f6f9a1b076e7b8ffdb8166ff5e76fe966ae0c94638ac0,Mirai,boatnet.mips,elf,2026-08-04 21:17:02,MalwareBazaar
MD5,4afa66fb709cfb1bd01ecc5d93cd2ac1,6e7d98f590da5a91bf0285d31002b80fb373a88aa1c355e63da5f6a4bd8f46c1,Mirai,boatnet.arm7,elf,2026-08-04 21:16:59,MalwareBazaar
SHA-1,f83615174d6e2cfe488fbf076310baf2b131cdbb,6e7d98f590da5a91bf0285d31002b80fb373a88aa1c355e63da5f6a4bd8f46c1,Mirai,boatnet.arm7,elf,2026-08-04 21:16:59,MalwareBazaar
SHA-256,6e7d98f590da5a91bf0285d31002b80fb373a88aa1c355e63da5f6a4bd8f46c1,6e7d98f590da5a91bf0285d31002b80fb373a88aa1c355e63da5f6a4bd8f46c1,Mirai,boatnet.arm7,elf,2026-08-04 21:16:59,MalwareBazaar
SHA3-384,2b05258920846afaa690039186c9618dc776fbf4ae14e49d8d2f627f81cb95dfcba2fe8f69d32fa4b80ad8e0386c9e98,6e7d98f590da5a91bf0285d31002b80fb373a88aa1c355e63da5f6a4bd8f46c1,Mirai,boatnet.arm7,elf,2026-08-04 21:16:59,MalwareBazaar
TLSH,T1A5F34D46EB418A13C4D61776BAEF42453323A7A493DB330699287FF43F8279E0D63A45,6e7d98f590da5a91bf0285d31002b80fb373a88aa1c355e63da5f6a4bd8f46c1,Mirai,boatnet.arm7,elf,2026-08-04 21:16:59,MalwareBazaar
TELFHASH,t137310eb5133691055aa1cd9889fda7b5112cc2131782ff73ef15c8dc141a04ee62ac4f,6e7d98f590da5a91bf0285d31002b80fb373a88aa1c355e63da5f6a4bd8f46c1,Mirai,boatnet.arm7,elf,2026-08-04 21:16:59,MalwareBazaar
SSDEEP,3072:cIflfpp10ZmOcaTelZHYJtDOW+D2zQDq89DM/9iHLvB:cglfppyZzcaTelZHY3DOUQDq8JM/94vB,6e7d98f590da5a91bf0285d31002b80fb373a88aa1c355e63da5f6a4bd8f46c1,Mirai,boatnet.arm7,elf,2026-08-04 21:16:59,MalwareBazaar
MD5,3d985376e3c8b5df1b01fb9f8c1ae8a7,668ecef78b39f2b1b602b54d4701546dfb5c6b0701449bb3d8282fc845b4e029,Mirai,boatnet.arm,elf,2026-08-04 21:16:56,MalwareBazaar
SHA-1,2ed049fc280487e590f144ff98aa2cda82992b11,668ecef78b39f2b1b602b54d4701546dfb5c6b0701449bb3d8282fc845b4e029,Mirai,boatnet.arm,elf,2026-08-04 21:16:56,MalwareBazaar
SHA-256,668ecef78b39f2b1b602b54d4701546dfb5c6b0701449bb3d8282fc845b4e029,668ecef78b39f2b1b602b54d4701546dfb5c6b0701449bb3d8282fc845b4e029,Mirai,boatnet.arm,elf,2026-08-04 21:16:56,MalwareBazaar
SHA3-384,d9a33b3c9ebdf1041268d569616f253c2b47dfe973620736507114f490b13f22cf12bb58e3fb72f5ef51135b74eabe5a,668ecef78b39f2b1b602b54d4701546dfb5c6b0701449bb3d8282fc845b4e029,Mirai,boatnet.arm,elf,2026-08-04 21:16:56,MalwareBazaar
TLSH,T148833A95FC829613C5D512BBFA6E428D3B3A13E8E2DB3207DD215F207B8681B0D77A45,668ecef78b39f2b1b602b54d4701546dfb5c6b0701449bb3d8282fc845b4e029,Mirai,boatnet.arm,elf,2026-08-04 21:16:56,MalwareBazaar
TELFHASH,t124b0924a4fb819beb664434e818e11395898b81a6f26a03c95f05f42c8e5898f065981,668ecef78b39f2b1b602b54d4701546dfb5c6b0701449bb3d8282fc845b4e029,Mirai,boatnet.arm,elf,2026-08-04 21:16:56,MalwareBazaar
SSDEEP,1536:sYenZos47kNsK8/NZ44jHrTdu7CnkylOrP3wRPFl2vk04:PenZos49NzHdqFH44V4,668ecef78b39f2b1b602b54d4701546dfb5c6b0701449bb3d8282fc845b4e029,Mirai,boatnet.arm,elf,2026-08-04 21:16:56,MalwareBazaar
MD5,8306b3a2d18320a7db5e465b497d5bd2,111c0e6222dfb48fa9cb3e4b9f89f7ca8d610c5ef8dd337e6f810d06a1217b77,Mirai,boatnet.ppc,elf,2026-08-04 21:16:52,MalwareBazaar
SHA-1,64645824ddeb2b7df0d6325037502e35343a8a99,111c0e6222dfb48fa9cb3e4b9f89f7ca8d610c5ef8dd337e6f810d06a1217b77,Mirai,boatnet.ppc,elf,2026-08-04 21:16:52,MalwareBazaar
SHA-256,111c0e6222dfb48fa9cb3e4b9f89f7ca8d610c5ef8dd337e6f810d06a1217b77,111c0e6222dfb48fa9cb3e4b9f89f7ca8d610c5ef8dd337e6f810d06a1217b77,Mirai,boatnet.ppc,elf,2026-08-04 21:16:52,MalwareBazaar
SHA3-384,f0d486dc46c61df358ed1360ae4c85ad1dcf1961d6b6bfaa1eb8f8dbc936f085da267fd2be2969edc67c694dc84d399c,111c0e6222dfb48fa9cb3e4b9f89f7ca8d610c5ef8dd337e6f810d06a1217b77,Mirai,boatnet.ppc,elf,2026-08-04 21:16:52,MalwareBazaar
TLSH,T1EA836C02B31C0A47D1A31DB02B3F5BD093FAA5E121E4B689791EAB969671D331586FCC,111c0e6222dfb48fa9cb3e4b9f89f7ca8d610c5ef8dd337e6f810d06a1217b77,Mirai,boatnet.ppc,elf,2026-08-04 21:16:52,MalwareBazaar
SSDEEP,1536:SS9vDk4NJAS09ZR3+fKXqD6i5Ip22FXT/Kcd6NNlDdyubhZ2v:hkmcZR+MqD2bFjyNBy02v,111c0e6222dfb48fa9cb3e4b9f89f7ca8d610c5ef8dd337e6f810d06a1217b77,Mirai,boatnet.ppc,elf,2026-08-04 21:16:52,MalwareBazaar
MD5,b172779c8fd392625e46ece2dfd41bd5,45d4f75e7486a914b9f9125b87e427dd62eb4c9c8acb1b2f8cfb5ffbb7577ed1,Mirai,boatnet.x86_64,elf,2026-08-04 21:16:41,MalwareBazaar
SHA-1,b74c638a5a5b5daa4692e9c2b5a922e201a37da1,45d4f75e7486a914b9f9125b87e427dd62eb4c9c8acb1b2f8cfb5ffbb7577ed1,Mirai,boatnet.x86_64,elf,2026-08-04 21:16:41,MalwareBazaar
SHA-256,45d4f75e7486a914b9f9125b87e427dd62eb4c9c8acb1b2f8cfb5ffbb7577ed1,45d4f75e7486a914b9f9125b87e427dd62eb4c9c8acb1b2f8cfb5ffbb7577ed1,Mirai,boatnet.x86_64,elf,2026-08-04 21:16:41,MalwareBazaar
SHA3-384,908a638e1da1d48eba25c840ff4715eb5b3c508a8232461ff7c5f00acb666e7edb1a61cf011864ffdd9fce57708ab13f,45d4f75e7486a914b9f9125b87e427dd62eb4c9c8acb1b2f8cfb5ffbb7577ed1,Mirai,boatnet.x86_64,elf,2026-08-04 21:16:41,MalwareBazaar
TLSH,T1D4634BC1E243D0F5D817017121B7F7379E36E2F9111AD64BF7A88E72AE62602A516BCC,45d4f75e7486a914b9f9125b87e427dd62eb4c9c8acb1b2f8cfb5ffbb7577ed1,Mirai,boatnet.x86_64,elf,2026-08-04 21:16:41,MalwareBazaar
TELFHASH,t15721c2ff5a7a1df4a7e4b900c30e2b21384aeb7b187076a15663d934216edc194adc39,45d4f75e7486a914b9f9125b87e427dd62eb4c9c8acb1b2f8cfb5ffbb7577ed1,Mirai,boatnet.x86_64,elf,2026-08-04 21:16:41,MalwareBazaar
SSDEEP,1536:J+sa6jFk5ssXrFZ8Fyc9VG42Ptd+g3j3JwZh5PRZBSU0uV:Asa6j6Os7FuweG3PP+g3j541bau,45d4f75e7486a914b9f9125b87e427dd62eb4c9c8acb1b2f8cfb5ffbb7577ed1,Mirai,boatnet.x86_64,elf,2026-08-04 21:16:41,MalwareBazaar
MD5,7d622310f67b0815898a50cf729f5bae,3252b9d9d57615060976d4b3bed8684dd59539a0d0cc5616564f132859cb2b5e,Mirai,boatnet.arm5,elf,2026-08-04 21:16:37,MalwareBazaar
SHA-1,b7a824dd070e2f8a5c591bb527bf4bc26fba6a17,3252b9d9d57615060976d4b3bed8684dd59539a0d0cc5616564f132859cb2b5e,Mirai,boatnet.arm5,elf,2026-08-04 21:16:37,MalwareBazaar
SHA-256,3252b9d9d57615060976d4b3bed8684dd59539a0d0cc5616564f132859cb2b5e,3252b9d9d57615060976d4b3bed8684dd59539a0d0cc5616564f132859cb2b5e,Mirai,boatnet.arm5,elf,2026-08-04 21:16:37,MalwareBazaar
SHA3-384,fedf56c1ffa47aa16c3450f6a0312cbf333c5dafb21c91f5edb58b86df2e24f3b9dfebab815aaa8610f5834e0d2602d7,3252b9d9d57615060976d4b3bed8684dd59539a0d0cc5616564f132859cb2b5e,Mirai,boatnet.arm5,elf,2026-08-04 21:16:37,MalwareBazaar
TLSH,T1C4432995BD824627C1D062BABAAE5A8C373523F8D2CB7227D8314B117B8550F1D77F84,3252b9d9d57615060976d4b3bed8684dd59539a0d0cc5616564f132859cb2b5e,Mirai,boatnet.arm5,elf,2026-08-04 21:16:37,MalwareBazaar
TELFHASH,t1ebe0ab00fdb88b285ad38970dcac12e492406627612207219f14cae0c83f051d30d91b,3252b9d9d57615060976d4b3bed8684dd59539a0d0cc5616564f132859cb2b5e,Mirai,boatnet.arm5,elf,2026-08-04 21:16:37,MalwareBazaar
SSDEEP,768:x5rRT2Uv5NzZAaLAYJd/hNduSneNTUbKUl8kNx+MUvh/CN9EHcMUNA5oecEw/:x+C51ZlLAU/ZAUlxNxqCMc9SEl,3252b9d9d57615060976d4b3bed8684dd59539a0d0cc5616564f132859cb2b5e,Mirai,boatnet.arm5,elf,2026-08-04 21:16:37,MalwareBazaar
MD5,05a6d1afa2050cf52059528cd18b725f,ae4525d81a9b2b1ba4e53b778344f1e412c1ead8ddc3eec317bbf41c18514680,Mirai,boatnet.mips,elf,2026-08-04 21:15:58,MalwareBazaar
SHA-1,724830b72ba24be3ccd21aab4c6dee38e7f8dbcc,ae4525d81a9b2b1ba4e53b778344f1e412c1ead8ddc3eec317bbf41c18514680,Mirai,boatnet.mips,elf,2026-08-04 21:15:58,MalwareBazaar
SHA-256,ae4525d81a9b2b1ba4e53b778344f1e412c1ead8ddc3eec317bbf41c18514680,ae4525d81a9b2b1ba4e53b778344f1e412c1ead8ddc3eec317bbf41c18514680,Mirai,boatnet.mips,elf,2026-08-04 21:15:58,MalwareBazaar
SHA3-384,c333f58607a9695328341e3ef40a1ec36760f2b59085d8be5507597b6f0357f081e5cd404382c0453a384e90495a9a48,ae4525d81a9b2b1ba4e53b778344f1e412c1ead8ddc3eec317bbf41c18514680,Mirai,boatnet.mips,elf,2026-08-04 21:15:58,MalwareBazaar
TLSH,T13103F11876075364DF8AC83FFBB4037229970AEB4083EC459681D9564EDAB2678CF98D,ae4525d81a9b2b1ba4e53b778344f1e412c1ead8ddc3eec317bbf41c18514680,Mirai,boatnet.mips,elf,2026-08-04 21:15:58,MalwareBazaar
SSDEEP,768:b27nSfHBV3z50vrABZsPM9/zmYutjC8Hb3zdVldxa0QXwDc6WxcgboAKyX4JgGlP:b27AHTukAPMBzgCsvgCgpx0yX4VJuG,ae4525d81a9b2b1ba4e53b778344f1e412c1ead8ddc3eec317bbf41c18514680,Mirai,boatnet.mips,elf,2026-08-04 21:15:58,MalwareBazaar
MD5,a46d3b467c60c86ad901fb56e44cae63,5a9589968d81f208848a2bbf9d701f99b27ae151876be0fa79fa1809cf5a538b,Mirai,boatnet.arm7,elf,2026-08-04 21:15:57,MalwareBazaar
SHA-1,e6f177e152789f55aacc421863132dca8180cfac,5a9589968d81f208848a2bbf9d701f99b27ae151876be0fa79fa1809cf5a538b,Mirai,boatnet.arm7,elf,2026-08-04 21:15:57,MalwareBazaar
SHA-256,5a9589968d81f208848a2bbf9d701f99b27ae151876be0fa79fa1809cf5a538b,5a9589968d81f208848a2bbf9d701f99b27ae151876be0fa79fa1809cf5a538b,Mirai,boatnet.arm7,elf,2026-08-04 21:15:57,MalwareBazaar
SHA3-384,0b327c0b3544c89bb80022fb36146cf483a36d6608d5f2c459ca2ba8c655cb72f4ae6e7a443bbc7c2fc504ee989e3e4a,5a9589968d81f208848a2bbf9d701f99b27ae151876be0fa79fa1809cf5a538b,Mirai,boatnet.arm7,elf,2026-08-04 21:15:57,MalwareBazaar
TLSH,T18F53021D9777C970C3301C7AC9E61D94435B7EF692EB3D3B9298E608B5024067F69A83,5a9589968d81f208848a2bbf9d701f99b27ae151876be0fa79fa1809cf5a538b,Mirai,boatnet.arm7,elf,2026-08-04 21:15:57,MalwareBazaar
SSDEEP,1536:wXTIVuTttjYJ7tWhmgOH3LcKyHQmXYww+zVp2:wXTcIKchmRLcjDXBwip2,5a9589968d81f208848a2bbf9d701f99b27ae151876be0fa79fa1809cf5a538b,Mirai,boatnet.arm7,elf,2026-08-04 21:15:57,MalwareBazaar
MD5,4be389b7d8c729f87c54324f3138d11c,aabfd94ac3d68386aa56acff0742e2578bc5f39a2f0a75691c5123afc188765c,Mirai,boatnet.arm,elf,2026-08-04 21:15:56,MalwareBazaar
SHA-1,84365ef35bad186ddf2428b6ae51be9eff9e1a3c,aabfd94ac3d68386aa56acff0742e2578bc5f39a2f0a75691c5123afc188765c,Mirai,boatnet.arm,elf,2026-08-04 21:15:56,MalwareBazaar
SHA-256,aabfd94ac3d68386aa56acff0742e2578bc5f39a2f0a75691c5123afc188765c,aabfd94ac3d68386aa56acff0742e2578bc5f39a2f0a75691c5123afc188765c,Mirai,boatnet.arm,elf,2026-08-04 21:15:56,MalwareBazaar
SHA3-384,97afe3665fd56734a61fcbeb7788e9ab30b9a665afa712c39486f6dcabe566aac56123be229789c58972887f36e09c26,aabfd94ac3d68386aa56acff0742e2578bc5f39a2f0a75691c5123afc188765c,Mirai,boatnet.arm,elf,2026-08-04 21:15:56,MalwareBazaar
TLSH,T18403F1B92CE295E0DD34547E6E698160AFA786F852D072BE3A080F37D1C1627837C2D7,aabfd94ac3d68386aa56acff0742e2578bc5f39a2f0a75691c5123afc188765c,Mirai,boatnet.arm,elf,2026-08-04 21:15:56,MalwareBazaar
SSDEEP,768:PE8Ng0W5sKpNWdVh9FXPOOLWrqe+tT3urY8QEfIcNNuEs3UozU:cUxW5XYPVLWrqQY8Q7kuhzU,aabfd94ac3d68386aa56acff0742e2578bc5f39a2f0a75691c5123afc188765c,Mirai,boatnet.arm,elf,2026-08-04 21:15:56,MalwareBazaar
