type,value,sha256,malware_family,file_name,file_type,first_seen,source
MD5,96ad674939839dadc1ae24c7e74130bf,53634069057acb00055ca4a90a3a5d2f40f3931b40d7cf7322c66b8a9f0dc13f,PureLogsStealer,Enquiry_AG-012-F2026_Specifications.js,js,2026-10-09 06:18:01,MalwareBazaar
SHA-1,310adf9db3a38c075de1a43b0e9921d35be755c2,53634069057acb00055ca4a90a3a5d2f40f3931b40d7cf7322c66b8a9f0dc13f,PureLogsStealer,Enquiry_AG-012-F2026_Specifications.js,js,2026-10-09 06:18:01,MalwareBazaar
SHA-256,53634069057acb00055ca4a90a3a5d2f40f3931b40d7cf7322c66b8a9f0dc13f,53634069057acb00055ca4a90a3a5d2f40f3931b40d7cf7322c66b8a9f0dc13f,PureLogsStealer,Enquiry_AG-012-F2026_Specifications.js,js,2026-10-09 06:18:01,MalwareBazaar
SHA3-384,e379012e467b4475524bc4a7789f14444221d48dda96c4f061b87e0322c54173f50b7fb1a9aa96f7a93c626d7c87fb23,53634069057acb00055ca4a90a3a5d2f40f3931b40d7cf7322c66b8a9f0dc13f,PureLogsStealer,Enquiry_AG-012-F2026_Specifications.js,js,2026-10-09 06:18:01,MalwareBazaar
TLSH,T1C76522610605875B8A6CE7E82A1F17090DF8898173DCCED8E7A9DB81AF7D781C1F4E58,53634069057acb00055ca4a90a3a5d2f40f3931b40d7cf7322c66b8a9f0dc13f,PureLogsStealer,Enquiry_AG-012-F2026_Specifications.js,js,2026-10-09 06:18:01,MalwareBazaar
SSDEEP,24576:A4Uo8IKfQGuYrELCzr4dPb/sRAUL71HTdgsQwPvUgKGp4aUMhaLVLe1Vrr383lhV:A4JR/njuyfU8sQcxKnLyr3Qn,53634069057acb00055ca4a90a3a5d2f40f3931b40d7cf7322c66b8a9f0dc13f,PureLogsStealer,Enquiry_AG-012-F2026_Specifications.js,js,2026-10-09 06:18:01,MalwareBazaar
MD5,32b949b0d112aaa71c38e5b56c61b65f,384b954cd0b20f18eb7b3efbf98e0a1c6e7f599e73800ffd44f89a48e3156c5c,unknown,vcimanagement.mips,elf,2026-10-09 06:17:43,MalwareBazaar
SHA-1,73d136285129da3a7556624b593b06d5e5f489c6,384b954cd0b20f18eb7b3efbf98e0a1c6e7f599e73800ffd44f89a48e3156c5c,unknown,vcimanagement.mips,elf,2026-10-09 06:17:43,MalwareBazaar
SHA-256,384b954cd0b20f18eb7b3efbf98e0a1c6e7f599e73800ffd44f89a48e3156c5c,384b954cd0b20f18eb7b3efbf98e0a1c6e7f599e73800ffd44f89a48e3156c5c,unknown,vcimanagement.mips,elf,2026-10-09 06:17:43,MalwareBazaar
SHA3-384,c1d6c631849744750a6ff07e7410805f900422bfb601e7f404d81b9021a84910dc4b7d78e891afdf7fcd4995d662faca,384b954cd0b20f18eb7b3efbf98e0a1c6e7f599e73800ffd44f89a48e3156c5c,unknown,vcimanagement.mips,elf,2026-10-09 06:17:43,MalwareBazaar
TLSH,T1E414951B2F228F6EF269877047F38D219B5876D61AE1D684E1ACD5101F602CE641FFB8,384b954cd0b20f18eb7b3efbf98e0a1c6e7f599e73800ffd44f89a48e3156c5c,unknown,vcimanagement.mips,elf,2026-10-09 06:17:43,MalwareBazaar
TELFHASH,t1ba418e180e7817a066395c9d059dff3ad6a731eb7e162c338e51e8aaa769b435d20c0c,384b954cd0b20f18eb7b3efbf98e0a1c6e7f599e73800ffd44f89a48e3156c5c,unknown,vcimanagement.mips,elf,2026-10-09 06:17:43,MalwareBazaar
SSDEEP,1536:qnAGokPMiA9ah33YUWsS7bSY/4iDLCXp6sT8e0AmOSCDSxBbTxfXdPexkIW7/:n0KN7uY/4iD0x7SC+VXZexkIW7/,384b954cd0b20f18eb7b3efbf98e0a1c6e7f599e73800ffd44f89a48e3156c5c,unknown,vcimanagement.mips,elf,2026-10-09 06:17:43,MalwareBazaar
MD5,3b2bb5789301ae56b3a124c7710c9f1d,75b4aaa700bec8144f5a30708fb10058b165d41034e7323c34f5f4bedead84a1,unknown,vcimanagement.sh4,elf,2026-10-09 06:17:41,MalwareBazaar
SHA-1,3199e4522f93adbad05421d618e212323c7fc1c2,75b4aaa700bec8144f5a30708fb10058b165d41034e7323c34f5f4bedead84a1,unknown,vcimanagement.sh4,elf,2026-10-09 06:17:41,MalwareBazaar
SHA-256,75b4aaa700bec8144f5a30708fb10058b165d41034e7323c34f5f4bedead84a1,75b4aaa700bec8144f5a30708fb10058b165d41034e7323c34f5f4bedead84a1,unknown,vcimanagement.sh4,elf,2026-10-09 06:17:41,MalwareBazaar
SHA3-384,1058abbcf92a8512f1e325d912288759d2bdc3638cba3a7c2f9495ed547f00f0c705ccfd32da9f8f1ccda6344afcc200,75b4aaa700bec8144f5a30708fb10058b165d41034e7323c34f5f4bedead84a1,unknown,vcimanagement.sh4,elf,2026-10-09 06:17:41,MalwareBazaar
TLSH,T1B6D32963DD26AF5AC112A4F4B2F28F781B03BC6689571AE9A076DAF44143DCDF4083B4,75b4aaa700bec8144f5a30708fb10058b165d41034e7323c34f5f4bedead84a1,unknown,vcimanagement.sh4,elf,2026-10-09 06:17:41,MalwareBazaar
SSDEEP,1536:dDKV083Ez7Tz74khI7xcsNCWdK8FZa7ZopU5K6a6qWkicWII8OdP:d2683Ob4aI1c428yR5ZpqWNcW1FP,75b4aaa700bec8144f5a30708fb10058b165d41034e7323c34f5f4bedead84a1,unknown,vcimanagement.sh4,elf,2026-10-09 06:17:41,MalwareBazaar
MD5,05214440e921fad4b2e2ae2506d8f1ae,a4e54b021c69560422159eb4cdf54a27c92ef4feafb5516b4c9976d23d1c088a,Mirai,qtm.x86,elf,2026-10-09 06:13:28,MalwareBazaar
SHA-1,42ac18ea71db9fafca1755e83a97e39fc5d79551,a4e54b021c69560422159eb4cdf54a27c92ef4feafb5516b4c9976d23d1c088a,Mirai,qtm.x86,elf,2026-10-09 06:13:28,MalwareBazaar
SHA-256,a4e54b021c69560422159eb4cdf54a27c92ef4feafb5516b4c9976d23d1c088a,a4e54b021c69560422159eb4cdf54a27c92ef4feafb5516b4c9976d23d1c088a,Mirai,qtm.x86,elf,2026-10-09 06:13:28,MalwareBazaar
SHA3-384,3d69cd6acb5512aa8fe470712a4e9ca3c15305c38ca2808844fa4b0dfe3b18024ff90c290f20debaf83dc1434f3766da,a4e54b021c69560422159eb4cdf54a27c92ef4feafb5516b4c9976d23d1c088a,Mirai,qtm.x86,elf,2026-10-09 06:13:28,MalwareBazaar
TLSH,T1F804F84732BA7198CDE9C43872A543BDDB94F09713BAAB8ED7855DE0BD14440B92C393,a4e54b021c69560422159eb4cdf54a27c92ef4feafb5516b4c9976d23d1c088a,Mirai,qtm.x86,elf,2026-10-09 06:13:28,MalwareBazaar
TELFHASH,t1ac4187065291387657e45e02cb8c2d3f79d722c3ad9f38af5be046820ca4fc21ae1830,a4e54b021c69560422159eb4cdf54a27c92ef4feafb5516b4c9976d23d1c088a,Mirai,qtm.x86,elf,2026-10-09 06:13:28,MalwareBazaar
SSDEEP,3072:bKdXwZ/nGNemFduVvh/EBPfbwBYgxP2URiVxNkrun25D9UmEkIFxd:cmJVp/EFjwBYgxP2URiVJth,a4e54b021c69560422159eb4cdf54a27c92ef4feafb5516b4c9976d23d1c088a,Mirai,qtm.x86,elf,2026-10-09 06:13:28,MalwareBazaar
MD5,7513fe851c8e3904402cbd03f3f01205,189d9cb2885638238f19f4dd911ac1ed72a16703cdf5a84985b0d3de4f0ba6f9,Mirai,lol.sh,sh,2026-10-09 06:10:01,MalwareBazaar
SHA-1,db7e345ecf5cca2184499aa10152662cf3e15302,189d9cb2885638238f19f4dd911ac1ed72a16703cdf5a84985b0d3de4f0ba6f9,Mirai,lol.sh,sh,2026-10-09 06:10:01,MalwareBazaar
SHA-256,189d9cb2885638238f19f4dd911ac1ed72a16703cdf5a84985b0d3de4f0ba6f9,189d9cb2885638238f19f4dd911ac1ed72a16703cdf5a84985b0d3de4f0ba6f9,Mirai,lol.sh,sh,2026-10-09 06:10:01,MalwareBazaar
SHA3-384,cd944d3121cd65ebf75479ff728341548a0cdb46e4b0b78be248297b9346479a22f9bf3d771f82d4051239e5cc612b30,189d9cb2885638238f19f4dd911ac1ed72a16703cdf5a84985b0d3de4f0ba6f9,Mirai,lol.sh,sh,2026-10-09 06:10:01,MalwareBazaar
TLSH,T1614184866251C676DF5EC81AFA648E0CF5C05E821851FF08DDFAA1F3D58DE982012E6B,189d9cb2885638238f19f4dd911ac1ed72a16703cdf5a84985b0d3de4f0ba6f9,Mirai,lol.sh,sh,2026-10-09 06:10:01,MalwareBazaar
SSDEEP,24:5ji6r3+l6r3JfF6r3/dU6r3hvF6r31e1Gu6r3aB+aquy6r3rm:p3+63JS3/33hva31e1GD3awaquP3rm,189d9cb2885638238f19f4dd911ac1ed72a16703cdf5a84985b0d3de4f0ba6f9,Mirai,lol.sh,sh,2026-10-09 06:10:01,MalwareBazaar
MD5,e9cfb65b9c7ed1b514fd4802e0ab40e4,dc7815509fa8976eaca782547f3f64471e875b37536a8aefc6b81222c4ac8646,unknown,telnet.sh,sh,2026-10-09 06:09:58,MalwareBazaar
SHA-1,9b5ce6ab843e43f693662b7c7778ddfdf7ac792f,dc7815509fa8976eaca782547f3f64471e875b37536a8aefc6b81222c4ac8646,unknown,telnet.sh,sh,2026-10-09 06:09:58,MalwareBazaar
SHA-256,dc7815509fa8976eaca782547f3f64471e875b37536a8aefc6b81222c4ac8646,dc7815509fa8976eaca782547f3f64471e875b37536a8aefc6b81222c4ac8646,unknown,telnet.sh,sh,2026-10-09 06:09:58,MalwareBazaar
SHA3-384,0b6e6b7ada23de625930cee3aa5a65a705d81657b85469563ba01635708af5d56560dce5eb02064b717648ee81213994,dc7815509fa8976eaca782547f3f64471e875b37536a8aefc6b81222c4ac8646,unknown,telnet.sh,sh,2026-10-09 06:09:58,MalwareBazaar
TLSH,T10411808CE21BD5F55594E814B383529CC7C05B0949921BC8FE6FF17C742C48EB239266,dc7815509fa8976eaca782547f3f64471e875b37536a8aefc6b81222c4ac8646,unknown,telnet.sh,sh,2026-10-09 06:09:58,MalwareBazaar
SSDEEP,24:iPo+elnvDTOnOX+Kh/xxUhmI8OQLEmhBg75JePByPwW:iLcvOOX/rxOgBuDePcPb,dc7815509fa8976eaca782547f3f64471e875b37536a8aefc6b81222c4ac8646,unknown,telnet.sh,sh,2026-10-09 06:09:58,MalwareBazaar
MD5,46cbc90be448e448bb1485e7370d3367,da7cac6a41fb53171db401c5a952bcf1a4796068fd07c0900027dc5919cd4a7c,Mirai,wj0s.arm,elf,2026-10-09 06:09:52,MalwareBazaar
SHA-1,908e1abab6c5e9c23ca73a6394c32e0b1f755c6a,da7cac6a41fb53171db401c5a952bcf1a4796068fd07c0900027dc5919cd4a7c,Mirai,wj0s.arm,elf,2026-10-09 06:09:52,MalwareBazaar
SHA-256,da7cac6a41fb53171db401c5a952bcf1a4796068fd07c0900027dc5919cd4a7c,da7cac6a41fb53171db401c5a952bcf1a4796068fd07c0900027dc5919cd4a7c,Mirai,wj0s.arm,elf,2026-10-09 06:09:52,MalwareBazaar
SHA3-384,4d29b33fe27ad16160dcb3bc0d4b7b0ab252b217e2ba790910f8b3b3b0fb603afe57069c890a35f097a915981bc4ba7d,da7cac6a41fb53171db401c5a952bcf1a4796068fd07c0900027dc5919cd4a7c,Mirai,wj0s.arm,elf,2026-10-09 06:09:52,MalwareBazaar
TLSH,T1B374E893E240CE9AC26018B5721F7388774743BAD9E67143FA15EE31BB9E54F023A8D5,da7cac6a41fb53171db401c5a952bcf1a4796068fd07c0900027dc5919cd4a7c,Mirai,wj0s.arm,elf,2026-10-09 06:09:52,MalwareBazaar
SSDEEP,6144:GG2lEdFRNNnkko8v7RcB0q3WrHguPqwE47lz2mj8j7HL+FkCXwGUBzJaMVBLm7ql:pdto8vQ0wW8K7xiSw,da7cac6a41fb53171db401c5a952bcf1a4796068fd07c0900027dc5919cd4a7c,Mirai,wj0s.arm,elf,2026-10-09 06:09:52,MalwareBazaar
MD5,9966c3cf1c4be7cd0ef796f2be70b0cb,360fc4f17c71e1a1b101778fd20f0b3c090bc6297e94d045bcb68bb432f313a1,unknown,dissx86,elf,2026-10-09 06:02:36,MalwareBazaar
SHA-1,162532e8359cc68e902a94ffa5c8a538fdc41ea0,360fc4f17c71e1a1b101778fd20f0b3c090bc6297e94d045bcb68bb432f313a1,unknown,dissx86,elf,2026-10-09 06:02:36,MalwareBazaar
SHA-256,360fc4f17c71e1a1b101778fd20f0b3c090bc6297e94d045bcb68bb432f313a1,360fc4f17c71e1a1b101778fd20f0b3c090bc6297e94d045bcb68bb432f313a1,unknown,dissx86,elf,2026-10-09 06:02:36,MalwareBazaar
SHA3-384,9e148a20b992c88a0e04db9bf51f9ac61263bbc36dd0781fec7469ad59caca95feaa66a6ec5fd21cbd9d18817663d985,360fc4f17c71e1a1b101778fd20f0b3c090bc6297e94d045bcb68bb432f313a1,unknown,dissx86,elf,2026-10-09 06:02:36,MalwareBazaar
TLSH,T1CF145B0AB6C1A0FDC8DAC27847AFA536EA32F44D0234B54F1B949E262F5DE306B1C755,360fc4f17c71e1a1b101778fd20f0b3c090bc6297e94d045bcb68bb432f313a1,unknown,dissx86,elf,2026-10-09 06:02:36,MalwareBazaar
TELFHASH,t1f0619a742e95395c21ebc64eb20eed6dfc7204418ee6b5ea9e577ec8de037c80d52052,360fc4f17c71e1a1b101778fd20f0b3c090bc6297e94d045bcb68bb432f313a1,unknown,dissx86,elf,2026-10-09 06:02:36,MalwareBazaar
SSDEEP,3072:uBa80trk90w0laLy77PNBPY7rHQo/PZ9Mgv7ZRu2JGO3Kkoz:uBf0trk90w/LI4LPRTLjo,360fc4f17c71e1a1b101778fd20f0b3c090bc6297e94d045bcb68bb432f313a1,unknown,dissx86,elf,2026-10-09 06:02:36,MalwareBazaar
MD5,55d34ed816c369b57654b71fbcea2e0a,37530b711f22e6fd20ecad05961fa5fd6ee6afa2e60ab01931bda4819c4229ba,Mirai,dissarch64,elf,2026-10-09 06:02:34,MalwareBazaar
SHA-1,0afb52409a135a3918b403055162c2b6e39db9dd,37530b711f22e6fd20ecad05961fa5fd6ee6afa2e60ab01931bda4819c4229ba,Mirai,dissarch64,elf,2026-10-09 06:02:34,MalwareBazaar
SHA-256,37530b711f22e6fd20ecad05961fa5fd6ee6afa2e60ab01931bda4819c4229ba,37530b711f22e6fd20ecad05961fa5fd6ee6afa2e60ab01931bda4819c4229ba,Mirai,dissarch64,elf,2026-10-09 06:02:34,MalwareBazaar
SHA3-384,fe161b51b3c0aedfe17cb9f207d68d2a2b5f7879f72541980ee117d983434f521e82cdca74bafa1ed4682179fafdda6f,37530b711f22e6fd20ecad05961fa5fd6ee6afa2e60ab01931bda4819c4229ba,Mirai,dissarch64,elf,2026-10-09 06:02:34,MalwareBazaar
TLSH,T1CCE49D987B8D7D43E3C7F33DCF8A8A71322BB5E99352D2A23501425DD4C6EA9CBA0541,37530b711f22e6fd20ecad05961fa5fd6ee6afa2e60ab01931bda4819c4229ba,Mirai,dissarch64,elf,2026-10-09 06:02:34,MalwareBazaar
SSDEEP,12288:ZofJageWkgc+dF8NYdLZ9YDmhheEssDTYilik50PjlbIs5t8CO:ZbKkgc+dwk9YDmhhebuY4itj65,37530b711f22e6fd20ecad05961fa5fd6ee6afa2e60ab01931bda4819c4229ba,Mirai,dissarch64,elf,2026-10-09 06:02:34,MalwareBazaar
MD5,30e92abd6d258463ae46175147ef9501,b38ed72f2f3f4764e3d0c6e12d574e0754fe29729f247087c1e8314c9156e77c,Mirai,vcimanagement.ppc,elf,2026-10-09 05:50:36,MalwareBazaar
SHA-1,763794d07826d7d53f6d28235005684377cb7e26,b38ed72f2f3f4764e3d0c6e12d574e0754fe29729f247087c1e8314c9156e77c,Mirai,vcimanagement.ppc,elf,2026-10-09 05:50:36,MalwareBazaar
SHA-256,b38ed72f2f3f4764e3d0c6e12d574e0754fe29729f247087c1e8314c9156e77c,b38ed72f2f3f4764e3d0c6e12d574e0754fe29729f247087c1e8314c9156e77c,Mirai,vcimanagement.ppc,elf,2026-10-09 05:50:36,MalwareBazaar
SHA3-384,1ed88b40c68c8c0aa25570e5b664f718003dbd3075586b247b9359c54eaf415d27ca1f77e45c09ef5c751fce54953393,b38ed72f2f3f4764e3d0c6e12d574e0754fe29729f247087c1e8314c9156e77c,Mirai,vcimanagement.ppc,elf,2026-10-09 05:50:36,MalwareBazaar
TLSH,T1DDE30702770D0E03D2632DF0277B1BE0939BFD5628B5A684741FBEC992B1DB26446ED9,b38ed72f2f3f4764e3d0c6e12d574e0754fe29729f247087c1e8314c9156e77c,Mirai,vcimanagement.ppc,elf,2026-10-09 05:50:36,MalwareBazaar
SSDEEP,1536:Wls7rP483tQLBFLJdaxlYZ6gx5BsqPuM6EgFHl2RfVtcDL/vArllwSoS4SqqVdnh:/78j1Jax1OPeIg5cJVsAr5F+k,b38ed72f2f3f4764e3d0c6e12d574e0754fe29729f247087c1e8314c9156e77c,Mirai,vcimanagement.ppc,elf,2026-10-09 05:50:36,MalwareBazaar
MD5,7c37e4e048bac7a51a8be972aa575b4a,60324938d01641de82b11bd0fd91d10f93f9b79bc40f031709d82337fb8a241e,Mirai,vcimanagement.arm7,elf,2026-10-09 05:50:33,MalwareBazaar
SHA-1,47f402208c7cf3af0800e503c66ca2dfecafeaf8,60324938d01641de82b11bd0fd91d10f93f9b79bc40f031709d82337fb8a241e,Mirai,vcimanagement.arm7,elf,2026-10-09 05:50:33,MalwareBazaar
SHA-256,60324938d01641de82b11bd0fd91d10f93f9b79bc40f031709d82337fb8a241e,60324938d01641de82b11bd0fd91d10f93f9b79bc40f031709d82337fb8a241e,Mirai,vcimanagement.arm7,elf,2026-10-09 05:50:33,MalwareBazaar
SHA3-384,f2d0b1d489a176e03cd3b981900e18d4a0323d5ada84dab9c0646db1d113845c3f45f3959417d35192c76bf716a678ba,60324938d01641de82b11bd0fd91d10f93f9b79bc40f031709d82337fb8a241e,Mirai,vcimanagement.arm7,elf,2026-10-09 05:50:33,MalwareBazaar
TLSH,T114C3F745B9829B01D5D732FEFA9F419833536BACE3FE7101D9209F6123CA69B0B63512,60324938d01641de82b11bd0fd91d10f93f9b79bc40f031709d82337fb8a241e,Mirai,vcimanagement.arm7,elf,2026-10-09 05:50:33,MalwareBazaar
TELFHASH,t11bd0a776c754d4eef9c75e61827b031609f5b58b12010c40a7bc5d9d43164137c05431,60324938d01641de82b11bd0fd91d10f93f9b79bc40f031709d82337fb8a241e,Mirai,vcimanagement.arm7,elf,2026-10-09 05:50:33,MalwareBazaar
SSDEEP,3072:Ob4KNbLRj24Vj/qbh9XHaDlq1s8dc+5nfU9OF+v:z4x/qlFHaDlq1s8+ifaOF+v,60324938d01641de82b11bd0fd91d10f93f9b79bc40f031709d82337fb8a241e,Mirai,vcimanagement.arm7,elf,2026-10-09 05:50:33,MalwareBazaar
MD5,3471461a7e72be9be6500eaf7f360e2f,9303a4a918d93f360dc885fcaa68a50e021362e3b182d4ffd176eba4d6118203,Mirai,vcimanagement.arm6,elf,2026-10-09 05:50:31,MalwareBazaar
SHA-1,f6285653ed700cf3f7fcd7592e13387dcaeba55e,9303a4a918d93f360dc885fcaa68a50e021362e3b182d4ffd176eba4d6118203,Mirai,vcimanagement.arm6,elf,2026-10-09 05:50:31,MalwareBazaar
SHA-256,9303a4a918d93f360dc885fcaa68a50e021362e3b182d4ffd176eba4d6118203,9303a4a918d93f360dc885fcaa68a50e021362e3b182d4ffd176eba4d6118203,Mirai,vcimanagement.arm6,elf,2026-10-09 05:50:31,MalwareBazaar
SHA3-384,b806224f6788755f58d32b5da3dcbed15add37b537007007d7c810ce42d5b75369546d9cac8d598405cfe6edb4959695,9303a4a918d93f360dc885fcaa68a50e021362e3b182d4ffd176eba4d6118203,Mirai,vcimanagement.arm6,elf,2026-10-09 05:50:31,MalwareBazaar
TLSH,T18AF30942B9828F16C5C211BEFF5E418937137F78D3DE72029D24AFA0378A5EB097A516,9303a4a918d93f360dc885fcaa68a50e021362e3b182d4ffd176eba4d6118203,Mirai,vcimanagement.arm6,elf,2026-10-09 05:50:31,MalwareBazaar
TELFHASH,t138d0a73fef4858fca5d58274815b28642ae5b1e866121a30d5ad3f5f81a6052e06ce22,9303a4a918d93f360dc885fcaa68a50e021362e3b182d4ffd176eba4d6118203,Mirai,vcimanagement.arm6,elf,2026-10-09 05:50:31,MalwareBazaar
SSDEEP,3072:fVjUNeLWrOF/5JnX7BUJeafq4mZR/MWWTnRe3Wnpm:5F/XX9U0ay4iaWWFe3Wnpm,9303a4a918d93f360dc885fcaa68a50e021362e3b182d4ffd176eba4d6118203,Mirai,vcimanagement.arm6,elf,2026-10-09 05:50:31,MalwareBazaar
MD5,8f495fb212030cc81caa1f907aea2006,774acba8544be239131e88caed2937694e7b709f273be199ad9d2f29968dd1c7,Formbook,Files 0019002610.pdf.js,js,2026-10-09 05:49:38,MalwareBazaar
SHA-1,5fcf58991cfe9f8cd466e923cc52afb36238f4c7,774acba8544be239131e88caed2937694e7b709f273be199ad9d2f29968dd1c7,Formbook,Files 0019002610.pdf.js,js,2026-10-09 05:49:38,MalwareBazaar
SHA-256,774acba8544be239131e88caed2937694e7b709f273be199ad9d2f29968dd1c7,774acba8544be239131e88caed2937694e7b709f273be199ad9d2f29968dd1c7,Formbook,Files 0019002610.pdf.js,js,2026-10-09 05:49:38,MalwareBazaar
SHA3-384,e949ddfac9765b0baba5778e35d2174242e6814f9208554626b4f5a5ecd599ff5938ec1492766283e6a5b2a8414015a8,774acba8544be239131e88caed2937694e7b709f273be199ad9d2f29968dd1c7,Formbook,Files 0019002610.pdf.js,js,2026-10-09 05:49:38,MalwareBazaar
TLSH,T156C2FD408685748453336B3BEA2BA8E4F7770A6B01804907B97C7495EFF5A09DFE0DB6,774acba8544be239131e88caed2937694e7b709f273be199ad9d2f29968dd1c7,Formbook,Files 0019002610.pdf.js,js,2026-10-09 05:49:38,MalwareBazaar
SSDEEP,768:4MGJRZC0v5jrfw3HBbGsD3GFyHmrbJDYGFfnMo5cPWjWJ05TNVeO0y0l/6Qx+:4MbbeBz5/tNVkw,774acba8544be239131e88caed2937694e7b709f273be199ad9d2f29968dd1c7,Formbook,Files 0019002610.pdf.js,js,2026-10-09 05:49:38,MalwareBazaar
MD5,3ebbc34ea82c9ed3db52ed2a9473bfa7,51b2a2243840c0681167405e2ebbf9f5ac05105f94dc005d335897952d962224,Mirai,disssh4,elf,2026-10-09 05:46:30,MalwareBazaar
SHA-1,1b68ccf1d8724c4a57f02d0f1847749471c7b3a6,51b2a2243840c0681167405e2ebbf9f5ac05105f94dc005d335897952d962224,Mirai,disssh4,elf,2026-10-09 05:46:30,MalwareBazaar
SHA-256,51b2a2243840c0681167405e2ebbf9f5ac05105f94dc005d335897952d962224,51b2a2243840c0681167405e2ebbf9f5ac05105f94dc005d335897952d962224,Mirai,disssh4,elf,2026-10-09 05:46:30,MalwareBazaar
SHA3-384,f9880edb3e4ebe3f464bab701bc479aed872dafeaac7ff5862d23d233b6060c7a3a9b39541d6539aaccfddf984f64977,51b2a2243840c0681167405e2ebbf9f5ac05105f94dc005d335897952d962224,Mirai,disssh4,elf,2026-10-09 05:46:30,MalwareBazaar
TLSH,T1D2048DA2D8647E98C265E2B0F1B1DF782B23969146075FBF5977C2B44083D8CF605BB8,51b2a2243840c0681167405e2ebbf9f5ac05105f94dc005d335897952d962224,Mirai,disssh4,elf,2026-10-09 05:46:30,MalwareBazaar
SSDEEP,3072:tC9s/mRZBLfvX97y+gTQlX8lKYHJz74kFlz335RQPOW4DcjzXp:tC9s/mRZNX9W+g8eKYHJz74kFNSb4D8Z,51b2a2243840c0681167405e2ebbf9f5ac05105f94dc005d335897952d962224,Mirai,disssh4,elf,2026-10-09 05:46:30,MalwareBazaar
MD5,4073eb55fca304f6aa94d9643286a503,22949b40865c3d6c9a2c7d7eae97c964b5fde63c1727ce74773d7aeb20be347a,unknown,cx-programmer 9.1 free download full.exe,exe,2026-10-09 05:44:59,MalwareBazaar
SHA-1,db9d8725ab59d62827275531ce7216b3b9fe1e42,22949b40865c3d6c9a2c7d7eae97c964b5fde63c1727ce74773d7aeb20be347a,unknown,cx-programmer 9.1 free download full.exe,exe,2026-10-09 05:44:59,MalwareBazaar
SHA-256,22949b40865c3d6c9a2c7d7eae97c964b5fde63c1727ce74773d7aeb20be347a,22949b40865c3d6c9a2c7d7eae97c964b5fde63c1727ce74773d7aeb20be347a,unknown,cx-programmer 9.1 free download full.exe,exe,2026-10-09 05:44:59,MalwareBazaar
SHA3-384,112b76f938bffd0a3e849a237ca028e3adc4e1f5b20c848f75253d3d9837edb039fd3d9fb02e1e0db06ed650102c4698,22949b40865c3d6c9a2c7d7eae97c964b5fde63c1727ce74773d7aeb20be347a,unknown,cx-programmer 9.1 free download full.exe,exe,2026-10-09 05:44:59,MalwareBazaar
IMPHASH,abf73dc5794b54a40e3ea5c9332fa07f,22949b40865c3d6c9a2c7d7eae97c964b5fde63c1727ce74773d7aeb20be347a,unknown,cx-programmer 9.1 free download full.exe,exe,2026-10-09 05:44:59,MalwareBazaar
TLSH,T18A255A89BB7B1AFEFF64B1751443EE37B41E259841ED09FA002D36700B93C9166FA468,22949b40865c3d6c9a2c7d7eae97c964b5fde63c1727ce74773d7aeb20be347a,unknown,cx-programmer 9.1 free download full.exe,exe,2026-10-09 05:44:59,MalwareBazaar
SSDEEP,12288:lqpPkHptRKxku/oo6QRWP6mRdiorFTOnmEdE8HFJ4GAwhuskcVlAzNsVthb32PIp:l+cHDl3QR46mDOmveFivwhufNQf3/p,22949b40865c3d6c9a2c7d7eae97c964b5fde63c1727ce74773d7aeb20be347a,unknown,cx-programmer 9.1 free download full.exe,exe,2026-10-09 05:44:59,MalwareBazaar
ICON-DHASH,d488dcf0b2e886d0,22949b40865c3d6c9a2c7d7eae97c964b5fde63c1727ce74773d7aeb20be347a,unknown,cx-programmer 9.1 free download full.exe,exe,2026-10-09 05:44:59,MalwareBazaar
MD5,328418541c9d8129ecce148c3334a38d,1981072e76c686dacae199ef1df3485874d3af313ec2203f32182019c110eb4b,Mirai,vcimanagement.mpsl,elf,2026-10-09 05:42:32,MalwareBazaar
SHA-1,4e3d63f436a6704039019c4383f20043489a80b1,1981072e76c686dacae199ef1df3485874d3af313ec2203f32182019c110eb4b,Mirai,vcimanagement.mpsl,elf,2026-10-09 05:42:32,MalwareBazaar
SHA-256,1981072e76c686dacae199ef1df3485874d3af313ec2203f32182019c110eb4b,1981072e76c686dacae199ef1df3485874d3af313ec2203f32182019c110eb4b,Mirai,vcimanagement.mpsl,elf,2026-10-09 05:42:32,MalwareBazaar
SHA3-384,5acb8417793389dca63f0bb755560a3a52a7384c80a6a2a0a2d82a60b1e29f3d56d16f747c89dfa91377157ee4d07c46,1981072e76c686dacae199ef1df3485874d3af313ec2203f32182019c110eb4b,Mirai,vcimanagement.mpsl,elf,2026-10-09 05:42:32,MalwareBazaar
TLSH,T14614D706AB520FFBD86BDD3702F90B0128CCB81B26A53B757674D924F50A98B4AD3D74,1981072e76c686dacae199ef1df3485874d3af313ec2203f32182019c110eb4b,Mirai,vcimanagement.mpsl,elf,2026-10-09 05:42:32,MalwareBazaar
SSDEEP,3072:8GocmqjPM+tjyOyDaDRRK+x2ojrrzBewL6Um+vrU2:1ocBNyYKmj/NnqK,1981072e76c686dacae199ef1df3485874d3af313ec2203f32182019c110eb4b,Mirai,vcimanagement.mpsl,elf,2026-10-09 05:42:32,MalwareBazaar
MD5,5b2fa36a8b6f7a1160fb37bd793e057c,8008767e83e3baa563ee9880881518dde6b43ae99f8c5585c05d61936f9d01dd,Mirai,mipsel,elf,2026-10-09 05:34:50,MalwareBazaar
SHA-1,53cc74eacba652d34ccc0d35927b1c4b5d15bbfa,8008767e83e3baa563ee9880881518dde6b43ae99f8c5585c05d61936f9d01dd,Mirai,mipsel,elf,2026-10-09 05:34:50,MalwareBazaar
SHA-256,8008767e83e3baa563ee9880881518dde6b43ae99f8c5585c05d61936f9d01dd,8008767e83e3baa563ee9880881518dde6b43ae99f8c5585c05d61936f9d01dd,Mirai,mipsel,elf,2026-10-09 05:34:50,MalwareBazaar
SHA3-384,d9cf9e2b5374c29a08a58cdd57281c0ce3adc9fc3c88c2a8a08d1eaf13ce9ce5bf2c592707539c29fb40378431e8bbb4,8008767e83e3baa563ee9880881518dde6b43ae99f8c5585c05d61936f9d01dd,Mirai,mipsel,elf,2026-10-09 05:34:50,MalwareBazaar
TLSH,T1B934C747BE79EEC5C8BC4E70A759C7395044A0C6A2B6A59EF7B49FC8E7182003E1E1C5,8008767e83e3baa563ee9880881518dde6b43ae99f8c5585c05d61936f9d01dd,Mirai,mipsel,elf,2026-10-09 05:34:50,MalwareBazaar
SSDEEP,3072:sOEs/IGNemODY7shSHE5y8hS4Aj0/FR5g73kbNKHXHCqVsVC6HPwJojEnB+0o:s3s2G0yAS4Aj0P57b03iqVsVC6Hon+0,8008767e83e3baa563ee9880881518dde6b43ae99f8c5585c05d61936f9d01dd,Mirai,mipsel,elf,2026-10-09 05:34:50,MalwareBazaar
MD5,557bf0ab0b66bf583b578d10079c32d9,606a58ec83b4767b4e7806903f2daa0eaf9e40d8299d84d881ccba490ffc20c2,unknown,disspoor,elf,2026-10-09 05:31:23,MalwareBazaar
SHA-1,0a21c38f6c1d8ab2483631d2b6b8190c5c2b7791,606a58ec83b4767b4e7806903f2daa0eaf9e40d8299d84d881ccba490ffc20c2,unknown,disspoor,elf,2026-10-09 05:31:23,MalwareBazaar
SHA-256,606a58ec83b4767b4e7806903f2daa0eaf9e40d8299d84d881ccba490ffc20c2,606a58ec83b4767b4e7806903f2daa0eaf9e40d8299d84d881ccba490ffc20c2,unknown,disspoor,elf,2026-10-09 05:31:23,MalwareBazaar
SHA3-384,2a9dd231f47ef44816b9a37d88aec9b81d62d995e0326f836199da9683843486fb1b44a857e0b161837c4e637c33b272,606a58ec83b4767b4e7806903f2daa0eaf9e40d8299d84d881ccba490ffc20c2,unknown,disspoor,elf,2026-10-09 05:31:23,MalwareBazaar
TLSH,T17B147D01B31C0947E1632EF03B3F27D1D3EE9A9125F5EA452A0FBA498272D322589DDD,606a58ec83b4767b4e7806903f2daa0eaf9e40d8299d84d881ccba490ffc20c2,unknown,disspoor,elf,2026-10-09 05:31:23,MalwareBazaar
SSDEEP,6144:r+hISpQEHxEHsUwFV7+xuwCA0HrqvzoXJ:zuxEMUwFV7rwBvz6J,606a58ec83b4767b4e7806903f2daa0eaf9e40d8299d84d881ccba490ffc20c2,unknown,disspoor,elf,2026-10-09 05:31:23,MalwareBazaar
MD5,f580dd02245d3833e58444954d688bf9,a1bca91d3e2bd012c3e0dbe88e09062848c1cff602c990a541d7b1c9224ad16e,Mirai,mips,elf,2026-10-09 05:24:21,MalwareBazaar
SHA-1,e9dbd2ac6728dc6324de807bab1487ecdde0b1b2,a1bca91d3e2bd012c3e0dbe88e09062848c1cff602c990a541d7b1c9224ad16e,Mirai,mips,elf,2026-10-09 05:24:21,MalwareBazaar
SHA-256,a1bca91d3e2bd012c3e0dbe88e09062848c1cff602c990a541d7b1c9224ad16e,a1bca91d3e2bd012c3e0dbe88e09062848c1cff602c990a541d7b1c9224ad16e,Mirai,mips,elf,2026-10-09 05:24:21,MalwareBazaar
SHA3-384,091240e2883821675761f1d348a247993c14c2163ec18e301172e12a733bdca9b0c293469d9a47225de284e2bfa46b73,a1bca91d3e2bd012c3e0dbe88e09062848c1cff602c990a541d7b1c9224ad16e,Mirai,mips,elf,2026-10-09 05:24:21,MalwareBazaar
TLSH,T1C234E967BAB6FFD8C8A5C5306571C3B44182ACE21AF5955DF361EB8CEE241007E1E2D2,a1bca91d3e2bd012c3e0dbe88e09062848c1cff602c990a541d7b1c9224ad16e,Mirai,mips,elf,2026-10-09 05:24:21,MalwareBazaar
SSDEEP,3072:8nwvn/IGNemO5dqgFOfsW1oGZ6pjD/+pKXwPuA2fRPGavTv7gnD5NoWS3zaQ+:AwvnqfesW1bMDmK5AOPXynqaQ+,a1bca91d3e2bd012c3e0dbe88e09062848c1cff602c990a541d7b1c9224ad16e,Mirai,mips,elf,2026-10-09 05:24:21,MalwareBazaar
MD5,9ce7776ff0d0f458ae393acf0ae0fd1b,d724dc8b5d6bb230f42a3ec0d5f71ccb8c8e9a88025756074b36961709ed1384,Mirai,dissarm4,elf,2026-10-09 05:24:18,MalwareBazaar
SHA-1,d26d5c590d5e41df6c1980ea9d02079cf4e760f7,d724dc8b5d6bb230f42a3ec0d5f71ccb8c8e9a88025756074b36961709ed1384,Mirai,dissarm4,elf,2026-10-09 05:24:18,MalwareBazaar
SHA-256,d724dc8b5d6bb230f42a3ec0d5f71ccb8c8e9a88025756074b36961709ed1384,d724dc8b5d6bb230f42a3ec0d5f71ccb8c8e9a88025756074b36961709ed1384,Mirai,dissarm4,elf,2026-10-09 05:24:18,MalwareBazaar
SHA3-384,f03c489bfbc0eeb5b4c075cd3c67683df13272f512ca14c4b6c82f602c751efe66c8b828ef77395805ce94bccc844792,d724dc8b5d6bb230f42a3ec0d5f71ccb8c8e9a88025756074b36961709ed1384,Mirai,dissarm4,elf,2026-10-09 05:24:18,MalwareBazaar
TLSH,T174142A45F8509B23C7C5667BFB6E428C372B53B8D2EA31039E115F24379B46B0E7A642,d724dc8b5d6bb230f42a3ec0d5f71ccb8c8e9a88025756074b36961709ed1384,Mirai,dissarm4,elf,2026-10-09 05:24:18,MalwareBazaar
TELFHASH,t1d5d02b32cc4010d4b724419eccfe722433a9b9251745c02a92da7f69ae93c55e430c47,d724dc8b5d6bb230f42a3ec0d5f71ccb8c8e9a88025756074b36961709ed1384,Mirai,dissarm4,elf,2026-10-09 05:24:18,MalwareBazaar
SSDEEP,3072:9sPHRetYqCpZhroNlDqIUi6LWlYvVPoBVOrkY5lbM4mh8bQTzCw3TaM:CPmRCp/roixLWlYv1oLOvvbM4U8b2zCs,d724dc8b5d6bb230f42a3ec0d5f71ccb8c8e9a88025756074b36961709ed1384,Mirai,dissarm4,elf,2026-10-09 05:24:18,MalwareBazaar
MD5,1b7976e736049ff7e64fd5600b2c7251,c0863e8dbb46099ae4897fbdbf2dac14e0e2e2871d0595ee38d37b3fc44f3b36,Mirai,dissarm7,elf,2026-10-09 05:20:52,MalwareBazaar
SHA-1,13dad3adc79aa304cc880f1ddd9f42456505e2f6,c0863e8dbb46099ae4897fbdbf2dac14e0e2e2871d0595ee38d37b3fc44f3b36,Mirai,dissarm7,elf,2026-10-09 05:20:52,MalwareBazaar
SHA-256,c0863e8dbb46099ae4897fbdbf2dac14e0e2e2871d0595ee38d37b3fc44f3b36,c0863e8dbb46099ae4897fbdbf2dac14e0e2e2871d0595ee38d37b3fc44f3b36,Mirai,dissarm7,elf,2026-10-09 05:20:52,MalwareBazaar
SHA3-384,6513fa670699f1f5dac88ddfa7a27f971a9ee3d559a497645ca14c247fd0464fd61e87a59cf52441a848ad1cd4aff3e9,c0863e8dbb46099ae4897fbdbf2dac14e0e2e2871d0595ee38d37b3fc44f3b36,Mirai,dissarm7,elf,2026-10-09 05:20:52,MalwareBazaar
TLSH,T1A4041849FC81AF10D5D536BAFA1E4189336757B8E3FA7112DE245B2023CA92F0F7A512,c0863e8dbb46099ae4897fbdbf2dac14e0e2e2871d0595ee38d37b3fc44f3b36,Mirai,dissarm7,elf,2026-10-09 05:20:52,MalwareBazaar
TELFHASH,t124b09288080069c967830001e9fc2323e204f0675b48080652d07c6eba72725c832806,c0863e8dbb46099ae4897fbdbf2dac14e0e2e2871d0595ee38d37b3fc44f3b36,Mirai,dissarm7,elf,2026-10-09 05:20:52,MalwareBazaar
SSDEEP,3072:5Kvi6+uLyU+AZMKBaRw/+ePnn0WtlZaHMthGhGlN9f0d934/OlacW:MvD+icAKmPnnT3ZaHMPGhGlNB63SOla3,c0863e8dbb46099ae4897fbdbf2dac14e0e2e2871d0595ee38d37b3fc44f3b36,Mirai,dissarm7,elf,2026-10-09 05:20:52,MalwareBazaar
MD5,252f33e587c7fa9125789766550bc249,e867fc47c809868e46bbef459c4146b0ed111697d7672ce4c6623322afa2a1f4,Mirai,adissarm5,elf,2026-10-09 05:17:11,MalwareBazaar
SHA-1,bd94d7bbc69796f6f025dbe74dca2ed0f19103e5,e867fc47c809868e46bbef459c4146b0ed111697d7672ce4c6623322afa2a1f4,Mirai,adissarm5,elf,2026-10-09 05:17:11,MalwareBazaar
SHA-256,e867fc47c809868e46bbef459c4146b0ed111697d7672ce4c6623322afa2a1f4,e867fc47c809868e46bbef459c4146b0ed111697d7672ce4c6623322afa2a1f4,Mirai,adissarm5,elf,2026-10-09 05:17:11,MalwareBazaar
SHA3-384,86a620be2f86f9a82e007e79d491e29f3709d663f1cc29890455de8068a8ab595d2b0e0cb821683d84714b3d25a1c7eb,e867fc47c809868e46bbef459c4146b0ed111697d7672ce4c6623322afa2a1f4,Mirai,adissarm5,elf,2026-10-09 05:17:11,MalwareBazaar
TLSH,T158142A85FC419F16C6C1667BFB2E428C372B53B8D3EE31069E116F24379B46A0E76642,e867fc47c809868e46bbef459c4146b0ed111697d7672ce4c6623322afa2a1f4,Mirai,adissarm5,elf,2026-10-09 05:17:11,MalwareBazaar
TELFHASH,t16101d010ce481adc7af84156c9fd621bea58709c3b170001a97cfe6bc953c97b030a0e,e867fc47c809868e46bbef459c4146b0ed111697d7672ce4c6623322afa2a1f4,Mirai,adissarm5,elf,2026-10-09 05:17:11,MalwareBazaar
SSDEEP,3072:L+M1KpS12bi8XKqNoMD7YZNDQVf7OuU7YVvkA8fM/4kQ+a+ZYAkmd14rT:LZ11wbi/qNoMxVfSumec30/4j+aaYANk,e867fc47c809868e46bbef459c4146b0ed111697d7672ce4c6623322afa2a1f4,Mirai,adissarm5,elf,2026-10-09 05:17:11,MalwareBazaar
MD5,3fce2a7659f87e2005eaffce84fccd2d,25089d27e69ec64c5d5887f8f67303db883fe0c373df6a8805ad960a313b1777,Mirai,vcimanagement.arm,elf,2026-10-09 05:17:08,MalwareBazaar
SHA-1,924d11bfe09762ecb0c4d57b8248304f6179b64d,25089d27e69ec64c5d5887f8f67303db883fe0c373df6a8805ad960a313b1777,Mirai,vcimanagement.arm,elf,2026-10-09 05:17:08,MalwareBazaar
SHA-256,25089d27e69ec64c5d5887f8f67303db883fe0c373df6a8805ad960a313b1777,25089d27e69ec64c5d5887f8f67303db883fe0c373df6a8805ad960a313b1777,Mirai,vcimanagement.arm,elf,2026-10-09 05:17:08,MalwareBazaar
SHA3-384,a0871bf01240288ef1fb9853ea4423765d2f587a864447891cc235874f239e24598a9d43dc5b0db8f02aa4dcf34e3267,25089d27e69ec64c5d5887f8f67303db883fe0c373df6a8805ad960a313b1777,Mirai,vcimanagement.arm,elf,2026-10-09 05:17:08,MalwareBazaar
TLSH,T1D5E3E742BD419F13C6C322FBFBDE42893B267B69D6EE3102D9216FA0378A5D60937151,25089d27e69ec64c5d5887f8f67303db883fe0c373df6a8805ad960a313b1777,Mirai,vcimanagement.arm,elf,2026-10-09 05:17:08,MalwareBazaar
TELFHASH,t1f9d0c2338b4428e8b3eb461211b9711e4efd75bc1545496073fc2ee6091368275ae823,25089d27e69ec64c5d5887f8f67303db883fe0c373df6a8805ad960a313b1777,Mirai,vcimanagement.arm,elf,2026-10-09 05:17:08,MalwareBazaar
SSDEEP,3072:KyQ83fdwwOhiv9fkJqyJ4NruGJ9G7fkni+oK:Kf83FwrGfkJnJ4NNJUDknirK,25089d27e69ec64c5d5887f8f67303db883fe0c373df6a8805ad960a313b1777,Mirai,vcimanagement.arm,elf,2026-10-09 05:17:08,MalwareBazaar
MD5,77c07825ed6e0e225d342aedcfa77f7b,f2700a394f0511ad48a420043258657b3c2617c3d7a1f377204e8f3b7540bb5a,RemcosRAT,CONTRACT DRAFT-EGP-25006-SG1-SLO-GS-0349.vbs,vbs,2026-10-09 05:15:34,MalwareBazaar
SHA-1,4c9ff108ea6e61b2acbe9a8205f33be018eade46,f2700a394f0511ad48a420043258657b3c2617c3d7a1f377204e8f3b7540bb5a,RemcosRAT,CONTRACT DRAFT-EGP-25006-SG1-SLO-GS-0349.vbs,vbs,2026-10-09 05:15:34,MalwareBazaar
SHA-256,f2700a394f0511ad48a420043258657b3c2617c3d7a1f377204e8f3b7540bb5a,f2700a394f0511ad48a420043258657b3c2617c3d7a1f377204e8f3b7540bb5a,RemcosRAT,CONTRACT DRAFT-EGP-25006-SG1-SLO-GS-0349.vbs,vbs,2026-10-09 05:15:34,MalwareBazaar
SHA3-384,c44f71846b835caaeb2450a8e701aaa4c940f36b92c923973890789b2f86e00d74b76721a7116a8b11a8b76d1f4a07a0,f2700a394f0511ad48a420043258657b3c2617c3d7a1f377204e8f3b7540bb5a,RemcosRAT,CONTRACT DRAFT-EGP-25006-SG1-SLO-GS-0349.vbs,vbs,2026-10-09 05:15:34,MalwareBazaar
TLSH,T1CA634A10DE7801164E4B1BE6FC9E0A65CDBECB15422650B1FEFD274D5002AACB3FD669,f2700a394f0511ad48a420043258657b3c2617c3d7a1f377204e8f3b7540bb5a,RemcosRAT,CONTRACT DRAFT-EGP-25006-SG1-SLO-GS-0349.vbs,vbs,2026-10-09 05:15:34,MalwareBazaar
SSDEEP,768:OiaXLt+0MmNKWfDkrP5LqHV/CrkaVxOi2t400cMYHryIOHvKzaQpzIMKzFw5Y/RZ:JGxMJtRWzVKQpPiuY/RU88GOeD2dnAkO,f2700a394f0511ad48a420043258657b3c2617c3d7a1f377204e8f3b7540bb5a,RemcosRAT,CONTRACT DRAFT-EGP-25006-SG1-SLO-GS-0349.vbs,vbs,2026-10-09 05:15:34,MalwareBazaar
MD5,24722bd1a63fff82557ef8197cf9d5fd,b74cb10109cbd5d8dbfb3d2b34016991f69430fb9fc6553ddf7371a0e189c2ae,Mirai,armv7l,elf,2026-10-09 05:03:03,MalwareBazaar
SHA-1,f6f2bb2e0a54ea3e595aa4be85fd4d6c53361da2,b74cb10109cbd5d8dbfb3d2b34016991f69430fb9fc6553ddf7371a0e189c2ae,Mirai,armv7l,elf,2026-10-09 05:03:03,MalwareBazaar
SHA-256,b74cb10109cbd5d8dbfb3d2b34016991f69430fb9fc6553ddf7371a0e189c2ae,b74cb10109cbd5d8dbfb3d2b34016991f69430fb9fc6553ddf7371a0e189c2ae,Mirai,armv7l,elf,2026-10-09 05:03:03,MalwareBazaar
SHA3-384,900c2c950dbae53e49c80da56c219d167a9e12cede524d4d06e3635d87bd238797ef5e111fbf05f2779284d98810c824,b74cb10109cbd5d8dbfb3d2b34016991f69430fb9fc6553ddf7371a0e189c2ae,Mirai,armv7l,elf,2026-10-09 05:03:03,MalwareBazaar
TLSH,T1C2F44AA6BD5298A0C4D45ABAF71DC2DC334353B9C3EA7206CD06C73469CE9594D3ABC2,b74cb10109cbd5d8dbfb3d2b34016991f69430fb9fc6553ddf7371a0e189c2ae,Mirai,armv7l,elf,2026-10-09 05:03:03,MalwareBazaar
TELFHASH,t170f02b520554dcdfb1e84117742b87a5e420883ca8ac27a631e3b83ec383d3061e7fa6,b74cb10109cbd5d8dbfb3d2b34016991f69430fb9fc6553ddf7371a0e189c2ae,Mirai,armv7l,elf,2026-10-09 05:03:03,MalwareBazaar
SSDEEP,12288:1W2D7rMX7ioodnk6zuIk5KtemU5dEVWyT8eP9I:1kX03U,b74cb10109cbd5d8dbfb3d2b34016991f69430fb9fc6553ddf7371a0e189c2ae,Mirai,armv7l,elf,2026-10-09 05:03:03,MalwareBazaar
MD5,22cb330c4b9bfffe5a1126ba0564d615,178ee12744a15f48fb6ebfba3191af933b59b4c6a86f430175bc3a87a0d2710a,unknown,dissmips,elf,2026-10-09 04:47:32,MalwareBazaar
SHA-1,ebf28a6b51190dc00b525fcd70cd0fb3cc164a40,178ee12744a15f48fb6ebfba3191af933b59b4c6a86f430175bc3a87a0d2710a,unknown,dissmips,elf,2026-10-09 04:47:32,MalwareBazaar
SHA-256,178ee12744a15f48fb6ebfba3191af933b59b4c6a86f430175bc3a87a0d2710a,178ee12744a15f48fb6ebfba3191af933b59b4c6a86f430175bc3a87a0d2710a,unknown,dissmips,elf,2026-10-09 04:47:32,MalwareBazaar
SHA3-384,2523f5b02bde1361d853d97d371251ce6341c8e13f3f74ac15d10d459738b481f2c855cd31c967d0664d067ba43c2a0b,178ee12744a15f48fb6ebfba3191af933b59b4c6a86f430175bc3a87a0d2710a,unknown,dissmips,elf,2026-10-09 04:47:32,MalwareBazaar
TLSH,T14B44C64E6E618F7DF2B8873447B74B34976932D727E1D685E1ACD2101E2024E681FFA8,178ee12744a15f48fb6ebfba3191af933b59b4c6a86f430175bc3a87a0d2710a,unknown,dissmips,elf,2026-10-09 04:47:32,MalwareBazaar
TELFHASH,t1f44194181d7813f0a2356c5d45ddff76d6a330eb7e266c238b11e86aab79a435d10c0c,178ee12744a15f48fb6ebfba3191af933b59b4c6a86f430175bc3a87a0d2710a,unknown,dissmips,elf,2026-10-09 04:47:32,MalwareBazaar
SSDEEP,6144:Tx9A2nviAyczH9jMI9/5JLTTuqUAz7q8VWmZR:QYvtychMy/dUYR,178ee12744a15f48fb6ebfba3191af933b59b4c6a86f430175bc3a87a0d2710a,unknown,dissmips,elf,2026-10-09 04:47:32,MalwareBazaar
MD5,17c4d6e51c52e59ada1d644411d33015,3ea03e28c0a5a8c8a4910f26b2a1ee073053f76cbd9d21729dcec81543ac1617,Formbook,Swift_Copy_IF01200022823419.exe,exe,2026-10-09 04:37:52,MalwareBazaar
SHA-1,86ca4d6d00752507b1f12faf1bb55af0a6ec5db1,3ea03e28c0a5a8c8a4910f26b2a1ee073053f76cbd9d21729dcec81543ac1617,Formbook,Swift_Copy_IF01200022823419.exe,exe,2026-10-09 04:37:52,MalwareBazaar
SHA-256,3ea03e28c0a5a8c8a4910f26b2a1ee073053f76cbd9d21729dcec81543ac1617,3ea03e28c0a5a8c8a4910f26b2a1ee073053f76cbd9d21729dcec81543ac1617,Formbook,Swift_Copy_IF01200022823419.exe,exe,2026-10-09 04:37:52,MalwareBazaar
SHA3-384,4194b36c670883a7bfa871e40f299f07f85fbb7f1f46e34dedcf064165099e1a6a9dd1e343593537e9ebd13a952ddc42,3ea03e28c0a5a8c8a4910f26b2a1ee073053f76cbd9d21729dcec81543ac1617,Formbook,Swift_Copy_IF01200022823419.exe,exe,2026-10-09 04:37:52,MalwareBazaar
IMPHASH,f34d5f2d4577ed6d9ceec516c1f5a744,3ea03e28c0a5a8c8a4910f26b2a1ee073053f76cbd9d21729dcec81543ac1617,Formbook,Swift_Copy_IF01200022823419.exe,exe,2026-10-09 04:37:52,MalwareBazaar
TLSH,T1D005DF00326BCD13D1B65BB106E1D3708BB42E95E622D3978FE66EE77A267C158C0793,3ea03e28c0a5a8c8a4910f26b2a1ee073053f76cbd9d21729dcec81543ac1617,Formbook,Swift_Copy_IF01200022823419.exe,exe,2026-10-09 04:37:52,MalwareBazaar
SSDEEP,12288:J0qG0iBn3vu6SZzpX8zm/ntg9UlmygxJNl6qBgkZzE6tGOxyS+Cob0YmKO:bQB3vtKX8Mt+ygxkql4q0bbJO,3ea03e28c0a5a8c8a4910f26b2a1ee073053f76cbd9d21729dcec81543ac1617,Formbook,Swift_Copy_IF01200022823419.exe,exe,2026-10-09 04:37:52,MalwareBazaar
MD5,e47ffac29696de3c8d72bc0c78e33a71,2524ca7fb873708b0e994ca5f6f18db95fcd5bc59c7e54eb5426b91658759142,unknown,client.jar,jar,2026-10-09 03:53:51,MalwareBazaar
SHA-1,e1d9dcfcbc1f46b2be64d0b17c3bf3abf5f6eab0,2524ca7fb873708b0e994ca5f6f18db95fcd5bc59c7e54eb5426b91658759142,unknown,client.jar,jar,2026-10-09 03:53:51,MalwareBazaar
SHA-256,2524ca7fb873708b0e994ca5f6f18db95fcd5bc59c7e54eb5426b91658759142,2524ca7fb873708b0e994ca5f6f18db95fcd5bc59c7e54eb5426b91658759142,unknown,client.jar,jar,2026-10-09 03:53:51,MalwareBazaar
SHA3-384,fe1509d7edfd31b9963ff77255029b2711ae435eb20d6832b7541b7aeda9407adf648bbbb6b82e8cdfcf8e55f06a7d68,2524ca7fb873708b0e994ca5f6f18db95fcd5bc59c7e54eb5426b91658759142,unknown,client.jar,jar,2026-10-09 03:53:51,MalwareBazaar
TLSH,T119670223D908F63DE936433AE0420592B95F17ECD80F90A564F029FAAD05D4D7FA1BE9,2524ca7fb873708b0e994ca5f6f18db95fcd5bc59c7e54eb5426b91658759142,unknown,client.jar,jar,2026-10-09 03:53:51,MalwareBazaar
SSDEEP,393216:OLVsAkL2YgKzSwAjOxtPCvJsnlWKVSreRYQx8tnWNdksh+W64ILJa0cM2UROOqw1:0V3kL2f+S+AxslW2RR6WRILJaHMZQOOU,2524ca7fb873708b0e994ca5f6f18db95fcd5bc59c7e54eb5426b91658759142,unknown,client.jar,jar,2026-10-09 03:53:51,MalwareBazaar
MD5,a8b4c90abf992f45e7111145113469bd,ce5e8dde18aef81faf1afb127da44e470d512f5f4f6a0d8d100361ba818fc043,Mirai,arm7,elf,2026-10-09 03:36:33,MalwareBazaar
SHA-1,498a0e68131728ae7ad702930c3cc26d889b03d5,ce5e8dde18aef81faf1afb127da44e470d512f5f4f6a0d8d100361ba818fc043,Mirai,arm7,elf,2026-10-09 03:36:33,MalwareBazaar
SHA-256,ce5e8dde18aef81faf1afb127da44e470d512f5f4f6a0d8d100361ba818fc043,ce5e8dde18aef81faf1afb127da44e470d512f5f4f6a0d8d100361ba818fc043,Mirai,arm7,elf,2026-10-09 03:36:33,MalwareBazaar
SHA3-384,00ffbecf2c0c39a692013c6a92ea979a96cb47afcb8f2bfdcb9583ec928a54b4634c68917d7aba4651af802df6293355,ce5e8dde18aef81faf1afb127da44e470d512f5f4f6a0d8d100361ba818fc043,Mirai,arm7,elf,2026-10-09 03:36:33,MalwareBazaar
TLSH,T109B4E059F2462E42C5E7E539188AC6810799E46F23F383022B43A5BB387D7B74F39749,ce5e8dde18aef81faf1afb127da44e470d512f5f4f6a0d8d100361ba818fc043,Mirai,arm7,elf,2026-10-09 03:36:33,MalwareBazaar
SSDEEP,12288:7H3yJt4yhpRtf16IBaRh7YboApZCR9Vgpu/BMIkB:wh5N6I+hCoAyqIk,ce5e8dde18aef81faf1afb127da44e470d512f5f4f6a0d8d100361ba818fc043,Mirai,arm7,elf,2026-10-09 03:36:33,MalwareBazaar
MD5,dcd580118706ee497e645311915996b0,cf90ad8eef1b73e674f5dbbc12f8bbc4ee0ebc2b9485ddf5ef3cf5ce863f5333,ValleyRAT,ZillberReleyHost.exe,exe,2026-10-09 03:24:25,MalwareBazaar
SHA-1,3243fb84a11143e574696e23eb114b4467275c35,cf90ad8eef1b73e674f5dbbc12f8bbc4ee0ebc2b9485ddf5ef3cf5ce863f5333,ValleyRAT,ZillberReleyHost.exe,exe,2026-10-09 03:24:25,MalwareBazaar
SHA-256,cf90ad8eef1b73e674f5dbbc12f8bbc4ee0ebc2b9485ddf5ef3cf5ce863f5333,cf90ad8eef1b73e674f5dbbc12f8bbc4ee0ebc2b9485ddf5ef3cf5ce863f5333,ValleyRAT,ZillberReleyHost.exe,exe,2026-10-09 03:24:25,MalwareBazaar
SHA3-384,26c9fe933d27ac8bad74404ebace8e6564402f83fbc952e2d7e1140d3c9bef545013982ec702809462d3de9f78d500a6,cf90ad8eef1b73e674f5dbbc12f8bbc4ee0ebc2b9485ddf5ef3cf5ce863f5333,ValleyRAT,ZillberReleyHost.exe,exe,2026-10-09 03:24:25,MalwareBazaar
IMPHASH,230a8cb70f5fc6f4574e4c22b6277a01,cf90ad8eef1b73e674f5dbbc12f8bbc4ee0ebc2b9485ddf5ef3cf5ce863f5333,ValleyRAT,ZillberReleyHost.exe,exe,2026-10-09 03:24:25,MalwareBazaar
TLSH,T199672310EAD782B5C65127F905796ADEF4765E1C032418FBFFD92D0EA079BF484B02A2,cf90ad8eef1b73e674f5dbbc12f8bbc4ee0ebc2b9485ddf5ef3cf5ce863f5333,ValleyRAT,ZillberReleyHost.exe,exe,2026-10-09 03:24:25,MalwareBazaar
SSDEEP,786432:CguB4HZNU3SCPSqcvJj5xRD5znOQTlfwuUeRADS3:1uSZeCOg/5znlTlfwuLcW,cf90ad8eef1b73e674f5dbbc12f8bbc4ee0ebc2b9485ddf5ef3cf5ce863f5333,ValleyRAT,ZillberReleyHost.exe,exe,2026-10-09 03:24:25,MalwareBazaar
ICON-DHASH,133b7b63634b5943,cf90ad8eef1b73e674f5dbbc12f8bbc4ee0ebc2b9485ddf5ef3cf5ce863f5333,ValleyRAT,ZillberReleyHost.exe,exe,2026-10-09 03:24:25,MalwareBazaar
MD5,b85b33c6c8ac7242fb09c70c5c583a11,e292d65b134653448ef4bcad23eaae8b08abefcbfcd360c3f0cd74adfee33495,ValleyRAT,instdoload.1.3.13.exe,exe,2026-10-09 03:23:02,MalwareBazaar
SHA-1,e698540a6d357a092fac2f55f853731c7eeca504,e292d65b134653448ef4bcad23eaae8b08abefcbfcd360c3f0cd74adfee33495,ValleyRAT,instdoload.1.3.13.exe,exe,2026-10-09 03:23:02,MalwareBazaar
SHA-256,e292d65b134653448ef4bcad23eaae8b08abefcbfcd360c3f0cd74adfee33495,e292d65b134653448ef4bcad23eaae8b08abefcbfcd360c3f0cd74adfee33495,ValleyRAT,instdoload.1.3.13.exe,exe,2026-10-09 03:23:02,MalwareBazaar
SHA3-384,9a3a52e560f827636f0a390690529a843f978309a87589001d6b653a89130522c4fec52c7938d3c5cefc491c8c73b331,e292d65b134653448ef4bcad23eaae8b08abefcbfcd360c3f0cd74adfee33495,ValleyRAT,instdoload.1.3.13.exe,exe,2026-10-09 03:23:02,MalwareBazaar
IMPHASH,e611cb40dae30a74fa3f15a0e816a66a,e292d65b134653448ef4bcad23eaae8b08abefcbfcd360c3f0cd74adfee33495,ValleyRAT,instdoload.1.3.13.exe,exe,2026-10-09 03:23:02,MalwareBazaar
TLSH,T193972C02B6468CC6F54852F45897FAA423FDFCB48AD5C31732E4671EAF9E28C0E83595,e292d65b134653448ef4bcad23eaae8b08abefcbfcd360c3f0cd74adfee33495,ValleyRAT,instdoload.1.3.13.exe,exe,2026-10-09 03:23:02,MalwareBazaar
SSDEEP,49152:sF335nW2J++1hhWugAx8z/TdqRD4a85Ejr9CbHd5nYeWgRm:G5L3XLgAm9EHUvm,e292d65b134653448ef4bcad23eaae8b08abefcbfcd360c3f0cd74adfee33495,ValleyRAT,instdoload.1.3.13.exe,exe,2026-10-09 03:23:02,MalwareBazaar
ICON-DHASH,a2838983a27464b4,e292d65b134653448ef4bcad23eaae8b08abefcbfcd360c3f0cd74adfee33495,ValleyRAT,instdoload.1.3.13.exe,exe,2026-10-09 03:23:02,MalwareBazaar
MD5,345bd23aae7e28c9b249b81a245f6c8d,84fd7e7de84bf9080ec938f944b81807faa769ab2e27a4d0a5f8596ff6dc0072,ValleyRAT,fdsfsffdsf.shop_313.exe,exe,2026-10-09 03:20:58,MalwareBazaar
SHA-1,eef695b8dfbe7783c81cd127c525543835cef9ec,84fd7e7de84bf9080ec938f944b81807faa769ab2e27a4d0a5f8596ff6dc0072,ValleyRAT,fdsfsffdsf.shop_313.exe,exe,2026-10-09 03:20:58,MalwareBazaar
SHA-256,84fd7e7de84bf9080ec938f944b81807faa769ab2e27a4d0a5f8596ff6dc0072,84fd7e7de84bf9080ec938f944b81807faa769ab2e27a4d0a5f8596ff6dc0072,ValleyRAT,fdsfsffdsf.shop_313.exe,exe,2026-10-09 03:20:58,MalwareBazaar
SHA3-384,1bb95432aa27ca6fd220fd1ac99e7002d8d7cb17870057e673abeb5055a92d36763c5b48a3c16bdc5e05ed35412d5d7f,84fd7e7de84bf9080ec938f944b81807faa769ab2e27a4d0a5f8596ff6dc0072,ValleyRAT,fdsfsffdsf.shop_313.exe,exe,2026-10-09 03:20:58,MalwareBazaar
IMPHASH,5df5eac7d1a8cb68f8fe700b326611bf,84fd7e7de84bf9080ec938f944b81807faa769ab2e27a4d0a5f8596ff6dc0072,ValleyRAT,fdsfsffdsf.shop_313.exe,exe,2026-10-09 03:20:58,MalwareBazaar
TLSH,T19046E07FF1A5C17AC1EED13AD1A38B05E433B0760B33C2E752D40A668E0A9D55E7E660,84fd7e7de84bf9080ec938f944b81807faa769ab2e27a4d0a5f8596ff6dc0072,ValleyRAT,fdsfsffdsf.shop_313.exe,exe,2026-10-09 03:20:58,MalwareBazaar
SSDEEP,98304:DN2yeSEOf51tnXTxQ9LMF6ebZGaL0nDHPBQod:5LeS3f5PnXdQKPFL07BPd,84fd7e7de84bf9080ec938f944b81807faa769ab2e27a4d0a5f8596ff6dc0072,ValleyRAT,fdsfsffdsf.shop_313.exe,exe,2026-10-09 03:20:58,MalwareBazaar
MD5,24a551d5307706c6cd3c6f8b4eafd5da,f12f4f3fa2bca2716be80804bf35c6ef988c67af7a3a08e048ae65058833f58f,RemcosRAT,FedEx Shipment Documents.js,js,2026-10-09 02:57:33,MalwareBazaar
SHA-1,877a79dc5c22bd87a384514c45f379245aecdcdf,f12f4f3fa2bca2716be80804bf35c6ef988c67af7a3a08e048ae65058833f58f,RemcosRAT,FedEx Shipment Documents.js,js,2026-10-09 02:57:33,MalwareBazaar
SHA-256,f12f4f3fa2bca2716be80804bf35c6ef988c67af7a3a08e048ae65058833f58f,f12f4f3fa2bca2716be80804bf35c6ef988c67af7a3a08e048ae65058833f58f,RemcosRAT,FedEx Shipment Documents.js,js,2026-10-09 02:57:33,MalwareBazaar
SHA3-384,5d01c723945ec3c26e49973520f1b35f4a9807736c98630e9d89739e45c8a350babe04532c5c7bfc065cf7bd4075ccbf,f12f4f3fa2bca2716be80804bf35c6ef988c67af7a3a08e048ae65058833f58f,RemcosRAT,FedEx Shipment Documents.js,js,2026-10-09 02:57:33,MalwareBazaar
TLSH,T16A664967B6B1B99D5F6888A4D027DD22DCEDC0DB17A59F4E9BCE2A006073353231B931,f12f4f3fa2bca2716be80804bf35c6ef988c67af7a3a08e048ae65058833f58f,RemcosRAT,FedEx Shipment Documents.js,js,2026-10-09 02:57:33,MalwareBazaar
SSDEEP,384:rs0Rq4wXnuEFRNBILNrM2r4xXTdUnAz4u0+5jdLMkWK3W+Jauu/40y09hpkHIn5l:rs05Ulq7Yt5OzFU1i,f12f4f3fa2bca2716be80804bf35c6ef988c67af7a3a08e048ae65058833f58f,RemcosRAT,FedEx Shipment Documents.js,js,2026-10-09 02:57:33,MalwareBazaar
MD5,f7d83d241f4a45ea7a97ea74a1016dff,b426e063f6e71de0d8c7bd6b1ed9c342e3aed4e16ff9d0b50154c67b899f8541,ValleyRAT,F7D83D241F4A45EA7A97EA74A1016DFF.exe,exe,2026-10-09 02:40:16,MalwareBazaar
SHA-1,c9e48064269a7f70a93ebc71ccc393e602f40f06,b426e063f6e71de0d8c7bd6b1ed9c342e3aed4e16ff9d0b50154c67b899f8541,ValleyRAT,F7D83D241F4A45EA7A97EA74A1016DFF.exe,exe,2026-10-09 02:40:16,MalwareBazaar
SHA-256,b426e063f6e71de0d8c7bd6b1ed9c342e3aed4e16ff9d0b50154c67b899f8541,b426e063f6e71de0d8c7bd6b1ed9c342e3aed4e16ff9d0b50154c67b899f8541,ValleyRAT,F7D83D241F4A45EA7A97EA74A1016DFF.exe,exe,2026-10-09 02:40:16,MalwareBazaar
SHA3-384,802d9d688756c407708374d510ccd2ffcfa0e0c1309941f280b57ef5c3cd6c367a7b1910699c0173aef4b5d259710291,b426e063f6e71de0d8c7bd6b1ed9c342e3aed4e16ff9d0b50154c67b899f8541,ValleyRAT,F7D83D241F4A45EA7A97EA74A1016DFF.exe,exe,2026-10-09 02:40:16,MalwareBazaar
IMPHASH,027ea80e8125c6dda271246922d4c3b0,b426e063f6e71de0d8c7bd6b1ed9c342e3aed4e16ff9d0b50154c67b899f8541,ValleyRAT,F7D83D241F4A45EA7A97EA74A1016DFF.exe,exe,2026-10-09 02:40:16,MalwareBazaar
TLSH,T163251202FAD484F2E4221D35452DBB54A5BCBA300F24CA5FA7D44D6EAE361E17632DB3,b426e063f6e71de0d8c7bd6b1ed9c342e3aed4e16ff9d0b50154c67b899f8541,ValleyRAT,F7D83D241F4A45EA7A97EA74A1016DFF.exe,exe,2026-10-09 02:40:16,MalwareBazaar
SSDEEP,24576:UmoO8itH/ZQBZawx6rynxeNPoYHF6/qCR4XgW8PxmANz2Kk:f1Z0aws8e+eeqQOCPvNNk,b426e063f6e71de0d8c7bd6b1ed9c342e3aed4e16ff9d0b50154c67b899f8541,ValleyRAT,F7D83D241F4A45EA7A97EA74A1016DFF.exe,exe,2026-10-09 02:40:16,MalwareBazaar
ICON-DHASH,cdabae6fe6e7eaec,b426e063f6e71de0d8c7bd6b1ed9c342e3aed4e16ff9d0b50154c67b899f8541,ValleyRAT,F7D83D241F4A45EA7A97EA74A1016DFF.exe,exe,2026-10-09 02:40:16,MalwareBazaar
MD5,e4653e27bd4f0979d1676f06ec4ba55e,4ddf228dbf2223bf9fd2348440eda53ca45de1ca1a2d8785f219f20197b32c9f,Gh0stRAT,4ddf228dbf2223bf9fd2348440eda53ca45de1ca1a2d8.dll,dll,2026-10-09 02:20:12,MalwareBazaar
SHA-1,4cce9403c9717c81969888552bc75165f02f5dc1,4ddf228dbf2223bf9fd2348440eda53ca45de1ca1a2d8785f219f20197b32c9f,Gh0stRAT,4ddf228dbf2223bf9fd2348440eda53ca45de1ca1a2d8.dll,dll,2026-10-09 02:20:12,MalwareBazaar
SHA-256,4ddf228dbf2223bf9fd2348440eda53ca45de1ca1a2d8785f219f20197b32c9f,4ddf228dbf2223bf9fd2348440eda53ca45de1ca1a2d8785f219f20197b32c9f,Gh0stRAT,4ddf228dbf2223bf9fd2348440eda53ca45de1ca1a2d8.dll,dll,2026-10-09 02:20:12,MalwareBazaar
SHA3-384,21ea82258f316edffe1d317f6dae7fefe5ff9265a2ce80600fcd409c057ccd5a6daac33df119d817df32e27addd43320,4ddf228dbf2223bf9fd2348440eda53ca45de1ca1a2d8785f219f20197b32c9f,Gh0stRAT,4ddf228dbf2223bf9fd2348440eda53ca45de1ca1a2d8.dll,dll,2026-10-09 02:20:12,MalwareBazaar
IMPHASH,71134859cea34c19044d4341cef3641d,4ddf228dbf2223bf9fd2348440eda53ca45de1ca1a2d8785f219f20197b32c9f,Gh0stRAT,4ddf228dbf2223bf9fd2348440eda53ca45de1ca1a2d8.dll,dll,2026-10-09 02:20:12,MalwareBazaar
TLSH,T1A304AF00B9D081B1E3FF017C08F99B76A63FB5344B60ADE77394AEBA1D342D15A3558A,4ddf228dbf2223bf9fd2348440eda53ca45de1ca1a2d8785f219f20197b32c9f,Gh0stRAT,4ddf228dbf2223bf9fd2348440eda53ca45de1ca1a2d8.dll,dll,2026-10-09 02:20:12,MalwareBazaar
SSDEEP,3072:AeI6vHBR/J5Qlrr67BZjo24Z/o1KU5mQtsfARNN+6ED4ywLt7NewhrAhsRBT:Iqn/o677jBzBoq2UNN+6C4NLt1rAhsf,4ddf228dbf2223bf9fd2348440eda53ca45de1ca1a2d8785f219f20197b32c9f,Gh0stRAT,4ddf228dbf2223bf9fd2348440eda53ca45de1ca1a2d8.dll,dll,2026-10-09 02:20:12,MalwareBazaar
MD5,7405df8ee3cc0dd7da7a972166c61eab,99ef0d24c29b2122a3ecad4a0b9f9dc9677a4838d0c41a5ab567b1acddee0524,unknown,DivX.exe,exe,2026-10-09 02:19:44,MalwareBazaar
SHA-1,62c0d4afafba87f8211486704b834baa308e63ea,99ef0d24c29b2122a3ecad4a0b9f9dc9677a4838d0c41a5ab567b1acddee0524,unknown,DivX.exe,exe,2026-10-09 02:19:44,MalwareBazaar
SHA-256,99ef0d24c29b2122a3ecad4a0b9f9dc9677a4838d0c41a5ab567b1acddee0524,99ef0d24c29b2122a3ecad4a0b9f9dc9677a4838d0c41a5ab567b1acddee0524,unknown,DivX.exe,exe,2026-10-09 02:19:44,MalwareBazaar
SHA3-384,7e75db750690770cbb51c0c6f5165e2f3e4f3c36e54403b3b98efd7704828d6b02767fcb25aae4109d2393d88e5816b3,99ef0d24c29b2122a3ecad4a0b9f9dc9677a4838d0c41a5ab567b1acddee0524,unknown,DivX.exe,exe,2026-10-09 02:19:44,MalwareBazaar
IMPHASH,8eaf50ddfa1b6fb3f7d2c117590c7850,99ef0d24c29b2122a3ecad4a0b9f9dc9677a4838d0c41a5ab567b1acddee0524,unknown,DivX.exe,exe,2026-10-09 02:19:44,MalwareBazaar
TLSH,T1CA255C3EEB734DFEF889A437221240165FF1F21E47D0AB6E873E961589056802FF8656,99ef0d24c29b2122a3ecad4a0b9f9dc9677a4838d0c41a5ab567b1acddee0524,unknown,DivX.exe,exe,2026-10-09 02:19:44,MalwareBazaar
SSDEEP,24576:tKGb2DSdWBc6OTkifybphxRdNyr9W+kZI:tj2DVBpOTk0Ip5/+kZ,99ef0d24c29b2122a3ecad4a0b9f9dc9677a4838d0c41a5ab567b1acddee0524,unknown,DivX.exe,exe,2026-10-09 02:19:44,MalwareBazaar
ICON-DHASH,e897f16969719f3b,99ef0d24c29b2122a3ecad4a0b9f9dc9677a4838d0c41a5ab567b1acddee0524,unknown,DivX.exe,exe,2026-10-09 02:19:44,MalwareBazaar
MD5,701235b6551adda5bc081bd02bfeb9be,4f3179dce42f5c010b80304931d67fca6f5fcccbdd916b51785bc43a832af6d4,Mirai,x86_64,elf,2026-10-09 02:16:36,MalwareBazaar
SHA-1,70fef7213989a0560e65bce00281fea4cf5abaf0,4f3179dce42f5c010b80304931d67fca6f5fcccbdd916b51785bc43a832af6d4,Mirai,x86_64,elf,2026-10-09 02:16:36,MalwareBazaar
SHA-256,4f3179dce42f5c010b80304931d67fca6f5fcccbdd916b51785bc43a832af6d4,4f3179dce42f5c010b80304931d67fca6f5fcccbdd916b51785bc43a832af6d4,Mirai,x86_64,elf,2026-10-09 02:16:36,MalwareBazaar
SHA3-384,1d0ff1382b90d4fcfcf8330bd1c4e46356ef04a8df16d76080d7dd7784e16fd456eb4b1ae4a54d2eee47faab90c43c30,4f3179dce42f5c010b80304931d67fca6f5fcccbdd916b51785bc43a832af6d4,Mirai,x86_64,elf,2026-10-09 02:16:36,MalwareBazaar
TLSH,T13E04F74772BA7194CDE9C03872A503BDDB94F09713BAAB8EDB955DD0BD18440B92C393,4f3179dce42f5c010b80304931d67fca6f5fcccbdd916b51785bc43a832af6d4,Mirai,x86_64,elf,2026-10-09 02:16:36,MalwareBazaar
TELFHASH,t112412900e2543e7a5be54a03465d7d3f6ddb20a3a65b09c997e88f810876fc23a9143f,4f3179dce42f5c010b80304931d67fca6f5fcccbdd916b51785bc43a832af6d4,Mirai,x86_64,elf,2026-10-09 02:16:36,MalwareBazaar
SSDEEP,3072:o82aqMmGNemiCwYrxPsRRAYgxP2UjfXDLgA5uMDsn5c8JUSFxp:o82aqMPlhs/AYgxP2UzDLJ0v,4f3179dce42f5c010b80304931d67fca6f5fcccbdd916b51785bc43a832af6d4,Mirai,x86_64,elf,2026-10-09 02:16:36,MalwareBazaar
MD5,9a0faa929ff4b741a8b04552eea48d61,2c24769688bb6658599eed56478b3320d32d79a55da0da144079c146b7ea82d4,Mirai,vcimanagement.arm5,elf,2026-10-09 01:51:45,MalwareBazaar
SHA-1,d66e64357d0e5dde6f497817b3fd7978d8a2d4cc,2c24769688bb6658599eed56478b3320d32d79a55da0da144079c146b7ea82d4,Mirai,vcimanagement.arm5,elf,2026-10-09 01:51:45,MalwareBazaar
SHA-256,2c24769688bb6658599eed56478b3320d32d79a55da0da144079c146b7ea82d4,2c24769688bb6658599eed56478b3320d32d79a55da0da144079c146b7ea82d4,Mirai,vcimanagement.arm5,elf,2026-10-09 01:51:45,MalwareBazaar
SHA3-384,ea5851be0cf2fede0841e527e9927cc7136cc9b55a7b0015674b854802544956f13cbf7fe4cd6bf998a42ab5d90187b4,2c24769688bb6658599eed56478b3320d32d79a55da0da144079c146b7ea82d4,Mirai,vcimanagement.arm5,elf,2026-10-09 01:51:45,MalwareBazaar
TLSH,T17723B5D2BC83A95FC5D017BBEA8EC6893326B7D8D2DE7313C8115E5077CA2460D27A60,2c24769688bb6658599eed56478b3320d32d79a55da0da144079c146b7ea82d4,Mirai,vcimanagement.arm5,elf,2026-10-09 01:51:45,MalwareBazaar
TELFHASH,t11ce0ab00fd3d4f1889e3aa70ecac47a09512222390b64b10cfa0cae0883f259e70cd6f,2c24769688bb6658599eed56478b3320d32d79a55da0da144079c146b7ea82d4,Mirai,vcimanagement.arm5,elf,2026-10-09 01:51:45,MalwareBazaar
SSDEEP,768:Yi/OQDpoeeseAzo0yEcaycowczxc8EE6clQZa5mwYss6zvRmVhECGJayFrG:vashUrMaS5uliZw1GudgydG,2c24769688bb6658599eed56478b3320d32d79a55da0da144079c146b7ea82d4,Mirai,vcimanagement.arm5,elf,2026-10-09 01:51:45,MalwareBazaar
MD5,6e4e02fb56c5d5f6b825b83f78543b45,01ec79ca328f90e03dd0c9ab0c115bacc279fa5eccea4cc03e4676dc9da78399,RemusStealer,Bootrsraptler_42.2.63286.exe,exe,2026-10-09 01:50:30,MalwareBazaar
SHA-1,7b8bf5e97e85caa5ef9889b78d6a72ea476d242a,01ec79ca328f90e03dd0c9ab0c115bacc279fa5eccea4cc03e4676dc9da78399,RemusStealer,Bootrsraptler_42.2.63286.exe,exe,2026-10-09 01:50:30,MalwareBazaar
SHA-256,01ec79ca328f90e03dd0c9ab0c115bacc279fa5eccea4cc03e4676dc9da78399,01ec79ca328f90e03dd0c9ab0c115bacc279fa5eccea4cc03e4676dc9da78399,RemusStealer,Bootrsraptler_42.2.63286.exe,exe,2026-10-09 01:50:30,MalwareBazaar
SHA3-384,f676b988178496dfc0e187dbf954943fc71b6765e6afa11b2c0d2134cd8c13ec55c1c0bfb985aa0d6d97ebf4962801c9,01ec79ca328f90e03dd0c9ab0c115bacc279fa5eccea4cc03e4676dc9da78399,RemusStealer,Bootrsraptler_42.2.63286.exe,exe,2026-10-09 01:50:30,MalwareBazaar
IMPHASH,c2d457ad8ac36fc9f18d45bffcd450c2,01ec79ca328f90e03dd0c9ab0c115bacc279fa5eccea4cc03e4676dc9da78399,RemusStealer,Bootrsraptler_42.2.63286.exe,exe,2026-10-09 01:50:30,MalwareBazaar
TLSH,T1B586D407234C40DCD8ABEF71C5B0566461B03DAE52353B6F8EE56E642F1A3586BEDB02,01ec79ca328f90e03dd0c9ab0c115bacc279fa5eccea4cc03e4676dc9da78399,RemusStealer,Bootrsraptler_42.2.63286.exe,exe,2026-10-09 01:50:30,MalwareBazaar
SSDEEP,49152:xlEsII1cUvsVuAzM+bNQi6LFqWnJIeqpjsq1hs6Bheu:t1cqhWFWqIu,01ec79ca328f90e03dd0c9ab0c115bacc279fa5eccea4cc03e4676dc9da78399,RemusStealer,Bootrsraptler_42.2.63286.exe,exe,2026-10-09 01:50:30,MalwareBazaar
MD5,a28b265da1d76b6d1b308851e5de17df,61fba4eb0df49bb5408ba96109a26cf7a64a2d123a4afff7b01b1a72f3d2c75b,Mirai,61fba4eb0df49bb5408ba96109a26cf7a64a2d123a4afff7b01b1a72f3d2c75b.elf,elf,2026-10-09 01:45:47,MalwareBazaar
SHA-1,95a60f15b7c7b37298d3825fbf32753cc1d1d872,61fba4eb0df49bb5408ba96109a26cf7a64a2d123a4afff7b01b1a72f3d2c75b,Mirai,61fba4eb0df49bb5408ba96109a26cf7a64a2d123a4afff7b01b1a72f3d2c75b.elf,elf,2026-10-09 01:45:47,MalwareBazaar
SHA-256,61fba4eb0df49bb5408ba96109a26cf7a64a2d123a4afff7b01b1a72f3d2c75b,61fba4eb0df49bb5408ba96109a26cf7a64a2d123a4afff7b01b1a72f3d2c75b,Mirai,61fba4eb0df49bb5408ba96109a26cf7a64a2d123a4afff7b01b1a72f3d2c75b.elf,elf,2026-10-09 01:45:47,MalwareBazaar
SHA3-384,8001df54dd934e3fc1b992ff743bd7475549367f7efda9b642c3ca99913cf0b1e2dfbe0055b5ae2afa0eabf8e102f34f,61fba4eb0df49bb5408ba96109a26cf7a64a2d123a4afff7b01b1a72f3d2c75b,Mirai,61fba4eb0df49bb5408ba96109a26cf7a64a2d123a4afff7b01b1a72f3d2c75b.elf,elf,2026-10-09 01:45:47,MalwareBazaar
TLSH,T11CC31A89FC808B11D5D525BAFE1E518D33534BBCE3FA7113DE149B2A678A86B0E3B501,61fba4eb0df49bb5408ba96109a26cf7a64a2d123a4afff7b01b1a72f3d2c75b,Mirai,61fba4eb0df49bb5408ba96109a26cf7a64a2d123a4afff7b01b1a72f3d2c75b.elf,elf,2026-10-09 01:45:47,MalwareBazaar
SSDEEP,3072:xxFRA9/leVsHQGE+QsDpZtGe70cjEbnaLnSCLoCF0QPe8zILlW5VC:kNQcDDpO00c0naLnSCLo+0f8MLN,61fba4eb0df49bb5408ba96109a26cf7a64a2d123a4afff7b01b1a72f3d2c75b,Mirai,61fba4eb0df49bb5408ba96109a26cf7a64a2d123a4afff7b01b1a72f3d2c75b.elf,elf,2026-10-09 01:45:47,MalwareBazaar
MD5,f59ac98c07d26813ad7995523185a94d,2fb5a098919a7e2cc0ab7f2fddd8d082ff363650e7863341287527c608c642d7,Mirai,2fb5a098919a7e2cc0ab7f2fddd8d082ff363650e7863341287527c608c642d7.elf,elf,2026-10-09 01:45:40,MalwareBazaar
SHA-1,f808e2273f44be1bc4da49180b84508655fd8108,2fb5a098919a7e2cc0ab7f2fddd8d082ff363650e7863341287527c608c642d7,Mirai,2fb5a098919a7e2cc0ab7f2fddd8d082ff363650e7863341287527c608c642d7.elf,elf,2026-10-09 01:45:40,MalwareBazaar
SHA-256,2fb5a098919a7e2cc0ab7f2fddd8d082ff363650e7863341287527c608c642d7,2fb5a098919a7e2cc0ab7f2fddd8d082ff363650e7863341287527c608c642d7,Mirai,2fb5a098919a7e2cc0ab7f2fddd8d082ff363650e7863341287527c608c642d7.elf,elf,2026-10-09 01:45:40,MalwareBazaar
SHA3-384,46a9e3fc0fcc2163a8cbf290423769b69a3248029155d2f2b2ced639d95b26d7237b3721bc91f554c75410aa9c31454d,2fb5a098919a7e2cc0ab7f2fddd8d082ff363650e7863341287527c608c642d7,Mirai,2fb5a098919a7e2cc0ab7f2fddd8d082ff363650e7863341287527c608c642d7.elf,elf,2026-10-09 01:45:40,MalwareBazaar
TLSH,T1E2B31A86BC81C612C5E261B7FB1F92CD372643A8D3E67113DD18AB29774B8670E3B251,2fb5a098919a7e2cc0ab7f2fddd8d082ff363650e7863341287527c608c642d7,Mirai,2fb5a098919a7e2cc0ab7f2fddd8d082ff363650e7863341287527c608c642d7.elf,elf,2026-10-09 01:45:40,MalwareBazaar
TELFHASH,t10e71ed2afb581f9c6be8046442ef5017daad34de4b221442ce6dab4f5b52dc2b03e812,2fb5a098919a7e2cc0ab7f2fddd8d082ff363650e7863341287527c608c642d7,Mirai,2fb5a098919a7e2cc0ab7f2fddd8d082ff363650e7863341287527c608c642d7.elf,elf,2026-10-09 01:45:40,MalwareBazaar
SSDEEP,1536:grMr91a+tpt1jOa3wem3SrQ++zGP9kt9J8aCXddJ3kUFvTfx8xRc:grKMopjjwL3gQNcet9J8rLdTfxV,2fb5a098919a7e2cc0ab7f2fddd8d082ff363650e7863341287527c608c642d7,Mirai,2fb5a098919a7e2cc0ab7f2fddd8d082ff363650e7863341287527c608c642d7.elf,elf,2026-10-09 01:45:40,MalwareBazaar
MD5,8fa054f6ba0eb084c07c83f1eb947096,639dd1de39bccb7984585c453b482145a6ad7353007a8ea3cdbf01a65076e151,unknown,Services.apk,apk,2026-10-09 01:43:09,MalwareBazaar
SHA-1,9546530f12f70ce5783b4e3cb5df68faae80e1bf,639dd1de39bccb7984585c453b482145a6ad7353007a8ea3cdbf01a65076e151,unknown,Services.apk,apk,2026-10-09 01:43:09,MalwareBazaar
SHA-256,639dd1de39bccb7984585c453b482145a6ad7353007a8ea3cdbf01a65076e151,639dd1de39bccb7984585c453b482145a6ad7353007a8ea3cdbf01a65076e151,unknown,Services.apk,apk,2026-10-09 01:43:09,MalwareBazaar
SHA3-384,f646475a6041f84d097cab580d23826585932a03f5df6906d20ee211673796f315b0423949e4b09aa6398d6acdc1ca64,639dd1de39bccb7984585c453b482145a6ad7353007a8ea3cdbf01a65076e151,unknown,Services.apk,apk,2026-10-09 01:43:09,MalwareBazaar
TLSH,T1D38533814B281C87EE862DB8E8AB106521315C7745540F6FDB0AB76EB3DDFF9650CAE0,639dd1de39bccb7984585c453b482145a6ad7353007a8ea3cdbf01a65076e151,unknown,Services.apk,apk,2026-10-09 01:43:09,MalwareBazaar
SSDEEP,49152:zZk8d/gHUXbh+R3vi0YuCBfjW2UYEFxfN54KL:zZk4/gHUXc3vi5BQYEH4Y,639dd1de39bccb7984585c453b482145a6ad7353007a8ea3cdbf01a65076e151,unknown,Services.apk,apk,2026-10-09 01:43:09,MalwareBazaar
MD5,ac27ed9369c79339759263f46f1535e6,c55e5baca2162ac54e70de00a3d25b8a9a54617965eb36d1d7080f7d2e0460d7,unknown,file,exe,2026-10-09 01:41:47,MalwareBazaar
SHA-1,0777914900b56dc42dfcbdaca092983d7be6077b,c55e5baca2162ac54e70de00a3d25b8a9a54617965eb36d1d7080f7d2e0460d7,unknown,file,exe,2026-10-09 01:41:47,MalwareBazaar
SHA-256,c55e5baca2162ac54e70de00a3d25b8a9a54617965eb36d1d7080f7d2e0460d7,c55e5baca2162ac54e70de00a3d25b8a9a54617965eb36d1d7080f7d2e0460d7,unknown,file,exe,2026-10-09 01:41:47,MalwareBazaar
SHA3-384,ec8b37421d350c93b583dc2efd074b84e26a3b8797457c5c5953e58b81047879de9f83e337d31f553d834a3215803c8a,c55e5baca2162ac54e70de00a3d25b8a9a54617965eb36d1d7080f7d2e0460d7,unknown,file,exe,2026-10-09 01:41:47,MalwareBazaar
IMPHASH,0915a35a36d8f6dad250ca7065e4d9ab,c55e5baca2162ac54e70de00a3d25b8a9a54617965eb36d1d7080f7d2e0460d7,unknown,file,exe,2026-10-09 01:41:47,MalwareBazaar
TLSH,T1878612263ED844ACD0DB94F455160507D2F9B012037B9BDFD6E109BB8FAAAF46E3A710,c55e5baca2162ac54e70de00a3d25b8a9a54617965eb36d1d7080f7d2e0460d7,unknown,file,exe,2026-10-09 01:41:47,MalwareBazaar
SSDEEP,196608:xChuBGmVGvizOtZg4xk5ipVxrLpfCYuVeXjXMrSoaQ:IQBrGGf4mehaVyM+PQ,c55e5baca2162ac54e70de00a3d25b8a9a54617965eb36d1d7080f7d2e0460d7,unknown,file,exe,2026-10-09 01:41:47,MalwareBazaar
ICON-DHASH,a65c74d4e47c8c26,c55e5baca2162ac54e70de00a3d25b8a9a54617965eb36d1d7080f7d2e0460d7,unknown,file,exe,2026-10-09 01:41:47,MalwareBazaar
MD5,93c40fa2bf3f5c8162ebb0dd9a0194a8,99410c62ffbaf607a62c2badf53d84ae450cb187f3b211fb8b89dd640c687a4e,unknown,macho_99410c62ffba.bin,macho,2026-10-09 01:30:03,MalwareBazaar
SHA-1,c3966d289ccafeaba3d14921ad55d97e99294c36,99410c62ffbaf607a62c2badf53d84ae450cb187f3b211fb8b89dd640c687a4e,unknown,macho_99410c62ffba.bin,macho,2026-10-09 01:30:03,MalwareBazaar
SHA-256,99410c62ffbaf607a62c2badf53d84ae450cb187f3b211fb8b89dd640c687a4e,99410c62ffbaf607a62c2badf53d84ae450cb187f3b211fb8b89dd640c687a4e,unknown,macho_99410c62ffba.bin,macho,2026-10-09 01:30:03,MalwareBazaar
SHA3-384,1bc871a46841015d0111fd162976dd9a0378e7f64618ebe2b9a599ccca7ac8f57c166b574f2249780c62cb5845f3d896,99410c62ffbaf607a62c2badf53d84ae450cb187f3b211fb8b89dd640c687a4e,unknown,macho_99410c62ffba.bin,macho,2026-10-09 01:30:03,MalwareBazaar
TLSH,T1C9450240DFA689A6F4CCDB301E2B0F33DE2172A086C511DE62621B895D377D3F56B269,99410c62ffbaf607a62c2badf53d84ae450cb187f3b211fb8b89dd640c687a4e,unknown,macho_99410c62ffba.bin,macho,2026-10-09 01:30:03,MalwareBazaar
SSDEEP,24576:Ah//Uihf2BLLtSYL5F8WB3IQLpOnVjtSWxV:2HUciL5CmIS+xV,99410c62ffbaf607a62c2badf53d84ae450cb187f3b211fb8b89dd640c687a4e,unknown,macho_99410c62ffba.bin,macho,2026-10-09 01:30:03,MalwareBazaar
MD5,50dabd72140382dd9838fd06998671f2,5529d9ff7d84cb7a8db1f2d0ef9d50ff03488a7469d4ff156276521e30dd2d9d,Mirai,morte.sh4,elf,2026-10-09 01:26:36,MalwareBazaar
SHA-1,4d21f94f8c5d31d985e724e5007361023d94d077,5529d9ff7d84cb7a8db1f2d0ef9d50ff03488a7469d4ff156276521e30dd2d9d,Mirai,morte.sh4,elf,2026-10-09 01:26:36,MalwareBazaar
SHA-256,5529d9ff7d84cb7a8db1f2d0ef9d50ff03488a7469d4ff156276521e30dd2d9d,5529d9ff7d84cb7a8db1f2d0ef9d50ff03488a7469d4ff156276521e30dd2d9d,Mirai,morte.sh4,elf,2026-10-09 01:26:36,MalwareBazaar
SHA3-384,e88287ccc70c04eaab746ec8bc9f8babb7a4aad7b826a1bcf3bc7313096fdd465c021820ebf6c0817c94bd04b951e3a8,5529d9ff7d84cb7a8db1f2d0ef9d50ff03488a7469d4ff156276521e30dd2d9d,Mirai,morte.sh4,elf,2026-10-09 01:26:36,MalwareBazaar
TLSH,T12B339E73C42E7DD4E65982B8B9204B785B63D40296837EF59A4AC6974083FECF5093F2,5529d9ff7d84cb7a8db1f2d0ef9d50ff03488a7469d4ff156276521e30dd2d9d,Mirai,morte.sh4,elf,2026-10-09 01:26:36,MalwareBazaar
SSDEEP,768:7/zz/6Ozr+52iMka8wtAi7I53qlDIBPQ37X5QoDXeB74eXC6Aoa4CC0wE:7/v6a61a8wtA1qIi3zmQXsXPbCC0,5529d9ff7d84cb7a8db1f2d0ef9d50ff03488a7469d4ff156276521e30dd2d9d,Mirai,morte.sh4,elf,2026-10-09 01:26:36,MalwareBazaar
MD5,3b4bc5de6a9eb12e175be53664297cc3,77840f54cad6ff1badd14a0301f4b508bd657059a55bd83adb9e5c9116fb060e,Mirai,mirai.mips,elf,2026-10-09 01:26:33,MalwareBazaar
SHA-1,7318d17d31fabc5dc227db14fc47f1f3ab197301,77840f54cad6ff1badd14a0301f4b508bd657059a55bd83adb9e5c9116fb060e,Mirai,mirai.mips,elf,2026-10-09 01:26:33,MalwareBazaar
SHA-256,77840f54cad6ff1badd14a0301f4b508bd657059a55bd83adb9e5c9116fb060e,77840f54cad6ff1badd14a0301f4b508bd657059a55bd83adb9e5c9116fb060e,Mirai,mirai.mips,elf,2026-10-09 01:26:33,MalwareBazaar
SHA3-384,e89b3eddc75894f57ff34fc8aa87526b7131ecb146852136735375b5582bf8f08680976716226cf6ec4b3bdf79fb6d1f,77840f54cad6ff1badd14a0301f4b508bd657059a55bd83adb9e5c9116fb060e,Mirai,mirai.mips,elf,2026-10-09 01:26:33,MalwareBazaar
TLSH,T1BA73840E2E619FBCFBAD863587B34E209248339226E1D545D19CFA011E7034E746FBA9,77840f54cad6ff1badd14a0301f4b508bd657059a55bd83adb9e5c9116fb060e,Mirai,mirai.mips,elf,2026-10-09 01:26:33,MalwareBazaar
TELFHASH,t13d014f58483c13f083815d9e6becff75e4a140ef99261f37ce00e99be6215429d01c2c,77840f54cad6ff1badd14a0301f4b508bd657059a55bd83adb9e5c9116fb060e,Mirai,mirai.mips,elf,2026-10-09 01:26:33,MalwareBazaar
SSDEEP,1536:G4Z8LUay6+vl/R1KIdysUmR9EiYHXw7d11VqkkFjDETni:B6ry6+vdGIdysUKH11VzkNDIni,77840f54cad6ff1badd14a0301f4b508bd657059a55bd83adb9e5c9116fb060e,Mirai,mirai.mips,elf,2026-10-09 01:26:33,MalwareBazaar
MD5,4fd236e9b9e9a0e657598512095ec8f0,91fbcdb39cc834cebb0898e90b0ef8eebaffef9ee24c8c04ab1b4c3fb94d5bbc,Mirai,morte.ppc,elf,2026-10-09 01:26:30,MalwareBazaar
SHA-1,cc87b331e13d643a46262c463eaaeadc7b426b30,91fbcdb39cc834cebb0898e90b0ef8eebaffef9ee24c8c04ab1b4c3fb94d5bbc,Mirai,morte.ppc,elf,2026-10-09 01:26:30,MalwareBazaar
SHA-256,91fbcdb39cc834cebb0898e90b0ef8eebaffef9ee24c8c04ab1b4c3fb94d5bbc,91fbcdb39cc834cebb0898e90b0ef8eebaffef9ee24c8c04ab1b4c3fb94d5bbc,Mirai,morte.ppc,elf,2026-10-09 01:26:30,MalwareBazaar
SHA3-384,80521b32c5c2050301208dab0ab691ad55acb0ff25642d2e6e9fc555ccf1b3d710172cb9c1156c054d2ac58a1e4066eb,91fbcdb39cc834cebb0898e90b0ef8eebaffef9ee24c8c04ab1b4c3fb94d5bbc,Mirai,morte.ppc,elf,2026-10-09 01:26:30,MalwareBazaar
TLSH,T1D1436B0272280A47E1525FF4393F27E083FEE99121F4F5892A0FDA464276F77158AF99,91fbcdb39cc834cebb0898e90b0ef8eebaffef9ee24c8c04ab1b4c3fb94d5bbc,Mirai,morte.ppc,elf,2026-10-09 01:26:30,MalwareBazaar
SSDEEP,768:UYfPffzWfQuxL/j4oy9RTcEYyrm/EkCx7qn5yQCGEgvM3f/3iRtZAIsYsZJxxEH:UUSfVj4oKJryE32yQTJvM3fqJDsXxq,91fbcdb39cc834cebb0898e90b0ef8eebaffef9ee24c8c04ab1b4c3fb94d5bbc,Mirai,morte.ppc,elf,2026-10-09 01:26:30,MalwareBazaar
MD5,a3b5333230ace877f48e6ebcc5df038d,4df9902f81140d914a156af18f77534bcc4d1ad577ca91af97dfafb961aa72b4,Mirai,morte.m68k,elf,2026-10-09 01:26:27,MalwareBazaar
SHA-1,9f23d591cd77f15cbda9bef3a6dff255e2149b42,4df9902f81140d914a156af18f77534bcc4d1ad577ca91af97dfafb961aa72b4,Mirai,morte.m68k,elf,2026-10-09 01:26:27,MalwareBazaar
SHA-256,4df9902f81140d914a156af18f77534bcc4d1ad577ca91af97dfafb961aa72b4,4df9902f81140d914a156af18f77534bcc4d1ad577ca91af97dfafb961aa72b4,Mirai,morte.m68k,elf,2026-10-09 01:26:27,MalwareBazaar
SHA3-384,866ce33fee194016375b092bde1f67392aaa2244b67b632fb30e8b0f23ec00475c3fb301a8d5dec0f12cb55825f311ad,4df9902f81140d914a156af18f77534bcc4d1ad577ca91af97dfafb961aa72b4,Mirai,morte.m68k,elf,2026-10-09 01:26:27,MalwareBazaar
TLSH,T198435DD6B800DE7CF94BEB7A80260A09FA35721154A30F27B267FD93AD721564C6BD07,4df9902f81140d914a156af18f77534bcc4d1ad577ca91af97dfafb961aa72b4,Mirai,morte.m68k,elf,2026-10-09 01:26:27,MalwareBazaar
SSDEEP,1536:TtCdFUWySs6CANPo75G4jsCktnSygjVQstg8x:as7ANmGvLJuQqD,4df9902f81140d914a156af18f77534bcc4d1ad577ca91af97dfafb961aa72b4,Mirai,morte.m68k,elf,2026-10-09 01:26:27,MalwareBazaar
MD5,d0adb0345fdac2e67839766e143c34d5,7a8de9672d3697af7c6d30b286764b2790e8c448d0b05ed3d6fa5b6c6d8f8525,unknown,rathole-v048-armv7,elf,2026-10-09 01:26:25,MalwareBazaar
SHA-1,548dd7a0d03593fc03c14c6776ba0c3f8ba6a815,7a8de9672d3697af7c6d30b286764b2790e8c448d0b05ed3d6fa5b6c6d8f8525,unknown,rathole-v048-armv7,elf,2026-10-09 01:26:25,MalwareBazaar
SHA-256,7a8de9672d3697af7c6d30b286764b2790e8c448d0b05ed3d6fa5b6c6d8f8525,7a8de9672d3697af7c6d30b286764b2790e8c448d0b05ed3d6fa5b6c6d8f8525,unknown,rathole-v048-armv7,elf,2026-10-09 01:26:25,MalwareBazaar
SHA3-384,d7ff1ff7fdfde1ea68d58e807161480e58bd8fe0d1fd375fd28998aa5d534d4c12a4ebb5fd92bfc7fd3c5c188d9ddcf1,7a8de9672d3697af7c6d30b286764b2790e8c448d0b05ed3d6fa5b6c6d8f8525,unknown,rathole-v048-armv7,elf,2026-10-09 01:26:25,MalwareBazaar
TLSH,T1A4166C9AFD429E42C8D825FAF96A81987303C7BCC3DAB2139B018735798F4A40F79755,7a8de9672d3697af7c6d30b286764b2790e8c448d0b05ed3d6fa5b6c6d8f8525,unknown,rathole-v048-armv7,elf,2026-10-09 01:26:25,MalwareBazaar
TELFHASH,t1fe31045af7b41d8ca7e64488c3a6c02e5bf835cd1b0031a78a48671f6a93dc3b11ec23,7a8de9672d3697af7c6d30b286764b2790e8c448d0b05ed3d6fa5b6c6d8f8525,unknown,rathole-v048-armv7,elf,2026-10-09 01:26:25,MalwareBazaar
SSDEEP,49152:E6xwYCCRHLdfAdfavbQkb6TYCZNUr8J8Osq5bFPDuBg:p8cLd0favb/b6VZNU4eOsq5xuG,7a8de9672d3697af7c6d30b286764b2790e8c448d0b05ed3d6fa5b6c6d8f8525,unknown,rathole-v048-armv7,elf,2026-10-09 01:26:25,MalwareBazaar
MD5,001cde7ac1bf5ff2f210d1e968097094,cc0ab18f186304dbb698dc167a9fd4e2582efa487e83eeed40b6a972cd141b2a,Mirai,morte.mpsl,elf,2026-10-09 01:26:24,MalwareBazaar
SHA-1,b20edf2ed93565f8a4bf31658095688031ac3ea2,cc0ab18f186304dbb698dc167a9fd4e2582efa487e83eeed40b6a972cd141b2a,Mirai,morte.mpsl,elf,2026-10-09 01:26:24,MalwareBazaar
SHA-256,cc0ab18f186304dbb698dc167a9fd4e2582efa487e83eeed40b6a972cd141b2a,cc0ab18f186304dbb698dc167a9fd4e2582efa487e83eeed40b6a972cd141b2a,Mirai,morte.mpsl,elf,2026-10-09 01:26:24,MalwareBazaar
SHA3-384,3a4adf05df320ae5c3afa6160581480b6ceb3315c55785023ac5ac44e80973cbc344f7c083a645f28ed211fa9b75fff6,cc0ab18f186304dbb698dc167a9fd4e2582efa487e83eeed40b6a972cd141b2a,Mirai,morte.mpsl,elf,2026-10-09 01:26:24,MalwareBazaar
TLSH,T1CD73931ABF650FF7E86FCC378AE91B45248D641A21993B7A7D34D418B24B24F49E3870,cc0ab18f186304dbb698dc167a9fd4e2582efa487e83eeed40b6a972cd141b2a,Mirai,morte.mpsl,elf,2026-10-09 01:26:24,MalwareBazaar
SSDEEP,1536:P2Vu+dSbFTBJRc4gRGUUpDVB8DuPSwteQHBD:uVu+dSbBBLgRGlpLeE,cc0ab18f186304dbb698dc167a9fd4e2582efa487e83eeed40b6a972cd141b2a,Mirai,morte.mpsl,elf,2026-10-09 01:26:24,MalwareBazaar
MD5,11d27d679df4176d63ecfed4039f7c27,793cfc2d1054179c987a21dfe328a6419d37e362584b8083c2b91500f31f1fe7,Mirai,morte.arc,elf,2026-10-09 01:26:20,MalwareBazaar
SHA-1,0ddea7378507a1cc0316d6fe0f949b3bc0af85ef,793cfc2d1054179c987a21dfe328a6419d37e362584b8083c2b91500f31f1fe7,Mirai,morte.arc,elf,2026-10-09 01:26:20,MalwareBazaar
SHA-256,793cfc2d1054179c987a21dfe328a6419d37e362584b8083c2b91500f31f1fe7,793cfc2d1054179c987a21dfe328a6419d37e362584b8083c2b91500f31f1fe7,Mirai,morte.arc,elf,2026-10-09 01:26:20,MalwareBazaar
SHA3-384,cae1d2baa6db874dedf56d5ea9281d7dd37e1640fc0014946b6e53e7f33033a8f83fc2aed2cda337d18acaf24335bd1c,793cfc2d1054179c987a21dfe328a6419d37e362584b8083c2b91500f31f1fe7,Mirai,morte.arc,elf,2026-10-09 01:26:20,MalwareBazaar
TLSH,T15673840E2E619FBCFBAD863587B34E209248339226E1D545D19CFA011E7034E746FBA9,793cfc2d1054179c987a21dfe328a6419d37e362584b8083c2b91500f31f1fe7,Mirai,morte.arc,elf,2026-10-09 01:26:20,MalwareBazaar
TELFHASH,t13d014f58483c13f083815d9e6becff75e4a140ef99261f37ce00e99be6215429d01c2c,793cfc2d1054179c987a21dfe328a6419d37e362584b8083c2b91500f31f1fe7,Mirai,morte.arc,elf,2026-10-09 01:26:20,MalwareBazaar
SSDEEP,1536:G4Z8LUay6+vl/R1KIdysUmR9EiYHXw7d11VqkkFjDETCi:B6ry6+vdGIdysUKH11VzkNDICi,793cfc2d1054179c987a21dfe328a6419d37e362584b8083c2b91500f31f1fe7,Mirai,morte.arc,elf,2026-10-09 01:26:20,MalwareBazaar
MD5,c968096ea5e801425ab18558e945e5e8,bff1a0106509646f73c8aa2be4372668291b2204ad9a5ca1a622d5f30941dc5b,Mirai,morte.spc,elf,2026-10-09 01:26:17,MalwareBazaar
SHA-1,bb7072da98ef0d862aa6ceba486b9b5a9669be65,bff1a0106509646f73c8aa2be4372668291b2204ad9a5ca1a622d5f30941dc5b,Mirai,morte.spc,elf,2026-10-09 01:26:17,MalwareBazaar
SHA-256,bff1a0106509646f73c8aa2be4372668291b2204ad9a5ca1a622d5f30941dc5b,bff1a0106509646f73c8aa2be4372668291b2204ad9a5ca1a622d5f30941dc5b,Mirai,morte.spc,elf,2026-10-09 01:26:17,MalwareBazaar
SHA3-384,4b635a9323911e5676de5bc5495b8b21c1f0870565700f46cd3ad4b6bcdab26093febd82407995b4f3d4421de35d7a78,bff1a0106509646f73c8aa2be4372668291b2204ad9a5ca1a622d5f30941dc5b,Mirai,morte.spc,elf,2026-10-09 01:26:17,MalwareBazaar
TLSH,T15C534B22A8B92E13C0E5F57B22F78324B2F5170E24A8C66E7C760F8EFF1855065576B1,bff1a0106509646f73c8aa2be4372668291b2204ad9a5ca1a622d5f30941dc5b,Mirai,morte.spc,elf,2026-10-09 01:26:17,MalwareBazaar
SSDEEP,768:o7TS61ooq9fg/po5FCIQboIVT+5JPdIei2py6WlxOO+hBCBFEI:gTS61tSfg/peC7boIVTIJPdId8hC,bff1a0106509646f73c8aa2be4372668291b2204ad9a5ca1a622d5f30941dc5b,Mirai,morte.spc,elf,2026-10-09 01:26:17,MalwareBazaar
MD5,9aded04ccc15bafafb2d84e745696c18,703d34a8d6a70eedbb3bd431fb90990bb4a9f0da873d0e9ed9941ce3ea4a5556,Mirai,morte.arm7,elf,2026-10-09 01:26:14,MalwareBazaar
SHA-1,fd73c4b1800487e79e250b337843a6f8a9dc3a04,703d34a8d6a70eedbb3bd431fb90990bb4a9f0da873d0e9ed9941ce3ea4a5556,Mirai,morte.arm7,elf,2026-10-09 01:26:14,MalwareBazaar
SHA-256,703d34a8d6a70eedbb3bd431fb90990bb4a9f0da873d0e9ed9941ce3ea4a5556,703d34a8d6a70eedbb3bd431fb90990bb4a9f0da873d0e9ed9941ce3ea4a5556,Mirai,morte.arm7,elf,2026-10-09 01:26:14,MalwareBazaar
SHA3-384,a0dae48b24e54476906887b91b78e5766fa7c1b1bed24ae10789e8a5d4a0a217a52bb903edb75e61f52997cac115b105,703d34a8d6a70eedbb3bd431fb90990bb4a9f0da873d0e9ed9941ce3ea4a5556,Mirai,morte.arm7,elf,2026-10-09 01:26:14,MalwareBazaar
TLSH,T19663F75AB8918A01C5C513BAFE2E118D331753ACD3DFB2139E106F60778A96F0E7B952,703d34a8d6a70eedbb3bd431fb90990bb4a9f0da873d0e9ed9941ce3ea4a5556,Mirai,morte.arm7,elf,2026-10-09 01:26:14,MalwareBazaar
TELFHASH,t194218b728ee909ecab81c389d1cb70299ddc31b86f25105eda5e3b4a52b35c67526024,703d34a8d6a70eedbb3bd431fb90990bb4a9f0da873d0e9ed9941ce3ea4a5556,Mirai,morte.arm7,elf,2026-10-09 01:26:14,MalwareBazaar
SSDEEP,1536:2ZnCgeJ4lisAxQAz7mSSrt3B7nxczKqCY6Vyh2fGEsr2Fwi2LlIjiVRCCZWzy:dgXNAHmN1B1czKRVXfGEM2aRCCZWz,703d34a8d6a70eedbb3bd431fb90990bb4a9f0da873d0e9ed9941ce3ea4a5556,Mirai,morte.arm7,elf,2026-10-09 01:26:14,MalwareBazaar
MD5,fe3d23e476d470ed2f5f3022ccea6635,a2340ba1546cea741ea17fb6d84a51e39cfde541838836f801833d6a99999bc6,Mirai,mirai.x86,elf,2026-10-09 01:26:11,MalwareBazaar
SHA-1,7d7abf17e5598431f2ac232eb01dd67b52452724,a2340ba1546cea741ea17fb6d84a51e39cfde541838836f801833d6a99999bc6,Mirai,mirai.x86,elf,2026-10-09 01:26:11,MalwareBazaar
SHA-256,a2340ba1546cea741ea17fb6d84a51e39cfde541838836f801833d6a99999bc6,a2340ba1546cea741ea17fb6d84a51e39cfde541838836f801833d6a99999bc6,Mirai,mirai.x86,elf,2026-10-09 01:26:11,MalwareBazaar
SHA3-384,8aa77a6677438534cf7463098aa62b2c26020aa31e6a90cefaed8a658d608d553e1eec0dbe941a888db0bfbe52472301,a2340ba1546cea741ea17fb6d84a51e39cfde541838836f801833d6a99999bc6,Mirai,mirai.x86,elf,2026-10-09 01:26:11,MalwareBazaar
TLSH,T18C435BC5D563D9FCDC1015393077FF725676E93F1028EACBD7A8A932A982A02D80728D,a2340ba1546cea741ea17fb6d84a51e39cfde541838836f801833d6a99999bc6,Mirai,mirai.x86,elf,2026-10-09 01:26:11,MalwareBazaar
TELFHASH,t16a1190fb2d7e0dd5f7d98840830e2f701939e63b29a0736005319a5422a3dd052fac7d,a2340ba1546cea741ea17fb6d84a51e39cfde541838836f801833d6a99999bc6,Mirai,mirai.x86,elf,2026-10-09 01:26:11,MalwareBazaar
SSDEEP,1536:d6EwVWibZ6uzpNrmvFtWbFR7WCTZVZt+xc:QVWYZ6uzv4FKFR7WoZVZQq,a2340ba1546cea741ea17fb6d84a51e39cfde541838836f801833d6a99999bc6,Mirai,mirai.x86,elf,2026-10-09 01:26:11,MalwareBazaar
MD5,a0fe82f6236ef3efa7ac4779580613a9,f7dcabc1ecd5d8ce5f956488ce37563bcdd8a1d29c5d9b080377984e99edb9df,Mirai,mirai.arm,elf,2026-10-09 01:26:08,MalwareBazaar
SHA-1,15ae710ebfafdaa9b535910b94cbb1ad02f13eae,f7dcabc1ecd5d8ce5f956488ce37563bcdd8a1d29c5d9b080377984e99edb9df,Mirai,mirai.arm,elf,2026-10-09 01:26:08,MalwareBazaar
SHA-256,f7dcabc1ecd5d8ce5f956488ce37563bcdd8a1d29c5d9b080377984e99edb9df,f7dcabc1ecd5d8ce5f956488ce37563bcdd8a1d29c5d9b080377984e99edb9df,Mirai,mirai.arm,elf,2026-10-09 01:26:08,MalwareBazaar
SHA3-384,a93a9bdfead37c966eedb191c407dc55d43affc3a4c85716e765e221eedcd0c15e25b7c01729366e003634964be89d94,f7dcabc1ecd5d8ce5f956488ce37563bcdd8a1d29c5d9b080377984e99edb9df,Mirai,mirai.arm,elf,2026-10-09 01:26:08,MalwareBazaar
TLSH,T1CC531855BCE18A12CAD422B6FA2E418D332663E8D1DF3207DD216F1177CA82F0E7B556,f7dcabc1ecd5d8ce5f956488ce37563bcdd8a1d29c5d9b080377984e99edb9df,Mirai,mirai.arm,elf,2026-10-09 01:26:08,MalwareBazaar
TELFHASH,t1f2019c2682951eec77e4c385d25e6155d4d93ada370021ef996e935f41628c2741b049,f7dcabc1ecd5d8ce5f956488ce37563bcdd8a1d29c5d9b080377984e99edb9df,Mirai,mirai.arm,elf,2026-10-09 01:26:08,MalwareBazaar
SSDEEP,1536:hQXM23Z+J1A6jclE3Big0bVrL2yBCtt5K+Txt5:h6n+J1bjUlvYbK+Txz,f7dcabc1ecd5d8ce5f956488ce37563bcdd8a1d29c5d9b080377984e99edb9df,Mirai,mirai.arm,elf,2026-10-09 01:26:08,MalwareBazaar
MD5,d1b0e2eb0d2f59a5661127df5cffb953,cc41fea5a9b0a072b9f0a36a7610a682acbae747ce65265d0f43ccb4b184d8d9,Mirai,morte.arm5,elf,2026-10-09 01:26:05,MalwareBazaar
SHA-1,53c0c33ce511a76633620de7798a0a248407ccb4,cc41fea5a9b0a072b9f0a36a7610a682acbae747ce65265d0f43ccb4b184d8d9,Mirai,morte.arm5,elf,2026-10-09 01:26:05,MalwareBazaar
SHA-256,cc41fea5a9b0a072b9f0a36a7610a682acbae747ce65265d0f43ccb4b184d8d9,cc41fea5a9b0a072b9f0a36a7610a682acbae747ce65265d0f43ccb4b184d8d9,Mirai,morte.arm5,elf,2026-10-09 01:26:05,MalwareBazaar
SHA3-384,0e6ba63a8e062975e6c3b4a1646f32b2889e43338fa5d55357ee14b3e7056372ceeafe0b20dfec2d9cab4ce07d778086,cc41fea5a9b0a072b9f0a36a7610a682acbae747ce65265d0f43ccb4b184d8d9,Mirai,morte.arm5,elf,2026-10-09 01:26:05,MalwareBazaar
TLSH,T16E332856BCD29A6AC5D423B6FA2E519E3321A3E8D1CF3217DC204B1437CA51E0DB7B91,cc41fea5a9b0a072b9f0a36a7610a682acbae747ce65265d0f43ccb4b184d8d9,Mirai,morte.arm5,elf,2026-10-09 01:26:05,MalwareBazaar
TELFHASH,t120e02600bc658b5988d79a74ad9d07b49901621254668b14cf10d6f0983f458a308e5a,cc41fea5a9b0a072b9f0a36a7610a682acbae747ce65265d0f43ccb4b184d8d9,Mirai,morte.arm5,elf,2026-10-09 01:26:05,MalwareBazaar
SSDEEP,1536:tfznFR4PmYm/Y0oBsDSLRb+eADL6rL2yBCNt5sYk:1rX4fm/Y02IkvkbsYk,cc41fea5a9b0a072b9f0a36a7610a682acbae747ce65265d0f43ccb4b184d8d9,Mirai,morte.arm5,elf,2026-10-09 01:26:05,MalwareBazaar
MD5,25f662b97f1edc78ed07a62475bfcd49,bbc090045e9171257096fbeef4bb6696ea9787a4d38b44a1cb16adaf1202401f,Mirai,morte.i686,elf,2026-10-09 01:26:02,MalwareBazaar
SHA-1,4730bb861eacc7146710b8157f9650f358d4f995,bbc090045e9171257096fbeef4bb6696ea9787a4d38b44a1cb16adaf1202401f,Mirai,morte.i686,elf,2026-10-09 01:26:02,MalwareBazaar
SHA-256,bbc090045e9171257096fbeef4bb6696ea9787a4d38b44a1cb16adaf1202401f,bbc090045e9171257096fbeef4bb6696ea9787a4d38b44a1cb16adaf1202401f,Mirai,morte.i686,elf,2026-10-09 01:26:02,MalwareBazaar
SHA3-384,e4685fa48c7d2bdf7bad4d4c4f218b63d7b59e2cc56e8e74830f836581efc156cbd7d80ff61c02487b0d821bfbb5ab82,bbc090045e9171257096fbeef4bb6696ea9787a4d38b44a1cb16adaf1202401f,Mirai,morte.i686,elf,2026-10-09 01:26:02,MalwareBazaar
TLSH,T186435BC5D563D9FCDC1015393077FF725676E93F1028EACBD7A8A932A982A02D80728D,bbc090045e9171257096fbeef4bb6696ea9787a4d38b44a1cb16adaf1202401f,Mirai,morte.i686,elf,2026-10-09 01:26:02,MalwareBazaar
TELFHASH,t16a1190fb2d7e0dd5f7d98840830e2f701939e63b29a0736005319a5422a3dd052fac7d,bbc090045e9171257096fbeef4bb6696ea9787a4d38b44a1cb16adaf1202401f,Mirai,morte.i686,elf,2026-10-09 01:26:02,MalwareBazaar
SSDEEP,1536:d6EwVWibZ6uzpNrmvFtWbFR7WCTZVZt+xc:QVWYZ6uzv4FKFR7WoZVZQq,bbc090045e9171257096fbeef4bb6696ea9787a4d38b44a1cb16adaf1202401f,Mirai,morte.i686,elf,2026-10-09 01:26:02,MalwareBazaar
MD5,da34af1c57fc6aac910820e864f92c2d,0419e82dd1b5ed807540b2be4ba98789965b2e3a6011ab180a950dc5c58c7245,Mirai,morte.arm,elf,2026-10-09 01:25:58,MalwareBazaar
SHA-1,8f0f270e33d6b0ba6a0ace260ea9dd43f74b3cdb,0419e82dd1b5ed807540b2be4ba98789965b2e3a6011ab180a950dc5c58c7245,Mirai,morte.arm,elf,2026-10-09 01:25:58,MalwareBazaar
SHA-256,0419e82dd1b5ed807540b2be4ba98789965b2e3a6011ab180a950dc5c58c7245,0419e82dd1b5ed807540b2be4ba98789965b2e3a6011ab180a950dc5c58c7245,Mirai,morte.arm,elf,2026-10-09 01:25:58,MalwareBazaar
SHA3-384,d06d9111febb2009fe0c867f427701e9eeb5f6615c58a9396b5fdc51ce4a8463fa272db30d73691e136cac18ed0980f9,0419e82dd1b5ed807540b2be4ba98789965b2e3a6011ab180a950dc5c58c7245,Mirai,morte.arm,elf,2026-10-09 01:25:58,MalwareBazaar
TLSH,T189531855BCE18A12CAD422B6FA2E418D332663E8D1DF3207DD216F1177CA82F0E7B556,0419e82dd1b5ed807540b2be4ba98789965b2e3a6011ab180a950dc5c58c7245,Mirai,morte.arm,elf,2026-10-09 01:25:58,MalwareBazaar
TELFHASH,t1f2019c2682951eec77e4c385d25e6155d4d93ada370021ef996e935f41628c2741b049,0419e82dd1b5ed807540b2be4ba98789965b2e3a6011ab180a950dc5c58c7245,Mirai,morte.arm,elf,2026-10-09 01:25:58,MalwareBazaar
SSDEEP,1536:hQXM23Z+J1A6jclE3Big0bVrL2yBCtt5K+Txt5:h6n+J1bjUlvYbK+Txz,0419e82dd1b5ed807540b2be4ba98789965b2e3a6011ab180a950dc5c58c7245,Mirai,morte.arm,elf,2026-10-09 01:25:58,MalwareBazaar
MD5,4ad22cc59138d9eaf4feb63eff7cee9e,b10daff5af0638ea0b47cc205fac28f3a8246cbd0dad1f22a11055c90e375fc3,Mirai,mirai.arm5n,elf,2026-10-09 01:25:56,MalwareBazaar
SHA-1,a680abad3c7b702522d167c6b974ff3650e8477d,b10daff5af0638ea0b47cc205fac28f3a8246cbd0dad1f22a11055c90e375fc3,Mirai,mirai.arm5n,elf,2026-10-09 01:25:56,MalwareBazaar
SHA-256,b10daff5af0638ea0b47cc205fac28f3a8246cbd0dad1f22a11055c90e375fc3,b10daff5af0638ea0b47cc205fac28f3a8246cbd0dad1f22a11055c90e375fc3,Mirai,mirai.arm5n,elf,2026-10-09 01:25:56,MalwareBazaar
SHA3-384,6af967219737f581d18f998eb56e9ba7af7605ee4db94fe49f300d981bd29d6abca1e483f1e5a04c86037cea3bf927ae,b10daff5af0638ea0b47cc205fac28f3a8246cbd0dad1f22a11055c90e375fc3,Mirai,mirai.arm5n,elf,2026-10-09 01:25:56,MalwareBazaar
TLSH,T184332856BCD29A6AC5D423B6FA2E519E3321A3E8D1CF3217DC204B1437CA51E0DB7B91,b10daff5af0638ea0b47cc205fac28f3a8246cbd0dad1f22a11055c90e375fc3,Mirai,mirai.arm5n,elf,2026-10-09 01:25:56,MalwareBazaar
TELFHASH,t120e02600bc658b5988d79a74ad9d07b49901621254668b14cf10d6f0983f458a308e5a,b10daff5af0638ea0b47cc205fac28f3a8246cbd0dad1f22a11055c90e375fc3,Mirai,mirai.arm5n,elf,2026-10-09 01:25:56,MalwareBazaar
SSDEEP,1536:tfznFR4PmYm/Y0oBsDSLRb+eADL6rL2yBCNt5sYV:1rX4fm/Y02IkvkbsYV,b10daff5af0638ea0b47cc205fac28f3a8246cbd0dad1f22a11055c90e375fc3,Mirai,mirai.arm5n,elf,2026-10-09 01:25:56,MalwareBazaar
MD5,43eebca4d9ad2ef67743901983ff0d7f,5bdb3811a749e3af3e5832bdc778a45a43146ed66df97cfd715cbeadd872e379,unknown,rathole-v048-armv7,elf,2026-10-09 01:25:52,MalwareBazaar
SHA-1,9ccdf52c743708185b412e74b53fbf32556dc333,5bdb3811a749e3af3e5832bdc778a45a43146ed66df97cfd715cbeadd872e379,unknown,rathole-v048-armv7,elf,2026-10-09 01:25:52,MalwareBazaar
SHA-256,5bdb3811a749e3af3e5832bdc778a45a43146ed66df97cfd715cbeadd872e379,5bdb3811a749e3af3e5832bdc778a45a43146ed66df97cfd715cbeadd872e379,unknown,rathole-v048-armv7,elf,2026-10-09 01:25:52,MalwareBazaar
SHA3-384,4d5ac165f51d2f1d0abc4b67c354ab61944d9a27d6145b0bcca927e44c6f9c24450b4ca2a2cb6f22c06de13ea730b528,5bdb3811a749e3af3e5832bdc778a45a43146ed66df97cfd715cbeadd872e379,unknown,rathole-v048-armv7,elf,2026-10-09 01:25:52,MalwareBazaar
TLSH,T1207533755C8C8C0D6889247BF1BA9C1F7D69D39343BCF809E1AAAF5FD5B85389083819,5bdb3811a749e3af3e5832bdc778a45a43146ed66df97cfd715cbeadd872e379,unknown,rathole-v048-armv7,elf,2026-10-09 01:25:52,MalwareBazaar
TELFHASH,t1b990024248d0c19b15150fe5cc9435c51506a315860970108157c0435c1107d9c93855,5bdb3811a749e3af3e5832bdc778a45a43146ed66df97cfd715cbeadd872e379,unknown,rathole-v048-armv7,elf,2026-10-09 01:25:52,MalwareBazaar
SSDEEP,24576:IamXGQJzETYWGn/fWxX0CbhGTPwtHPukSxhPH5RCo2commvWZs2BLeeE2XBJ9JXS:IvWQJIcWcMX0C9GTIZPuzhPH5D2co5Oy,5bdb3811a749e3af3e5832bdc778a45a43146ed66df97cfd715cbeadd872e379,unknown,rathole-v048-armv7,elf,2026-10-09 01:25:52,MalwareBazaar
MD5,2e29ee8854afa786c9f1f738735f464b,f12b4f28fa18b2cc0291cc8a146ae9e4ee0c772adf06cdda0b45fe9eb12dc3f3,unknown,x86,elf,2026-10-09 01:12:15,MalwareBazaar
SHA-1,8c89a2952ef84cde2a75abce1f9fea2631ae4989,f12b4f28fa18b2cc0291cc8a146ae9e4ee0c772adf06cdda0b45fe9eb12dc3f3,unknown,x86,elf,2026-10-09 01:12:15,MalwareBazaar
SHA-256,f12b4f28fa18b2cc0291cc8a146ae9e4ee0c772adf06cdda0b45fe9eb12dc3f3,f12b4f28fa18b2cc0291cc8a146ae9e4ee0c772adf06cdda0b45fe9eb12dc3f3,unknown,x86,elf,2026-10-09 01:12:15,MalwareBazaar
SHA3-384,a702755b7877dbc8497eaf06689d563c488d3f04c12ba2981f447a780469695539ba0df700345282923548d4c5a00826,f12b4f28fa18b2cc0291cc8a146ae9e4ee0c772adf06cdda0b45fe9eb12dc3f3,unknown,x86,elf,2026-10-09 01:12:15,MalwareBazaar
TLSH,T190545B02F5A2C6F0F35601B441AEEB2F8F215815A4B3DB53EFC42D26E463964322B779,f12b4f28fa18b2cc0291cc8a146ae9e4ee0c772adf06cdda0b45fe9eb12dc3f3,unknown,x86,elf,2026-10-09 01:12:15,MalwareBazaar
TELFHASH,t17a51c71a7b744ef2f3e1a8f022c3542738fe0d1baadb3dd41a805627dc90642447e959,f12b4f28fa18b2cc0291cc8a146ae9e4ee0c772adf06cdda0b45fe9eb12dc3f3,unknown,x86,elf,2026-10-09 01:12:15,MalwareBazaar
SSDEEP,6144:0gcXOo6KMMUn7UyWJMJ7wMPd06cXGgO2inje6gu:MXOxjJMMV06cWgp6,f12b4f28fa18b2cc0291cc8a146ae9e4ee0c772adf06cdda0b45fe9eb12dc3f3,unknown,x86,elf,2026-10-09 01:12:15,MalwareBazaar
MD5,3a7869f5334afb63737d26f3770b4284,aa684c1bf96f4c4aa06295c39bd7a08ae3a12b042e1d5407f921f665d6fb20d3,Mirai,aa684c1bf96f4c4aa06295c39bd7a08ae3a12b042e1d5407f921f665d6fb20d3.elf,elf,2026-10-09 01:05:41,MalwareBazaar
SHA-1,d9a3e975cb75fa1ee52a44b05b04a20062e6b40f,aa684c1bf96f4c4aa06295c39bd7a08ae3a12b042e1d5407f921f665d6fb20d3,Mirai,aa684c1bf96f4c4aa06295c39bd7a08ae3a12b042e1d5407f921f665d6fb20d3.elf,elf,2026-10-09 01:05:41,MalwareBazaar
SHA-256,aa684c1bf96f4c4aa06295c39bd7a08ae3a12b042e1d5407f921f665d6fb20d3,aa684c1bf96f4c4aa06295c39bd7a08ae3a12b042e1d5407f921f665d6fb20d3,Mirai,aa684c1bf96f4c4aa06295c39bd7a08ae3a12b042e1d5407f921f665d6fb20d3.elf,elf,2026-10-09 01:05:41,MalwareBazaar
SHA3-384,cb160bfab53f2b6cf7e17a86ec184e10584693ce5eee3ba5beaa0df93f7c7a966538b0a23bcf7f383654bb8470c5818f,aa684c1bf96f4c4aa06295c39bd7a08ae3a12b042e1d5407f921f665d6fb20d3,Mirai,aa684c1bf96f4c4aa06295c39bd7a08ae3a12b042e1d5407f921f665d6fb20d3.elf,elf,2026-10-09 01:05:41,MalwareBazaar
TLSH,T1D4B3198ABC84C602C5E161B6FB1F92CD376643A8D3E67113DD18AF29774B8670E3B641,aa684c1bf96f4c4aa06295c39bd7a08ae3a12b042e1d5407f921f665d6fb20d3,Mirai,aa684c1bf96f4c4aa06295c39bd7a08ae3a12b042e1d5407f921f665d6fb20d3.elf,elf,2026-10-09 01:05:41,MalwareBazaar
TELFHASH,t18cf07826cf844ddcb2e444a950aa7706021c3a852f61498666fcc99f8635a96b03985c,aa684c1bf96f4c4aa06295c39bd7a08ae3a12b042e1d5407f921f665d6fb20d3,Mirai,aa684c1bf96f4c4aa06295c39bd7a08ae3a12b042e1d5407f921f665d6fb20d3.elf,elf,2026-10-09 01:05:41,MalwareBazaar
SSDEEP,1536:YhGE+t/adgcKW1MpCXTO+pMDmFPtOTJOFRJKlQvunu1CH2fx8xRQ:YP+9UgC1BDO+iDaFOTJOFpviL2fx5,aa684c1bf96f4c4aa06295c39bd7a08ae3a12b042e1d5407f921f665d6fb20d3,Mirai,aa684c1bf96f4c4aa06295c39bd7a08ae3a12b042e1d5407f921f665d6fb20d3.elf,elf,2026-10-09 01:05:41,MalwareBazaar
MD5,3064c11606319b47a0e30edd4cac21e3,3800a41b441e60803ac9ee6f700555619888b0b7a882ef557325f2b6b7843b2d,Vidar,3800a41b441e60803ac9ee6f700555619888b0b7a882ef557325f2b6b7843b2d.exe,exe,2026-10-09 00:58:56,MalwareBazaar
SHA-1,d12f0f5c10536e8ddb74a7dcc5422c32e4639384,3800a41b441e60803ac9ee6f700555619888b0b7a882ef557325f2b6b7843b2d,Vidar,3800a41b441e60803ac9ee6f700555619888b0b7a882ef557325f2b6b7843b2d.exe,exe,2026-10-09 00:58:56,MalwareBazaar
SHA-256,3800a41b441e60803ac9ee6f700555619888b0b7a882ef557325f2b6b7843b2d,3800a41b441e60803ac9ee6f700555619888b0b7a882ef557325f2b6b7843b2d,Vidar,3800a41b441e60803ac9ee6f700555619888b0b7a882ef557325f2b6b7843b2d.exe,exe,2026-10-09 00:58:56,MalwareBazaar
SHA3-384,df304af6b4654d6b9d7c42bf4f1bb972fbf120129de8318f8189c70ac96f177e5cb1356760b206ce6eb9144cd8810ef3,3800a41b441e60803ac9ee6f700555619888b0b7a882ef557325f2b6b7843b2d,Vidar,3800a41b441e60803ac9ee6f700555619888b0b7a882ef557325f2b6b7843b2d.exe,exe,2026-10-09 00:58:56,MalwareBazaar
IMPHASH,d42595b695fc008ef2c56aabd8efd68e,3800a41b441e60803ac9ee6f700555619888b0b7a882ef557325f2b6b7843b2d,Vidar,3800a41b441e60803ac9ee6f700555619888b0b7a882ef557325f2b6b7843b2d.exe,exe,2026-10-09 00:58:56,MalwareBazaar
TLSH,T15466C85871C410EDDA8E837608F45DBE27B21DBF1613A68A0799BAE12F13BD65F20D4C,3800a41b441e60803ac9ee6f700555619888b0b7a882ef557325f2b6b7843b2d,Vidar,3800a41b441e60803ac9ee6f700555619888b0b7a882ef557325f2b6b7843b2d.exe,exe,2026-10-09 00:58:56,MalwareBazaar
SSDEEP,24576:FUUi3UOPwBqpMyHFqMPypAbVCOWS1qegyHWw37xiIqFOz1:FniEOPcqpPHsMPy1w3Mw,3800a41b441e60803ac9ee6f700555619888b0b7a882ef557325f2b6b7843b2d,Vidar,3800a41b441e60803ac9ee6f700555619888b0b7a882ef557325f2b6b7843b2d.exe,exe,2026-10-09 00:58:56,MalwareBazaar
MD5,a48bdee475d7b4b1fb298a7a0477a1a8,aecef9efaad031a5d0a5ec25d49138708f93a69bc50a7cee73fc2352ba19a995,Vidar,aecef9efaad031a5d0a5ec25d49138708f93a69bc50a7cee73fc2352ba19a995.exe,exe,2026-10-09 00:58:40,MalwareBazaar
SHA-1,214b94da576ed344820222edd216f333a4d02b37,aecef9efaad031a5d0a5ec25d49138708f93a69bc50a7cee73fc2352ba19a995,Vidar,aecef9efaad031a5d0a5ec25d49138708f93a69bc50a7cee73fc2352ba19a995.exe,exe,2026-10-09 00:58:40,MalwareBazaar
SHA-256,aecef9efaad031a5d0a5ec25d49138708f93a69bc50a7cee73fc2352ba19a995,aecef9efaad031a5d0a5ec25d49138708f93a69bc50a7cee73fc2352ba19a995,Vidar,aecef9efaad031a5d0a5ec25d49138708f93a69bc50a7cee73fc2352ba19a995.exe,exe,2026-10-09 00:58:40,MalwareBazaar
SHA3-384,f28885aa19b6467966efb8d7ab9d961945326bac25f8834b6e6e2c4c0a3080a61fb25696fbcfa6a5bb4d56655b524466,aecef9efaad031a5d0a5ec25d49138708f93a69bc50a7cee73fc2352ba19a995,Vidar,aecef9efaad031a5d0a5ec25d49138708f93a69bc50a7cee73fc2352ba19a995.exe,exe,2026-10-09 00:58:40,MalwareBazaar
IMPHASH,d42595b695fc008ef2c56aabd8efd68e,aecef9efaad031a5d0a5ec25d49138708f93a69bc50a7cee73fc2352ba19a995,Vidar,aecef9efaad031a5d0a5ec25d49138708f93a69bc50a7cee73fc2352ba19a995.exe,exe,2026-10-09 00:58:40,MalwareBazaar
TLSH,T10486E95971C410EDCA8EC37608F45DBE23B22DBB1623A68A0755BBA13F13BD65F24D48,aecef9efaad031a5d0a5ec25d49138708f93a69bc50a7cee73fc2352ba19a995,Vidar,aecef9efaad031a5d0a5ec25d49138708f93a69bc50a7cee73fc2352ba19a995.exe,exe,2026-10-09 00:58:40,MalwareBazaar
SSDEEP,24576:pD7EpJDrf6qe4M0p/rgIxUfvjXYzMD+TzmF3kp1hDfym+wLYhesFWu7ZiER:pkpJDD6qtpT2TPwLiDV,aecef9efaad031a5d0a5ec25d49138708f93a69bc50a7cee73fc2352ba19a995,Vidar,aecef9efaad031a5d0a5ec25d49138708f93a69bc50a7cee73fc2352ba19a995.exe,exe,2026-10-09 00:58:40,MalwareBazaar
MD5,2023781fc683a99bffe403001d4c73a3,ba0a5a40fac99dcbb4fd902650d3049c033fb52b31c2b0cd5e8276345bb49b7c,unknown,Tezzyhub.exe,exe,2026-10-09 00:58:35,MalwareBazaar
SHA-1,6917620fd249db47fd1354161d81a8e8e29feac0,ba0a5a40fac99dcbb4fd902650d3049c033fb52b31c2b0cd5e8276345bb49b7c,unknown,Tezzyhub.exe,exe,2026-10-09 00:58:35,MalwareBazaar
SHA-256,ba0a5a40fac99dcbb4fd902650d3049c033fb52b31c2b0cd5e8276345bb49b7c,ba0a5a40fac99dcbb4fd902650d3049c033fb52b31c2b0cd5e8276345bb49b7c,unknown,Tezzyhub.exe,exe,2026-10-09 00:58:35,MalwareBazaar
SHA3-384,13c9a392542af3566f7b147cd3fb70e6bea2459da43ed2c47bc6bc3dc024e19b814873433aa3b6edd8c51782238b761d,ba0a5a40fac99dcbb4fd902650d3049c033fb52b31c2b0cd5e8276345bb49b7c,unknown,Tezzyhub.exe,exe,2026-10-09 00:58:35,MalwareBazaar
IMPHASH,f34d5f2d4577ed6d9ceec516c1f5a744,ba0a5a40fac99dcbb4fd902650d3049c033fb52b31c2b0cd5e8276345bb49b7c,unknown,Tezzyhub.exe,exe,2026-10-09 00:58:35,MalwareBazaar
TLSH,T1BA32C61DB3E88924D2BE4B3618B7D21087B0F4138E2BCB1E1DE958FD2D277146966F91,ba0a5a40fac99dcbb4fd902650d3049c033fb52b31c2b0cd5e8276345bb49b7c,unknown,Tezzyhub.exe,exe,2026-10-09 00:58:35,MalwareBazaar
SSDEEP,192:XyUdQ0oWELaakSRoCG9QuvOP7X0n0E49w6Ijnj3th:z9oWE3voCGKuiX+0j93m5,ba0a5a40fac99dcbb4fd902650d3049c033fb52b31c2b0cd5e8276345bb49b7c,unknown,Tezzyhub.exe,exe,2026-10-09 00:58:35,MalwareBazaar
MD5,ebd63299adb9b76fd28de78a3682dd91,5e3f5df112be21b05e0f50da7d6868fd62d843da044cb1993c314dde69ad19e2,unknown,klogd-164-v5te,elf,2026-10-09 00:57:32,MalwareBazaar
SHA-1,57b8e0ea11ea90efee6f62cf83b12993823ee484,5e3f5df112be21b05e0f50da7d6868fd62d843da044cb1993c314dde69ad19e2,unknown,klogd-164-v5te,elf,2026-10-09 00:57:32,MalwareBazaar
SHA-256,5e3f5df112be21b05e0f50da7d6868fd62d843da044cb1993c314dde69ad19e2,5e3f5df112be21b05e0f50da7d6868fd62d843da044cb1993c314dde69ad19e2,unknown,klogd-164-v5te,elf,2026-10-09 00:57:32,MalwareBazaar
SHA3-384,a441dd4b223e8c86456e5647773e86ee59c3e8e2c72c31311b4eae3f70eed9e5f0fc9b93d008dab356c7906e7731ba36,5e3f5df112be21b05e0f50da7d6868fd62d843da044cb1993c314dde69ad19e2,unknown,klogd-164-v5te,elf,2026-10-09 00:57:32,MalwareBazaar
TLSH,T1C2C52AABFC429E42C4C425B6F96EC2D8334783F8C3D6B2029E05C635799F59A0E79B15,5e3f5df112be21b05e0f50da7d6868fd62d843da044cb1993c314dde69ad19e2,unknown,klogd-164-v5te,elf,2026-10-09 00:57:32,MalwareBazaar
TELFHASH,t1edc09208bb1090dd3ac11389c4b732abd1ee14e7630018e8d32abd6f5e01cb83956e33,5e3f5df112be21b05e0f50da7d6868fd62d843da044cb1993c314dde69ad19e2,unknown,klogd-164-v5te,elf,2026-10-09 00:57:32,MalwareBazaar
SSDEEP,24576:T7UFkdHTMOGyoHJOD/iUhNJKBqtX3Xh/PL517C0DBi1uZQn652EPAZTXMXH1EOau:Upit//j5Pigky0Gd,5e3f5df112be21b05e0f50da7d6868fd62d843da044cb1993c314dde69ad19e2,unknown,klogd-164-v5te,elf,2026-10-09 00:57:32,MalwareBazaar
MD5,40ebeef9b901cadd0f721ed9d85ea98d,4d90b19f8a3c224131db8f6e96a99a970b044c6392a4654ccd82fa8bce4adcb9,RemcosRAT,Abu Dhabi Police GHQ Ticket and Evidence of Offence .vbs,vbs,2026-10-09 00:52:38,MalwareBazaar
SHA-1,557e03a85cc1806464e43fe26dae803a858d8fea,4d90b19f8a3c224131db8f6e96a99a970b044c6392a4654ccd82fa8bce4adcb9,RemcosRAT,Abu Dhabi Police GHQ Ticket and Evidence of Offence .vbs,vbs,2026-10-09 00:52:38,MalwareBazaar
SHA-256,4d90b19f8a3c224131db8f6e96a99a970b044c6392a4654ccd82fa8bce4adcb9,4d90b19f8a3c224131db8f6e96a99a970b044c6392a4654ccd82fa8bce4adcb9,RemcosRAT,Abu Dhabi Police GHQ Ticket and Evidence of Offence .vbs,vbs,2026-10-09 00:52:38,MalwareBazaar
SHA3-384,3f9067d1559950c522bb58443b82c6a71f9cbf77655d9113857cfb3e8b4c531681e79aa7f92554c3e163c6701de250a8,4d90b19f8a3c224131db8f6e96a99a970b044c6392a4654ccd82fa8bce4adcb9,RemcosRAT,Abu Dhabi Police GHQ Ticket and Evidence of Offence .vbs,vbs,2026-10-09 00:52:38,MalwareBazaar
TLSH,T10B636D21EE3406968F0317E9FC590A66CD7DC235532254B4FEED630D50126ACE3BE2BA,4d90b19f8a3c224131db8f6e96a99a970b044c6392a4654ccd82fa8bce4adcb9,RemcosRAT,Abu Dhabi Police GHQ Ticket and Evidence of Offence .vbs,vbs,2026-10-09 00:52:38,MalwareBazaar
SSDEEP,1536:JGUT5JaE0O/vQLB2zoYJhA88eHey2dwcLj399:7QLO/vQaVJj5ey2dwcLL,4d90b19f8a3c224131db8f6e96a99a970b044c6392a4654ccd82fa8bce4adcb9,RemcosRAT,Abu Dhabi Police GHQ Ticket and Evidence of Offence .vbs,vbs,2026-10-09 00:52:38,MalwareBazaar
MD5,2c10522964bea89d360d438b975c64cd,b077215af833ac80e92a57f8ab2613217e87f7f7aa9ed16ce9497f08de54d5f0,AsyncRAT,D3MANDA.RAD-2026-107067-00..js,js,2026-10-09 00:48:20,MalwareBazaar
SHA-1,50371be5ba9c3d126e3d472c8edd1992f1d04f8e,b077215af833ac80e92a57f8ab2613217e87f7f7aa9ed16ce9497f08de54d5f0,AsyncRAT,D3MANDA.RAD-2026-107067-00..js,js,2026-10-09 00:48:20,MalwareBazaar
SHA-256,b077215af833ac80e92a57f8ab2613217e87f7f7aa9ed16ce9497f08de54d5f0,b077215af833ac80e92a57f8ab2613217e87f7f7aa9ed16ce9497f08de54d5f0,AsyncRAT,D3MANDA.RAD-2026-107067-00..js,js,2026-10-09 00:48:20,MalwareBazaar
SHA3-384,8d34b2bccf0ed22093380f2429bb49ba6c8f9b0fc0d0583a1621f3a9ece5b06bf1499ebbddf1bee9db5fb194adb78c46,b077215af833ac80e92a57f8ab2613217e87f7f7aa9ed16ce9497f08de54d5f0,AsyncRAT,D3MANDA.RAD-2026-107067-00..js,js,2026-10-09 00:48:20,MalwareBazaar
TLSH,T115C62348035A123C72AD95E9946E0012E4FAEBC6DD3C625688BBE5DFF41FC40597A33B,b077215af833ac80e92a57f8ab2613217e87f7f7aa9ed16ce9497f08de54d5f0,AsyncRAT,D3MANDA.RAD-2026-107067-00..js,js,2026-10-09 00:48:20,MalwareBazaar
SSDEEP,98304:PAaEaJsFas7UiaqFH4TV+ppYn9rMPCszpMT0nQiwB6ZA9MoKSaO:P8s4pq8pynl+CXT0ID9v3aO,b077215af833ac80e92a57f8ab2613217e87f7f7aa9ed16ce9497f08de54d5f0,AsyncRAT,D3MANDA.RAD-2026-107067-00..js,js,2026-10-09 00:48:20,MalwareBazaar
MD5,0f1d42cb6725d8194145cff1d3683634,4e2d3b193a9bfb9f3a369a251a1b722450fa13d8fc193d3c872ebf1062783fde,Formbook,PO50A-051141161_ORDER_DETAIL.com,exe,2026-10-09 00:23:24,MalwareBazaar
SHA-1,d9c19f966ff9cadfb515586114754d7ddf2381e7,4e2d3b193a9bfb9f3a369a251a1b722450fa13d8fc193d3c872ebf1062783fde,Formbook,PO50A-051141161_ORDER_DETAIL.com,exe,2026-10-09 00:23:24,MalwareBazaar
SHA-256,4e2d3b193a9bfb9f3a369a251a1b722450fa13d8fc193d3c872ebf1062783fde,4e2d3b193a9bfb9f3a369a251a1b722450fa13d8fc193d3c872ebf1062783fde,Formbook,PO50A-051141161_ORDER_DETAIL.com,exe,2026-10-09 00:23:24,MalwareBazaar
SHA3-384,f85421e911e655fcc006cfc355f9391aa5a195a7226d1ea0f6e4fe98429cc9247d250a080117aa36af8c7e788f035ea7,4e2d3b193a9bfb9f3a369a251a1b722450fa13d8fc193d3c872ebf1062783fde,Formbook,PO50A-051141161_ORDER_DETAIL.com,exe,2026-10-09 00:23:24,MalwareBazaar
IMPHASH,f34d5f2d4577ed6d9ceec516c1f5a744,4e2d3b193a9bfb9f3a369a251a1b722450fa13d8fc193d3c872ebf1062783fde,Formbook,PO50A-051141161_ORDER_DETAIL.com,exe,2026-10-09 00:23:24,MalwareBazaar
TLSH,T12C15D04432ABEC03D4724BB009E1D37087B96F95E521E3574FE66ED77A26BC26484B83,4e2d3b193a9bfb9f3a369a251a1b722450fa13d8fc193d3c872ebf1062783fde,Formbook,PO50A-051141161_ORDER_DETAIL.com,exe,2026-10-09 00:23:24,MalwareBazaar
SSDEEP,12288:WlQE+W8AQEUd6SZzpX8zmt/C7Ra3r40wChB94Ux5eq8sewIk0YPgHKf6sk+KDXeL:4QTYKX8L7IsMxd8eCYPNfD4z/93,4e2d3b193a9bfb9f3a369a251a1b722450fa13d8fc193d3c872ebf1062783fde,Formbook,PO50A-051141161_ORDER_DETAIL.com,exe,2026-10-09 00:23:24,MalwareBazaar
MD5,90122868f1cb205ebf5dc41ced6621fd,6afc6978ec9752ab4558a6c9cb1b62124619fe2bec6f727b09309f7a323d0eee,Mirai,spc,elf,2026-10-09 00:17:17,MalwareBazaar
SHA-1,31a87a452c2f668d96ac1a569e8cf44ad10c958b,6afc6978ec9752ab4558a6c9cb1b62124619fe2bec6f727b09309f7a323d0eee,Mirai,spc,elf,2026-10-09 00:17:17,MalwareBazaar
SHA-256,6afc6978ec9752ab4558a6c9cb1b62124619fe2bec6f727b09309f7a323d0eee,6afc6978ec9752ab4558a6c9cb1b62124619fe2bec6f727b09309f7a323d0eee,Mirai,spc,elf,2026-10-09 00:17:17,MalwareBazaar
SHA3-384,076a2861c58196fda252e674a0291e269e950ea144168ec9343301a959849cb72a319aa40cbacf5efc6c3a230d0479ce,6afc6978ec9752ab4558a6c9cb1b62124619fe2bec6f727b09309f7a323d0eee,Mirai,spc,elf,2026-10-09 00:17:17,MalwareBazaar
TLSH,T12C259D41F7F50166E68092358662D7A07A13D7A628E4020FCF618EEBEF531B91F85CF6,6afc6978ec9752ab4558a6c9cb1b62124619fe2bec6f727b09309f7a323d0eee,Mirai,spc,elf,2026-10-09 00:17:17,MalwareBazaar
SSDEEP,12288:aW0t6mGDeeymHF7N84jaCnzPtls9oCZPjaGUy3qs3lB0S45xdbBaw5gP9ZYJS:aW7yeyoBNpzPiomnUsB5YPtiA,6afc6978ec9752ab4558a6c9cb1b62124619fe2bec6f727b09309f7a323d0eee,Mirai,spc,elf,2026-10-09 00:17:17,MalwareBazaar
MD5,53fbf1c0455cc842f31aadb8d36af84d,9d7bb13d6ceee4ed10a90bd9c260e926613ee05bd5949b71051f40d38883f714,SilentNet,KryptonClient.jar,jar,2026-10-09 00:12:34,MalwareBazaar
SHA-1,6b5944d066040e96fbf8f15c82d4ded6000be237,9d7bb13d6ceee4ed10a90bd9c260e926613ee05bd5949b71051f40d38883f714,SilentNet,KryptonClient.jar,jar,2026-10-09 00:12:34,MalwareBazaar
SHA-256,9d7bb13d6ceee4ed10a90bd9c260e926613ee05bd5949b71051f40d38883f714,9d7bb13d6ceee4ed10a90bd9c260e926613ee05bd5949b71051f40d38883f714,SilentNet,KryptonClient.jar,jar,2026-10-09 00:12:34,MalwareBazaar
SHA3-384,71bbc5008333328affd6a5b8d5b3278d1c36f51eedb2dc5b4c4f68a3202c060caca7c7ec3241397a7e6b40098c2cbf4a,9d7bb13d6ceee4ed10a90bd9c260e926613ee05bd5949b71051f40d38883f714,SilentNet,KryptonClient.jar,jar,2026-10-09 00:12:34,MalwareBazaar
TLSH,T1BF1733F2876B15E8ABE318141F42D048D7DE33ABD927402D48B39F7C9AD9D41CA50AF6,9d7bb13d6ceee4ed10a90bd9c260e926613ee05bd5949b71051f40d38883f714,SilentNet,KryptonClient.jar,jar,2026-10-09 00:12:34,MalwareBazaar
SSDEEP,393216:sQHrITeAWGR0gQcJplg5kGcSCtXvbdbQvsilxrSt:DIbJQcJpdDtXvbdUllFi,9d7bb13d6ceee4ed10a90bd9c260e926613ee05bd5949b71051f40d38883f714,SilentNet,KryptonClient.jar,jar,2026-10-09 00:12:34,MalwareBazaar
MD5,7e99fe0590f0add516bb57fe8dd8aba8,f08ab1a87db1149fad8a33977080dbc569974146c2479047fc99c489ffa0e342,unknown,f08ab1a87db1149fad8a33977080dbc569974146c2479047fc99c489ffa0e342,sh,2026-10-09 00:02:01,MalwareBazaar
SHA-1,be9bc337e44177ce063cadf7cc48b51a03160384,f08ab1a87db1149fad8a33977080dbc569974146c2479047fc99c489ffa0e342,unknown,f08ab1a87db1149fad8a33977080dbc569974146c2479047fc99c489ffa0e342,sh,2026-10-09 00:02:01,MalwareBazaar
SHA-256,f08ab1a87db1149fad8a33977080dbc569974146c2479047fc99c489ffa0e342,f08ab1a87db1149fad8a33977080dbc569974146c2479047fc99c489ffa0e342,unknown,f08ab1a87db1149fad8a33977080dbc569974146c2479047fc99c489ffa0e342,sh,2026-10-09 00:02:01,MalwareBazaar
SHA3-384,5eb5b8a5c9e996ec396022ae5e6e4fa24122f2e6417b8f621d0176f16b763394ec4b1a5ab7e879e80ed10ce97946134f,f08ab1a87db1149fad8a33977080dbc569974146c2479047fc99c489ffa0e342,unknown,f08ab1a87db1149fad8a33977080dbc569974146c2479047fc99c489ffa0e342,sh,2026-10-09 00:02:01,MalwareBazaar
TLSH,T115A1A9F56055A130F85781652A547CF6C18BA2D75AA2C583B39F2D40EB9AFE4FF38301,f08ab1a87db1149fad8a33977080dbc569974146c2479047fc99c489ffa0e342,unknown,f08ab1a87db1149fad8a33977080dbc569974146c2479047fc99c489ffa0e342,sh,2026-10-09 00:02:01,MalwareBazaar
SSDEEP,96:HsKBiqTamLrDCkxwqyWuIRJxQHPGiGJKuedMDHWv1YAGXtln7oMOtWqX:HsOORaoMDHFttOtWe,f08ab1a87db1149fad8a33977080dbc569974146c2479047fc99c489ffa0e342,unknown,f08ab1a87db1149fad8a33977080dbc569974146c2479047fc99c489ffa0e342,sh,2026-10-09 00:02:01,MalwareBazaar
MD5,49641f58d77d1249bffc31a6f162505f,3a810e0fbee30b2af13c04f12c51f5cba936c64077aea2a334e53b125920fd7f,Gafgyt,3a810e0fbee30b2af13c04f12c51f5cba936c64077aea2a334e53b125920fd7f,sh,2026-10-09 00:01:53,MalwareBazaar
SHA-1,685de5a0db5c6ef6b103e065a9a50107478cd4af,3a810e0fbee30b2af13c04f12c51f5cba936c64077aea2a334e53b125920fd7f,Gafgyt,3a810e0fbee30b2af13c04f12c51f5cba936c64077aea2a334e53b125920fd7f,sh,2026-10-09 00:01:53,MalwareBazaar
SHA-256,3a810e0fbee30b2af13c04f12c51f5cba936c64077aea2a334e53b125920fd7f,3a810e0fbee30b2af13c04f12c51f5cba936c64077aea2a334e53b125920fd7f,Gafgyt,3a810e0fbee30b2af13c04f12c51f5cba936c64077aea2a334e53b125920fd7f,sh,2026-10-09 00:01:53,MalwareBazaar
SHA3-384,9b6ed57183f7bce7930c94dd1e693a404d75d47b8c72d8bee2f92f8455fb9b730357e026139fc6ded932804773fdf085,3a810e0fbee30b2af13c04f12c51f5cba936c64077aea2a334e53b125920fd7f,Gafgyt,3a810e0fbee30b2af13c04f12c51f5cba936c64077aea2a334e53b125920fd7f,sh,2026-10-09 00:01:53,MalwareBazaar
TLSH,T1D3E04F9A6CB0E021EADFDA18F3D7B9F46A83441D795C5A70A1869C300718D75313AE7A,3a810e0fbee30b2af13c04f12c51f5cba936c64077aea2a334e53b125920fd7f,Gafgyt,3a810e0fbee30b2af13c04f12c51f5cba936c64077aea2a334e53b125920fd7f,sh,2026-10-09 00:01:53,MalwareBazaar
SSDEEP,6:hbpkS7W6plR59LN8XOWLXigV2JOWLXiTkhQy+D0acIa0k2A2InHAKb:dpLSOWLyI2JOWLyoL+Dc32A2NC,3a810e0fbee30b2af13c04f12c51f5cba936c64077aea2a334e53b125920fd7f,Gafgyt,3a810e0fbee30b2af13c04f12c51f5cba936c64077aea2a334e53b125920fd7f,sh,2026-10-09 00:01:53,MalwareBazaar
MD5,42bc18e69fed0270ad331caac75a896f,9135f4d24e45365b9680df64f6d0f51dba3a4ff7b740ca1cff3bc6b9998c474c,unknown,9135f4d24e45365b9680df64f6d0f51dba3a4ff7b740ca1cff3bc6b9998c474c.bin,macho,2026-10-09 00:00:46,MalwareBazaar
SHA-1,5f95e045a8dc3bc1f1f7f6afebeefdaca5ae8a27,9135f4d24e45365b9680df64f6d0f51dba3a4ff7b740ca1cff3bc6b9998c474c,unknown,9135f4d24e45365b9680df64f6d0f51dba3a4ff7b740ca1cff3bc6b9998c474c.bin,macho,2026-10-09 00:00:46,MalwareBazaar
SHA-256,9135f4d24e45365b9680df64f6d0f51dba3a4ff7b740ca1cff3bc6b9998c474c,9135f4d24e45365b9680df64f6d0f51dba3a4ff7b740ca1cff3bc6b9998c474c,unknown,9135f4d24e45365b9680df64f6d0f51dba3a4ff7b740ca1cff3bc6b9998c474c.bin,macho,2026-10-09 00:00:46,MalwareBazaar
SHA3-384,04b894fe73e1108beb59db563520cf798608fcb23959f4093dd83c5ce7b0c24c8b4348a0d7530e43dd1e9053b65f6979,9135f4d24e45365b9680df64f6d0f51dba3a4ff7b740ca1cff3bc6b9998c474c,unknown,9135f4d24e45365b9680df64f6d0f51dba3a4ff7b740ca1cff3bc6b9998c474c.bin,macho,2026-10-09 00:00:46,MalwareBazaar
TLSH,T102F42AAB527AA4D4EC4732747B8A3BF7EE40B47663F5E4A9AA42513448F3374913021F,9135f4d24e45365b9680df64f6d0f51dba3a4ff7b740ca1cff3bc6b9998c474c,unknown,9135f4d24e45365b9680df64f6d0f51dba3a4ff7b740ca1cff3bc6b9998c474c.bin,macho,2026-10-09 00:00:46,MalwareBazaar
SSDEEP,12288:tU7wAcpxXAIIETE1UWLwJrr1nuwyiPUcyvmByHaRR1L+:tU7RyAOTtovPaRW,9135f4d24e45365b9680df64f6d0f51dba3a4ff7b740ca1cff3bc6b9998c474c,unknown,9135f4d24e45365b9680df64f6d0f51dba3a4ff7b740ca1cff3bc6b9998c474c.bin,macho,2026-10-09 00:00:46,MalwareBazaar
MD5,6986cda4d9478cd2743c764500115e0b,4ca810ed33db741b86f8b3c07eec620456c23d4bf8737ed58781eba3c5b47029,unknown,file,exe,2026-10-08 23:38:52,MalwareBazaar
SHA-1,b4c415868766339b45e6de311b52a403908fbf14,4ca810ed33db741b86f8b3c07eec620456c23d4bf8737ed58781eba3c5b47029,unknown,file,exe,2026-10-08 23:38:52,MalwareBazaar
SHA-256,4ca810ed33db741b86f8b3c07eec620456c23d4bf8737ed58781eba3c5b47029,4ca810ed33db741b86f8b3c07eec620456c23d4bf8737ed58781eba3c5b47029,unknown,file,exe,2026-10-08 23:38:52,MalwareBazaar
SHA3-384,1d19ab53d13338092851ef42b719b301182fe57230ab514ec60fe847f747fdc638eafe2da3356603f06585fb2fca6642,4ca810ed33db741b86f8b3c07eec620456c23d4bf8737ed58781eba3c5b47029,unknown,file,exe,2026-10-08 23:38:52,MalwareBazaar
IMPHASH,80166b90e8e23191097047e5d12a5630,4ca810ed33db741b86f8b3c07eec620456c23d4bf8737ed58781eba3c5b47029,unknown,file,exe,2026-10-08 23:38:52,MalwareBazaar
TLSH,T14725D0DCB78A2F76FB7AD4724A8145618F127B463BE054FF225D2A240F079C18EF5229,4ca810ed33db741b86f8b3c07eec620456c23d4bf8737ed58781eba3c5b47029,unknown,file,exe,2026-10-08 23:38:52,MalwareBazaar
SSDEEP,24576:83/W0HtT7Q9Lf/SInODr5tvQe25Y/exBK9:0/WERQlf/fnCr5tvQ9xs,4ca810ed33db741b86f8b3c07eec620456c23d4bf8737ed58781eba3c5b47029,unknown,file,exe,2026-10-08 23:38:52,MalwareBazaar
ICON-DHASH,4cb2694d4d69b24c,4ca810ed33db741b86f8b3c07eec620456c23d4bf8737ed58781eba3c5b47029,unknown,file,exe,2026-10-08 23:38:52,MalwareBazaar
MD5,448fe561e100889eeae1b52cd558812e,f7a365217cee30786abd3117313585bd27dbd4177194775e9899ff252e6e1a34,unknown,f7a365217cee30786abd3117313585bd27dbd4177194775e9899ff252e6e1a34,sh,2026-10-08 23:35:20,MalwareBazaar
SHA-1,42ab563b9b685fc065735d5e6967cb61be435db0,f7a365217cee30786abd3117313585bd27dbd4177194775e9899ff252e6e1a34,unknown,f7a365217cee30786abd3117313585bd27dbd4177194775e9899ff252e6e1a34,sh,2026-10-08 23:35:20,MalwareBazaar
SHA-256,f7a365217cee30786abd3117313585bd27dbd4177194775e9899ff252e6e1a34,f7a365217cee30786abd3117313585bd27dbd4177194775e9899ff252e6e1a34,unknown,f7a365217cee30786abd3117313585bd27dbd4177194775e9899ff252e6e1a34,sh,2026-10-08 23:35:20,MalwareBazaar
SHA3-384,581accf399b98367c0621e559b814f45056235b911200cebfc7a182e8d0699fb61ac06ef638b0adf2d2de6e1049db7e8,f7a365217cee30786abd3117313585bd27dbd4177194775e9899ff252e6e1a34,unknown,f7a365217cee30786abd3117313585bd27dbd4177194775e9899ff252e6e1a34,sh,2026-10-08 23:35:20,MalwareBazaar
TLSH,T1A4E151E4E7B9D920B3D9D8196CC58D5329D77C3EC673190AF26BCE00A30E58B281A716,f7a365217cee30786abd3117313585bd27dbd4177194775e9899ff252e6e1a34,unknown,f7a365217cee30786abd3117313585bd27dbd4177194775e9899ff252e6e1a34,sh,2026-10-08 23:35:20,MalwareBazaar
SSDEEP,192:OrIyC/6x35nHrWfo/5vYpYl+Uoqj5MNXbG:TyJnHv5v4V6erG,f7a365217cee30786abd3117313585bd27dbd4177194775e9899ff252e6e1a34,unknown,f7a365217cee30786abd3117313585bd27dbd4177194775e9899ff252e6e1a34,sh,2026-10-08 23:35:20,MalwareBazaar
MD5,ceef0c7df2695363cd5769f7510334e4,1751d5c748f1af5d9229a43a3d9916a6b7cb21ed32af31d251e1c854053e108b,Mirai,Space.x86,elf,2026-10-08 23:30:47,MalwareBazaar
SHA-1,2f2b2465edbf3646179720bd8fcb2bb6fb5ff024,1751d5c748f1af5d9229a43a3d9916a6b7cb21ed32af31d251e1c854053e108b,Mirai,Space.x86,elf,2026-10-08 23:30:47,MalwareBazaar
SHA-256,1751d5c748f1af5d9229a43a3d9916a6b7cb21ed32af31d251e1c854053e108b,1751d5c748f1af5d9229a43a3d9916a6b7cb21ed32af31d251e1c854053e108b,Mirai,Space.x86,elf,2026-10-08 23:30:47,MalwareBazaar
SHA3-384,16ffa1bedb9a24022d9bc59b82be1fc5056e9c30015d4510d4bd6b1b232ec06899784239f18463d732a30aaa9772ae40,1751d5c748f1af5d9229a43a3d9916a6b7cb21ed32af31d251e1c854053e108b,Mirai,Space.x86,elf,2026-10-08 23:30:47,MalwareBazaar
TLSH,T166634BC9F983D4B6E857093010BBFF639DB3D6BE2168DA43C3A855369D12502F416E6C,1751d5c748f1af5d9229a43a3d9916a6b7cb21ed32af31d251e1c854053e108b,Mirai,Space.x86,elf,2026-10-08 23:30:47,MalwareBazaar
TELFHASH,t1432137f76e1e48f8f3d49840c39eaa851a2ad677086136a445b2cdc036e7dd194bdc39,1751d5c748f1af5d9229a43a3d9916a6b7cb21ed32af31d251e1c854053e108b,Mirai,Space.x86,elf,2026-10-08 23:30:47,MalwareBazaar
SSDEEP,1536:ltWizyApqj4PfWjF7lOvZOWsIyq3XkZSYX:ltFyA0j4HWBJOvwfIyqsX,1751d5c748f1af5d9229a43a3d9916a6b7cb21ed32af31d251e1c854053e108b,Mirai,Space.x86,elf,2026-10-08 23:30:47,MalwareBazaar
MD5,511ff8eb710c0ae15d975b0d0296688b,caa464e61f4adda038fd4c979b8d939ef1564e038baa925f9c90e5a803d41804,Mirai,Space.x86_64,elf,2026-10-08 23:30:43,MalwareBazaar
SHA-1,e54b0ecf6a284b14c6c58be0c8fdf1ef9deff647,caa464e61f4adda038fd4c979b8d939ef1564e038baa925f9c90e5a803d41804,Mirai,Space.x86_64,elf,2026-10-08 23:30:43,MalwareBazaar
SHA-256,caa464e61f4adda038fd4c979b8d939ef1564e038baa925f9c90e5a803d41804,caa464e61f4adda038fd4c979b8d939ef1564e038baa925f9c90e5a803d41804,Mirai,Space.x86_64,elf,2026-10-08 23:30:43,MalwareBazaar
SHA3-384,48fa8f30dd7ec1f64439aafbd2f31aa08dfc7f6037cd73efe9ea42d13cd9f380b2c3abe83bfb0e37a84dc5ae9549b819,caa464e61f4adda038fd4c979b8d939ef1564e038baa925f9c90e5a803d41804,Mirai,Space.x86_64,elf,2026-10-08 23:30:43,MalwareBazaar
TLSH,T1BB733A57BA4080FEC499C03843BEBA36D87274FE1379729A13D4FE366D46E601E29C54,caa464e61f4adda038fd4c979b8d939ef1564e038baa925f9c90e5a803d41804,Mirai,Space.x86_64,elf,2026-10-08 23:30:43,MalwareBazaar
TELFHASH,t1d32133b039591da0e0ebe468b305e1661d391aa004e2b8f3d9b790f6eb517870db9427,caa464e61f4adda038fd4c979b8d939ef1564e038baa925f9c90e5a803d41804,Mirai,Space.x86_64,elf,2026-10-08 23:30:43,MalwareBazaar
SSDEEP,1536:BzIDxEwvZ8bouGctIb/+w4HnC+8l8AnzcUs:BUxEyZCXtIf4HT8l8AzcUs,caa464e61f4adda038fd4c979b8d939ef1564e038baa925f9c90e5a803d41804,Mirai,Space.x86_64,elf,2026-10-08 23:30:43,MalwareBazaar
MD5,7a660b5089a4a8f90d9f3de2fc1e011c,b2273c5a22de129ad1b886fcc1b9a3e3862389b5843a6c68d93554189efb8c2e,Mirai,Space.i686,elf,2026-10-08 23:30:38,MalwareBazaar
SHA-1,e9e9151a54b2507049f976fac0d26e9fe4d681fc,b2273c5a22de129ad1b886fcc1b9a3e3862389b5843a6c68d93554189efb8c2e,Mirai,Space.i686,elf,2026-10-08 23:30:38,MalwareBazaar
SHA-256,b2273c5a22de129ad1b886fcc1b9a3e3862389b5843a6c68d93554189efb8c2e,b2273c5a22de129ad1b886fcc1b9a3e3862389b5843a6c68d93554189efb8c2e,Mirai,Space.i686,elf,2026-10-08 23:30:38,MalwareBazaar
SHA3-384,36a9c8b6525366bbce3d92987f6d9cf1e080e7100f56fb5bc87e965ea219fe32460aed5dbbef36de33292bfa63aff895,b2273c5a22de129ad1b886fcc1b9a3e3862389b5843a6c68d93554189efb8c2e,Mirai,Space.i686,elf,2026-10-08 23:30:38,MalwareBazaar
TLSH,T1AF733985F987C6F2D407483042ABFB3FCB32D8A511B19B4DDF569F35DA33502AA22649,b2273c5a22de129ad1b886fcc1b9a3e3862389b5843a6c68d93554189efb8c2e,Mirai,Space.i686,elf,2026-10-08 23:30:38,MalwareBazaar
TELFHASH,t1c121bffb1dbe08fda7d89940c25e6fe22826c77b556036b00563c6353367ea144a8c3d,b2273c5a22de129ad1b886fcc1b9a3e3862389b5843a6c68d93554189efb8c2e,Mirai,Space.i686,elf,2026-10-08 23:30:38,MalwareBazaar
SSDEEP,1536:8A9Uqtm/qzBpeKm2XpQmj7qWSICRzBbkivom3aJ2XdLNn:8A9U7KBcKm2Xp3jnrCRzBbVvfXdLN,b2273c5a22de129ad1b886fcc1b9a3e3862389b5843a6c68d93554189efb8c2e,Mirai,Space.i686,elf,2026-10-08 23:30:38,MalwareBazaar
MD5,62fd5e8acda106ff5dbef167b99b8829,550183dc18026b2bd9be81c2ef1a32b64ccad2732d0268b29aef33acc73b9b4e,Mirai,arm6,elf,2026-10-08 23:29:27,MalwareBazaar
SHA-1,ffaaf05d875de9c199f236e3a6df5901184f873e,550183dc18026b2bd9be81c2ef1a32b64ccad2732d0268b29aef33acc73b9b4e,Mirai,arm6,elf,2026-10-08 23:29:27,MalwareBazaar
SHA-256,550183dc18026b2bd9be81c2ef1a32b64ccad2732d0268b29aef33acc73b9b4e,550183dc18026b2bd9be81c2ef1a32b64ccad2732d0268b29aef33acc73b9b4e,Mirai,arm6,elf,2026-10-08 23:29:27,MalwareBazaar
SHA3-384,54e6f9adc0bde6ce659bac168bbb28da6542e139d66e02b8faf49f32b467f73acac567768dada53895992bed49c5b2f5,550183dc18026b2bd9be81c2ef1a32b64ccad2732d0268b29aef33acc73b9b4e,Mirai,arm6,elf,2026-10-08 23:29:27,MalwareBazaar
TLSH,T1A403094AF9818B12C9E115BAFE2E524D3313077CE3EF72266E106E34679757B0B3A815,550183dc18026b2bd9be81c2ef1a32b64ccad2732d0268b29aef33acc73b9b4e,Mirai,arm6,elf,2026-10-08 23:29:27,MalwareBazaar
TELFHASH,t12bf0592002449de865fc4445de7ed4827041abb636bc380b7be3bd6d832b5a1b03009e,550183dc18026b2bd9be81c2ef1a32b64ccad2732d0268b29aef33acc73b9b4e,Mirai,arm6,elf,2026-10-08 23:29:27,MalwareBazaar
SSDEEP,768:dtnvcGn539x6CfbVU6nfnfhpgD5mkcIYS6igHGBF3KAM:dtnfn53mCLnfnf4g3IWiqGP,550183dc18026b2bd9be81c2ef1a32b64ccad2732d0268b29aef33acc73b9b4e,Mirai,arm6,elf,2026-10-08 23:29:27,MalwareBazaar
MD5,036b240027d9142b5784817d08c1ec22,3330f9f5be2b0b4fb0bffc7ceb770deb2dbbc798dcf421d55812700ad76e2f0b,Mirai,Space.arc,elf,2026-10-08 23:29:23,MalwareBazaar
SHA-1,f1fd8d9ece88ef7ae0ae88bc7e829c33b63fb4bd,3330f9f5be2b0b4fb0bffc7ceb770deb2dbbc798dcf421d55812700ad76e2f0b,Mirai,Space.arc,elf,2026-10-08 23:29:23,MalwareBazaar
SHA-256,3330f9f5be2b0b4fb0bffc7ceb770deb2dbbc798dcf421d55812700ad76e2f0b,3330f9f5be2b0b4fb0bffc7ceb770deb2dbbc798dcf421d55812700ad76e2f0b,Mirai,Space.arc,elf,2026-10-08 23:29:23,MalwareBazaar
SHA3-384,4be936501a3052608ad82b904b11f317d4c3fe7e0c5451fcc5f5f9907366d6a481a6e814a9c6335d14c321316ce20ec9,3330f9f5be2b0b4fb0bffc7ceb770deb2dbbc798dcf421d55812700ad76e2f0b,Mirai,Space.arc,elf,2026-10-08 23:29:23,MalwareBazaar
TLSH,T141B3AEEBF64715A2C85243F013C79F8E3E232290AE57E4E76D1E167B19760DB1D0AB81,3330f9f5be2b0b4fb0bffc7ceb770deb2dbbc798dcf421d55812700ad76e2f0b,Mirai,Space.arc,elf,2026-10-08 23:29:23,MalwareBazaar
SSDEEP,1536:pcdlYSuiBMW3zC8aRGGTtJM/qrlpmxJ6nDgD//LWW:8YSZ3e8ZE3MYlphDgD/q,3330f9f5be2b0b4fb0bffc7ceb770deb2dbbc798dcf421d55812700ad76e2f0b,Mirai,Space.arc,elf,2026-10-08 23:29:23,MalwareBazaar
MD5,771820d9449b6b582fa3ce6dd69f0d9e,36324af60466940192d18de84a07ac6d897a163bf4a5d296257f10856a95d6e7,Mirai,arm7,elf,2026-10-08 23:29:22,MalwareBazaar
SHA-1,490a1264f9e8b1a2d5d17368767424c97db8af31,36324af60466940192d18de84a07ac6d897a163bf4a5d296257f10856a95d6e7,Mirai,arm7,elf,2026-10-08 23:29:22,MalwareBazaar
SHA-256,36324af60466940192d18de84a07ac6d897a163bf4a5d296257f10856a95d6e7,36324af60466940192d18de84a07ac6d897a163bf4a5d296257f10856a95d6e7,Mirai,arm7,elf,2026-10-08 23:29:22,MalwareBazaar
SHA3-384,c872c33abbb53d46ed91888daf3973d9ef4fab4f378431a475fd2dc6e2a5bc0b4a05208458dd241418494fe14a449a36,36324af60466940192d18de84a07ac6d897a163bf4a5d296257f10856a95d6e7,Mirai,arm7,elf,2026-10-08 23:29:22,MalwareBazaar
TLSH,T1E723074AFD805F00D9E525BAFA1E524D33934B7CE3FE7111AE219B2523D6A2B0F76811,36324af60466940192d18de84a07ac6d897a163bf4a5d296257f10856a95d6e7,Mirai,arm7,elf,2026-10-08 23:29:22,MalwareBazaar
TELFHASH,t18cf09e104a856cedf3d2190ad38e76439912aaea3f746c8633ebbc075337f82053029d,36324af60466940192d18de84a07ac6d897a163bf4a5d296257f10856a95d6e7,Mirai,arm7,elf,2026-10-08 23:29:22,MalwareBazaar
SSDEEP,1536:JlnQq62buDyyyyyyyyoPog/giG1QiX2lHMibAZ2nUfy:L6QP/giG1cJAZ2Uq,36324af60466940192d18de84a07ac6d897a163bf4a5d296257f10856a95d6e7,Mirai,arm7,elf,2026-10-08 23:29:22,MalwareBazaar
MD5,c353a70fc94cfb058da65395c4838592,e8ce0703b89472af190b043ff6990ad166a7251ebe1b3fc9621b2796827719af,Mirai,Space.x86,elf,2026-10-08 23:29:21,MalwareBazaar
SHA-1,b68db3556a62ad4b4712f35bf34c2ad4bb8d71bf,e8ce0703b89472af190b043ff6990ad166a7251ebe1b3fc9621b2796827719af,Mirai,Space.x86,elf,2026-10-08 23:29:21,MalwareBazaar
SHA-256,e8ce0703b89472af190b043ff6990ad166a7251ebe1b3fc9621b2796827719af,e8ce0703b89472af190b043ff6990ad166a7251ebe1b3fc9621b2796827719af,Mirai,Space.x86,elf,2026-10-08 23:29:21,MalwareBazaar
SHA3-384,545c41481c2983ce14698781be40518a52fe7279f4ad6e640fc847d910dde8d298ffd5ec5e00992778975604f0d5e739,e8ce0703b89472af190b043ff6990ad166a7251ebe1b3fc9621b2796827719af,Mirai,Space.x86,elf,2026-10-08 23:29:21,MalwareBazaar
TLSH,T17FF2E19724B98108917E217D1C6BFD8E84B09655C16DC8F24F987433D513FAC39A479F,e8ce0703b89472af190b043ff6990ad166a7251ebe1b3fc9621b2796827719af,Mirai,Space.x86,elf,2026-10-08 23:29:21,MalwareBazaar
SSDEEP,768:ZCkGi0D/4BfI7dZnRh7/IN0BIesyoXKot5V4oEAIptK76cBkAcRnbcuyD7UHQRjt:ZBGbyqhXrTBrQX4oEX46bnouy8HyZ,e8ce0703b89472af190b043ff6990ad166a7251ebe1b3fc9621b2796827719af,Mirai,Space.x86,elf,2026-10-08 23:29:21,MalwareBazaar
MD5,2599a7a9b155a4189a26955b30c65da6,577351cb939eda8db3c9debe35731085c4b12e723995565e4d445844249fb72e,Mirai,Space.x86_64,elf,2026-10-08 23:29:19,MalwareBazaar
SHA-1,7da235dfc397a0f18c5f427e10b9ffb9b46a2c52,577351cb939eda8db3c9debe35731085c4b12e723995565e4d445844249fb72e,Mirai,Space.x86_64,elf,2026-10-08 23:29:19,MalwareBazaar
SHA-256,577351cb939eda8db3c9debe35731085c4b12e723995565e4d445844249fb72e,577351cb939eda8db3c9debe35731085c4b12e723995565e4d445844249fb72e,Mirai,Space.x86_64,elf,2026-10-08 23:29:19,MalwareBazaar
SHA3-384,c57955b49d48cc82a94a37c05fe9254f07862da084a0792ebb9127fe80a183d56e045a76beea996b93fc7646d0d34358,577351cb939eda8db3c9debe35731085c4b12e723995565e4d445844249fb72e,Mirai,Space.x86_64,elf,2026-10-08 23:29:19,MalwareBazaar
TLSH,T15EF2F131C1FEE8BCC03EB579085C5B45F485E5122B6637760569A1BA9EF78C13E01B81,577351cb939eda8db3c9debe35731085c4b12e723995565e4d445844249fb72e,Mirai,Space.x86_64,elf,2026-10-08 23:29:19,MalwareBazaar
SSDEEP,768:JwS0nQr9tpJEu0annIBqVqVHmwIHWUFtGtzXKTdr+IUx0nZg:gOX80VqVi2otGtzXS+BMZg,577351cb939eda8db3c9debe35731085c4b12e723995565e4d445844249fb72e,Mirai,Space.x86_64,elf,2026-10-08 23:29:19,MalwareBazaar
MD5,3c0ef0bc3fd0c3aa5555a7a878b2e3c2,faec6566b457866387e647b16235b747bff7404a06e95048474189d59a2ad81e,Mirai,Space.i686,elf,2026-10-08 23:29:16,MalwareBazaar
SHA-1,ae50f95ba1fed099987304cd9485b2584d965073,faec6566b457866387e647b16235b747bff7404a06e95048474189d59a2ad81e,Mirai,Space.i686,elf,2026-10-08 23:29:16,MalwareBazaar
SHA-256,faec6566b457866387e647b16235b747bff7404a06e95048474189d59a2ad81e,faec6566b457866387e647b16235b747bff7404a06e95048474189d59a2ad81e,Mirai,Space.i686,elf,2026-10-08 23:29:16,MalwareBazaar
SHA3-384,7f5728e14ae203c7827e5d32dcc018dff081579354c7c90ae81e949dd2d2abf89e9e124428ad28a71b863e17d9c541ac,faec6566b457866387e647b16235b747bff7404a06e95048474189d59a2ad81e,Mirai,Space.i686,elf,2026-10-08 23:29:16,MalwareBazaar
TLSH,T1B1F2F1B1C176CA1CD73D82F944DD6E0D3C44D818AE04F0B6EF8478A38616FA5ADB1B99,faec6566b457866387e647b16235b747bff7404a06e95048474189d59a2ad81e,Mirai,Space.i686,elf,2026-10-08 23:29:16,MalwareBazaar
SSDEEP,768:PW/zEpEYEgHE+Tc70R1cVC9owNnTAz9okfwy8CNBnbcuyD7UHQRjK:u4B1E+TcAYC9owui/CNBnouy8Hym,faec6566b457866387e647b16235b747bff7404a06e95048474189d59a2ad81e,Mirai,Space.i686,elf,2026-10-08 23:29:16,MalwareBazaar
MD5,126f0ddde02c7f88aea1494afb1c2929,37fb141242998ee64251670fd41c6a9005680d81e8a4b9839064b9eb203fa4f3,Mirai,Space,elf,2026-10-08 23:29:14,MalwareBazaar
SHA-1,a80497bac927948eb13db98eb7c9cd77d9e72e5e,37fb141242998ee64251670fd41c6a9005680d81e8a4b9839064b9eb203fa4f3,Mirai,Space,elf,2026-10-08 23:29:14,MalwareBazaar
SHA-256,37fb141242998ee64251670fd41c6a9005680d81e8a4b9839064b9eb203fa4f3,37fb141242998ee64251670fd41c6a9005680d81e8a4b9839064b9eb203fa4f3,Mirai,Space,elf,2026-10-08 23:29:14,MalwareBazaar
SHA3-384,c4886659fb9f56b8dbcb77bc68010b44d663038f2ffe5bd012ac174638feec5ccb71881f227155cf75a0473a2c7c83ff,37fb141242998ee64251670fd41c6a9005680d81e8a4b9839064b9eb203fa4f3,Mirai,Space,elf,2026-10-08 23:29:14,MalwareBazaar
TLSH,T1C4F2E17123ADE8BCD43AB9BB45481F4C7DE3E4764A890B6A7019E0955EB3C813A1A6C1,37fb141242998ee64251670fd41c6a9005680d81e8a4b9839064b9eb203fa4f3,Mirai,Space,elf,2026-10-08 23:29:14,MalwareBazaar
SSDEEP,768:twS0nQr9tpJEu6+F2QKnEgWWX+sWF0tKsevFohB2WI+fUx0nZ1:sOXU1WoZwYlIdMZ1,37fb141242998ee64251670fd41c6a9005680d81e8a4b9839064b9eb203fa4f3,Mirai,Space,elf,2026-10-08 23:29:14,MalwareBazaar
MD5,bdd962a1807df4ee04227c596a258c9e,33ea1acbfd8fe260fc4394f34652f90509f602e6da51a97a0c75fd39006fb30f,Mirai,arm5,elf,2026-10-08 23:28:20,MalwareBazaar
SHA-1,66c028eb19e3721170074d4af090a7b839407a19,33ea1acbfd8fe260fc4394f34652f90509f602e6da51a97a0c75fd39006fb30f,Mirai,arm5,elf,2026-10-08 23:28:20,MalwareBazaar
SHA-256,33ea1acbfd8fe260fc4394f34652f90509f602e6da51a97a0c75fd39006fb30f,33ea1acbfd8fe260fc4394f34652f90509f602e6da51a97a0c75fd39006fb30f,Mirai,arm5,elf,2026-10-08 23:28:20,MalwareBazaar
SHA3-384,393ea9423e1926668cb56f84503c61bcc99d5bc787fbd1842765d9530c6abcc9f91a0d545f2d815f2e866a93fe440ed3,33ea1acbfd8fe260fc4394f34652f90509f602e6da51a97a0c75fd39006fb30f,Mirai,arm5,elf,2026-10-08 23:28:20,MalwareBazaar
TLSH,T1A7B26C86BD814517CEE52276FA2E928C37655B74E2FF3303AA261F642742A1F0F3A505,33ea1acbfd8fe260fc4394f34652f90509f602e6da51a97a0c75fd39006fb30f,Mirai,arm5,elf,2026-10-08 23:28:20,MalwareBazaar
TELFHASH,t158115711864c8d9eb240856ce1ad46031626e1ba3c7e3a62bdfb981f810bcf39471926,33ea1acbfd8fe260fc4394f34652f90509f602e6da51a97a0c75fd39006fb30f,Mirai,arm5,elf,2026-10-08 23:28:20,MalwareBazaar
SSDEEP,384:9m2m2FfIMN9og36J0qQ87+2eZvaBcjQOFphM4VXx5oVF5Bi6vW6OFx4e:9/y1Z887+zvaOPFXMOoTi6vWY,33ea1acbfd8fe260fc4394f34652f90509f602e6da51a97a0c75fd39006fb30f,Mirai,arm5,elf,2026-10-08 23:28:20,MalwareBazaar
MD5,e1d46b0bb2a4e77bf781c0222a6abdb2,3ad99b41929cbbbde9c2f97c4ab10065af1f8fcad08e2c443975f4d83c561c89,Mirai,arm,elf,2026-10-08 23:28:18,MalwareBazaar
SHA-1,258966d44394b321f27aff5070b307621722aa33,3ad99b41929cbbbde9c2f97c4ab10065af1f8fcad08e2c443975f4d83c561c89,Mirai,arm,elf,2026-10-08 23:28:18,MalwareBazaar
SHA-256,3ad99b41929cbbbde9c2f97c4ab10065af1f8fcad08e2c443975f4d83c561c89,3ad99b41929cbbbde9c2f97c4ab10065af1f8fcad08e2c443975f4d83c561c89,Mirai,arm,elf,2026-10-08 23:28:18,MalwareBazaar
SHA3-384,365a30321364b5800888b2dd78271a5ca47d86df4c8da8821e2ecb5f108fd8750ea73055d63d5cc3bba426cdd5b36ca4,3ad99b41929cbbbde9c2f97c4ab10065af1f8fcad08e2c443975f4d83c561c89,Mirai,arm,elf,2026-10-08 23:28:18,MalwareBazaar
TLSH,T198B25C86FD414917CEE11136FA2E828C37654BB4E2EF3307AB261F742746A1A0F36549,3ad99b41929cbbbde9c2f97c4ab10065af1f8fcad08e2c443975f4d83c561c89,Mirai,arm,elf,2026-10-08 23:28:18,MalwareBazaar
TELFHASH,t1e7117d514588ccade1c081aef06d93128516a1663c7d3c62f8ff580cd273df22831969,3ad99b41929cbbbde9c2f97c4ab10065af1f8fcad08e2c443975f4d83c561c89,Mirai,arm,elf,2026-10-08 23:28:18,MalwareBazaar
SSDEEP,384:Ja1e4fKt9Jz2Skeb1TGdAy31p1mS/5aP5BTM60XFx4eu:JSePRz2S5NGWi1PZETM6t,3ad99b41929cbbbde9c2f97c4ab10065af1f8fcad08e2c443975f4d83c561c89,Mirai,arm,elf,2026-10-08 23:28:18,MalwareBazaar
MD5,c5650f177d561ccbff522cb9d04ef2ca,242b9b5614d4eb7a645c8deca0356ee9d6226395c6ed94469a694ee90faa5d8c,Mirai,arm6,elf,2026-10-08 23:28:15,MalwareBazaar
SHA-1,c59cf19e7c29dc0a5dcb9a5539abcc02bf3493b3,242b9b5614d4eb7a645c8deca0356ee9d6226395c6ed94469a694ee90faa5d8c,Mirai,arm6,elf,2026-10-08 23:28:15,MalwareBazaar
SHA-256,242b9b5614d4eb7a645c8deca0356ee9d6226395c6ed94469a694ee90faa5d8c,242b9b5614d4eb7a645c8deca0356ee9d6226395c6ed94469a694ee90faa5d8c,Mirai,arm6,elf,2026-10-08 23:28:15,MalwareBazaar
SHA3-384,6f896dbbbf133614984d5c31388b43394e993936c8e5bcd0415cbcdef663b3f9a1a001aab195ae7537037f1b019acb02,242b9b5614d4eb7a645c8deca0356ee9d6226395c6ed94469a694ee90faa5d8c,Mirai,arm6,elf,2026-10-08 23:28:15,MalwareBazaar
TLSH,T14892C03987A5C6A1C0E00835D82B484BA77366F4C0F5709523B36B50FB92556D7AF097,242b9b5614d4eb7a645c8deca0356ee9d6226395c6ed94469a694ee90faa5d8c,Mirai,arm6,elf,2026-10-08 23:28:15,MalwareBazaar
SSDEEP,384:Ahs8o6sY6uP+jW2OFl45q3IDnxvxhClF03uqmdGU57ptVGq8rscX:A9xP0WJybrT3uq3Uir1,242b9b5614d4eb7a645c8deca0356ee9d6226395c6ed94469a694ee90faa5d8c,Mirai,arm6,elf,2026-10-08 23:28:15,MalwareBazaar
MD5,3391ca9ec050c38ab1b8ebc3e00f3fb5,6f70689f8ecdfb7dd540cb83d8a462e1de8846c182ababbf6c0c3fcfdcf24987,Mirai,arm7,elf,2026-10-08 23:28:13,MalwareBazaar
SHA-1,5d3883bbf3b18171287985c8784c07f514d84931,6f70689f8ecdfb7dd540cb83d8a462e1de8846c182ababbf6c0c3fcfdcf24987,Mirai,arm7,elf,2026-10-08 23:28:13,MalwareBazaar
SHA-256,6f70689f8ecdfb7dd540cb83d8a462e1de8846c182ababbf6c0c3fcfdcf24987,6f70689f8ecdfb7dd540cb83d8a462e1de8846c182ababbf6c0c3fcfdcf24987,Mirai,arm7,elf,2026-10-08 23:28:13,MalwareBazaar
SHA3-384,7b1f5bbac79d8d737d7b66a4adada5eafe868e67969fd9d7cc39332adc37e9631ef5fc298b0bd08236db91579050a12b,6f70689f8ecdfb7dd540cb83d8a462e1de8846c182ababbf6c0c3fcfdcf24987,Mirai,arm7,elf,2026-10-08 23:28:13,MalwareBazaar
TLSH,T170B2E07A915C6D63D2843837AC3C518E36950AB943EA70E3399A4B52B3920B753F21CB,6f70689f8ecdfb7dd540cb83d8a462e1de8846c182ababbf6c0c3fcfdcf24987,Mirai,arm7,elf,2026-10-08 23:28:13,MalwareBazaar
SSDEEP,768:iUXK3Br035XJCuk9rtb8h2n7GEl5q3Uir+:RMCouYrtQ8iyl,6f70689f8ecdfb7dd540cb83d8a462e1de8846c182ababbf6c0c3fcfdcf24987,Mirai,arm7,elf,2026-10-08 23:28:13,MalwareBazaar
MD5,4cc7c27267fb8eb1f2b87e37ac128c0b,0886e17b38d09ef7b0855a2394dd33454939edb3f33a43096c93e0dccfe6a81c,unknown,lgtvx64,elf,2026-10-08 23:27:30,MalwareBazaar
SHA-1,b60d36468d8290d518fd192cef2fc94294b65684,0886e17b38d09ef7b0855a2394dd33454939edb3f33a43096c93e0dccfe6a81c,unknown,lgtvx64,elf,2026-10-08 23:27:30,MalwareBazaar
SHA-256,0886e17b38d09ef7b0855a2394dd33454939edb3f33a43096c93e0dccfe6a81c,0886e17b38d09ef7b0855a2394dd33454939edb3f33a43096c93e0dccfe6a81c,unknown,lgtvx64,elf,2026-10-08 23:27:30,MalwareBazaar
SHA3-384,c57e1117546a7f6f50159309b278491783ea8ca69206f51ba05f1ed3fae9b627e78f222cbfe9a6c89726a3a30dc9a153,0886e17b38d09ef7b0855a2394dd33454939edb3f33a43096c93e0dccfe6a81c,unknown,lgtvx64,elf,2026-10-08 23:27:30,MalwareBazaar
TLSH,T1D3362843F85091E8C1EED1308662D292BA317C895F3163D36B50FBB92B76BD4AE79314,0886e17b38d09ef7b0855a2394dd33454939edb3f33a43096c93e0dccfe6a81c,unknown,lgtvx64,elf,2026-10-08 23:27:30,MalwareBazaar
TELFHASH,t1c39212758abc74b6a26bc960f37370b4d23718b163e474b140276d92efe1d891c9ac27,0886e17b38d09ef7b0855a2394dd33454939edb3f33a43096c93e0dccfe6a81c,unknown,lgtvx64,elf,2026-10-08 23:27:30,MalwareBazaar
GIMPHASH,4577d66a329aca2ee162012ecea383847b93ec537a5fa738bb378b2f5e00211e,0886e17b38d09ef7b0855a2394dd33454939edb3f33a43096c93e0dccfe6a81c,unknown,lgtvx64,elf,2026-10-08 23:27:30,MalwareBazaar
SSDEEP,49152:4/fNunPrb/TIvO90dL3BmAFd4A64nsfJClbXwibGgRV87V/5DdU3JCATV3T9KK5l:Kirtmz3EH,0886e17b38d09ef7b0855a2394dd33454939edb3f33a43096c93e0dccfe6a81c,unknown,lgtvx64,elf,2026-10-08 23:27:30,MalwareBazaar
MD5,b490f15d5602287c1db5c612f459b4e5,f8b973a2386d9095f12e0e6192b77c1b7e2408a4c48f56b33f9e3ef362a9935b,unknown,lgtvarm64,elf,2026-10-08 23:27:27,MalwareBazaar
SHA-1,4fab048294891a8292cae92f1e4ae17112c85643,f8b973a2386d9095f12e0e6192b77c1b7e2408a4c48f56b33f9e3ef362a9935b,unknown,lgtvarm64,elf,2026-10-08 23:27:27,MalwareBazaar
SHA-256,f8b973a2386d9095f12e0e6192b77c1b7e2408a4c48f56b33f9e3ef362a9935b,f8b973a2386d9095f12e0e6192b77c1b7e2408a4c48f56b33f9e3ef362a9935b,unknown,lgtvarm64,elf,2026-10-08 23:27:27,MalwareBazaar
SHA3-384,be21395b0a3b51d45f364bd4cc5a33acb5a7abc2b05295cbef3174ad1503ade33835b630331bb00e6ce72d3cc4b813ec,f8b973a2386d9095f12e0e6192b77c1b7e2408a4c48f56b33f9e3ef362a9935b,unknown,lgtvarm64,elf,2026-10-08 23:27:27,MalwareBazaar
TLSH,T1BF265C25BD1EE563E6C837707B7582C4323EBC489F41D2236605BBBE59F67588F12222,f8b973a2386d9095f12e0e6192b77c1b7e2408a4c48f56b33f9e3ef362a9935b,unknown,lgtvarm64,elf,2026-10-08 23:27:27,MalwareBazaar
GIMPHASH,b9feb453e3f427da38244bb2e552092ef1000b51384eb9da1135c2ec2f43fe7c,f8b973a2386d9095f12e0e6192b77c1b7e2408a4c48f56b33f9e3ef362a9935b,unknown,lgtvarm64,elf,2026-10-08 23:27:27,MalwareBazaar
SSDEEP,49152:k9cUOt4V6kVRdKSZ//nAJVTO5ERwrsmec7TNB1:qcUOt4V6kDdJZ//nAEER8,f8b973a2386d9095f12e0e6192b77c1b7e2408a4c48f56b33f9e3ef362a9935b,unknown,lgtvarm64,elf,2026-10-08 23:27:27,MalwareBazaar
MD5,6dd23df441996f034066f747d9a4dc1f,f304c1bfc082214a49bc57db5cf41acb86b11a5a192a56d29a2cae5035753418,unknown,lgtvarmv7,elf,2026-10-08 23:27:24,MalwareBazaar
SHA-1,1f7c636f2c88ffaafba3b3eefe000f47d200e09e,f304c1bfc082214a49bc57db5cf41acb86b11a5a192a56d29a2cae5035753418,unknown,lgtvarmv7,elf,2026-10-08 23:27:24,MalwareBazaar
SHA-256,f304c1bfc082214a49bc57db5cf41acb86b11a5a192a56d29a2cae5035753418,f304c1bfc082214a49bc57db5cf41acb86b11a5a192a56d29a2cae5035753418,unknown,lgtvarmv7,elf,2026-10-08 23:27:24,MalwareBazaar
SHA3-384,a22b3dbcbd06f2c08ac60e9d51ad16e6b26bc1fa959bb50f607cc1a858cd1ebe44059b96f7873bbdd7a4a44e8a034d00,f304c1bfc082214a49bc57db5cf41acb86b11a5a192a56d29a2cae5035753418,unknown,lgtvarmv7,elf,2026-10-08 23:27:24,MalwareBazaar
TLSH,T176261A97B8918643C0E4367ABCBEC1C432672EB99B9752576D04FE3D3ABE1990E35304,f304c1bfc082214a49bc57db5cf41acb86b11a5a192a56d29a2cae5035753418,unknown,lgtvarmv7,elf,2026-10-08 23:27:24,MalwareBazaar
GIMPHASH,3c667ff82606d7565877db98555e4d0c5d7b1393d62d636eb9f98abcf6a4554c,f304c1bfc082214a49bc57db5cf41acb86b11a5a192a56d29a2cae5035753418,unknown,lgtvarmv7,elf,2026-10-08 23:27:24,MalwareBazaar
SSDEEP,49152:nGeXT1J4Y386ALrlw+gKvsh7twm6mxKCU1F1z:vXTD4Ys6ALrl02f,f304c1bfc082214a49bc57db5cf41acb86b11a5a192a56d29a2cae5035753418,unknown,lgtvarmv7,elf,2026-10-08 23:27:24,MalwareBazaar
MD5,a601b0d73496cc1002460c739b986fdc,163cb287fd8f81c13901eb4ddaea2db326213f4d2095e0e64321b9afd8300480,unknown,lgtv32,elf,2026-10-08 23:27:21,MalwareBazaar
SHA-1,f9730637a195c1f3b842104a1318814284be3ce8,163cb287fd8f81c13901eb4ddaea2db326213f4d2095e0e64321b9afd8300480,unknown,lgtv32,elf,2026-10-08 23:27:21,MalwareBazaar
SHA-256,163cb287fd8f81c13901eb4ddaea2db326213f4d2095e0e64321b9afd8300480,163cb287fd8f81c13901eb4ddaea2db326213f4d2095e0e64321b9afd8300480,unknown,lgtv32,elf,2026-10-08 23:27:21,MalwareBazaar
SHA3-384,3232f96b7c5f1f587bd68bce65b9e28973c3e0e1f8ac8b852a9302690b29c39d70eed2acf46bde523dd8d13d4308902f,163cb287fd8f81c13901eb4ddaea2db326213f4d2095e0e64321b9afd8300480,unknown,lgtv32,elf,2026-10-08 23:27:21,MalwareBazaar
TLSH,T1D4261810FECB94F6D5031E3054BBE2AF67316D054B24EB87EA007F6AE9776921D32219,163cb287fd8f81c13901eb4ddaea2db326213f4d2095e0e64321b9afd8300480,unknown,lgtv32,elf,2026-10-08 23:27:21,MalwareBazaar
TELFHASH,t159b29c73159da4eca7f0841797af7620cef6e02716e0387119f2b8c0eab3d535a26874,163cb287fd8f81c13901eb4ddaea2db326213f4d2095e0e64321b9afd8300480,unknown,lgtv32,elf,2026-10-08 23:27:21,MalwareBazaar
GIMPHASH,cf6e6ae34ea56a05248f934e9075959d9fa46722bab9ab7dfd125ff847894473,163cb287fd8f81c13901eb4ddaea2db326213f4d2095e0e64321b9afd8300480,unknown,lgtv32,elf,2026-10-08 23:27:21,MalwareBazaar
SSDEEP,49152:p8BrM0w3mGKFQHbqq7CdGadgmMrE8i7lPpTA7zFz/hlzC2ezA5ZMi0Ux2isMt48k:p8qW7y/+dGSA7z5/hxCKuJTc,163cb287fd8f81c13901eb4ddaea2db326213f4d2095e0e64321b9afd8300480,unknown,lgtv32,elf,2026-10-08 23:27:21,MalwareBazaar
MD5,76dc83fa3aaadb20361f05f6ea62c653,f8ce88a265e20c968d475680ca712ff43d5f81caf94cd17d63fd30e92c6928eb,unknown,putita.arm,elf,2026-10-08 23:26:48,MalwareBazaar
SHA-1,521dbe46b3ea243fc8880c763f7b7988017c56d5,f8ce88a265e20c968d475680ca712ff43d5f81caf94cd17d63fd30e92c6928eb,unknown,putita.arm,elf,2026-10-08 23:26:48,MalwareBazaar
SHA-256,f8ce88a265e20c968d475680ca712ff43d5f81caf94cd17d63fd30e92c6928eb,f8ce88a265e20c968d475680ca712ff43d5f81caf94cd17d63fd30e92c6928eb,unknown,putita.arm,elf,2026-10-08 23:26:48,MalwareBazaar
SHA3-384,f1e8a32293238ce468241eb3c5d725ada6bff3c28a0ab98ce17579a14758733f9ad8970e8c4312031e8dbc3d0e2524ff,f8ce88a265e20c968d475680ca712ff43d5f81caf94cd17d63fd30e92c6928eb,unknown,putita.arm,elf,2026-10-08 23:26:48,MalwareBazaar
TLSH,T172B3023E63F0761EED20383156CFAD689827905D35196D07FA466C7C24BFE2EA162C1A,f8ce88a265e20c968d475680ca712ff43d5f81caf94cd17d63fd30e92c6928eb,unknown,putita.arm,elf,2026-10-08 23:26:48,MalwareBazaar
SSDEEP,3072:8xwpDrr5CjB6vY39dmJ1GG4un4ImW2DV:8+pDQjhEJ1r9qW2D,f8ce88a265e20c968d475680ca712ff43d5f81caf94cd17d63fd30e92c6928eb,unknown,putita.arm,elf,2026-10-08 23:26:48,MalwareBazaar
MD5,70311f89f41fdb5a5fc16e8ece6114ab,4807236cfb7d8305e246c519b46ca558704a239b17c9eef9545ab7bb79154229,unknown,putita.arm5,elf,2026-10-08 23:26:46,MalwareBazaar
SHA-1,147d3106852657f1bba0aa37083ac3f22f62d157,4807236cfb7d8305e246c519b46ca558704a239b17c9eef9545ab7bb79154229,unknown,putita.arm5,elf,2026-10-08 23:26:46,MalwareBazaar
SHA-256,4807236cfb7d8305e246c519b46ca558704a239b17c9eef9545ab7bb79154229,4807236cfb7d8305e246c519b46ca558704a239b17c9eef9545ab7bb79154229,unknown,putita.arm5,elf,2026-10-08 23:26:46,MalwareBazaar
SHA3-384,5baac11d0b1da40ab32c70a59c25f42ca901264d79a9310bfed0ad7e0fdc6f2c554de9087271bfb89fb77d521c6937aa,4807236cfb7d8305e246c519b46ca558704a239b17c9eef9545ab7bb79154229,unknown,putita.arm5,elf,2026-10-08 23:26:46,MalwareBazaar
TLSH,T17FB30223F7C35E4FF9851B308BDBEE8614565C88762779417220BD12CD3EAB67A20587,4807236cfb7d8305e246c519b46ca558704a239b17c9eef9545ab7bb79154229,unknown,putita.arm5,elf,2026-10-08 23:26:46,MalwareBazaar
SSDEEP,1536:8xwEkEKIJe+LcBPuubVLeqa6b/+TnaQ1GrToqWyGUEU+gUzYzvoOQ7kc5xg:8xwEkaTnGMqaS/+baEMDWxBioOWke2,4807236cfb7d8305e246c519b46ca558704a239b17c9eef9545ab7bb79154229,unknown,putita.arm5,elf,2026-10-08 23:26:46,MalwareBazaar
MD5,47e06d34af0aea9b87207f86d7e87b67,eb367b7ba3be78fa066f7c6a28e11f5f165b001312bec229cef7aee310f4d9b1,unknown,putita.arm7,elf,2026-10-08 23:26:44,MalwareBazaar
SHA-1,1cf1de96f01c4491409117289f3ed3d0a1a7bc0d,eb367b7ba3be78fa066f7c6a28e11f5f165b001312bec229cef7aee310f4d9b1,unknown,putita.arm7,elf,2026-10-08 23:26:44,MalwareBazaar
SHA-256,eb367b7ba3be78fa066f7c6a28e11f5f165b001312bec229cef7aee310f4d9b1,eb367b7ba3be78fa066f7c6a28e11f5f165b001312bec229cef7aee310f4d9b1,unknown,putita.arm7,elf,2026-10-08 23:26:44,MalwareBazaar
SHA3-384,0fe1b9f865b8345f1f86a752e157e3a9c7bc3633a357ab6e1ada2146d39e2c9c884b76d0faaec92ff5b1c6b87b76d0de,eb367b7ba3be78fa066f7c6a28e11f5f165b001312bec229cef7aee310f4d9b1,unknown,putita.arm7,elf,2026-10-08 23:26:44,MalwareBazaar
TLSH,T19EB30201D7E2CFE6E1C7087689EF2902746994CDF4132D229B123D762D7ABB54F299A0,eb367b7ba3be78fa066f7c6a28e11f5f165b001312bec229cef7aee310f4d9b1,unknown,putita.arm7,elf,2026-10-08 23:26:44,MalwareBazaar
SSDEEP,3072:8JwGRyw7z7T/xxRaEUIAtSQHPOwcaE8zYP7:8WMyM7dfaE/AoQvX1E8kD,eb367b7ba3be78fa066f7c6a28e11f5f165b001312bec229cef7aee310f4d9b1,unknown,putita.arm7,elf,2026-10-08 23:26:44,MalwareBazaar
MD5,e136fadd3494833f1c7d073df3a0772f,38dbcfe9e766a0b1a15c90e021febb42d75fd103328a6e1361fbb75ea1664f7e,Vidar,Sеt_Uр [UРD].exe,exe,2026-10-08 23:20:34,MalwareBazaar
SHA-1,91f5336715a543f9cbc45cbda6471b2a38aba4b8,38dbcfe9e766a0b1a15c90e021febb42d75fd103328a6e1361fbb75ea1664f7e,Vidar,Sеt_Uр [UРD].exe,exe,2026-10-08 23:20:34,MalwareBazaar
SHA-256,38dbcfe9e766a0b1a15c90e021febb42d75fd103328a6e1361fbb75ea1664f7e,38dbcfe9e766a0b1a15c90e021febb42d75fd103328a6e1361fbb75ea1664f7e,Vidar,Sеt_Uр [UРD].exe,exe,2026-10-08 23:20:34,MalwareBazaar
SHA3-384,d4796c262b0dfe1b4b0ccea402a32504509544eaac78fd7d47bd8f5255f012b85607ff188d4f3d7595a62b2598734ef8,38dbcfe9e766a0b1a15c90e021febb42d75fd103328a6e1361fbb75ea1664f7e,Vidar,Sеt_Uр [UРD].exe,exe,2026-10-08 23:20:34,MalwareBazaar
IMPHASH,d42595b695fc008ef2c56aabd8efd68e,38dbcfe9e766a0b1a15c90e021febb42d75fd103328a6e1361fbb75ea1664f7e,Vidar,Sеt_Uр [UРD].exe,exe,2026-10-08 23:20:34,MalwareBazaar
TLSH,T18666D85871C410EDCA8E837648F45DBE23B21DBB1613A78A0799BBE12F13BD65F24D48,38dbcfe9e766a0b1a15c90e021febb42d75fd103328a6e1361fbb75ea1664f7e,Vidar,Sеt_Uр [UРD].exe,exe,2026-10-08 23:20:34,MalwareBazaar
SSDEEP,24576:VV/Qr/6Rak++7O66NIaopqaDckeDfym+wp8SGXkMStf5yWmWk:VV4r/6wk++2NSwewpQBSmV1,38dbcfe9e766a0b1a15c90e021febb42d75fd103328a6e1361fbb75ea1664f7e,Vidar,Sеt_Uр [UРD].exe,exe,2026-10-08 23:20:34,MalwareBazaar
MD5,c2d1b320cd2f68e9d43dc13c90a1cfe7,f6bbc27e48c8e8aeb83dd944086d5ba9655f5c170672241e5d3e1c5d8f6e3d48,SilentNet,mod.jar,jar,2026-10-08 23:08:59,MalwareBazaar
SHA-1,4b6dd292764e4f131b6d4be0acfa6951aad48685,f6bbc27e48c8e8aeb83dd944086d5ba9655f5c170672241e5d3e1c5d8f6e3d48,SilentNet,mod.jar,jar,2026-10-08 23:08:59,MalwareBazaar
SHA-256,f6bbc27e48c8e8aeb83dd944086d5ba9655f5c170672241e5d3e1c5d8f6e3d48,f6bbc27e48c8e8aeb83dd944086d5ba9655f5c170672241e5d3e1c5d8f6e3d48,SilentNet,mod.jar,jar,2026-10-08 23:08:59,MalwareBazaar
SHA3-384,30c7f79441984d97e305ec3b76373cbfd3976d3f1c42be6a4d6a94aa024c90416f1005a761ae1accafdd5267d44618b8,f6bbc27e48c8e8aeb83dd944086d5ba9655f5c170672241e5d3e1c5d8f6e3d48,SilentNet,mod.jar,jar,2026-10-08 23:08:59,MalwareBazaar
TLSH,T1E0B53365B9573D01DD0A60F597D3B699E8066CCECF628EDE731AFF1B8838C483664A01,f6bbc27e48c8e8aeb83dd944086d5ba9655f5c170672241e5d3e1c5d8f6e3d48,SilentNet,mod.jar,jar,2026-10-08 23:08:59,MalwareBazaar
SSDEEP,49152:BCfq1TT5QDDud2m/mvom5e1oFK8qDdwzxKSnCEiIlX0E+gn5GJDTM:oq1MDu4+tm5e1os8ncfEkJC,f6bbc27e48c8e8aeb83dd944086d5ba9655f5c170672241e5d3e1c5d8f6e3d48,SilentNet,mod.jar,jar,2026-10-08 23:08:59,MalwareBazaar
MD5,abf4a82fc36da0c8918f7e8b7185d97c,de007a3bc1cfcdf8985690b5127eb099292a3edfd6f4f7b462c65229011a669b,RemusStealer,file,exe,2026-10-08 22:59:18,MalwareBazaar
SHA-1,f18cee29bcd426cb80a02f0195eaf68f08d8e225,de007a3bc1cfcdf8985690b5127eb099292a3edfd6f4f7b462c65229011a669b,RemusStealer,file,exe,2026-10-08 22:59:18,MalwareBazaar
SHA-256,de007a3bc1cfcdf8985690b5127eb099292a3edfd6f4f7b462c65229011a669b,de007a3bc1cfcdf8985690b5127eb099292a3edfd6f4f7b462c65229011a669b,RemusStealer,file,exe,2026-10-08 22:59:18,MalwareBazaar
SHA3-384,2d82cdd105760d9409757af32c6b9ccba52b6e9ad8f12e260428b462bad107c40b02143b0a414b768a4883ae0906de79,de007a3bc1cfcdf8985690b5127eb099292a3edfd6f4f7b462c65229011a669b,RemusStealer,file,exe,2026-10-08 22:59:18,MalwareBazaar
IMPHASH,672bff0d668d8425dce5b5bf2bf7b41e,de007a3bc1cfcdf8985690b5127eb099292a3edfd6f4f7b462c65229011a669b,RemusStealer,file,exe,2026-10-08 22:59:18,MalwareBazaar
TLSH,T12DE33A5B73A530F9E277923885A61A42F77278310751AFEF0360467A1E633D09E3BB61,de007a3bc1cfcdf8985690b5127eb099292a3edfd6f4f7b462c65229011a669b,RemusStealer,file,exe,2026-10-08 22:59:18,MalwareBazaar
SSDEEP,3072:MWlssEIrEwrxwTWxqLflso/Gadg21on+/n:G3yxFsz9dJ,de007a3bc1cfcdf8985690b5127eb099292a3edfd6f4f7b462c65229011a669b,RemusStealer,file,exe,2026-10-08 22:59:18,MalwareBazaar
