type,value,sha256,malware_family,file_name,file_type,first_seen,source
MD5,c58bdff2dd06fe997d2ac959c9c2557c,832f4c6ca7b9b61b3a8063355c71f96e5b18e1bfd209df3cd3570b55e5144b4f,unknown,BOOKING_CONFIRMATION.js,js,2026-09-21 05:01:52,MalwareBazaar
SHA-1,2671234f516c6b79f93bd189bd6ac39d2087ee28,832f4c6ca7b9b61b3a8063355c71f96e5b18e1bfd209df3cd3570b55e5144b4f,unknown,BOOKING_CONFIRMATION.js,js,2026-09-21 05:01:52,MalwareBazaar
SHA-256,832f4c6ca7b9b61b3a8063355c71f96e5b18e1bfd209df3cd3570b55e5144b4f,832f4c6ca7b9b61b3a8063355c71f96e5b18e1bfd209df3cd3570b55e5144b4f,unknown,BOOKING_CONFIRMATION.js,js,2026-09-21 05:01:52,MalwareBazaar
SHA3-384,5ea41394bb27c75a8d87fbe08814e55280c67c264ca4162b10aec0b1ec354161ec33ecfa52cafc555eb7b8e02e6e9a8d,832f4c6ca7b9b61b3a8063355c71f96e5b18e1bfd209df3cd3570b55e5144b4f,unknown,BOOKING_CONFIRMATION.js,js,2026-09-21 05:01:52,MalwareBazaar
TLSH,T12A36844F7DF52A30D3528E6B29D519002E7EB2B94CB2E19A59D870370A6382CE4DD7F1,832f4c6ca7b9b61b3a8063355c71f96e5b18e1bfd209df3cd3570b55e5144b4f,unknown,BOOKING_CONFIRMATION.js,js,2026-09-21 05:01:52,MalwareBazaar
SSDEEP,12288:60CV/w+0dhgCnxbOKokMBGLmgF22wds/uZeWfjI95TSdS1wZ/IemrXgcuBKpRuep:X,832f4c6ca7b9b61b3a8063355c71f96e5b18e1bfd209df3cd3570b55e5144b4f,unknown,BOOKING_CONFIRMATION.js,js,2026-09-21 05:01:52,MalwareBazaar
MD5,042e22185816c2493d65b7d9cb7b1924,c6b30fe33b4891fecabf2d2b5577f994a60fb1e4002923accf1c4f5cffad0eec,unknown,file,exe,2026-09-21 04:55:46,MalwareBazaar
SHA-1,896a292843d1c702df4709c8bc50e34c9223c16f,c6b30fe33b4891fecabf2d2b5577f994a60fb1e4002923accf1c4f5cffad0eec,unknown,file,exe,2026-09-21 04:55:46,MalwareBazaar
SHA-256,c6b30fe33b4891fecabf2d2b5577f994a60fb1e4002923accf1c4f5cffad0eec,c6b30fe33b4891fecabf2d2b5577f994a60fb1e4002923accf1c4f5cffad0eec,unknown,file,exe,2026-09-21 04:55:46,MalwareBazaar
SHA3-384,178ec8756e6d8416ff08d8e647e92741bee1fbb06ed3a0c6d4522152504703c9a15d67e6fee2455abf951c0196a23a6e,c6b30fe33b4891fecabf2d2b5577f994a60fb1e4002923accf1c4f5cffad0eec,unknown,file,exe,2026-09-21 04:55:46,MalwareBazaar
IMPHASH,c64a9aaa58707c34f0569020880351cb,c6b30fe33b4891fecabf2d2b5577f994a60fb1e4002923accf1c4f5cffad0eec,unknown,file,exe,2026-09-21 04:55:46,MalwareBazaar
TLSH,T1A962D786D9D26F9CDE4F81703A11F878BDB0B6918A6559E3D7828C345DA39E00824FFD,c6b30fe33b4891fecabf2d2b5577f994a60fb1e4002923accf1c4f5cffad0eec,unknown,file,exe,2026-09-21 04:55:46,MalwareBazaar
SSDEEP,192:fqHOoLPoHeVQBNBY0fidcj3wJLsN3AAK8BzvTt1NpkAm1paLsehDPP0B46UkxUle:fKOe2/7c9sN3zfZR1m+RGRi6C,c6b30fe33b4891fecabf2d2b5577f994a60fb1e4002923accf1c4f5cffad0eec,unknown,file,exe,2026-09-21 04:55:46,MalwareBazaar
MD5,f72df07d86afeb2524733def02a7e280,39d16f7d08302fa1bccaf9ebb474115b22c531cb6975e2b416811ddcedde4a83,Mirai,bot.mips,elf,2026-09-21 04:54:53,MalwareBazaar
SHA-1,8dbfc020874e44fc71efb1d6f1dde10eddf684fa,39d16f7d08302fa1bccaf9ebb474115b22c531cb6975e2b416811ddcedde4a83,Mirai,bot.mips,elf,2026-09-21 04:54:53,MalwareBazaar
SHA-256,39d16f7d08302fa1bccaf9ebb474115b22c531cb6975e2b416811ddcedde4a83,39d16f7d08302fa1bccaf9ebb474115b22c531cb6975e2b416811ddcedde4a83,Mirai,bot.mips,elf,2026-09-21 04:54:53,MalwareBazaar
SHA3-384,582546bf0c5461de1ded0dbc6b0102a9362165881dbdeb593764481a127ef02623f7606cfce9233df221a5bc21dc7751,39d16f7d08302fa1bccaf9ebb474115b22c531cb6975e2b416811ddcedde4a83,Mirai,bot.mips,elf,2026-09-21 04:54:53,MalwareBazaar
TLSH,T169356C633731CF65E355C27005F3CA51AAD520A31AE2409AB36CC3287A61A6E7D5FFE4,39d16f7d08302fa1bccaf9ebb474115b22c531cb6975e2b416811ddcedde4a83,Mirai,bot.mips,elf,2026-09-21 04:54:53,MalwareBazaar
TELFHASH,t15ea002161885c61d573b9f189ce9064610831c33fc6d3d665e5cde558525405065cca7,39d16f7d08302fa1bccaf9ebb474115b22c531cb6975e2b416811ddcedde4a83,Mirai,bot.mips,elf,2026-09-21 04:54:53,MalwareBazaar
SSDEEP,24576:R6u3xnG40oaDNWxkFioOi1pjg+QUUxuHnYDd:RBA40oaDN1Xpc+FUxuH4,39d16f7d08302fa1bccaf9ebb474115b22c531cb6975e2b416811ddcedde4a83,Mirai,bot.mips,elf,2026-09-21 04:54:53,MalwareBazaar
MD5,c0114618da135f7d707cf004dc4b7f66,7f50def548a0e26eb6ef0ab431df93a103c12e2a9066d95b4e9951e86709d39f,unknown,file,exe,2026-09-21 04:53:19,MalwareBazaar
SHA-1,d8d093fceeed9531e2dc1a22d69c8dcf7ef81c5c,7f50def548a0e26eb6ef0ab431df93a103c12e2a9066d95b4e9951e86709d39f,unknown,file,exe,2026-09-21 04:53:19,MalwareBazaar
SHA-256,7f50def548a0e26eb6ef0ab431df93a103c12e2a9066d95b4e9951e86709d39f,7f50def548a0e26eb6ef0ab431df93a103c12e2a9066d95b4e9951e86709d39f,unknown,file,exe,2026-09-21 04:53:19,MalwareBazaar
SHA3-384,ec1a1832db238a633731e9c647b64f4b89534edafe5cf53d62e6ce45fb0ffd69b884c8816b198522f53008f91201c549,7f50def548a0e26eb6ef0ab431df93a103c12e2a9066d95b4e9951e86709d39f,unknown,file,exe,2026-09-21 04:53:19,MalwareBazaar
IMPHASH,c64a9aaa58707c34f0569020880351cb,7f50def548a0e26eb6ef0ab431df93a103c12e2a9066d95b4e9951e86709d39f,unknown,file,exe,2026-09-21 04:53:19,MalwareBazaar
TLSH,T1E062E687D8A22E6CCE4E80707E21FD79B97536E086259AE7DB82CD345D639C05024FF9,7f50def548a0e26eb6ef0ab431df93a103c12e2a9066d95b4e9951e86709d39f,unknown,file,exe,2026-09-21 04:53:19,MalwareBazaar
SSDEEP,192:fqHOoLPoHeVQBNBY0fidcj3wJLsN3AAK8BzvTt1NpkAm1paLsehDPP0B46UdaDBM:fKOe2/7c9sN3zfZR1m+RGak6C,7f50def548a0e26eb6ef0ab431df93a103c12e2a9066d95b4e9951e86709d39f,unknown,file,exe,2026-09-21 04:53:19,MalwareBazaar
MD5,a34badf28a0ccd4da8c455463e5d3207,aaa8da8dfe2aaa513916b12137ad6141f451ebf7cbe578830fc1bb4ae2008d94,unknown,file,exe,2026-09-21 04:27:31,MalwareBazaar
SHA-1,c7880ac996099d11b1ce02f10e377c51c92f1769,aaa8da8dfe2aaa513916b12137ad6141f451ebf7cbe578830fc1bb4ae2008d94,unknown,file,exe,2026-09-21 04:27:31,MalwareBazaar
SHA-256,aaa8da8dfe2aaa513916b12137ad6141f451ebf7cbe578830fc1bb4ae2008d94,aaa8da8dfe2aaa513916b12137ad6141f451ebf7cbe578830fc1bb4ae2008d94,unknown,file,exe,2026-09-21 04:27:31,MalwareBazaar
SHA3-384,b58647b117cd380370abed7a0b0123a62de8ecc279884774ce7bc257489798acfcc6744cfd0bb05c85b283bc480bbf88,aaa8da8dfe2aaa513916b12137ad6141f451ebf7cbe578830fc1bb4ae2008d94,unknown,file,exe,2026-09-21 04:27:31,MalwareBazaar
IMPHASH,c64a9aaa58707c34f0569020880351cb,aaa8da8dfe2aaa513916b12137ad6141f451ebf7cbe578830fc1bb4ae2008d94,unknown,file,exe,2026-09-21 04:27:31,MalwareBazaar
TLSH,T14062C586ECA22F5DCE8F80713B11F928B97176E0C66559E3D7C28C315AA39D014A4EF9,aaa8da8dfe2aaa513916b12137ad6141f451ebf7cbe578830fc1bb4ae2008d94,unknown,file,exe,2026-09-21 04:27:31,MalwareBazaar
SSDEEP,192:fqHOoLPoHeVQBNBY0fidcj3wJLsN3AAK8BzvTt1NpkAm1paLsehDPP0B46Up8Bgn:fKOe2/7c9sN3zfZR1m+RGh6C,aaa8da8dfe2aaa513916b12137ad6141f451ebf7cbe578830fc1bb4ae2008d94,unknown,file,exe,2026-09-21 04:27:31,MalwareBazaar
MD5,e8211d6b062607815c480c49c8ee3d6f,85924fefcfbbbd26057dc4d5ffd65557f7af612b9481e8b4a0b6b7b13a0fe330,unknown,file,exe,2026-09-21 04:25:30,MalwareBazaar
SHA-1,b8bcf20f97e0294105c95dc0d5374051911e4431,85924fefcfbbbd26057dc4d5ffd65557f7af612b9481e8b4a0b6b7b13a0fe330,unknown,file,exe,2026-09-21 04:25:30,MalwareBazaar
SHA-256,85924fefcfbbbd26057dc4d5ffd65557f7af612b9481e8b4a0b6b7b13a0fe330,85924fefcfbbbd26057dc4d5ffd65557f7af612b9481e8b4a0b6b7b13a0fe330,unknown,file,exe,2026-09-21 04:25:30,MalwareBazaar
SHA3-384,58dc9eb729a427d8b5c43449fac0dc12c9a08e0ef6bc2f5590aa2b13b73027669a0aa0698aad005fe532db93055dc5bd,85924fefcfbbbd26057dc4d5ffd65557f7af612b9481e8b4a0b6b7b13a0fe330,unknown,file,exe,2026-09-21 04:25:30,MalwareBazaar
IMPHASH,c64a9aaa58707c34f0569020880351cb,85924fefcfbbbd26057dc4d5ffd65557f7af612b9481e8b4a0b6b7b13a0fe330,unknown,file,exe,2026-09-21 04:25:30,MalwareBazaar
TLSH,T1AC62B796D9E26BACDE4E80703E11F838BE7476A0866599E3D7828C3459A39D04434FFD,85924fefcfbbbd26057dc4d5ffd65557f7af612b9481e8b4a0b6b7b13a0fe330,unknown,file,exe,2026-09-21 04:25:30,MalwareBazaar
SSDEEP,192:fqHOoLPoHeVQBNBY0fidcj3wJLsN3AAK8BzvTt1NpkAm1paLsehDPP0B46U1AA1e:fKOe2/7c9sN3zfZR1m+RGwZ16C,85924fefcfbbbd26057dc4d5ffd65557f7af612b9481e8b4a0b6b7b13a0fe330,unknown,file,exe,2026-09-21 04:25:30,MalwareBazaar
MD5,c65a187c2ca6d41db72af793dc42c153,07f263b0b93461f778a0e22ae977be22d8d64b88619aa48af018aed984875a6e,unknown,file,exe,2026-09-21 04:24:32,MalwareBazaar
SHA-1,6bf3b7257aeac8ef607c81902968834057a4096e,07f263b0b93461f778a0e22ae977be22d8d64b88619aa48af018aed984875a6e,unknown,file,exe,2026-09-21 04:24:32,MalwareBazaar
SHA-256,07f263b0b93461f778a0e22ae977be22d8d64b88619aa48af018aed984875a6e,07f263b0b93461f778a0e22ae977be22d8d64b88619aa48af018aed984875a6e,unknown,file,exe,2026-09-21 04:24:32,MalwareBazaar
SHA3-384,8a27887c5c4c9a70e14e1bb4879fe410c97ee959efe75111eddaf8d9b8555aebe7cadb3b78725ca1a35c882bf8cd313c,07f263b0b93461f778a0e22ae977be22d8d64b88619aa48af018aed984875a6e,unknown,file,exe,2026-09-21 04:24:32,MalwareBazaar
IMPHASH,c64a9aaa58707c34f0569020880351cb,07f263b0b93461f778a0e22ae977be22d8d64b88619aa48af018aed984875a6e,unknown,file,exe,2026-09-21 04:24:32,MalwareBazaar
TLSH,T1B662B586D8A22F5CDE4F90B03A12FC78BD7876908A6599E3D7C28C315DA39D01424FF9,07f263b0b93461f778a0e22ae977be22d8d64b88619aa48af018aed984875a6e,unknown,file,exe,2026-09-21 04:24:32,MalwareBazaar
SSDEEP,192:fqHOoLPoHeVQBNBY0fidcj3wJLsN3AAK8BzvTt1NpkAm1paLsehDPP0B46UL5spe:fKOe2/7c9sN3zfZR1m+RGsWp6C,07f263b0b93461f778a0e22ae977be22d8d64b88619aa48af018aed984875a6e,unknown,file,exe,2026-09-21 04:24:32,MalwareBazaar
MD5,5e4d9d56f0e5919d7566590439e98168,1730d47f22d4f74dcb5fb9bbc9e532fbba0d276b2a0cda6c931bf3c091af7a4d,unknown,file,exe,2026-09-21 04:23:09,MalwareBazaar
SHA-1,ed5e4e77eb52b40bbe1eef2a61162744ad2b85fe,1730d47f22d4f74dcb5fb9bbc9e532fbba0d276b2a0cda6c931bf3c091af7a4d,unknown,file,exe,2026-09-21 04:23:09,MalwareBazaar
SHA-256,1730d47f22d4f74dcb5fb9bbc9e532fbba0d276b2a0cda6c931bf3c091af7a4d,1730d47f22d4f74dcb5fb9bbc9e532fbba0d276b2a0cda6c931bf3c091af7a4d,unknown,file,exe,2026-09-21 04:23:09,MalwareBazaar
SHA3-384,4161d113f3761cfc318f31e00cf86c04a3ed84b4ff873cbca3493e7439f1d85d27f07ac8c841cf4c296c1320a8acdb55,1730d47f22d4f74dcb5fb9bbc9e532fbba0d276b2a0cda6c931bf3c091af7a4d,unknown,file,exe,2026-09-21 04:23:09,MalwareBazaar
IMPHASH,c64a9aaa58707c34f0569020880351cb,1730d47f22d4f74dcb5fb9bbc9e532fbba0d276b2a0cda6c931bf3c091af7a4d,unknown,file,exe,2026-09-21 04:23:09,MalwareBazaar
TLSH,T14262C786DCE21E9CDE4E80703B11FC786D7136A04A6569E3E7828C315DA38D14068FFA,1730d47f22d4f74dcb5fb9bbc9e532fbba0d276b2a0cda6c931bf3c091af7a4d,unknown,file,exe,2026-09-21 04:23:09,MalwareBazaar
SSDEEP,192:fqHOoLPoHeVQBNBY0fidcj3wJLsN3AAK8BzvTt1NpkAm1paLsehDPP0B46U62r1H:fKOe2/7c9sN3zfZR1m+RGr96C,1730d47f22d4f74dcb5fb9bbc9e532fbba0d276b2a0cda6c931bf3c091af7a4d,unknown,file,exe,2026-09-21 04:23:09,MalwareBazaar
MD5,76ba1d027bec462b182bfd2f07c67c9a,98cd84c33f0d90b0b81f9d7a4c359d56477c9579dc5ee62a18c5a9484ad184f6,unknown,file,exe,2026-09-21 04:21:36,MalwareBazaar
SHA-1,6c06868bdbc37adfde31848dc7d666fd479aed20,98cd84c33f0d90b0b81f9d7a4c359d56477c9579dc5ee62a18c5a9484ad184f6,unknown,file,exe,2026-09-21 04:21:36,MalwareBazaar
SHA-256,98cd84c33f0d90b0b81f9d7a4c359d56477c9579dc5ee62a18c5a9484ad184f6,98cd84c33f0d90b0b81f9d7a4c359d56477c9579dc5ee62a18c5a9484ad184f6,unknown,file,exe,2026-09-21 04:21:36,MalwareBazaar
SHA3-384,6feeb50efd81a681edf874fb27dbf78516362632708a0272f2df9fcca54953d8980b0a911f5fc817bcfe510f36472000,98cd84c33f0d90b0b81f9d7a4c359d56477c9579dc5ee62a18c5a9484ad184f6,unknown,file,exe,2026-09-21 04:21:36,MalwareBazaar
IMPHASH,c64a9aaa58707c34f0569020880351cb,98cd84c33f0d90b0b81f9d7a4c359d56477c9579dc5ee62a18c5a9484ad184f6,unknown,file,exe,2026-09-21 04:21:36,MalwareBazaar
TLSH,T16E62D886D8926FACCE4E80B03A12F878B9B0369489559DF3D7828D315AF39D11434FF9,98cd84c33f0d90b0b81f9d7a4c359d56477c9579dc5ee62a18c5a9484ad184f6,unknown,file,exe,2026-09-21 04:21:36,MalwareBazaar
SSDEEP,192:fqHOoLPoHeVQBNBY0fidcj3wJLsN3AAK8BzvTt1NpkAm1paLsehDPP0B46UfBgCc:fKOe2/7c9sN3zfZR1m+RGs6C,98cd84c33f0d90b0b81f9d7a4c359d56477c9579dc5ee62a18c5a9484ad184f6,unknown,file,exe,2026-09-21 04:21:36,MalwareBazaar
MD5,fb892b3ca6930cdf5f17fff220a10ce9,62630f2aa61b5ccf9a13d150fbf68e9b67cf8cb0eddc16249313804a33273b11,unknown,file,exe,2026-09-21 04:21:23,MalwareBazaar
SHA-1,9726d7bc30abefa2ad0c984e1fd809a4b82866d7,62630f2aa61b5ccf9a13d150fbf68e9b67cf8cb0eddc16249313804a33273b11,unknown,file,exe,2026-09-21 04:21:23,MalwareBazaar
SHA-256,62630f2aa61b5ccf9a13d150fbf68e9b67cf8cb0eddc16249313804a33273b11,62630f2aa61b5ccf9a13d150fbf68e9b67cf8cb0eddc16249313804a33273b11,unknown,file,exe,2026-09-21 04:21:23,MalwareBazaar
SHA3-384,30444000a5b3388027b3c8f2225058cd8d9089abb2544f49333d9c7d307197f115bed0b146be4f78525381419a0d61d7,62630f2aa61b5ccf9a13d150fbf68e9b67cf8cb0eddc16249313804a33273b11,unknown,file,exe,2026-09-21 04:21:23,MalwareBazaar
IMPHASH,c64a9aaa58707c34f0569020880351cb,62630f2aa61b5ccf9a13d150fbf68e9b67cf8cb0eddc16249313804a33273b11,unknown,file,exe,2026-09-21 04:21:23,MalwareBazaar
TLSH,T1A662D78AD9A27F5CCE4E80703A11FC38BD747A94866599E3DB82CC3159A39D14234FF9,62630f2aa61b5ccf9a13d150fbf68e9b67cf8cb0eddc16249313804a33273b11,unknown,file,exe,2026-09-21 04:21:23,MalwareBazaar
SSDEEP,192:fqHOoLPoHeVQBNBY0fidcj3wJLsN3AAK8BzvTt1NpkAm1paLsehDPP0B46US9Bgn:fKOe2/7c9sN3zfZR1m+RGz96C,62630f2aa61b5ccf9a13d150fbf68e9b67cf8cb0eddc16249313804a33273b11,unknown,file,exe,2026-09-21 04:21:23,MalwareBazaar
MD5,b311a3b1fe39ba64283fbf73384fc399,a3d4b9a22aecc1d9b3ddaff2587434c89a708c0495700efedcfdefb00ac1eb6b,unknown,file,exe,2026-09-21 04:20:37,MalwareBazaar
SHA-1,b2efea0615b9883346a164092518338327f72d9d,a3d4b9a22aecc1d9b3ddaff2587434c89a708c0495700efedcfdefb00ac1eb6b,unknown,file,exe,2026-09-21 04:20:37,MalwareBazaar
SHA-256,a3d4b9a22aecc1d9b3ddaff2587434c89a708c0495700efedcfdefb00ac1eb6b,a3d4b9a22aecc1d9b3ddaff2587434c89a708c0495700efedcfdefb00ac1eb6b,unknown,file,exe,2026-09-21 04:20:37,MalwareBazaar
SHA3-384,4ec0c5ca6509effb0057b0406202a986f6ecd5858014250d7687974989667749f9c2883d28425d723fd9fbcd9539cd2e,a3d4b9a22aecc1d9b3ddaff2587434c89a708c0495700efedcfdefb00ac1eb6b,unknown,file,exe,2026-09-21 04:20:37,MalwareBazaar
IMPHASH,c64a9aaa58707c34f0569020880351cb,a3d4b9a22aecc1d9b3ddaff2587434c89a708c0495700efedcfdefb00ac1eb6b,unknown,file,exe,2026-09-21 04:20:37,MalwareBazaar
TLSH,T17762D596D8A22F5CCE4E80703B11FC68AD747AD196659DE3C7C2CC219DA39E20474EBD,a3d4b9a22aecc1d9b3ddaff2587434c89a708c0495700efedcfdefb00ac1eb6b,unknown,file,exe,2026-09-21 04:20:37,MalwareBazaar
SSDEEP,192:fqHOoLPoHeVQBNBY0fidcj3wJLsN3AAK8BzvTt1NpkAm1paLsehDPP0B46Us9qje:fKOe2/7c9sN3zfZR1m+RGXqj6C,a3d4b9a22aecc1d9b3ddaff2587434c89a708c0495700efedcfdefb00ac1eb6b,unknown,file,exe,2026-09-21 04:20:37,MalwareBazaar
MD5,e5f14db94cc538d1500ba6e6304cd36c,9e7d77c7df21abcdf0ff7a6f78c9fa47084f070306b6286fccc2c7a8199b1c56,unknown,1,elf,2026-09-21 04:19:55,MalwareBazaar
SHA-1,8c419251710d849fcef09979245783708e2aa710,9e7d77c7df21abcdf0ff7a6f78c9fa47084f070306b6286fccc2c7a8199b1c56,unknown,1,elf,2026-09-21 04:19:55,MalwareBazaar
SHA-256,9e7d77c7df21abcdf0ff7a6f78c9fa47084f070306b6286fccc2c7a8199b1c56,9e7d77c7df21abcdf0ff7a6f78c9fa47084f070306b6286fccc2c7a8199b1c56,unknown,1,elf,2026-09-21 04:19:55,MalwareBazaar
SHA3-384,f73ec8568cb18772c0361e7366c160b9e1fee9842d90f45867c6da30edfa62b7435488d0739754728a086d1819bc9bf0,9e7d77c7df21abcdf0ff7a6f78c9fa47084f070306b6286fccc2c7a8199b1c56,unknown,1,elf,2026-09-21 04:19:55,MalwareBazaar
TLSH,T1337423A9D13B94D0C7107F7540A1D640C3627AC4F0AACE799ED362DCCBF2AE92934D66,9e7d77c7df21abcdf0ff7a6f78c9fa47084f070306b6286fccc2c7a8199b1c56,unknown,1,elf,2026-09-21 04:19:55,MalwareBazaar
SSDEEP,6144:6x0hW6fCKje2IhKAUPcb8ftii8LQF54WE0eM14SRB02FQwL:6xavqhKuc4W4YJKuS2hL,9e7d77c7df21abcdf0ff7a6f78c9fa47084f070306b6286fccc2c7a8199b1c56,unknown,1,elf,2026-09-21 04:19:55,MalwareBazaar
MD5,707f78571ddedab18d93296421ad5c6a,16f03091a93bf25c5f206c41bc41e2a238c1c55a3750ce9335e818dda6486074,Mirai,16f03091a93bf25c5f206c41bc41e2a238c1c55a3750ce9335e818dda6486074,elf,2026-09-21 04:18:05,MalwareBazaar
SHA-1,48fded3ad4152577de213c9d4bd8351652441a49,16f03091a93bf25c5f206c41bc41e2a238c1c55a3750ce9335e818dda6486074,Mirai,16f03091a93bf25c5f206c41bc41e2a238c1c55a3750ce9335e818dda6486074,elf,2026-09-21 04:18:05,MalwareBazaar
SHA-256,16f03091a93bf25c5f206c41bc41e2a238c1c55a3750ce9335e818dda6486074,16f03091a93bf25c5f206c41bc41e2a238c1c55a3750ce9335e818dda6486074,Mirai,16f03091a93bf25c5f206c41bc41e2a238c1c55a3750ce9335e818dda6486074,elf,2026-09-21 04:18:05,MalwareBazaar
SHA3-384,3b7887b02e14d549c73ff0f4e879e4bc6bea2d098bc09486f26d7fe7327c7e5d45b1fa412403968098dc9a148fef5286,16f03091a93bf25c5f206c41bc41e2a238c1c55a3750ce9335e818dda6486074,Mirai,16f03091a93bf25c5f206c41bc41e2a238c1c55a3750ce9335e818dda6486074,elf,2026-09-21 04:18:05,MalwareBazaar
TLSH,T1E4543A8AFD81AE25D5C122BBFE2F428A331317B8D2EB71129D145F2476CA94F0F7A541,16f03091a93bf25c5f206c41bc41e2a238c1c55a3750ce9335e818dda6486074,Mirai,16f03091a93bf25c5f206c41bc41e2a238c1c55a3750ce9335e818dda6486074,elf,2026-09-21 04:18:05,MalwareBazaar
SSDEEP,6144:T2s/gAWuboqsJ9xcJxspJBqQgTuaJZRhVabE5wKSDP99zBa77oNsKqqfPqOJ:T2s/bW+UmJqBxAuaPRhVabEDSDP99zBT,16f03091a93bf25c5f206c41bc41e2a238c1c55a3750ce9335e818dda6486074,Mirai,16f03091a93bf25c5f206c41bc41e2a238c1c55a3750ce9335e818dda6486074,elf,2026-09-21 04:18:05,MalwareBazaar
MD5,eac6cc78bb6003bb9eb7388c461eca4e,9087e723c9aea3ec4d8fca4c410fe41941b8eb158dccff432b8973332ed51ddc,unknown,file,exe,2026-09-21 04:16:39,MalwareBazaar
SHA-1,6965897fdf5d8afd70bd8945f5de7600a74cac73,9087e723c9aea3ec4d8fca4c410fe41941b8eb158dccff432b8973332ed51ddc,unknown,file,exe,2026-09-21 04:16:39,MalwareBazaar
SHA-256,9087e723c9aea3ec4d8fca4c410fe41941b8eb158dccff432b8973332ed51ddc,9087e723c9aea3ec4d8fca4c410fe41941b8eb158dccff432b8973332ed51ddc,unknown,file,exe,2026-09-21 04:16:39,MalwareBazaar
SHA3-384,63e880fba063ee791d88aaf0b02c643d5171d758442f955bba87a1bd3ffb50354f15e2e354709750a6f86c09e6dd9448,9087e723c9aea3ec4d8fca4c410fe41941b8eb158dccff432b8973332ed51ddc,unknown,file,exe,2026-09-21 04:16:39,MalwareBazaar
IMPHASH,c64a9aaa58707c34f0569020880351cb,9087e723c9aea3ec4d8fca4c410fe41941b8eb158dccff432b8973332ed51ddc,unknown,file,exe,2026-09-21 04:16:39,MalwareBazaar
TLSH,T15062C986E8925F5CDE4E80B03A11F868BD707A908A5699F3D782CC3D5D639D00429FFA,9087e723c9aea3ec4d8fca4c410fe41941b8eb158dccff432b8973332ed51ddc,unknown,file,exe,2026-09-21 04:16:39,MalwareBazaar
SSDEEP,192:fqHOoLPoHeVQBNBY0fidcj3wJLsN3AAK8BzvTt1NpkAm1paLsehDPP0B46U0HmBM:fKOe2/7c9sN3zfZR1m+RGbHm6C,9087e723c9aea3ec4d8fca4c410fe41941b8eb158dccff432b8973332ed51ddc,unknown,file,exe,2026-09-21 04:16:39,MalwareBazaar
MD5,a682d1ee129a46bf3bf13cd6ee347f50,fb6ffe4171a0af5f7a30b978c55aa35ce00e4ee1cbf253b432a907f5c8cc7ac1,Mirai,bot.aarch64,elf,2026-09-21 04:08:31,MalwareBazaar
SHA-1,5802c1e15a8ac1f984370ac3c355734539da9363,fb6ffe4171a0af5f7a30b978c55aa35ce00e4ee1cbf253b432a907f5c8cc7ac1,Mirai,bot.aarch64,elf,2026-09-21 04:08:31,MalwareBazaar
SHA-256,fb6ffe4171a0af5f7a30b978c55aa35ce00e4ee1cbf253b432a907f5c8cc7ac1,fb6ffe4171a0af5f7a30b978c55aa35ce00e4ee1cbf253b432a907f5c8cc7ac1,Mirai,bot.aarch64,elf,2026-09-21 04:08:31,MalwareBazaar
SHA3-384,234ba6fcb4481af3efa3cb93934aa1ececaa00c971b09fd8117b9d1c75699eb751d9a541bfe2dbc40640c7b40e61e10a,fb6ffe4171a0af5f7a30b978c55aa35ce00e4ee1cbf253b432a907f5c8cc7ac1,Mirai,bot.aarch64,elf,2026-09-21 04:08:31,MalwareBazaar
TLSH,T14D356C5DFE4F3C47D2C6F23DDB4A82F47127B098D62310A725C2034DE689D998F6299A,fb6ffe4171a0af5f7a30b978c55aa35ce00e4ee1cbf253b432a907f5c8cc7ac1,Mirai,bot.aarch64,elf,2026-09-21 04:08:31,MalwareBazaar
TELFHASH,t1a1a011020880820c02bbab228ca8038a20828833e82a3ea22e0cea80082000802888a2,fb6ffe4171a0af5f7a30b978c55aa35ce00e4ee1cbf253b432a907f5c8cc7ac1,Mirai,bot.aarch64,elf,2026-09-21 04:08:31,MalwareBazaar
SSDEEP,12288:eFe29N36cNJ5K+qDMYUaHqMNzr1RthJ5k8qPTVUB7k1R5Tdga5hi6kFKHsZsY8Wh:utNsM2HqUzrXgXKETdgHFTSwIvskwv,fb6ffe4171a0af5f7a30b978c55aa35ce00e4ee1cbf253b432a907f5c8cc7ac1,Mirai,bot.aarch64,elf,2026-09-21 04:08:31,MalwareBazaar
MD5,5e4e080a03af5c33da253abe769086ae,c34b31ba33e12ab9251b02574514a81aa6d7ca974f8b8bb87b193695be69506c,JOMANGY,wr.php,sh,2026-09-21 04:07:25,MalwareBazaar
SHA-1,a0c89a2cb5744e7b3ce0c9f898855a7cfd7edf15,c34b31ba33e12ab9251b02574514a81aa6d7ca974f8b8bb87b193695be69506c,JOMANGY,wr.php,sh,2026-09-21 04:07:25,MalwareBazaar
SHA-256,c34b31ba33e12ab9251b02574514a81aa6d7ca974f8b8bb87b193695be69506c,c34b31ba33e12ab9251b02574514a81aa6d7ca974f8b8bb87b193695be69506c,JOMANGY,wr.php,sh,2026-09-21 04:07:25,MalwareBazaar
SHA3-384,63fce76a11db7b0c642aa32db122b119d1ae14c1261ae87f892b5b75c6910c9bb757cf4e11475ee4257f29c5c8d0f741,c34b31ba33e12ab9251b02574514a81aa6d7ca974f8b8bb87b193695be69506c,JOMANGY,wr.php,sh,2026-09-21 04:07:25,MalwareBazaar
TLSH,T18FC27D956A867C44BEC94A3E4CBD2B0D6DF5C3E1324942AC3D8B3C719C15FACD618B1A,c34b31ba33e12ab9251b02574514a81aa6d7ca974f8b8bb87b193695be69506c,JOMANGY,wr.php,sh,2026-09-21 04:07:25,MalwareBazaar
SSDEEP,768:j8vCB+25j6es8RW9FYpMSUpi+20qUpi+20YQX:j8l25JAd2QX,c34b31ba33e12ab9251b02574514a81aa6d7ca974f8b8bb87b193695be69506c,JOMANGY,wr.php,sh,2026-09-21 04:07:25,MalwareBazaar
MD5,e6ebc6efe43cfc5bbce05bbb2decfe68,f160f29ffe64663daeaa7f669eb6a2f67624d7c1308069aa57c2219a714dbf16,unknown,file,exe,2026-09-21 03:50:58,MalwareBazaar
SHA-1,d69426e5d0d5e215579f9937bc4d0c610d3e0c4e,f160f29ffe64663daeaa7f669eb6a2f67624d7c1308069aa57c2219a714dbf16,unknown,file,exe,2026-09-21 03:50:58,MalwareBazaar
SHA-256,f160f29ffe64663daeaa7f669eb6a2f67624d7c1308069aa57c2219a714dbf16,f160f29ffe64663daeaa7f669eb6a2f67624d7c1308069aa57c2219a714dbf16,unknown,file,exe,2026-09-21 03:50:58,MalwareBazaar
SHA3-384,02d144824a0fc8ecfdbf81d83dcaefc9a2b41dbb8d4015afe106c2bb984500abb9c93a552edc24a11d7e2ca6f203e6ac,f160f29ffe64663daeaa7f669eb6a2f67624d7c1308069aa57c2219a714dbf16,unknown,file,exe,2026-09-21 03:50:58,MalwareBazaar
IMPHASH,c64a9aaa58707c34f0569020880351cb,f160f29ffe64663daeaa7f669eb6a2f67624d7c1308069aa57c2219a714dbf16,unknown,file,exe,2026-09-21 03:50:58,MalwareBazaar
TLSH,T1D162C596D8A25F6CCE4FC0703A11F938ADB4369096699EF3D7828D345DA39D08424EFD,f160f29ffe64663daeaa7f669eb6a2f67624d7c1308069aa57c2219a714dbf16,unknown,file,exe,2026-09-21 03:50:58,MalwareBazaar
SSDEEP,192:fqHOoLPoHeVQBNBY0fidcj3wJLsN3AAK8BzvTt1NpkAm1paLsehDPP0B46U5xUOe:fKOe2/7c9sN3zfZR1m+RGCUO6C,f160f29ffe64663daeaa7f669eb6a2f67624d7c1308069aa57c2219a714dbf16,unknown,file,exe,2026-09-21 03:50:58,MalwareBazaar
MD5,b5445be4beed7280329d62d8d3058ff0,8bca9dae858b5f859dfe7e2b196d9abf874ab6c2cc99ae2fdb645d8efba54ccb,unknown,file,exe,2026-09-21 03:48:35,MalwareBazaar
SHA-1,c282ad5e801665d57fa7a3b1a4a8e5bc0fa4c69d,8bca9dae858b5f859dfe7e2b196d9abf874ab6c2cc99ae2fdb645d8efba54ccb,unknown,file,exe,2026-09-21 03:48:35,MalwareBazaar
SHA-256,8bca9dae858b5f859dfe7e2b196d9abf874ab6c2cc99ae2fdb645d8efba54ccb,8bca9dae858b5f859dfe7e2b196d9abf874ab6c2cc99ae2fdb645d8efba54ccb,unknown,file,exe,2026-09-21 03:48:35,MalwareBazaar
SHA3-384,843cdd66e29f66adfcbe21be3f1f39ade1d556fa11c0a140adace01a0012b12f3357527325ddf5f2fe326978346cfcda,8bca9dae858b5f859dfe7e2b196d9abf874ab6c2cc99ae2fdb645d8efba54ccb,unknown,file,exe,2026-09-21 03:48:35,MalwareBazaar
IMPHASH,c64a9aaa58707c34f0569020880351cb,8bca9dae858b5f859dfe7e2b196d9abf874ab6c2cc99ae2fdb645d8efba54ccb,unknown,file,exe,2026-09-21 03:48:35,MalwareBazaar
TLSH,T1BE62E78AE9E26F5CCE4F8070BA51F968AD70329089295DE7D7868C315DA39C00174FFD,8bca9dae858b5f859dfe7e2b196d9abf874ab6c2cc99ae2fdb645d8efba54ccb,unknown,file,exe,2026-09-21 03:48:35,MalwareBazaar
SSDEEP,192:fqHOoLPoHeVQBNBY0fidcj3wJLsN3AAK8BzvTt1NpkAm1paLsehDPP0B46UizBgn:fKOe2/7c9sN3zfZR1m+RGZ6C,8bca9dae858b5f859dfe7e2b196d9abf874ab6c2cc99ae2fdb645d8efba54ccb,unknown,file,exe,2026-09-21 03:48:35,MalwareBazaar
MD5,62e28fbbce4cd8185658a6ea9026865f,a4f7714bb8c1e6ff6c5b6205f5c9da818e3c9625d51457669c9b6a673c43375d,unknown,file,exe,2026-09-21 03:46:03,MalwareBazaar
SHA-1,f312f9e547b8a18c011031ebb34ab2599bf21aa6,a4f7714bb8c1e6ff6c5b6205f5c9da818e3c9625d51457669c9b6a673c43375d,unknown,file,exe,2026-09-21 03:46:03,MalwareBazaar
SHA-256,a4f7714bb8c1e6ff6c5b6205f5c9da818e3c9625d51457669c9b6a673c43375d,a4f7714bb8c1e6ff6c5b6205f5c9da818e3c9625d51457669c9b6a673c43375d,unknown,file,exe,2026-09-21 03:46:03,MalwareBazaar
SHA3-384,22a9e9d2af1b675500e46fb670e2fb6df23ceb3160bcff181169d4249fa9968f6fb5a4263d63e5e2541c136ada23e6f7,a4f7714bb8c1e6ff6c5b6205f5c9da818e3c9625d51457669c9b6a673c43375d,unknown,file,exe,2026-09-21 03:46:03,MalwareBazaar
IMPHASH,c64a9aaa58707c34f0569020880351cb,a4f7714bb8c1e6ff6c5b6205f5c9da818e3c9625d51457669c9b6a673c43375d,unknown,file,exe,2026-09-21 03:46:03,MalwareBazaar
TLSH,T19062D78AE8E22F9CCE4ED0703A11F929ADB03791856579F3D7828C715DA39D04424EFD,a4f7714bb8c1e6ff6c5b6205f5c9da818e3c9625d51457669c9b6a673c43375d,unknown,file,exe,2026-09-21 03:46:03,MalwareBazaar
SSDEEP,192:fqHOoLPoHeVQBNBY0fidcj3wJLsN3AAK8BzvTt1NpkAm1paLsehDPP0B46U89GBM:fKOe2/7c9sN3zfZR1m+RGv9G6C,a4f7714bb8c1e6ff6c5b6205f5c9da818e3c9625d51457669c9b6a673c43375d,unknown,file,exe,2026-09-21 03:46:03,MalwareBazaar
MD5,47569ff0e0676acee5f8589e739ff903,45ce428e16e0a892f74371a4ce4c909bc738e88da9af93c9ef9165f793e48e12,unknown,file,exe,2026-09-21 03:42:34,MalwareBazaar
SHA-1,cc369066cc7d2c374a847025dbe0b33cc40a32b8,45ce428e16e0a892f74371a4ce4c909bc738e88da9af93c9ef9165f793e48e12,unknown,file,exe,2026-09-21 03:42:34,MalwareBazaar
SHA-256,45ce428e16e0a892f74371a4ce4c909bc738e88da9af93c9ef9165f793e48e12,45ce428e16e0a892f74371a4ce4c909bc738e88da9af93c9ef9165f793e48e12,unknown,file,exe,2026-09-21 03:42:34,MalwareBazaar
SHA3-384,ee7c4be3dfd08e9d8289b010f901d77288abc0cbe6edf67a546e2e7ff45c5f48355dd95f7f603c2f3f6d466ce75c3394,45ce428e16e0a892f74371a4ce4c909bc738e88da9af93c9ef9165f793e48e12,unknown,file,exe,2026-09-21 03:42:34,MalwareBazaar
IMPHASH,c64a9aaa58707c34f0569020880351cb,45ce428e16e0a892f74371a4ce4c909bc738e88da9af93c9ef9165f793e48e12,unknown,file,exe,2026-09-21 03:42:34,MalwareBazaar
TLSH,T19A62D69AE9D21FACDE4E80703A11F868AD7476A486655DE3D7828C708DA39D04134EFD,45ce428e16e0a892f74371a4ce4c909bc738e88da9af93c9ef9165f793e48e12,unknown,file,exe,2026-09-21 03:42:34,MalwareBazaar
SSDEEP,192:fqHOoLPoHeVQBNBY0fidcj3wJLsN3AAK8BzvTt1NpkAm1paLsehDPP0B46UkVmBM:fKOe2/7c9sN3zfZR1m+RGBVm6C,45ce428e16e0a892f74371a4ce4c909bc738e88da9af93c9ef9165f793e48e12,unknown,file,exe,2026-09-21 03:42:34,MalwareBazaar
MD5,8e80d72752188e968e6fbbb325fb2e1c,d25b957a739dfafc72a3a73a7faa2de7364d16611e712f3b688a79d8e740ef7c,Gafgyt,i-5.8-6.Sakura,elf,2026-09-21 03:41:27,MalwareBazaar
SHA-1,aa3c0e3c336fd998d3a38b005148561e1d81157a,d25b957a739dfafc72a3a73a7faa2de7364d16611e712f3b688a79d8e740ef7c,Gafgyt,i-5.8-6.Sakura,elf,2026-09-21 03:41:27,MalwareBazaar
SHA-256,d25b957a739dfafc72a3a73a7faa2de7364d16611e712f3b688a79d8e740ef7c,d25b957a739dfafc72a3a73a7faa2de7364d16611e712f3b688a79d8e740ef7c,Gafgyt,i-5.8-6.Sakura,elf,2026-09-21 03:41:27,MalwareBazaar
SHA3-384,d624f80c41d01b2f1e4fef47a6373eddc1eba344005b253366913a7704605621b1feccc533c191d0242cbe587f522588,d25b957a739dfafc72a3a73a7faa2de7364d16611e712f3b688a79d8e740ef7c,Gafgyt,i-5.8-6.Sakura,elf,2026-09-21 03:41:27,MalwareBazaar
TLSH,T1C5A3F896F800DFB7F40AE67604D34B24B670BBE14E532622731739A6AE762D53823F45,d25b957a739dfafc72a3a73a7faa2de7364d16611e712f3b688a79d8e740ef7c,Gafgyt,i-5.8-6.Sakura,elf,2026-09-21 03:41:27,MalwareBazaar
TELFHASH,t13611d04270b6891d2bb659245cbc42b5165536236381be75bf0ec5c45537002ba79e8b,d25b957a739dfafc72a3a73a7faa2de7364d16611e712f3b688a79d8e740ef7c,Gafgyt,i-5.8-6.Sakura,elf,2026-09-21 03:41:27,MalwareBazaar
SSDEEP,3072:Vgdr2vIBAxMyAOLRcftchOemuxVqDr78fz1e:Vgdr2vIRyAYcOhOemuxVqDr78fz1e,d25b957a739dfafc72a3a73a7faa2de7364d16611e712f3b688a79d8e740ef7c,Gafgyt,i-5.8-6.Sakura,elf,2026-09-21 03:41:27,MalwareBazaar
MD5,0f4c445651a4684703fd833a73efa959,b85cffcb640a1a5d096ec5e3533aa7467ff1ce94a912c1ff71fec3e59194d5e7,Mirai,b85cffcb640a1a5d096ec5e3533aa7467ff1ce94a912c1ff71fec3e59194d5e7,elf,2026-09-21 03:17:12,MalwareBazaar
SHA-1,2a34d8b2e07301269c186a5151d57f0e33359fc8,b85cffcb640a1a5d096ec5e3533aa7467ff1ce94a912c1ff71fec3e59194d5e7,Mirai,b85cffcb640a1a5d096ec5e3533aa7467ff1ce94a912c1ff71fec3e59194d5e7,elf,2026-09-21 03:17:12,MalwareBazaar
SHA-256,b85cffcb640a1a5d096ec5e3533aa7467ff1ce94a912c1ff71fec3e59194d5e7,b85cffcb640a1a5d096ec5e3533aa7467ff1ce94a912c1ff71fec3e59194d5e7,Mirai,b85cffcb640a1a5d096ec5e3533aa7467ff1ce94a912c1ff71fec3e59194d5e7,elf,2026-09-21 03:17:12,MalwareBazaar
SHA3-384,48ea06ff9b70ccba6cd243c2cdfb2001a1d6c53d87b16fd75132e5ebd7ac7733a5e837f5798353c80702b9bd6f50f21a,b85cffcb640a1a5d096ec5e3533aa7467ff1ce94a912c1ff71fec3e59194d5e7,Mirai,b85cffcb640a1a5d096ec5e3533aa7467ff1ce94a912c1ff71fec3e59194d5e7,elf,2026-09-21 03:17:12,MalwareBazaar
TLSH,T12073F886BC919A9655D423BBBE6E85CE330323B8D2DF7103DD055F18B6CA84F0E76942,b85cffcb640a1a5d096ec5e3533aa7467ff1ce94a912c1ff71fec3e59194d5e7,Mirai,b85cffcb640a1a5d096ec5e3533aa7467ff1ce94a912c1ff71fec3e59194d5e7,elf,2026-09-21 03:17:12,MalwareBazaar
SSDEEP,1536:CMn12A//SrRftY97WARbIcbboW+zLsYtJ913DhrPDysX+4if3LEVwjUW:T2s/ITo7WCkybotgsJ913DhrbW4UYSL,b85cffcb640a1a5d096ec5e3533aa7467ff1ce94a912c1ff71fec3e59194d5e7,Mirai,b85cffcb640a1a5d096ec5e3533aa7467ff1ce94a912c1ff71fec3e59194d5e7,elf,2026-09-21 03:17:12,MalwareBazaar
MD5,e7ac4df54f78ffafffaf68e5122ff6c2,9737530cbf7a92cf261dd1c875b8ee18cc32797aa5852eb4395ba06552dd7dd3,unknown,Utils.exe,exe,2026-09-21 03:10:19,MalwareBazaar
SHA-1,d05841e44c2e7ee651b940ad7871e852a645dd5a,9737530cbf7a92cf261dd1c875b8ee18cc32797aa5852eb4395ba06552dd7dd3,unknown,Utils.exe,exe,2026-09-21 03:10:19,MalwareBazaar
SHA-256,9737530cbf7a92cf261dd1c875b8ee18cc32797aa5852eb4395ba06552dd7dd3,9737530cbf7a92cf261dd1c875b8ee18cc32797aa5852eb4395ba06552dd7dd3,unknown,Utils.exe,exe,2026-09-21 03:10:19,MalwareBazaar
SHA3-384,d280aa7c6dc128af044b4892fcae1fefdd73f979c771eb7963fc004833b1761c9a22825a4c25753581dba35ff77f3e1f,9737530cbf7a92cf261dd1c875b8ee18cc32797aa5852eb4395ba06552dd7dd3,unknown,Utils.exe,exe,2026-09-21 03:10:19,MalwareBazaar
IMPHASH,2e33a544f54ef773efa81545fd112848,9737530cbf7a92cf261dd1c875b8ee18cc32797aa5852eb4395ba06552dd7dd3,unknown,Utils.exe,exe,2026-09-21 03:10:19,MalwareBazaar
TLSH,T1D2A501E9A87246D9E01F4FB8689932463C0ED969CE07DECE506FD1A579EE3710724C0E,9737530cbf7a92cf261dd1c875b8ee18cc32797aa5852eb4395ba06552dd7dd3,unknown,Utils.exe,exe,2026-09-21 03:10:19,MalwareBazaar
SSDEEP,49152:85+Z/e+2b42HVfx7cQgJmriR0zKiXJhuGgxeCXZ:6nj4237cruKcJhYxeCXZ,9737530cbf7a92cf261dd1c875b8ee18cc32797aa5852eb4395ba06552dd7dd3,unknown,Utils.exe,exe,2026-09-21 03:10:19,MalwareBazaar
MD5,ebfc1f913f7b2868056542f3a605cd0a,080c5b27e2d8a2b13d5cda93ee502b767bc43e787df95899ace6f27ed9c1dd22,unknown,wso.exe,exe,2026-09-21 03:09:30,MalwareBazaar
SHA-1,361dea3a7ae7a057f340f2006b8be071d345c14c,080c5b27e2d8a2b13d5cda93ee502b767bc43e787df95899ace6f27ed9c1dd22,unknown,wso.exe,exe,2026-09-21 03:09:30,MalwareBazaar
SHA-256,080c5b27e2d8a2b13d5cda93ee502b767bc43e787df95899ace6f27ed9c1dd22,080c5b27e2d8a2b13d5cda93ee502b767bc43e787df95899ace6f27ed9c1dd22,unknown,wso.exe,exe,2026-09-21 03:09:30,MalwareBazaar
SHA3-384,6b0edfb222753267be2405d6113096a2016e63e71ee417544b07ef873431a0c53028ae911fbe4f685042a68f1005ab7a,080c5b27e2d8a2b13d5cda93ee502b767bc43e787df95899ace6f27ed9c1dd22,unknown,wso.exe,exe,2026-09-21 03:09:30,MalwareBazaar
IMPHASH,f4f47bcfe83c73d3ee12b59621c22cb6,080c5b27e2d8a2b13d5cda93ee502b767bc43e787df95899ace6f27ed9c1dd22,unknown,wso.exe,exe,2026-09-21 03:09:30,MalwareBazaar
TLSH,T1D0D502C22431567ED1CE7A3CA54981EAFD0E8873E78454B352D716817BEA1F20F786B2,080c5b27e2d8a2b13d5cda93ee502b767bc43e787df95899ace6f27ed9c1dd22,unknown,wso.exe,exe,2026-09-21 03:09:30,MalwareBazaar
SSDEEP,49152:Q0raKSG7gXvmYtw40qEb5MU/EZp+2b42HVfx7cQgJmriR0zKiXJhuGgxeCXvHyT:Q0raKS3XvmYtw40j5MGELj4237cruKcT,080c5b27e2d8a2b13d5cda93ee502b767bc43e787df95899ace6f27ed9c1dd22,unknown,wso.exe,exe,2026-09-21 03:09:30,MalwareBazaar
MD5,8cc62058f9448e5f9795c961754e7541,30e5af4d627069f7c7cf541a309bdd30050cf6f21232e6ad2aeeb4210053b8a9,Formbook,Penawaran RFQ Terlampir 2026.pdf.js,js,2026-09-21 03:08:36,MalwareBazaar
SHA-1,1c2a9c403d3f7e4cecbcc11ed3afe783faf277b7,30e5af4d627069f7c7cf541a309bdd30050cf6f21232e6ad2aeeb4210053b8a9,Formbook,Penawaran RFQ Terlampir 2026.pdf.js,js,2026-09-21 03:08:36,MalwareBazaar
SHA-256,30e5af4d627069f7c7cf541a309bdd30050cf6f21232e6ad2aeeb4210053b8a9,30e5af4d627069f7c7cf541a309bdd30050cf6f21232e6ad2aeeb4210053b8a9,Formbook,Penawaran RFQ Terlampir 2026.pdf.js,js,2026-09-21 03:08:36,MalwareBazaar
SHA3-384,7c44b8f04618f2cc528613953cdc50ab9813161c36f0453cdbced12bce1ac5fced28fc709a4f62b60d419d15ffab1f39,30e5af4d627069f7c7cf541a309bdd30050cf6f21232e6ad2aeeb4210053b8a9,Formbook,Penawaran RFQ Terlampir 2026.pdf.js,js,2026-09-21 03:08:36,MalwareBazaar
TLSH,T115A22E114D927440933763BE722BB8E1EB764A2B02402C5BB87CB944EFB6D09DDD4DB9,30e5af4d627069f7c7cf541a309bdd30050cf6f21232e6ad2aeeb4210053b8a9,Formbook,Penawaran RFQ Terlampir 2026.pdf.js,js,2026-09-21 03:08:36,MalwareBazaar
SSDEEP,384:5gVcr/U8XTm7+bCzYaOfScN80cQe6oA08Wjah7md14mRaxl5sf3Dy0xHeOgbMciu:5vr/UZ7sCzYaOfScN80cQe6oA08WjahJ,30e5af4d627069f7c7cf541a309bdd30050cf6f21232e6ad2aeeb4210053b8a9,Formbook,Penawaran RFQ Terlampir 2026.pdf.js,js,2026-09-21 03:08:36,MalwareBazaar
MD5,9427f7338ba930b4d99d07152dbed0b1,f47f3fba888e9c798d9f5b9115b31aabf844cb0202a5253956dcb7b9940e5c3e,unknown,file,exe,2026-09-21 03:08:15,MalwareBazaar
SHA-1,caa945c8ccc45b7b63a923458decbfe41ee376df,f47f3fba888e9c798d9f5b9115b31aabf844cb0202a5253956dcb7b9940e5c3e,unknown,file,exe,2026-09-21 03:08:15,MalwareBazaar
SHA-256,f47f3fba888e9c798d9f5b9115b31aabf844cb0202a5253956dcb7b9940e5c3e,f47f3fba888e9c798d9f5b9115b31aabf844cb0202a5253956dcb7b9940e5c3e,unknown,file,exe,2026-09-21 03:08:15,MalwareBazaar
SHA3-384,ae8ae49f34a2034ee971ba5fcc7a82fcc73b94494ccd59ac98fd0f7cc1fc3a64df1d48f23ae24736e9b808bd6cffa482,f47f3fba888e9c798d9f5b9115b31aabf844cb0202a5253956dcb7b9940e5c3e,unknown,file,exe,2026-09-21 03:08:15,MalwareBazaar
IMPHASH,c64a9aaa58707c34f0569020880351cb,f47f3fba888e9c798d9f5b9115b31aabf844cb0202a5253956dcb7b9940e5c3e,unknown,file,exe,2026-09-21 03:08:15,MalwareBazaar
TLSH,T1F262C686D8926F5DCE4F80703A51FC68BE7476A585299DE3D7828D3199B38D08034EFD,f47f3fba888e9c798d9f5b9115b31aabf844cb0202a5253956dcb7b9940e5c3e,unknown,file,exe,2026-09-21 03:08:15,MalwareBazaar
SSDEEP,192:fqHOoLPoHeVQBNBY0fidcj3wJLsN3AAK8BzvTt1NpkAm1paLsehDPP0B46UUhwBM:fKOe2/7c9sN3zfZR1m+RGHw6C,f47f3fba888e9c798d9f5b9115b31aabf844cb0202a5253956dcb7b9940e5c3e,unknown,file,exe,2026-09-21 03:08:15,MalwareBazaar
MD5,08016f27415bd9d92e80f275e2e0cb19,a28aa61cc3ef70a11cf1e1b41b2a7df5cac1842577af1885152d9e31a6b1d619,unknown,NEW_MV_TBN_Order_Quotation_Form.js,js,2026-09-21 02:45:48,MalwareBazaar
SHA-1,95322bcdc108063ee0e1f4b11c6590916955177a,a28aa61cc3ef70a11cf1e1b41b2a7df5cac1842577af1885152d9e31a6b1d619,unknown,NEW_MV_TBN_Order_Quotation_Form.js,js,2026-09-21 02:45:48,MalwareBazaar
SHA-256,a28aa61cc3ef70a11cf1e1b41b2a7df5cac1842577af1885152d9e31a6b1d619,a28aa61cc3ef70a11cf1e1b41b2a7df5cac1842577af1885152d9e31a6b1d619,unknown,NEW_MV_TBN_Order_Quotation_Form.js,js,2026-09-21 02:45:48,MalwareBazaar
SHA3-384,7725095b56c6eec0f2af9ba68940a3c7f9f7fa0859487633ebb47457f184cd61026a5ed051aef048766df5a5e84f264d,a28aa61cc3ef70a11cf1e1b41b2a7df5cac1842577af1885152d9e31a6b1d619,unknown,NEW_MV_TBN_Order_Quotation_Form.js,js,2026-09-21 02:45:48,MalwareBazaar
TLSH,T18AE5E5A766DD61876C0DB3452654A98D0B29C7E22FD1F7D0A0DB0A989C0F0196EE0F7F,a28aa61cc3ef70a11cf1e1b41b2a7df5cac1842577af1885152d9e31a6b1d619,unknown,NEW_MV_TBN_Order_Quotation_Form.js,js,2026-09-21 02:45:48,MalwareBazaar
SSDEEP,49152:jD6kzN6LV90Vl7pxNQUlfCV5LYLRzWPK1NtiziaTEbXmtKgtzciPB1ozuVTm:V,a28aa61cc3ef70a11cf1e1b41b2a7df5cac1842577af1885152d9e31a6b1d619,unknown,NEW_MV_TBN_Order_Quotation_Form.js,js,2026-09-21 02:45:48,MalwareBazaar
MD5,b236d555bf1cf96614597501a48207ad,894dd68a9891238e6eab5b520b6c86806896f8b4c4aead221308ae9b0ef10a7f,unknown,894dd68a9891238e6eab5b520b6c86806896f8b4c4aead221308ae9b0ef10a7f,elf,2026-09-21 02:40:56,MalwareBazaar
SHA-1,c7f7b6687acbfbb7784f817df6500c9ad7bb0c79,894dd68a9891238e6eab5b520b6c86806896f8b4c4aead221308ae9b0ef10a7f,unknown,894dd68a9891238e6eab5b520b6c86806896f8b4c4aead221308ae9b0ef10a7f,elf,2026-09-21 02:40:56,MalwareBazaar
SHA-256,894dd68a9891238e6eab5b520b6c86806896f8b4c4aead221308ae9b0ef10a7f,894dd68a9891238e6eab5b520b6c86806896f8b4c4aead221308ae9b0ef10a7f,unknown,894dd68a9891238e6eab5b520b6c86806896f8b4c4aead221308ae9b0ef10a7f,elf,2026-09-21 02:40:56,MalwareBazaar
SHA3-384,15d0751ec9d1bba5bceae93fdfe2209057cb1bad99abff6a80edaa4ca6b5aaed9ac2b0f2f6ae50f4a11a16abeda712bd,894dd68a9891238e6eab5b520b6c86806896f8b4c4aead221308ae9b0ef10a7f,unknown,894dd68a9891238e6eab5b520b6c86806896f8b4c4aead221308ae9b0ef10a7f,elf,2026-09-21 02:40:56,MalwareBazaar
TLSH,T135842386D04B4EE7FE0BB9FAC48DCEBB64059064B54CBD026E8A22A7571EC97145770C,894dd68a9891238e6eab5b520b6c86806896f8b4c4aead221308ae9b0ef10a7f,unknown,894dd68a9891238e6eab5b520b6c86806896f8b4c4aead221308ae9b0ef10a7f,elf,2026-09-21 02:40:56,MalwareBazaar
SSDEEP,6144:4gMD5E2D8j1k28GmNTYC52kVb2dk7US7PvvJpruH+Q7tE70mgGvzH94st7Pu:5MD5fD8ji3GmN8wL45SDHJZuH+Q7M0xd,894dd68a9891238e6eab5b520b6c86806896f8b4c4aead221308ae9b0ef10a7f,unknown,894dd68a9891238e6eab5b520b6c86806896f8b4c4aead221308ae9b0ef10a7f,elf,2026-09-21 02:40:56,MalwareBazaar
MD5,4bc5fed9baf3020ab0a7343411b24d9a,09ee8454d25becc292fb33b33c85554df1ff4d70d780c210633682c904e52fb1,unknown,file,exe,2026-09-21 02:31:42,MalwareBazaar
SHA-1,e94cb66d6df61bf7b802b5a6351df0c4ec992cd5,09ee8454d25becc292fb33b33c85554df1ff4d70d780c210633682c904e52fb1,unknown,file,exe,2026-09-21 02:31:42,MalwareBazaar
SHA-256,09ee8454d25becc292fb33b33c85554df1ff4d70d780c210633682c904e52fb1,09ee8454d25becc292fb33b33c85554df1ff4d70d780c210633682c904e52fb1,unknown,file,exe,2026-09-21 02:31:42,MalwareBazaar
SHA3-384,a4d23dd22b149b51d8a37a4f1db933f51d92741b1f9be3f46d111ec904f5220ebeb4231351a8d54e8d84704ea27ac58f,09ee8454d25becc292fb33b33c85554df1ff4d70d780c210633682c904e52fb1,unknown,file,exe,2026-09-21 02:31:42,MalwareBazaar
IMPHASH,c64a9aaa58707c34f0569020880351cb,09ee8454d25becc292fb33b33c85554df1ff4d70d780c210633682c904e52fb1,unknown,file,exe,2026-09-21 02:31:42,MalwareBazaar
TLSH,T19062C586D8A62F5ECE4F80713B11F878BD7536909A6659E3D7C68C204DB39C08428FF9,09ee8454d25becc292fb33b33c85554df1ff4d70d780c210633682c904e52fb1,unknown,file,exe,2026-09-21 02:31:42,MalwareBazaar
SSDEEP,192:fqHOoLPoHeVQBNBY0fidcj3wJLsN3AAK8BzvTt1NpkAm1paLsehDPP0B46UimSSi:fKOe2/7c9sN3zfZR1m+RG/e6C,09ee8454d25becc292fb33b33c85554df1ff4d70d780c210633682c904e52fb1,unknown,file,exe,2026-09-21 02:31:42,MalwareBazaar
MD5,2f3fb4ec25d61fbee3e0aaa7300ee4f3,3f41859451acb64cb101290e361714bc8e2ed6bc937a977c79473a6b59094756,unknown,file,exe,2026-09-21 02:29:13,MalwareBazaar
SHA-1,9ccc646d7e2ec009b15525f127f1cebd4f334fea,3f41859451acb64cb101290e361714bc8e2ed6bc937a977c79473a6b59094756,unknown,file,exe,2026-09-21 02:29:13,MalwareBazaar
SHA-256,3f41859451acb64cb101290e361714bc8e2ed6bc937a977c79473a6b59094756,3f41859451acb64cb101290e361714bc8e2ed6bc937a977c79473a6b59094756,unknown,file,exe,2026-09-21 02:29:13,MalwareBazaar
SHA3-384,734942456dacb1776ebb1d7cc2cb841a9f52691c893ad0c99436bdad184bb742798039713e43a443b2afcba510722d27,3f41859451acb64cb101290e361714bc8e2ed6bc937a977c79473a6b59094756,unknown,file,exe,2026-09-21 02:29:13,MalwareBazaar
IMPHASH,c64a9aaa58707c34f0569020880351cb,3f41859451acb64cb101290e361714bc8e2ed6bc937a977c79473a6b59094756,unknown,file,exe,2026-09-21 02:29:13,MalwareBazaar
TLSH,T12B62C48AEDE26A6CDF4E90703A11F878ADB03690866559F3E7828C3059A3DD14064FFD,3f41859451acb64cb101290e361714bc8e2ed6bc937a977c79473a6b59094756,unknown,file,exe,2026-09-21 02:29:13,MalwareBazaar
SSDEEP,192:fqHOoLPoHeVQBNBY0fidcj3wJLsN3AAK8BzvTt1NpkAm1paLsehDPP0B46UrMSBM:fKOe2/7c9sN3zfZR1m+RGgMS6C,3f41859451acb64cb101290e361714bc8e2ed6bc937a977c79473a6b59094756,unknown,file,exe,2026-09-21 02:29:13,MalwareBazaar
MD5,503b396ab46c16f45e034072648d3600,c87126d88769d2198f18d1a376c2eb88b88a9555feb58fb0908ad19927290d7b,unknown,file,exe,2026-09-21 02:26:47,MalwareBazaar
SHA-1,e9dda4dffca49916acc9f77a4daedda479c45447,c87126d88769d2198f18d1a376c2eb88b88a9555feb58fb0908ad19927290d7b,unknown,file,exe,2026-09-21 02:26:47,MalwareBazaar
SHA-256,c87126d88769d2198f18d1a376c2eb88b88a9555feb58fb0908ad19927290d7b,c87126d88769d2198f18d1a376c2eb88b88a9555feb58fb0908ad19927290d7b,unknown,file,exe,2026-09-21 02:26:47,MalwareBazaar
SHA3-384,f56597361ba75a75331660847f5b87b46717eb2c813aac779b6a404805ffd38a3fefbb55cd4bffe751c1550b98523ecf,c87126d88769d2198f18d1a376c2eb88b88a9555feb58fb0908ad19927290d7b,unknown,file,exe,2026-09-21 02:26:47,MalwareBazaar
IMPHASH,c64a9aaa58707c34f0569020880351cb,c87126d88769d2198f18d1a376c2eb88b88a9555feb58fb0908ad19927290d7b,unknown,file,exe,2026-09-21 02:26:47,MalwareBazaar
TLSH,T10C62D686DCA27E6DCE4F80703B11F939A97572E4862659E7D7C28C3059B39D04428EF9,c87126d88769d2198f18d1a376c2eb88b88a9555feb58fb0908ad19927290d7b,unknown,file,exe,2026-09-21 02:26:47,MalwareBazaar
SSDEEP,192:fqHOoLPoHeVQBNBY0fidcj3wJLsN3AAK8BzvTt1NpkAm1paLsehDPP0B46UdK/BM:fKOe2/7c9sN3zfZR1m+RG6A6C,c87126d88769d2198f18d1a376c2eb88b88a9555feb58fb0908ad19927290d7b,unknown,file,exe,2026-09-21 02:26:47,MalwareBazaar
MD5,2f8a29dd220dafdcc870d0e6a414b6a8,a1b85fa1f3f58a0315506a8187b8292fbf51fb82d38f842a847cac21a57fb34e,unknown,file,exe,2026-09-21 02:26:35,MalwareBazaar
SHA-1,d4b6a18f5d0b879aecaec64b86ffce3769b1f760,a1b85fa1f3f58a0315506a8187b8292fbf51fb82d38f842a847cac21a57fb34e,unknown,file,exe,2026-09-21 02:26:35,MalwareBazaar
SHA-256,a1b85fa1f3f58a0315506a8187b8292fbf51fb82d38f842a847cac21a57fb34e,a1b85fa1f3f58a0315506a8187b8292fbf51fb82d38f842a847cac21a57fb34e,unknown,file,exe,2026-09-21 02:26:35,MalwareBazaar
SHA3-384,3bebf5f353916ab30179dca30e97c5d0fdfb8f7f11624d36d94a3a7828ac6b5ed08639e462d3b3e845c0e9e5d5bb554d,a1b85fa1f3f58a0315506a8187b8292fbf51fb82d38f842a847cac21a57fb34e,unknown,file,exe,2026-09-21 02:26:35,MalwareBazaar
IMPHASH,c64a9aaa58707c34f0569020880351cb,a1b85fa1f3f58a0315506a8187b8292fbf51fb82d38f842a847cac21a57fb34e,unknown,file,exe,2026-09-21 02:26:35,MalwareBazaar
TLSH,T14E62F786D8A62F6CCE8E90707A10FD78AD743290966658FBE7828D306D639D04534FFD,a1b85fa1f3f58a0315506a8187b8292fbf51fb82d38f842a847cac21a57fb34e,unknown,file,exe,2026-09-21 02:26:35,MalwareBazaar
SSDEEP,192:fqHOoLPoHeVQBNBY0fidcj3wJLsN3AAK8BzvTt1NpkAm1paLsehDPP0B46UvUbym:fKOe2/7c9sN3zfZR1m+RGdOVN6C,a1b85fa1f3f58a0315506a8187b8292fbf51fb82d38f842a847cac21a57fb34e,unknown,file,exe,2026-09-21 02:26:35,MalwareBazaar
MD5,afdd595d8581ec24d90dbf27bb3e4679,fa9a0761f85ab411c81874cd873d6d4e0bb0a539437043b96066d1e456af020c,unknown,file,exe,2026-09-21 02:24:05,MalwareBazaar
SHA-1,aaead7330e64df3bfc60de4078a463062995a441,fa9a0761f85ab411c81874cd873d6d4e0bb0a539437043b96066d1e456af020c,unknown,file,exe,2026-09-21 02:24:05,MalwareBazaar
SHA-256,fa9a0761f85ab411c81874cd873d6d4e0bb0a539437043b96066d1e456af020c,fa9a0761f85ab411c81874cd873d6d4e0bb0a539437043b96066d1e456af020c,unknown,file,exe,2026-09-21 02:24:05,MalwareBazaar
SHA3-384,26b892a9f28aae000ed8f3fd733873db255257c4653932c5a17018330c0ef081a19543ca91049f790724a8e7dffba411,fa9a0761f85ab411c81874cd873d6d4e0bb0a539437043b96066d1e456af020c,unknown,file,exe,2026-09-21 02:24:05,MalwareBazaar
IMPHASH,c64a9aaa58707c34f0569020880351cb,fa9a0761f85ab411c81874cd873d6d4e0bb0a539437043b96066d1e456af020c,unknown,file,exe,2026-09-21 02:24:05,MalwareBazaar
TLSH,T15862D78AD9921E5DDE8F90B03A11F8687D7036E195A9A9E3DB828D3449B3DD04024FFD,fa9a0761f85ab411c81874cd873d6d4e0bb0a539437043b96066d1e456af020c,unknown,file,exe,2026-09-21 02:24:05,MalwareBazaar
SSDEEP,192:fqHOoLPoHeVQBNBY0fidcj3wJLsN3AAK8BzvTt1NpkAm1paLsehDPP0B46UiMLBM:fKOe2/7c9sN3zfZR1m+RGrML6C,fa9a0761f85ab411c81874cd873d6d4e0bb0a539437043b96066d1e456af020c,unknown,file,exe,2026-09-21 02:24:05,MalwareBazaar
MD5,112f330563fd74c9cd7b696fd32c5136,4f859aeb12bd1611b86143b8754b5cb7f631015894df20f0881bc43f996ec67e,unknown,file,exe,2026-09-21 02:21:22,MalwareBazaar
SHA-1,bd349f583a06e5310cd3d0e58e8df9e48f28a6e0,4f859aeb12bd1611b86143b8754b5cb7f631015894df20f0881bc43f996ec67e,unknown,file,exe,2026-09-21 02:21:22,MalwareBazaar
SHA-256,4f859aeb12bd1611b86143b8754b5cb7f631015894df20f0881bc43f996ec67e,4f859aeb12bd1611b86143b8754b5cb7f631015894df20f0881bc43f996ec67e,unknown,file,exe,2026-09-21 02:21:22,MalwareBazaar
SHA3-384,77e0b3dfca830dac7aedfe6a283671c6b7c05fede315d87aa3c8478e11fb7bb9336480d70ee67a74672efb4c67ec2365,4f859aeb12bd1611b86143b8754b5cb7f631015894df20f0881bc43f996ec67e,unknown,file,exe,2026-09-21 02:21:22,MalwareBazaar
IMPHASH,c64a9aaa58707c34f0569020880351cb,4f859aeb12bd1611b86143b8754b5cb7f631015894df20f0881bc43f996ec67e,unknown,file,exe,2026-09-21 02:21:22,MalwareBazaar
TLSH,T18962D89AD9A21F9CDE8E80707E22F9787D707694866599E3D7828C305EA39D04034FF9,4f859aeb12bd1611b86143b8754b5cb7f631015894df20f0881bc43f996ec67e,unknown,file,exe,2026-09-21 02:21:22,MalwareBazaar
SSDEEP,192:fqHOoLPoHeVQBNBY0fidcj3wJLsN3AAK8BzvTt1NpkAm1paLsehDPP0B46UvBgCc:fKOe2/7c9sN3zfZR1m+RGA6C,4f859aeb12bd1611b86143b8754b5cb7f631015894df20f0881bc43f996ec67e,unknown,file,exe,2026-09-21 02:21:22,MalwareBazaar
MD5,bf6579157d74ea716c25c6a38f1f060c,e1ee8d5c020d3b8016b46f68cf7c8f146232500dfff8ac478805d3dbb545ff75,unknown,file,exe,2026-09-21 02:21:13,MalwareBazaar
SHA-1,4d402b02ed55388ae4aa1c60101b063922c6499a,e1ee8d5c020d3b8016b46f68cf7c8f146232500dfff8ac478805d3dbb545ff75,unknown,file,exe,2026-09-21 02:21:13,MalwareBazaar
SHA-256,e1ee8d5c020d3b8016b46f68cf7c8f146232500dfff8ac478805d3dbb545ff75,e1ee8d5c020d3b8016b46f68cf7c8f146232500dfff8ac478805d3dbb545ff75,unknown,file,exe,2026-09-21 02:21:13,MalwareBazaar
SHA3-384,d3a6408dba977e2fceac9bd95e0ba9708d08f49b30417f9c246a2e0553d43d905797f4739909f231661d1e1b00974a72,e1ee8d5c020d3b8016b46f68cf7c8f146232500dfff8ac478805d3dbb545ff75,unknown,file,exe,2026-09-21 02:21:13,MalwareBazaar
IMPHASH,c64a9aaa58707c34f0569020880351cb,e1ee8d5c020d3b8016b46f68cf7c8f146232500dfff8ac478805d3dbb545ff75,unknown,file,exe,2026-09-21 02:21:13,MalwareBazaar
TLSH,T1C162C686E8A22EACCE4EC0703B51F878AD7437958A6659F7D7828C745DA39C00124EFD,e1ee8d5c020d3b8016b46f68cf7c8f146232500dfff8ac478805d3dbb545ff75,unknown,file,exe,2026-09-21 02:21:13,MalwareBazaar
SSDEEP,192:fqHOoLPoHeVQBNBY0fidcj3wJLsN3AAK8BzvTt1NpkAm1paLsehDPP0B46Uc9n2e:fKOe2/7c9sN3zfZR1m+RGO6C,e1ee8d5c020d3b8016b46f68cf7c8f146232500dfff8ac478805d3dbb545ff75,unknown,file,exe,2026-09-21 02:21:13,MalwareBazaar
MD5,4ee1385100d3ecb3924f5063ac83262c,5a554cc0cc86575e0f3e07d384ba4e83871d5a03333c67170bb0b946bf38844d,unknown,file,exe,2026-09-21 02:19:50,MalwareBazaar
SHA-1,46d5cc2161e3e472fcb89e6f49896fa18c8155c6,5a554cc0cc86575e0f3e07d384ba4e83871d5a03333c67170bb0b946bf38844d,unknown,file,exe,2026-09-21 02:19:50,MalwareBazaar
SHA-256,5a554cc0cc86575e0f3e07d384ba4e83871d5a03333c67170bb0b946bf38844d,5a554cc0cc86575e0f3e07d384ba4e83871d5a03333c67170bb0b946bf38844d,unknown,file,exe,2026-09-21 02:19:50,MalwareBazaar
SHA3-384,8ceab62ac5cc06728b06a5cae19fc161a44048518050a18d003f52457f19d5a5218d80488d62abc990149b73dcc5c070,5a554cc0cc86575e0f3e07d384ba4e83871d5a03333c67170bb0b946bf38844d,unknown,file,exe,2026-09-21 02:19:50,MalwareBazaar
IMPHASH,c64a9aaa58707c34f0569020880351cb,5a554cc0cc86575e0f3e07d384ba4e83871d5a03333c67170bb0b946bf38844d,unknown,file,exe,2026-09-21 02:19:50,MalwareBazaar
TLSH,T15E62E78AE8A26E6CDE4FC0B03A10FD79AD753690462559E3C7C2CC215EB78C14434FB9,5a554cc0cc86575e0f3e07d384ba4e83871d5a03333c67170bb0b946bf38844d,unknown,file,exe,2026-09-21 02:19:50,MalwareBazaar
SSDEEP,192:fqHOoLPoHeVQBNBY0fidcj3wJLsN3AAK8BzvTt1NpkAm1paLsehDPP0B46U0vBgn:fKOe2/7c9sN3zfZR1m+RGd6C,5a554cc0cc86575e0f3e07d384ba4e83871d5a03333c67170bb0b946bf38844d,unknown,file,exe,2026-09-21 02:19:50,MalwareBazaar
MD5,d4c1a95803a0d5da95e5f1ae79e50375,839d4344f0e6b396467df570011971897acfca4aee37011fb64ade9338ecfb81,unknown,file,exe,2026-09-21 02:17:19,MalwareBazaar
SHA-1,0ad8483737a2b86a6ba71d1a9959f0731eea5a46,839d4344f0e6b396467df570011971897acfca4aee37011fb64ade9338ecfb81,unknown,file,exe,2026-09-21 02:17:19,MalwareBazaar
SHA-256,839d4344f0e6b396467df570011971897acfca4aee37011fb64ade9338ecfb81,839d4344f0e6b396467df570011971897acfca4aee37011fb64ade9338ecfb81,unknown,file,exe,2026-09-21 02:17:19,MalwareBazaar
SHA3-384,cc2dae93edddeebe0cedc9f7194b0bd40715318a2149c26f3752a68d8bd9d4364455d83abd8be5d10caf23372b4de69a,839d4344f0e6b396467df570011971897acfca4aee37011fb64ade9338ecfb81,unknown,file,exe,2026-09-21 02:17:19,MalwareBazaar
IMPHASH,c64a9aaa58707c34f0569020880351cb,839d4344f0e6b396467df570011971897acfca4aee37011fb64ade9338ecfb81,unknown,file,exe,2026-09-21 02:17:19,MalwareBazaar
TLSH,T17F62B79AD8A12F5CCE4F80707A11FE686DB436D0856669E3DB82CC3099A39D05534FFA,839d4344f0e6b396467df570011971897acfca4aee37011fb64ade9338ecfb81,unknown,file,exe,2026-09-21 02:17:19,MalwareBazaar
SSDEEP,192:fqHOoLPoHeVQBNBY0fidcj3wJLsN3AAK8BzvTt1NpkAm1paLsehDPP0B46UahsYe:fKOe2/7c9sN3zfZR1m+RGt6Y6C,839d4344f0e6b396467df570011971897acfca4aee37011fb64ade9338ecfb81,unknown,file,exe,2026-09-21 02:17:19,MalwareBazaar
MD5,1a9b27075cec379d35e2777cc533a132,c8e651f5565227886697c458949501a93e05eedbd47da2e8113df0233267682b,Mirai,c8e651f5565227886697c458949501a93e05eedbd47da2e8113df0233267682b,elf,2026-09-21 02:17:12,MalwareBazaar
SHA-1,eb1c25bfa143c16d29027df75e8ad3885f3e8877,c8e651f5565227886697c458949501a93e05eedbd47da2e8113df0233267682b,Mirai,c8e651f5565227886697c458949501a93e05eedbd47da2e8113df0233267682b,elf,2026-09-21 02:17:12,MalwareBazaar
SHA-256,c8e651f5565227886697c458949501a93e05eedbd47da2e8113df0233267682b,c8e651f5565227886697c458949501a93e05eedbd47da2e8113df0233267682b,Mirai,c8e651f5565227886697c458949501a93e05eedbd47da2e8113df0233267682b,elf,2026-09-21 02:17:12,MalwareBazaar
SHA3-384,ccc89495fbf6c707fec9d4105569c09e5f6a117e55b63e88214075c68f66bda7ed08dc52937c686c54af601f959caa34,c8e651f5565227886697c458949501a93e05eedbd47da2e8113df0233267682b,Mirai,c8e651f5565227886697c458949501a93e05eedbd47da2e8113df0233267682b,elf,2026-09-21 02:17:12,MalwareBazaar
TLSH,T19614198AFC81AF5596C127BBFE2E418A331317B8D2EE71129D145F2477CA94F0E3A542,c8e651f5565227886697c458949501a93e05eedbd47da2e8113df0233267682b,Mirai,c8e651f5565227886697c458949501a93e05eedbd47da2e8113df0233267682b,elf,2026-09-21 02:17:12,MalwareBazaar
SSDEEP,6144:T2s/gAWuboqsJ9xcJxspJBqQgTuaJZRhVabE5wKSDP99zBa77oNsKqqf:T2s/bW+UmJqBxAuaPRhVabEDSDP99zBn,c8e651f5565227886697c458949501a93e05eedbd47da2e8113df0233267682b,Mirai,c8e651f5565227886697c458949501a93e05eedbd47da2e8113df0233267682b,elf,2026-09-21 02:17:12,MalwareBazaar
MD5,60f37ef660fa58f9cc619dfba2a889ad,66a99c73398040b11ce75f839ba2ff705aa12df7405006bf8328e00204beaf1b,unknown,file,exe,2026-09-21 02:17:08,MalwareBazaar
SHA-1,6734a5b7cf84f57294046fefcddf85fe84a7ea41,66a99c73398040b11ce75f839ba2ff705aa12df7405006bf8328e00204beaf1b,unknown,file,exe,2026-09-21 02:17:08,MalwareBazaar
SHA-256,66a99c73398040b11ce75f839ba2ff705aa12df7405006bf8328e00204beaf1b,66a99c73398040b11ce75f839ba2ff705aa12df7405006bf8328e00204beaf1b,unknown,file,exe,2026-09-21 02:17:08,MalwareBazaar
SHA3-384,3c3d3b631feca944fd0413b3d0f9fe03bb24ca5a9ec348e6705354b21605a53a9202067d6f95cd5a644335f8ef8416a7,66a99c73398040b11ce75f839ba2ff705aa12df7405006bf8328e00204beaf1b,unknown,file,exe,2026-09-21 02:17:08,MalwareBazaar
IMPHASH,c64a9aaa58707c34f0569020880351cb,66a99c73398040b11ce75f839ba2ff705aa12df7405006bf8328e00204beaf1b,unknown,file,exe,2026-09-21 02:17:08,MalwareBazaar
TLSH,T18762D896D8A21FADDE4F80717A21FC38ADB236904A565DE3D7C28C305D678D00424FF9,66a99c73398040b11ce75f839ba2ff705aa12df7405006bf8328e00204beaf1b,unknown,file,exe,2026-09-21 02:17:08,MalwareBazaar
SSDEEP,192:fqHOoLPoHeVQBNBY0fidcj3wJLsN3AAK8BzvTt1NpkAm1paLsehDPP0B46Uf51Be:fKOe2/7c9sN3zfZR1m+RGUB6C,66a99c73398040b11ce75f839ba2ff705aa12df7405006bf8328e00204beaf1b,unknown,file,exe,2026-09-21 02:17:08,MalwareBazaar
MD5,2f5b67eebff3824d778032f286cb4f6f,7ac1c753b75182d5d6300904e7ea31e313df4b20c1709ce4cb19168880778e77,unknown,file,exe,2026-09-21 02:16:52,MalwareBazaar
SHA-1,d083e783de295b12aec94a956136c8a4ee831f94,7ac1c753b75182d5d6300904e7ea31e313df4b20c1709ce4cb19168880778e77,unknown,file,exe,2026-09-21 02:16:52,MalwareBazaar
SHA-256,7ac1c753b75182d5d6300904e7ea31e313df4b20c1709ce4cb19168880778e77,7ac1c753b75182d5d6300904e7ea31e313df4b20c1709ce4cb19168880778e77,unknown,file,exe,2026-09-21 02:16:52,MalwareBazaar
SHA3-384,b9552907ee3c3c8e4787bed2d170fd7b9c9b23a2f73ab17607b48a580f607720ad064aebb61d6cf564f2f0b6fe64819b,7ac1c753b75182d5d6300904e7ea31e313df4b20c1709ce4cb19168880778e77,unknown,file,exe,2026-09-21 02:16:52,MalwareBazaar
IMPHASH,c64a9aaa58707c34f0569020880351cb,7ac1c753b75182d5d6300904e7ea31e313df4b20c1709ce4cb19168880778e77,unknown,file,exe,2026-09-21 02:16:52,MalwareBazaar
TLSH,T1DC62D796D8922F5CDE8ED0703A11F939ADB0769086665AE3DB82CC305DB79E01434EF9,7ac1c753b75182d5d6300904e7ea31e313df4b20c1709ce4cb19168880778e77,unknown,file,exe,2026-09-21 02:16:52,MalwareBazaar
SSDEEP,192:fqHOoLPoHeVQBNBY0fidcj3wJLsN3AAK8BzvTt1NpkAm1paLsehDPP0B46U55sfe:fKOe2/7c9sN3zfZR1m+RGhf6C,7ac1c753b75182d5d6300904e7ea31e313df4b20c1709ce4cb19168880778e77,unknown,file,exe,2026-09-21 02:16:52,MalwareBazaar
MD5,8fe365cfe03734ca88996c17378f89ef,1dfbe4d756e4a424f51a012250ddbdd7da05070146676302275118ebc2c24f1e,unknown,file,exe,2026-09-21 02:16:03,MalwareBazaar
SHA-1,fe2574a83b3076c2d03de18ad6e5dd83db7f234c,1dfbe4d756e4a424f51a012250ddbdd7da05070146676302275118ebc2c24f1e,unknown,file,exe,2026-09-21 02:16:03,MalwareBazaar
SHA-256,1dfbe4d756e4a424f51a012250ddbdd7da05070146676302275118ebc2c24f1e,1dfbe4d756e4a424f51a012250ddbdd7da05070146676302275118ebc2c24f1e,unknown,file,exe,2026-09-21 02:16:03,MalwareBazaar
SHA3-384,0111206d50125dbfdefbaf9afb8bbb30b47785cdec2671ea6d10678532891e9d7fec2bfc8398baf06e234737a6be2267,1dfbe4d756e4a424f51a012250ddbdd7da05070146676302275118ebc2c24f1e,unknown,file,exe,2026-09-21 02:16:03,MalwareBazaar
IMPHASH,c64a9aaa58707c34f0569020880351cb,1dfbe4d756e4a424f51a012250ddbdd7da05070146676302275118ebc2c24f1e,unknown,file,exe,2026-09-21 02:16:03,MalwareBazaar
TLSH,T16362E786E8A22F6CDE8E80703A11F978BD757690866599F3D7928C305EA39D00134FFD,1dfbe4d756e4a424f51a012250ddbdd7da05070146676302275118ebc2c24f1e,unknown,file,exe,2026-09-21 02:16:03,MalwareBazaar
SSDEEP,192:fqHOoLPoHeVQBNBY0fidcj3wJLsN3AAK8BzvTt1NpkAm1paLsehDPP0B46UD5XeG:fKOe2/7c9sN3zfZR1m+RGM5+b6C,1dfbe4d756e4a424f51a012250ddbdd7da05070146676302275118ebc2c24f1e,unknown,file,exe,2026-09-21 02:16:03,MalwareBazaar
MD5,328b891d69722811d51149188fdc711e,d459fd61bfd71fd434eff7ae4ff4dcb7201c334861bde1452112ac130e12cd58,unknown,file,exe,2026-09-21 02:14:54,MalwareBazaar
SHA-1,704c4e95b74051400404be3ed36cd45fdf4e4df7,d459fd61bfd71fd434eff7ae4ff4dcb7201c334861bde1452112ac130e12cd58,unknown,file,exe,2026-09-21 02:14:54,MalwareBazaar
SHA-256,d459fd61bfd71fd434eff7ae4ff4dcb7201c334861bde1452112ac130e12cd58,d459fd61bfd71fd434eff7ae4ff4dcb7201c334861bde1452112ac130e12cd58,unknown,file,exe,2026-09-21 02:14:54,MalwareBazaar
SHA3-384,847066391142e7005f6991c67bec6f7abe03904349b63951e597a2e30486da1350de1b60f3c467c3ca25e4598e4bdc01,d459fd61bfd71fd434eff7ae4ff4dcb7201c334861bde1452112ac130e12cd58,unknown,file,exe,2026-09-21 02:14:54,MalwareBazaar
IMPHASH,c64a9aaa58707c34f0569020880351cb,d459fd61bfd71fd434eff7ae4ff4dcb7201c334861bde1452112ac130e12cd58,unknown,file,exe,2026-09-21 02:14:54,MalwareBazaar
TLSH,T16562D68AD8E25F7CCE4E80703F51F878A9B53694966699E3D7828C215DA78C00534FFE,d459fd61bfd71fd434eff7ae4ff4dcb7201c334861bde1452112ac130e12cd58,unknown,file,exe,2026-09-21 02:14:54,MalwareBazaar
SSDEEP,192:fqHOoLPoHeVQBNBY0fidcj3wJLsN3AAK8BzvTt1NpkAm1paLsehDPP0B46UtBgCc:fKOe2/7c9sN3zfZR1m+RGi6C,d459fd61bfd71fd434eff7ae4ff4dcb7201c334861bde1452112ac130e12cd58,unknown,file,exe,2026-09-21 02:14:54,MalwareBazaar
MD5,cde0e904f2100e981aed08a8723116f1,c8fdd6050c30252ba672b0284963a3e1ace14b0e9588fe347415f4f02e4e5db1,unknown,file,exe,2026-09-21 02:14:52,MalwareBazaar
SHA-1,84756abc47846a0ba4a30b9f8bec0d2d437a7e44,c8fdd6050c30252ba672b0284963a3e1ace14b0e9588fe347415f4f02e4e5db1,unknown,file,exe,2026-09-21 02:14:52,MalwareBazaar
SHA-256,c8fdd6050c30252ba672b0284963a3e1ace14b0e9588fe347415f4f02e4e5db1,c8fdd6050c30252ba672b0284963a3e1ace14b0e9588fe347415f4f02e4e5db1,unknown,file,exe,2026-09-21 02:14:52,MalwareBazaar
SHA3-384,bb4b05dc78c03c2d69e8e819a888bf2852394df8290ca32eb198ecf21967be127876507eb2df449452f589569b578383,c8fdd6050c30252ba672b0284963a3e1ace14b0e9588fe347415f4f02e4e5db1,unknown,file,exe,2026-09-21 02:14:52,MalwareBazaar
IMPHASH,c64a9aaa58707c34f0569020880351cb,c8fdd6050c30252ba672b0284963a3e1ace14b0e9588fe347415f4f02e4e5db1,unknown,file,exe,2026-09-21 02:14:52,MalwareBazaar
TLSH,T14962C79AD8926F6CDE4FD0703A11F868BEB836909565ADE3D7918C315DA39D00034EFE,c8fdd6050c30252ba672b0284963a3e1ace14b0e9588fe347415f4f02e4e5db1,unknown,file,exe,2026-09-21 02:14:52,MalwareBazaar
SSDEEP,192:fqHOoLPoHeVQBNBY0fidcj3wJLsN3AAK8BzvTt1NpkAm1paLsehDPP0B46U5fgBM:fKOe2/7c9sN3zfZR1m+RGwo6C,c8fdd6050c30252ba672b0284963a3e1ace14b0e9588fe347415f4f02e4e5db1,unknown,file,exe,2026-09-21 02:14:52,MalwareBazaar
MD5,3e4c06d214706fc79a26533050496b90,46b913adb2c7e0d8e7b93ecb3ca164bd6a25b0482ad78cf4462ecf9da5ae205e,unknown,file,exe,2026-09-21 02:13:28,MalwareBazaar
SHA-1,2e1d293980c7b5e5a91082681e089ba5977453aa,46b913adb2c7e0d8e7b93ecb3ca164bd6a25b0482ad78cf4462ecf9da5ae205e,unknown,file,exe,2026-09-21 02:13:28,MalwareBazaar
SHA-256,46b913adb2c7e0d8e7b93ecb3ca164bd6a25b0482ad78cf4462ecf9da5ae205e,46b913adb2c7e0d8e7b93ecb3ca164bd6a25b0482ad78cf4462ecf9da5ae205e,unknown,file,exe,2026-09-21 02:13:28,MalwareBazaar
SHA3-384,20be5e8283d9efff0f855cec6e07aa793d107cbd4ac0f616c37ce7e0325bea44ce04eff5c2b86007c2464d3af20ab273,46b913adb2c7e0d8e7b93ecb3ca164bd6a25b0482ad78cf4462ecf9da5ae205e,unknown,file,exe,2026-09-21 02:13:28,MalwareBazaar
IMPHASH,c64a9aaa58707c34f0569020880351cb,46b913adb2c7e0d8e7b93ecb3ca164bd6a25b0482ad78cf4462ecf9da5ae205e,unknown,file,exe,2026-09-21 02:13:28,MalwareBazaar
TLSH,T19B62D59AD9A22F5DDE4F80703A11F838BD7536908A6699F7D7828C315EA39D00424FFD,46b913adb2c7e0d8e7b93ecb3ca164bd6a25b0482ad78cf4462ecf9da5ae205e,unknown,file,exe,2026-09-21 02:13:28,MalwareBazaar
SSDEEP,192:fqHOoLPoHeVQBNBY0fidcj3wJLsN3AAK8BzvTt1NpkAm1paLsehDPP0B46UYXKJn:fKOe2/7c9sN3zfZR1m+RGV/6C,46b913adb2c7e0d8e7b93ecb3ca164bd6a25b0482ad78cf4462ecf9da5ae205e,unknown,file,exe,2026-09-21 02:13:28,MalwareBazaar
MD5,7aff1aac4bd4dd54dd9916574bfd17ae,52d682c52b8acbb14822592ead2b398f164398e72009f81524ed35469ff124d0,unknown,file,exe,2026-09-21 02:11:54,MalwareBazaar
SHA-1,69e469dfad201d082a5ee433e7a59e376b2f0396,52d682c52b8acbb14822592ead2b398f164398e72009f81524ed35469ff124d0,unknown,file,exe,2026-09-21 02:11:54,MalwareBazaar
SHA-256,52d682c52b8acbb14822592ead2b398f164398e72009f81524ed35469ff124d0,52d682c52b8acbb14822592ead2b398f164398e72009f81524ed35469ff124d0,unknown,file,exe,2026-09-21 02:11:54,MalwareBazaar
SHA3-384,015d013f09d9b7b34a88deec371672181af3d1dfd83ddb89e436288df7f3174617da86cbdc0826a1c2f68a5372e03cc7,52d682c52b8acbb14822592ead2b398f164398e72009f81524ed35469ff124d0,unknown,file,exe,2026-09-21 02:11:54,MalwareBazaar
IMPHASH,c64a9aaa58707c34f0569020880351cb,52d682c52b8acbb14822592ead2b398f164398e72009f81524ed35469ff124d0,unknown,file,exe,2026-09-21 02:11:54,MalwareBazaar
TLSH,T18862C59AE8922F6DEE4FC0703A21F9787E747790965598E3D7C28C705AA39D00024FF9,52d682c52b8acbb14822592ead2b398f164398e72009f81524ed35469ff124d0,unknown,file,exe,2026-09-21 02:11:54,MalwareBazaar
SSDEEP,192:fqHOoLPoHeVQBNBY0fidcj3wJLsN3AAK8BzvTt1NpkAm1paLsehDPP0B46UeMMM5:fKOe2/7c9sN3zfZR1m+RGgq6C,52d682c52b8acbb14822592ead2b398f164398e72009f81524ed35469ff124d0,unknown,file,exe,2026-09-21 02:11:54,MalwareBazaar
MD5,8314ae947a3378db149556f576531780,cd87c73901bd82017779f218e7efa0047a4f2c73b6c61e72c1a7c0d37d2f77a1,unknown,file,exe,2026-09-21 02:09:28,MalwareBazaar
SHA-1,3d45450b6dc14d6462bf8827783a9d6e6fc1a3bd,cd87c73901bd82017779f218e7efa0047a4f2c73b6c61e72c1a7c0d37d2f77a1,unknown,file,exe,2026-09-21 02:09:28,MalwareBazaar
SHA-256,cd87c73901bd82017779f218e7efa0047a4f2c73b6c61e72c1a7c0d37d2f77a1,cd87c73901bd82017779f218e7efa0047a4f2c73b6c61e72c1a7c0d37d2f77a1,unknown,file,exe,2026-09-21 02:09:28,MalwareBazaar
SHA3-384,65d58c091447f2f144292abb4492cec2754e90f339fb79d5a1814c3eb7f2f1d6dca694b7465bfe9e94aeaa23caebef8e,cd87c73901bd82017779f218e7efa0047a4f2c73b6c61e72c1a7c0d37d2f77a1,unknown,file,exe,2026-09-21 02:09:28,MalwareBazaar
IMPHASH,c64a9aaa58707c34f0569020880351cb,cd87c73901bd82017779f218e7efa0047a4f2c73b6c61e72c1a7c0d37d2f77a1,unknown,file,exe,2026-09-21 02:09:28,MalwareBazaar
TLSH,T1B462E687D9A25E5DDE8E80717B02FC38AE7836A09A655DE3C7C2CC7549638C00124FF9,cd87c73901bd82017779f218e7efa0047a4f2c73b6c61e72c1a7c0d37d2f77a1,unknown,file,exe,2026-09-21 02:09:28,MalwareBazaar
SSDEEP,192:fqHOoLPoHeVQBNBY0fidcj3wJLsN3AAK8BzvTt1NpkAm1paLsehDPP0B46UmBgCc:fKOe2/7c9sN3zfZR1m+RGJ6C,cd87c73901bd82017779f218e7efa0047a4f2c73b6c61e72c1a7c0d37d2f77a1,unknown,file,exe,2026-09-21 02:09:28,MalwareBazaar
MD5,f3fb632e81be69f543095a3e520d7063,be4662165b56e3d3b03e5cde83a8720d4af5a3a167952c1b7aefba1951078108,unknown,file,exe,2026-09-21 02:07:01,MalwareBazaar
SHA-1,d4c9fb89c74d0053fdfa641fdc3279e123012019,be4662165b56e3d3b03e5cde83a8720d4af5a3a167952c1b7aefba1951078108,unknown,file,exe,2026-09-21 02:07:01,MalwareBazaar
SHA-256,be4662165b56e3d3b03e5cde83a8720d4af5a3a167952c1b7aefba1951078108,be4662165b56e3d3b03e5cde83a8720d4af5a3a167952c1b7aefba1951078108,unknown,file,exe,2026-09-21 02:07:01,MalwareBazaar
SHA3-384,7a39de89b2e77d5d59bac2327dfc33ce23706fc6c4e297bfa3bcf37a19596847b532760dd4cde32146c5e482b5508bae,be4662165b56e3d3b03e5cde83a8720d4af5a3a167952c1b7aefba1951078108,unknown,file,exe,2026-09-21 02:07:01,MalwareBazaar
IMPHASH,c64a9aaa58707c34f0569020880351cb,be4662165b56e3d3b03e5cde83a8720d4af5a3a167952c1b7aefba1951078108,unknown,file,exe,2026-09-21 02:07:01,MalwareBazaar
TLSH,T13B62C486ECE22F5CCE4F80703A11F878A9B53691866959E7DB838C355AA79C04434EFD,be4662165b56e3d3b03e5cde83a8720d4af5a3a167952c1b7aefba1951078108,unknown,file,exe,2026-09-21 02:07:01,MalwareBazaar
SSDEEP,192:fqHOoLPoHeVQBNBY0fidcj3wJLsN3AAK8BzvTt1NpkAm1paLsehDPP0B46UhcBgn:fKOe2/7c9sN3zfZR1m+RG+c6C,be4662165b56e3d3b03e5cde83a8720d4af5a3a167952c1b7aefba1951078108,unknown,file,exe,2026-09-21 02:07:01,MalwareBazaar
MD5,78a3def2ef757153d63ffa45de947d1f,ddc1d03f03ef7d821a8cfe5efe4220d791d07796a4a49a379893f4201e0155d4,unknown,dq0hf4.exe,exe,2026-09-21 01:54:24,MalwareBazaar
SHA-1,688caebddaeb509e6e930ae44bdbacf48fbe5d5f,ddc1d03f03ef7d821a8cfe5efe4220d791d07796a4a49a379893f4201e0155d4,unknown,dq0hf4.exe,exe,2026-09-21 01:54:24,MalwareBazaar
SHA-256,ddc1d03f03ef7d821a8cfe5efe4220d791d07796a4a49a379893f4201e0155d4,ddc1d03f03ef7d821a8cfe5efe4220d791d07796a4a49a379893f4201e0155d4,unknown,dq0hf4.exe,exe,2026-09-21 01:54:24,MalwareBazaar
SHA3-384,a2b52325cd5fd667c254c554a272b75ec6139a2e53c4e82172a52f0e02a03bafd063f2a9ffd4600e2af4d738d15309fc,ddc1d03f03ef7d821a8cfe5efe4220d791d07796a4a49a379893f4201e0155d4,unknown,dq0hf4.exe,exe,2026-09-21 01:54:24,MalwareBazaar
IMPHASH,c2d457ad8ac36fc9f18d45bffcd450c2,ddc1d03f03ef7d821a8cfe5efe4220d791d07796a4a49a379893f4201e0155d4,unknown,dq0hf4.exe,exe,2026-09-21 01:54:24,MalwareBazaar
TLSH,T111A65B4738D510A4D499E739C4BB53207E78BC8EC73263972F54AA781F60BD29839FA4,ddc1d03f03ef7d821a8cfe5efe4220d791d07796a4a49a379893f4201e0155d4,unknown,dq0hf4.exe,exe,2026-09-21 01:54:24,MalwareBazaar
SSDEEP,196608:aDrIX8spybUV8diHw3oBZJJH4kVWeuaXuOYr4O3k:HIk,ddc1d03f03ef7d821a8cfe5efe4220d791d07796a4a49a379893f4201e0155d4,unknown,dq0hf4.exe,exe,2026-09-21 01:54:24,MalwareBazaar
MD5,3cbbd7dd060fe026e591901f5439a7f6,5fabab3dc7f8b73ee1343b01ea9e3d7802a41d12e9a03b1c80f66b72b98fd3fa,unknown,macho_5fabab3dc7f8.bin,macho,2026-09-21 01:51:36,MalwareBazaar
SHA-1,583194f58e1d68b65e0d7de904d6de1316799a22,5fabab3dc7f8b73ee1343b01ea9e3d7802a41d12e9a03b1c80f66b72b98fd3fa,unknown,macho_5fabab3dc7f8.bin,macho,2026-09-21 01:51:36,MalwareBazaar
SHA-256,5fabab3dc7f8b73ee1343b01ea9e3d7802a41d12e9a03b1c80f66b72b98fd3fa,5fabab3dc7f8b73ee1343b01ea9e3d7802a41d12e9a03b1c80f66b72b98fd3fa,unknown,macho_5fabab3dc7f8.bin,macho,2026-09-21 01:51:36,MalwareBazaar
SHA3-384,d6263d86bd9c922946e95690f002058ed161dce10f3f18a365372b4952d58c957486c73aaf895cb3f5bd2b0171281eda,5fabab3dc7f8b73ee1343b01ea9e3d7802a41d12e9a03b1c80f66b72b98fd3fa,unknown,macho_5fabab3dc7f8.bin,macho,2026-09-21 01:51:36,MalwareBazaar
TLSH,T1DC050100CE665995F5CCDA312A6F47334E20BAB0828551CE63A65EC89F353F3E52F35A,5fabab3dc7f8b73ee1343b01ea9e3d7802a41d12e9a03b1c80f66b72b98fd3fa,unknown,macho_5fabab3dc7f8.bin,macho,2026-09-21 01:51:36,MalwareBazaar
SSDEEP,24576:IbL10UCja7gnjjtW4KVyvkAijWrg91PxSwUfA:iqZmBXGA,5fabab3dc7f8b73ee1343b01ea9e3d7802a41d12e9a03b1c80f66b72b98fd3fa,unknown,macho_5fabab3dc7f8.bin,macho,2026-09-21 01:51:36,MalwareBazaar
MD5,fbcc994a057e315dece6cab3d50158af,0541bb4f2c603677627f379c588dc8f0407f713e5290886bb2c86001d404ad23,unknown,file,exe,2026-09-21 01:47:31,MalwareBazaar
SHA-1,7c52fc0f2840aa7a9990056fd2463013903e2dad,0541bb4f2c603677627f379c588dc8f0407f713e5290886bb2c86001d404ad23,unknown,file,exe,2026-09-21 01:47:31,MalwareBazaar
SHA-256,0541bb4f2c603677627f379c588dc8f0407f713e5290886bb2c86001d404ad23,0541bb4f2c603677627f379c588dc8f0407f713e5290886bb2c86001d404ad23,unknown,file,exe,2026-09-21 01:47:31,MalwareBazaar
SHA3-384,2ae3aa1044384cdb0f1c05ad7dcf9b1103d9cea8a56be71658bcf1065091540d1efba695624b071fa24efda7811f0efc,0541bb4f2c603677627f379c588dc8f0407f713e5290886bb2c86001d404ad23,unknown,file,exe,2026-09-21 01:47:31,MalwareBazaar
IMPHASH,c64a9aaa58707c34f0569020880351cb,0541bb4f2c603677627f379c588dc8f0407f713e5290886bb2c86001d404ad23,unknown,file,exe,2026-09-21 01:47:31,MalwareBazaar
TLSH,T12D62D78AE8A22F6CDE8F90703A11F978BD7536918A6559E7D7828C355DA38D00034FFD,0541bb4f2c603677627f379c588dc8f0407f713e5290886bb2c86001d404ad23,unknown,file,exe,2026-09-21 01:47:31,MalwareBazaar
SSDEEP,192:fqHOoLPoHeVQBNBY0fidcj3wJLsN3AAK8BzvTt1NpkAm1paLsehDPP0B46U+ClTe:fKOe2/7c9sN3zfZR1m+RGbm6C,0541bb4f2c603677627f379c588dc8f0407f713e5290886bb2c86001d404ad23,unknown,file,exe,2026-09-21 01:47:31,MalwareBazaar
MD5,07b50b21a9494b9d38a446bd9a6617ae,731d654a1ee574915dbf0011b9749b5393a2e4fb84f64686a7a838e4ad6dd766,unknown,file,exe,2026-09-21 01:45:09,MalwareBazaar
SHA-1,a1dfc4862c675d84cf9da4ae0a44c22dc84058ce,731d654a1ee574915dbf0011b9749b5393a2e4fb84f64686a7a838e4ad6dd766,unknown,file,exe,2026-09-21 01:45:09,MalwareBazaar
SHA-256,731d654a1ee574915dbf0011b9749b5393a2e4fb84f64686a7a838e4ad6dd766,731d654a1ee574915dbf0011b9749b5393a2e4fb84f64686a7a838e4ad6dd766,unknown,file,exe,2026-09-21 01:45:09,MalwareBazaar
SHA3-384,834e976e8a1eeafcf6b71cb2a228aeb486eb49d8958bf52e9965d1ac3351fbaa8ce6a169d95ed876177b08d891559076,731d654a1ee574915dbf0011b9749b5393a2e4fb84f64686a7a838e4ad6dd766,unknown,file,exe,2026-09-21 01:45:09,MalwareBazaar
IMPHASH,c64a9aaa58707c34f0569020880351cb,731d654a1ee574915dbf0011b9749b5393a2e4fb84f64686a7a838e4ad6dd766,unknown,file,exe,2026-09-21 01:45:09,MalwareBazaar
TLSH,T15C62E786D8E22F6CDE4E80703B11F978BDB536948A6599E3D7928C305DA39D00424FFD,731d654a1ee574915dbf0011b9749b5393a2e4fb84f64686a7a838e4ad6dd766,unknown,file,exe,2026-09-21 01:45:09,MalwareBazaar
SSDEEP,192:fqHOoLPoHeVQBNBY0fidcj3wJLsN3AAK8BzvTt1NpkAm1paLsehDPP0B46Uc2T8s:fKOe2/7c9sN3zfZR1m+RG4To6C,731d654a1ee574915dbf0011b9749b5393a2e4fb84f64686a7a838e4ad6dd766,unknown,file,exe,2026-09-21 01:45:09,MalwareBazaar
MD5,1c430aeb83cf97476d499b16138b1401,a8c1ff106b08183461fef576642b6c8a9386a437c6e6fefd1daa7ff6838eade7,unknown,file,exe,2026-09-21 01:42:36,MalwareBazaar
SHA-1,22db002301da6b7f53c3981edfda9fc34d3ec5d1,a8c1ff106b08183461fef576642b6c8a9386a437c6e6fefd1daa7ff6838eade7,unknown,file,exe,2026-09-21 01:42:36,MalwareBazaar
SHA-256,a8c1ff106b08183461fef576642b6c8a9386a437c6e6fefd1daa7ff6838eade7,a8c1ff106b08183461fef576642b6c8a9386a437c6e6fefd1daa7ff6838eade7,unknown,file,exe,2026-09-21 01:42:36,MalwareBazaar
SHA3-384,33e660ae4819a56434af311cdd313c6dabc53ec69b499db5f0d8a0ce9972c6d6a753014230192a3e4a29a95505182ac2,a8c1ff106b08183461fef576642b6c8a9386a437c6e6fefd1daa7ff6838eade7,unknown,file,exe,2026-09-21 01:42:36,MalwareBazaar
IMPHASH,c64a9aaa58707c34f0569020880351cb,a8c1ff106b08183461fef576642b6c8a9386a437c6e6fefd1daa7ff6838eade7,unknown,file,exe,2026-09-21 01:42:36,MalwareBazaar
TLSH,T16362D686E8E22F9CDE4F80703E11F878ADB57691866569E7D7828C355EA38D00424FFD,a8c1ff106b08183461fef576642b6c8a9386a437c6e6fefd1daa7ff6838eade7,unknown,file,exe,2026-09-21 01:42:36,MalwareBazaar
SSDEEP,192:fqHOoLPoHeVQBNBY0fidcj3wJLsN3AAK8BzvTt1NpkAm1paLsehDPP0B46UC7xpR:fKOe2/7c9sN3zfZR1m+RGXQ6C,a8c1ff106b08183461fef576642b6c8a9386a437c6e6fefd1daa7ff6838eade7,unknown,file,exe,2026-09-21 01:42:36,MalwareBazaar
MD5,10e92cfb8e3bd97b7386e1a5e6f7dfb3,a37649842a47b8456a763c1b4878d08ea7ecee0ea861db2d7588f99f7e180cda,unknown,dred,unknown,2026-09-21 01:39:57,MalwareBazaar
SHA-256,a37649842a47b8456a763c1b4878d08ea7ecee0ea861db2d7588f99f7e180cda,a37649842a47b8456a763c1b4878d08ea7ecee0ea861db2d7588f99f7e180cda,unknown,dred,unknown,2026-09-21 01:39:57,MalwareBazaar
MD5,0cd48a2a764b093e3a18ff03e0ca09a0,cb6bf19586f74326a26c7dd76305e236abe4b49de6ee71453299bc9ec65b9939,Mirai,bot.x86_64,elf,2026-09-21 01:39:56,MalwareBazaar
SHA-1,12ee4e9424acf80ef90fc1260771a1061650b51d,cb6bf19586f74326a26c7dd76305e236abe4b49de6ee71453299bc9ec65b9939,Mirai,bot.x86_64,elf,2026-09-21 01:39:56,MalwareBazaar
SHA-256,cb6bf19586f74326a26c7dd76305e236abe4b49de6ee71453299bc9ec65b9939,cb6bf19586f74326a26c7dd76305e236abe4b49de6ee71453299bc9ec65b9939,Mirai,bot.x86_64,elf,2026-09-21 01:39:56,MalwareBazaar
SHA3-384,e871cd01a1e79c4c8483104c01ec5febbe5a6f2586b9bcad6983ec407795a6eb6b2418dba6263ac84db82b72162ccb27,cb6bf19586f74326a26c7dd76305e236abe4b49de6ee71453299bc9ec65b9939,Mirai,bot.x86_64,elf,2026-09-21 01:39:56,MalwareBazaar
TLSH,T1EA355C5BB2A374BCC557C430439BDA72BD35B46502226E7FA5C4DB302E26E602729F72,cb6bf19586f74326a26c7dd76305e236abe4b49de6ee71453299bc9ec65b9939,Mirai,bot.x86_64,elf,2026-09-21 01:39:56,MalwareBazaar
TELFHASH,t1e6e15cb44bf934f1a6e6e910a352f0f549771c2966ec35f11522ad98ef84fc10c7682b,cb6bf19586f74326a26c7dd76305e236abe4b49de6ee71453299bc9ec65b9939,Mirai,bot.x86_64,elf,2026-09-21 01:39:56,MalwareBazaar
SSDEEP,24576:xm8Drkx462+FnmjtfEPzRB0proqwgepxn7HYc9:xHD+462JfErRGoDgept74c9,cb6bf19586f74326a26c7dd76305e236abe4b49de6ee71453299bc9ec65b9939,Mirai,bot.x86_64,elf,2026-09-21 01:39:56,MalwareBazaar
MD5,050c6f93b4d5187ed8e859af3a9acdd0,0766787a6a5d07b2900e2237bf33bf87ec68c9c5dec7f6b065cadc4badb8fb88,unknown,file,exe,2026-09-21 01:39:49,MalwareBazaar
SHA-1,dca7bc3a98700bde724676df5fb678613af58019,0766787a6a5d07b2900e2237bf33bf87ec68c9c5dec7f6b065cadc4badb8fb88,unknown,file,exe,2026-09-21 01:39:49,MalwareBazaar
SHA-256,0766787a6a5d07b2900e2237bf33bf87ec68c9c5dec7f6b065cadc4badb8fb88,0766787a6a5d07b2900e2237bf33bf87ec68c9c5dec7f6b065cadc4badb8fb88,unknown,file,exe,2026-09-21 01:39:49,MalwareBazaar
SHA3-384,1fae34f650683bd5be2ce34ab9b66b246745432cdaf06a17894a6265322d54b339b49e84f8f2c01e45bb5ce9c8b6f3d8,0766787a6a5d07b2900e2237bf33bf87ec68c9c5dec7f6b065cadc4badb8fb88,unknown,file,exe,2026-09-21 01:39:49,MalwareBazaar
IMPHASH,c64a9aaa58707c34f0569020880351cb,0766787a6a5d07b2900e2237bf33bf87ec68c9c5dec7f6b065cadc4badb8fb88,unknown,file,exe,2026-09-21 01:39:49,MalwareBazaar
TLSH,T19F62C68AE9A22E6CCE8EC0703A11F9786D7532D0866699E7D7D28C314DA38D01435EFD,0766787a6a5d07b2900e2237bf33bf87ec68c9c5dec7f6b065cadc4badb8fb88,unknown,file,exe,2026-09-21 01:39:49,MalwareBazaar
SSDEEP,192:fqHOoLPoHeVQBNBY0fidcj3wJLsN3AAK8BzvTt1NpkAm1paLsehDPP0B46U/OA7e:fKOe2/7c9sN3zfZR1m+RGAOo6C,0766787a6a5d07b2900e2237bf33bf87ec68c9c5dec7f6b065cadc4badb8fb88,unknown,file,exe,2026-09-21 01:39:49,MalwareBazaar
MD5,cb926fa983448486b8229ed0a7989d97,c2aa2004111b9d8a44daab4f58b2a2a3abc9fc313cf6a19d31cf4c750ba09ad8,unknown,file,exe,2026-09-21 01:38:05,MalwareBazaar
SHA-1,b12130bc9aeba7a500c18b7f6080736b55e263dd,c2aa2004111b9d8a44daab4f58b2a2a3abc9fc313cf6a19d31cf4c750ba09ad8,unknown,file,exe,2026-09-21 01:38:05,MalwareBazaar
SHA-256,c2aa2004111b9d8a44daab4f58b2a2a3abc9fc313cf6a19d31cf4c750ba09ad8,c2aa2004111b9d8a44daab4f58b2a2a3abc9fc313cf6a19d31cf4c750ba09ad8,unknown,file,exe,2026-09-21 01:38:05,MalwareBazaar
SHA3-384,455c60bfe17a1645e29969d7b53812a2c20104b1033a2748932aed65d7e6d36ad58ea2999d8cd5852feee58863b1a07f,c2aa2004111b9d8a44daab4f58b2a2a3abc9fc313cf6a19d31cf4c750ba09ad8,unknown,file,exe,2026-09-21 01:38:05,MalwareBazaar
IMPHASH,c64a9aaa58707c34f0569020880351cb,c2aa2004111b9d8a44daab4f58b2a2a3abc9fc313cf6a19d31cf4c750ba09ad8,unknown,file,exe,2026-09-21 01:38:05,MalwareBazaar
TLSH,T14F62E686D8A26F5DEE8E80713A11F838AD7136D0862599F3D7828C345DA78D24534FFD,c2aa2004111b9d8a44daab4f58b2a2a3abc9fc313cf6a19d31cf4c750ba09ad8,unknown,file,exe,2026-09-21 01:38:05,MalwareBazaar
SSDEEP,192:fqHOoLPoHeVQBNBY0fidcj3wJLsN3AAK8BzvTt1NpkAm1paLsehDPP0B46UGRvr7:fKOe2/7c9sN3zfZR1m+RGtrr6jQ+6C,c2aa2004111b9d8a44daab4f58b2a2a3abc9fc313cf6a19d31cf4c750ba09ad8,unknown,file,exe,2026-09-21 01:38:05,MalwareBazaar
MD5,1a634e0a37cd5e50b6dbd87c55a531fb,498b21cb71c948c579b9c5732adf167c3899a162d8660058be750881fa1234b2,unknown,file,exe,2026-09-21 01:37:26,MalwareBazaar
SHA-1,a1b300e262446dd9540bca060659879476186568,498b21cb71c948c579b9c5732adf167c3899a162d8660058be750881fa1234b2,unknown,file,exe,2026-09-21 01:37:26,MalwareBazaar
SHA-256,498b21cb71c948c579b9c5732adf167c3899a162d8660058be750881fa1234b2,498b21cb71c948c579b9c5732adf167c3899a162d8660058be750881fa1234b2,unknown,file,exe,2026-09-21 01:37:26,MalwareBazaar
SHA3-384,f05bfd966d12285005a5a23a67dc22cca46968d7cd01c7c512af300bcff9c86c57eefc64d57e8e3b8092fa61ddef6857,498b21cb71c948c579b9c5732adf167c3899a162d8660058be750881fa1234b2,unknown,file,exe,2026-09-21 01:37:26,MalwareBazaar
IMPHASH,c64a9aaa58707c34f0569020880351cb,498b21cb71c948c579b9c5732adf167c3899a162d8660058be750881fa1234b2,unknown,file,exe,2026-09-21 01:37:26,MalwareBazaar
TLSH,T1FF62D78AE9D22F6CCE4ED0703A11F9387E7476948A5699E3D7C28C305DA7AD00534EBD,498b21cb71c948c579b9c5732adf167c3899a162d8660058be750881fa1234b2,unknown,file,exe,2026-09-21 01:37:26,MalwareBazaar
SSDEEP,192:fqHOoLPoHeVQBNBY0fidcj3wJLsN3AAK8BzvTt1NpkAm1paLsehDPP0B46UWd92q:fKOe2/7c9sN3zfZR1m+RGLvQ6C,498b21cb71c948c579b9c5732adf167c3899a162d8660058be750881fa1234b2,unknown,file,exe,2026-09-21 01:37:26,MalwareBazaar
MD5,fb7faab3e3895007f59abbf89960565e,14eadb08f490f786db8002704cfcd4241a421017f9b7f65099977a685c40cec5,unknown,file,exe,2026-09-21 01:35:35,MalwareBazaar
SHA-1,78a9dbbd5ce33f9ed59a1b1e84c00668a2dab658,14eadb08f490f786db8002704cfcd4241a421017f9b7f65099977a685c40cec5,unknown,file,exe,2026-09-21 01:35:35,MalwareBazaar
SHA-256,14eadb08f490f786db8002704cfcd4241a421017f9b7f65099977a685c40cec5,14eadb08f490f786db8002704cfcd4241a421017f9b7f65099977a685c40cec5,unknown,file,exe,2026-09-21 01:35:35,MalwareBazaar
SHA3-384,619734ba8bf9a305e2eaad8269be346e91fc6d23b56a6e3842ff296c5449b17941d5b9fb7a639900ff9ac6e861ea15d1,14eadb08f490f786db8002704cfcd4241a421017f9b7f65099977a685c40cec5,unknown,file,exe,2026-09-21 01:35:35,MalwareBazaar
IMPHASH,c64a9aaa58707c34f0569020880351cb,14eadb08f490f786db8002704cfcd4241a421017f9b7f65099977a685c40cec5,unknown,file,exe,2026-09-21 01:35:35,MalwareBazaar
TLSH,T14C62B586D8A22F5EDE8E90703E11F8B8B9707690C67559E3D7C28C355DA39D40428EBE,14eadb08f490f786db8002704cfcd4241a421017f9b7f65099977a685c40cec5,unknown,file,exe,2026-09-21 01:35:35,MalwareBazaar
SSDEEP,192:fqHOoLPoHeVQBNBY0fidcj3wJLsN3AAK8BzvTt1NpkAm1paLsehDPP0B46Uz/+BM:fKOe2/7c9sN3zfZR1m+RGc+6C,14eadb08f490f786db8002704cfcd4241a421017f9b7f65099977a685c40cec5,unknown,file,exe,2026-09-21 01:35:35,MalwareBazaar
MD5,4d62e349a1c7c61ddcd2496fb0ef7dc1,2bb36d4cb0ee32753b23d3f95e0324870711d6c85ff901bbc8de68b23f419db7,unknown,file,exe,2026-09-21 01:34:51,MalwareBazaar
SHA-1,cfc8f6578d7c13b0d313b34d804083a957ab55dd,2bb36d4cb0ee32753b23d3f95e0324870711d6c85ff901bbc8de68b23f419db7,unknown,file,exe,2026-09-21 01:34:51,MalwareBazaar
SHA-256,2bb36d4cb0ee32753b23d3f95e0324870711d6c85ff901bbc8de68b23f419db7,2bb36d4cb0ee32753b23d3f95e0324870711d6c85ff901bbc8de68b23f419db7,unknown,file,exe,2026-09-21 01:34:51,MalwareBazaar
SHA3-384,109cccfed346feb49b2b3943fa6ecede101d9282cffce3e4a854842dfaacd1259ab80f59e0e1cbaf89e9ec83212cc3eb,2bb36d4cb0ee32753b23d3f95e0324870711d6c85ff901bbc8de68b23f419db7,unknown,file,exe,2026-09-21 01:34:51,MalwareBazaar
IMPHASH,c64a9aaa58707c34f0569020880351cb,2bb36d4cb0ee32753b23d3f95e0324870711d6c85ff901bbc8de68b23f419db7,unknown,file,exe,2026-09-21 01:34:51,MalwareBazaar
TLSH,T1C262C78AD9A21F6DCE4F80703A11F878BDB036E0966699F3D7818C3159B39D04525FF9,2bb36d4cb0ee32753b23d3f95e0324870711d6c85ff901bbc8de68b23f419db7,unknown,file,exe,2026-09-21 01:34:51,MalwareBazaar
SSDEEP,192:fqHOoLPoHeVQBNBY0fidcj3wJLsN3AAK8BzvTt1NpkAm1paLsehDPP0B46UJyLen:fKOe2/7c9sN3zfZR1m+RGlSG6C,2bb36d4cb0ee32753b23d3f95e0324870711d6c85ff901bbc8de68b23f419db7,unknown,file,exe,2026-09-21 01:34:51,MalwareBazaar
MD5,ae868d95553cf332b071da74cb60c0f6,e86adbad6c3d13ddab441084a6568f08bd7b72fd68de68fda6d46a560afb9a97,unknown,file,exe,2026-09-21 01:21:16,MalwareBazaar
SHA-1,559f5756f92637e13a20192ad7523672d8d08c4e,e86adbad6c3d13ddab441084a6568f08bd7b72fd68de68fda6d46a560afb9a97,unknown,file,exe,2026-09-21 01:21:16,MalwareBazaar
SHA-256,e86adbad6c3d13ddab441084a6568f08bd7b72fd68de68fda6d46a560afb9a97,e86adbad6c3d13ddab441084a6568f08bd7b72fd68de68fda6d46a560afb9a97,unknown,file,exe,2026-09-21 01:21:16,MalwareBazaar
SHA3-384,ec94a7315609de2ace40a7fecf969af2452a368a4ee9e05c960f920f17bc2e38a5ca1f38f309d7eb1c359b4fa0d87230,e86adbad6c3d13ddab441084a6568f08bd7b72fd68de68fda6d46a560afb9a97,unknown,file,exe,2026-09-21 01:21:16,MalwareBazaar
IMPHASH,c64a9aaa58707c34f0569020880351cb,e86adbad6c3d13ddab441084a6568f08bd7b72fd68de68fda6d46a560afb9a97,unknown,file,exe,2026-09-21 01:21:16,MalwareBazaar
TLSH,T1EE62C78AD9A2AF5CCE4ED0703F11F8686DB13A91866569E3D7828C345DA79D01034EFD,e86adbad6c3d13ddab441084a6568f08bd7b72fd68de68fda6d46a560afb9a97,unknown,file,exe,2026-09-21 01:21:16,MalwareBazaar
SSDEEP,192:fqHOoLPoHeVQBNBY0fidcj3wJLsN3AAK8BzvTt1NpkAm1paLsehDPP0B46UI9aFp:fKOe2/7c9sN3zfZR1m+RG99v6C,e86adbad6c3d13ddab441084a6568f08bd7b72fd68de68fda6d46a560afb9a97,unknown,file,exe,2026-09-21 01:21:16,MalwareBazaar
MD5,618cb7dda81ae71c0be3857e92b20c74,9eb24cbcd482418db3c787ab26d378b7d88d783c589473358210668810c22aed,Mirai,9eb24cbcd482418db3c787ab26d378b7d88d783c589473358210668810c22aed,elf,2026-09-21 01:19:22,MalwareBazaar
SHA-1,55b24acf3bcc8767683b7ed88147303791f7dbd4,9eb24cbcd482418db3c787ab26d378b7d88d783c589473358210668810c22aed,Mirai,9eb24cbcd482418db3c787ab26d378b7d88d783c589473358210668810c22aed,elf,2026-09-21 01:19:22,MalwareBazaar
SHA-256,9eb24cbcd482418db3c787ab26d378b7d88d783c589473358210668810c22aed,9eb24cbcd482418db3c787ab26d378b7d88d783c589473358210668810c22aed,Mirai,9eb24cbcd482418db3c787ab26d378b7d88d783c589473358210668810c22aed,elf,2026-09-21 01:19:22,MalwareBazaar
SHA3-384,13e8a9bfa69a6de8d917b6e51bcfc5a9a894dce522291e6224a968d017c4ce6550424c9c0c43f2cbca5eeae41bd0bbe7,9eb24cbcd482418db3c787ab26d378b7d88d783c589473358210668810c22aed,Mirai,9eb24cbcd482418db3c787ab26d378b7d88d783c589473358210668810c22aed,elf,2026-09-21 01:19:22,MalwareBazaar
TLSH,T1B744398AFD80AF25D5C5267BFE2F428A33131BB8D2EB71129D145F24768A94F0F3A541,9eb24cbcd482418db3c787ab26d378b7d88d783c589473358210668810c22aed,Mirai,9eb24cbcd482418db3c787ab26d378b7d88d783c589473358210668810c22aed,elf,2026-09-21 01:19:22,MalwareBazaar
SSDEEP,6144:T2s/gAWuboqsJ9xcJxspJBqQgTuaJZRhVabE5wKSDP99zBa77oNsKqqfPqOJ:T2s/bW+UmJqBxAuaPRhVabEDSDP99zBT,9eb24cbcd482418db3c787ab26d378b7d88d783c589473358210668810c22aed,Mirai,9eb24cbcd482418db3c787ab26d378b7d88d783c589473358210668810c22aed,elf,2026-09-21 01:19:22,MalwareBazaar
MD5,f6293474a6be361c394a94ef5a5fb85f,0f5e1dbcd1904061d0f1d967ab43f8a441e8dabbda4179e0717e2aefdf6afb1a,unknown,file,exe,2026-09-21 01:19:17,MalwareBazaar
SHA-1,d7d8a4760a390023f64d6097b9e72c20d35ae259,0f5e1dbcd1904061d0f1d967ab43f8a441e8dabbda4179e0717e2aefdf6afb1a,unknown,file,exe,2026-09-21 01:19:17,MalwareBazaar
SHA-256,0f5e1dbcd1904061d0f1d967ab43f8a441e8dabbda4179e0717e2aefdf6afb1a,0f5e1dbcd1904061d0f1d967ab43f8a441e8dabbda4179e0717e2aefdf6afb1a,unknown,file,exe,2026-09-21 01:19:17,MalwareBazaar
SHA3-384,11e04b6d4c206399ddebfad94a2a9d7b061f7662fd07230261211b09b89c325c060f9c22f6d864c99ca5d7a1b2bcf9f2,0f5e1dbcd1904061d0f1d967ab43f8a441e8dabbda4179e0717e2aefdf6afb1a,unknown,file,exe,2026-09-21 01:19:17,MalwareBazaar
IMPHASH,c64a9aaa58707c34f0569020880351cb,0f5e1dbcd1904061d0f1d967ab43f8a441e8dabbda4179e0717e2aefdf6afb1a,unknown,file,exe,2026-09-21 01:19:17,MalwareBazaar
TLSH,T1D762C487E8A22FADCE4E80703A11F938BD7432909A6569F7D7929D305DA79D00424EF9,0f5e1dbcd1904061d0f1d967ab43f8a441e8dabbda4179e0717e2aefdf6afb1a,unknown,file,exe,2026-09-21 01:19:17,MalwareBazaar
SSDEEP,384:fKOe2/7c9sN3zfZR1m+RGNAAAAAAAAAAAAAAAAAAAAAAAAn6C:fKOeOQOzUxNAAAAAAAAAAAAAAAAAAAAy,0f5e1dbcd1904061d0f1d967ab43f8a441e8dabbda4179e0717e2aefdf6afb1a,unknown,file,exe,2026-09-21 01:19:17,MalwareBazaar
MD5,6222bca79428b725724b49f26bcb8646,61957e253c812ff892dcfe3959a766c1dad06866534ae4ad22c8b100b83519d3,unknown,file,exe,2026-09-21 01:19:17,MalwareBazaar
SHA-1,493bcd14c9364f0b568e238b76587c8ae886f5e4,61957e253c812ff892dcfe3959a766c1dad06866534ae4ad22c8b100b83519d3,unknown,file,exe,2026-09-21 01:19:17,MalwareBazaar
SHA-256,61957e253c812ff892dcfe3959a766c1dad06866534ae4ad22c8b100b83519d3,61957e253c812ff892dcfe3959a766c1dad06866534ae4ad22c8b100b83519d3,unknown,file,exe,2026-09-21 01:19:17,MalwareBazaar
SHA3-384,03f2a682a42cafb021e55a8e8bbca338310c11734f569c6f0dfce5f2acb8d001150d81e9ca07350c059e8d9c6df1d376,61957e253c812ff892dcfe3959a766c1dad06866534ae4ad22c8b100b83519d3,unknown,file,exe,2026-09-21 01:19:17,MalwareBazaar
IMPHASH,c64a9aaa58707c34f0569020880351cb,61957e253c812ff892dcfe3959a766c1dad06866534ae4ad22c8b100b83519d3,unknown,file,exe,2026-09-21 01:19:17,MalwareBazaar
TLSH,T14A62C78AD9926F6CDE4EC0703F11F878AD747690CA6A99F7D7828D305E639D00024EF9,61957e253c812ff892dcfe3959a766c1dad06866534ae4ad22c8b100b83519d3,unknown,file,exe,2026-09-21 01:19:17,MalwareBazaar
SSDEEP,384:fKOe2/7c9sN3zfZR1m+RGLm3GGGGGGGGGj6C:fKOeOQOzUxL36,61957e253c812ff892dcfe3959a766c1dad06866534ae4ad22c8b100b83519d3,unknown,file,exe,2026-09-21 01:19:17,MalwareBazaar
MD5,ebefa0caff29954431f947343058fc96,dd00defe265bd901fe466a7832acbe0c6d957a6ca309b6a211ddc17076a14461,unknown,file,exe,2026-09-21 01:17:31,MalwareBazaar
SHA-1,708481301e3b5e0e7988d8aa112ed7bd495e73d8,dd00defe265bd901fe466a7832acbe0c6d957a6ca309b6a211ddc17076a14461,unknown,file,exe,2026-09-21 01:17:31,MalwareBazaar
SHA-256,dd00defe265bd901fe466a7832acbe0c6d957a6ca309b6a211ddc17076a14461,dd00defe265bd901fe466a7832acbe0c6d957a6ca309b6a211ddc17076a14461,unknown,file,exe,2026-09-21 01:17:31,MalwareBazaar
SHA3-384,eb7409cec183b9d29900d61ee5a6a285c4062fed02080fd8e093bd8ecf2574b363de0905539cea7653c242aa2ffa3320,dd00defe265bd901fe466a7832acbe0c6d957a6ca309b6a211ddc17076a14461,unknown,file,exe,2026-09-21 01:17:31,MalwareBazaar
IMPHASH,c64a9aaa58707c34f0569020880351cb,dd00defe265bd901fe466a7832acbe0c6d957a6ca309b6a211ddc17076a14461,unknown,file,exe,2026-09-21 01:17:31,MalwareBazaar
TLSH,T19E62C886ECD25E9CDE4E80703A21F83CAD727694866569E3D7818D315D639D00534EFA,dd00defe265bd901fe466a7832acbe0c6d957a6ca309b6a211ddc17076a14461,unknown,file,exe,2026-09-21 01:17:31,MalwareBazaar
SSDEEP,192:fqHOoLPoHeVQBNBY0fidcj3wJLsN3AAK8BzvTt1NpkAm1paLsehDPP0B46UexvBM:fKOe2/7c9sN3zfZR1m+RGh6C,dd00defe265bd901fe466a7832acbe0c6d957a6ca309b6a211ddc17076a14461,unknown,file,exe,2026-09-21 01:17:31,MalwareBazaar
MD5,a07e10c38d66f00fc80c28f079385466,a93532d58650bf020c997d4d2abc2fbf00a078537063c9de9e14bf8aa4df8046,unknown,file,exe,2026-09-21 01:16:53,MalwareBazaar
SHA-1,1e19d0a86cb3f6e80b70d3e39f08609d2acb4a82,a93532d58650bf020c997d4d2abc2fbf00a078537063c9de9e14bf8aa4df8046,unknown,file,exe,2026-09-21 01:16:53,MalwareBazaar
SHA-256,a93532d58650bf020c997d4d2abc2fbf00a078537063c9de9e14bf8aa4df8046,a93532d58650bf020c997d4d2abc2fbf00a078537063c9de9e14bf8aa4df8046,unknown,file,exe,2026-09-21 01:16:53,MalwareBazaar
SHA3-384,8f06fc1b16f0afe611e1b9444d29f2dff9ff64b19bd6eea01c6f648653e839389154e342cf4e58a617d7cd6bd98c18af,a93532d58650bf020c997d4d2abc2fbf00a078537063c9de9e14bf8aa4df8046,unknown,file,exe,2026-09-21 01:16:53,MalwareBazaar
IMPHASH,c64a9aaa58707c34f0569020880351cb,a93532d58650bf020c997d4d2abc2fbf00a078537063c9de9e14bf8aa4df8046,unknown,file,exe,2026-09-21 01:16:53,MalwareBazaar
TLSH,T15362C48AD9A26F6CCE4E80703A11F92CBDF17690866969E3D7928C305DA3DD00434FF9,a93532d58650bf020c997d4d2abc2fbf00a078537063c9de9e14bf8aa4df8046,unknown,file,exe,2026-09-21 01:16:53,MalwareBazaar
SSDEEP,192:fqHOoLPoHeVQBNBY0fidcj3wJLsN3AAK8BzvTt1NpkAm1paLsehDPP0B46UHYBgn:fKOe2/7c9sN3zfZR1m+RGuY6C,a93532d58650bf020c997d4d2abc2fbf00a078537063c9de9e14bf8aa4df8046,unknown,file,exe,2026-09-21 01:16:53,MalwareBazaar
MD5,209fbadb04b525bfb5108bd3f0705299,13feea8b62c25c3f0fc396565d0ab40874a497cd90398fd9296eccf59586174b,unknown,file,exe,2026-09-21 01:16:51,MalwareBazaar
SHA-1,8040315aa1f8cccd83d2b0b009db592e9c52a57d,13feea8b62c25c3f0fc396565d0ab40874a497cd90398fd9296eccf59586174b,unknown,file,exe,2026-09-21 01:16:51,MalwareBazaar
SHA-256,13feea8b62c25c3f0fc396565d0ab40874a497cd90398fd9296eccf59586174b,13feea8b62c25c3f0fc396565d0ab40874a497cd90398fd9296eccf59586174b,unknown,file,exe,2026-09-21 01:16:51,MalwareBazaar
SHA3-384,3f7c5f7245207d64a12ab08edd76e7247f227a896f9d4b0d6adf0d193bc8d6f121f522f74b26498f030707db8f3564e1,13feea8b62c25c3f0fc396565d0ab40874a497cd90398fd9296eccf59586174b,unknown,file,exe,2026-09-21 01:16:51,MalwareBazaar
IMPHASH,c64a9aaa58707c34f0569020880351cb,13feea8b62c25c3f0fc396565d0ab40874a497cd90398fd9296eccf59586174b,unknown,file,exe,2026-09-21 01:16:51,MalwareBazaar
TLSH,T1F462D69AD9A22F6DDE4E80703A11F938B97432909A695DF3D7828C345D638D90035FFD,13feea8b62c25c3f0fc396565d0ab40874a497cd90398fd9296eccf59586174b,unknown,file,exe,2026-09-21 01:16:51,MalwareBazaar
SSDEEP,192:fqHOoLPoHeVQBNBY0fidcj3wJLsN3AAK8BzvTt1NpkAm1paLsehDPP0B46UwBgCc:fKOe2/7c9sN3zfZR1m+RGT6C,13feea8b62c25c3f0fc396565d0ab40874a497cd90398fd9296eccf59586174b,unknown,file,exe,2026-09-21 01:16:51,MalwareBazaar
MD5,a3635387a18bf1200ec9db448b29c255,369aab05bae5fa73828e94d7aaab5bed42fb18b10236535a7f47570631bf43b1,unknown,file,exe,2026-09-21 01:16:41,MalwareBazaar
SHA-1,0938ce5e1d27b53380d12a86399e96589e480214,369aab05bae5fa73828e94d7aaab5bed42fb18b10236535a7f47570631bf43b1,unknown,file,exe,2026-09-21 01:16:41,MalwareBazaar
SHA-256,369aab05bae5fa73828e94d7aaab5bed42fb18b10236535a7f47570631bf43b1,369aab05bae5fa73828e94d7aaab5bed42fb18b10236535a7f47570631bf43b1,unknown,file,exe,2026-09-21 01:16:41,MalwareBazaar
SHA3-384,075002154339639aeea36e235c272aa29266e23b6e35f64bcac3cbde29fa19ef9cdc521c4616d3fdc371358f0dfc1d85,369aab05bae5fa73828e94d7aaab5bed42fb18b10236535a7f47570631bf43b1,unknown,file,exe,2026-09-21 01:16:41,MalwareBazaar
IMPHASH,c64a9aaa58707c34f0569020880351cb,369aab05bae5fa73828e94d7aaab5bed42fb18b10236535a7f47570631bf43b1,unknown,file,exe,2026-09-21 01:16:41,MalwareBazaar
TLSH,T1B962C586D9E26F6CDE4F80703B11F968ADB47AD08A6559E7D782CC309DA39D10024FF9,369aab05bae5fa73828e94d7aaab5bed42fb18b10236535a7f47570631bf43b1,unknown,file,exe,2026-09-21 01:16:41,MalwareBazaar
SSDEEP,192:fqHOoLPoHeVQBNBY0fidcj3wJLsN3AAK8BzvTt1NpkAm1paLsehDPP0B46UJF2rt:fKOe2/7c9sN3zfZR1m+RGgF2rk6C,369aab05bae5fa73828e94d7aaab5bed42fb18b10236535a7f47570631bf43b1,unknown,file,exe,2026-09-21 01:16:41,MalwareBazaar
MD5,dd85357578202d939e8fc80280974d1e,cae0697aa8c68dd3e83129bfa1d2e92fa2011912b774aa98dee6ca8d16a677ec,unknown,file,exe,2026-09-21 01:15:14,MalwareBazaar
SHA-1,c53fd26294044762f9b0b67b39b9a05aeebb0d66,cae0697aa8c68dd3e83129bfa1d2e92fa2011912b774aa98dee6ca8d16a677ec,unknown,file,exe,2026-09-21 01:15:14,MalwareBazaar
SHA-256,cae0697aa8c68dd3e83129bfa1d2e92fa2011912b774aa98dee6ca8d16a677ec,cae0697aa8c68dd3e83129bfa1d2e92fa2011912b774aa98dee6ca8d16a677ec,unknown,file,exe,2026-09-21 01:15:14,MalwareBazaar
SHA3-384,87f8de29ad38efd1805883045c8a58f74bcbe50932797e736ce445cf249fe8669b8fc34f95cd248e6255f7a0477df8e3,cae0697aa8c68dd3e83129bfa1d2e92fa2011912b774aa98dee6ca8d16a677ec,unknown,file,exe,2026-09-21 01:15:14,MalwareBazaar
IMPHASH,c64a9aaa58707c34f0569020880351cb,cae0697aa8c68dd3e83129bfa1d2e92fa2011912b774aa98dee6ca8d16a677ec,unknown,file,exe,2026-09-21 01:15:14,MalwareBazaar
TLSH,T15F62D5C6EDE22F6CDE8E80703A11F8287D707292866599F3D7868C215DA79D00024FF9,cae0697aa8c68dd3e83129bfa1d2e92fa2011912b774aa98dee6ca8d16a677ec,unknown,file,exe,2026-09-21 01:15:14,MalwareBazaar
SSDEEP,192:fqHOoLPoHeVQBNBY0fidcj3wJLsN3AAK8BzvTt1NpkAm1paLsehDPP0B46UbYmHe:fKOe2/7c9sN3zfZR1m+RGkb6C,cae0697aa8c68dd3e83129bfa1d2e92fa2011912b774aa98dee6ca8d16a677ec,unknown,file,exe,2026-09-21 01:15:14,MalwareBazaar
MD5,7ba1ae8db840603c8f88682c0c82ef27,3ff11eae1e8b38d9d1724c92f013fa00c4a8644649674b91f3bd9960acabfa33,unknown,file,exe,2026-09-21 01:14:24,MalwareBazaar
SHA-1,de4908a446e37421eeb159fdf2c41f1083f2861d,3ff11eae1e8b38d9d1724c92f013fa00c4a8644649674b91f3bd9960acabfa33,unknown,file,exe,2026-09-21 01:14:24,MalwareBazaar
SHA-256,3ff11eae1e8b38d9d1724c92f013fa00c4a8644649674b91f3bd9960acabfa33,3ff11eae1e8b38d9d1724c92f013fa00c4a8644649674b91f3bd9960acabfa33,unknown,file,exe,2026-09-21 01:14:24,MalwareBazaar
SHA3-384,677132a7b25c8f44e5de68e13448feaa2f6ad99a0142137ff089de61422573cda993dea74008bade070210579999a815,3ff11eae1e8b38d9d1724c92f013fa00c4a8644649674b91f3bd9960acabfa33,unknown,file,exe,2026-09-21 01:14:24,MalwareBazaar
IMPHASH,c64a9aaa58707c34f0569020880351cb,3ff11eae1e8b38d9d1724c92f013fa00c4a8644649674b91f3bd9960acabfa33,unknown,file,exe,2026-09-21 01:14:24,MalwareBazaar
TLSH,T10162E68AD8D22E6CEE4E91707A11F828BDB4369486659DE3DB828D345DF38D00434FF9,3ff11eae1e8b38d9d1724c92f013fa00c4a8644649674b91f3bd9960acabfa33,unknown,file,exe,2026-09-21 01:14:24,MalwareBazaar
SSDEEP,192:fqHOoLPoHeVQBNBY0fidcj3wJLsN3AAK8BzvTt1NpkAm1paLsehDPP0B46UF+Bgn:fKOe2/7c9sN3zfZR1m+RGv6C,3ff11eae1e8b38d9d1724c92f013fa00c4a8644649674b91f3bd9960acabfa33,unknown,file,exe,2026-09-21 01:14:24,MalwareBazaar
MD5,0dd352c95d3b31c984dd6059b850f01e,89a8d6df68ed3e7313935363c9468af937604dcae0a06c24f78c11a8e0b2f095,unknown,file,exe,2026-09-21 01:14:02,MalwareBazaar
SHA-1,3df229ef50929172e996315cfdc64e0641dc9bfa,89a8d6df68ed3e7313935363c9468af937604dcae0a06c24f78c11a8e0b2f095,unknown,file,exe,2026-09-21 01:14:02,MalwareBazaar
SHA-256,89a8d6df68ed3e7313935363c9468af937604dcae0a06c24f78c11a8e0b2f095,89a8d6df68ed3e7313935363c9468af937604dcae0a06c24f78c11a8e0b2f095,unknown,file,exe,2026-09-21 01:14:02,MalwareBazaar
SHA3-384,ea2c86b70eb932b01239268469112e570fca59e726ca058f036bc5c3bb17c2bc7b25d5e61296c020b25b0e5136143c3c,89a8d6df68ed3e7313935363c9468af937604dcae0a06c24f78c11a8e0b2f095,unknown,file,exe,2026-09-21 01:14:02,MalwareBazaar
IMPHASH,c64a9aaa58707c34f0569020880351cb,89a8d6df68ed3e7313935363c9468af937604dcae0a06c24f78c11a8e0b2f095,unknown,file,exe,2026-09-21 01:14:02,MalwareBazaar
TLSH,T18762D686D9A32F5DEE4FC0703A21F878AE7132D9866599E7C7828D245DA39D00424FFD,89a8d6df68ed3e7313935363c9468af937604dcae0a06c24f78c11a8e0b2f095,unknown,file,exe,2026-09-21 01:14:02,MalwareBazaar
SSDEEP,192:fqHOoLPoHeVQBNBY0fidcj3wJLsN3AAK8BzvTt1NpkAm1paLsehDPP0B46UywBgn:fKOe2/7c9sN3zfZR1m+RGzw6C,89a8d6df68ed3e7313935363c9468af937604dcae0a06c24f78c11a8e0b2f095,unknown,file,exe,2026-09-21 01:14:02,MalwareBazaar
MD5,78e5038c4c3bb43fffd3b71794fafb4e,2c94c07af82326a289f7a983a1a76323f5a0860b728bd390e8ba8d0e754da7d3,unknown,file,exe,2026-09-21 01:12:26,MalwareBazaar
SHA-1,3a39367fc6abb02f47eb4c31fe7a46109e7c2959,2c94c07af82326a289f7a983a1a76323f5a0860b728bd390e8ba8d0e754da7d3,unknown,file,exe,2026-09-21 01:12:26,MalwareBazaar
SHA-256,2c94c07af82326a289f7a983a1a76323f5a0860b728bd390e8ba8d0e754da7d3,2c94c07af82326a289f7a983a1a76323f5a0860b728bd390e8ba8d0e754da7d3,unknown,file,exe,2026-09-21 01:12:26,MalwareBazaar
SHA3-384,5c3400898197d7024683fea558f7155bf7c9f53d63bd55cbb723a6bc6829b21dc6ce6eb558d0a21d73ba99503f0c3863,2c94c07af82326a289f7a983a1a76323f5a0860b728bd390e8ba8d0e754da7d3,unknown,file,exe,2026-09-21 01:12:26,MalwareBazaar
IMPHASH,c64a9aaa58707c34f0569020880351cb,2c94c07af82326a289f7a983a1a76323f5a0860b728bd390e8ba8d0e754da7d3,unknown,file,exe,2026-09-21 01:12:26,MalwareBazaar
TLSH,T1EF62E78AD8A22F6CDE4E80B03A52F838BD74369089655DF3D7928C345DA78D11524FFE,2c94c07af82326a289f7a983a1a76323f5a0860b728bd390e8ba8d0e754da7d3,unknown,file,exe,2026-09-21 01:12:26,MalwareBazaar
SSDEEP,192:fqHOoLPoHeVQBNBY0fidcj3wJLsN3AAK8BzvTt1NpkAm1paLsehDPP0B46UwEGBM:fKOe2/7c9sN3zfZR1m+RGgG6C,2c94c07af82326a289f7a983a1a76323f5a0860b728bd390e8ba8d0e754da7d3,unknown,file,exe,2026-09-21 01:12:26,MalwareBazaar
MD5,c48585da123d09bc56c48f4c69e53592,7acfc5d3321a2253420d30e60d8a2900ce16142e8e0f94a88e87d796187ddc1f,unknown,7acfc5d3321a2253420d30e60d8a2900ce16142e8e0f94a88e87d796187ddc1f.bin,zip,2026-09-21 01:09:58,MalwareBazaar
SHA-1,ec6265b5913f0110853916dcf0a57bb0a4766e4d,7acfc5d3321a2253420d30e60d8a2900ce16142e8e0f94a88e87d796187ddc1f,unknown,7acfc5d3321a2253420d30e60d8a2900ce16142e8e0f94a88e87d796187ddc1f.bin,zip,2026-09-21 01:09:58,MalwareBazaar
SHA-256,7acfc5d3321a2253420d30e60d8a2900ce16142e8e0f94a88e87d796187ddc1f,7acfc5d3321a2253420d30e60d8a2900ce16142e8e0f94a88e87d796187ddc1f,unknown,7acfc5d3321a2253420d30e60d8a2900ce16142e8e0f94a88e87d796187ddc1f.bin,zip,2026-09-21 01:09:58,MalwareBazaar
SHA3-384,581a3eb252b046c81c908f38be22ebcb9b487b6bbd08238d505361af123a1791835f6d2ea3d3b3f4be72d63865fa89ee,7acfc5d3321a2253420d30e60d8a2900ce16142e8e0f94a88e87d796187ddc1f,unknown,7acfc5d3321a2253420d30e60d8a2900ce16142e8e0f94a88e87d796187ddc1f.bin,zip,2026-09-21 01:09:58,MalwareBazaar
TLSH,T16D641264630A146EC7E265125AAE808A3FCDDE0CA14FD8CB5D81971C539046CF6BE7AF,7acfc5d3321a2253420d30e60d8a2900ce16142e8e0f94a88e87d796187ddc1f,unknown,7acfc5d3321a2253420d30e60d8a2900ce16142e8e0f94a88e87d796187ddc1f.bin,zip,2026-09-21 01:09:58,MalwareBazaar
SSDEEP,6144:jelVcZr4DJYUEHlrQcFyzmqYUoOv2HeuREaEXLSqDJY4E3lPQGTOzMqmUoGpyHNB:j06cYRHl0rGGv2HeHpXL3Yt3lofa+pyj,7acfc5d3321a2253420d30e60d8a2900ce16142e8e0f94a88e87d796187ddc1f,unknown,7acfc5d3321a2253420d30e60d8a2900ce16142e8e0f94a88e87d796187ddc1f.bin,zip,2026-09-21 01:09:58,MalwareBazaar
MD5,f1293c4a3b91ed25aac03bef2ec7bf25,fef726f1f0c5243f8aa0a59dca4e5647c11f2bc20198193962f38d00d5bb186c,Mirai,fef726f1f0c5243f8aa0a59dca4e5647c11f2bc20198193962f38d00d5bb186c.elf,elf,2026-09-21 01:09:51,MalwareBazaar
SHA-1,c7843a85f95f2bb6ae8cc8803096060034406061,fef726f1f0c5243f8aa0a59dca4e5647c11f2bc20198193962f38d00d5bb186c,Mirai,fef726f1f0c5243f8aa0a59dca4e5647c11f2bc20198193962f38d00d5bb186c.elf,elf,2026-09-21 01:09:51,MalwareBazaar
SHA-256,fef726f1f0c5243f8aa0a59dca4e5647c11f2bc20198193962f38d00d5bb186c,fef726f1f0c5243f8aa0a59dca4e5647c11f2bc20198193962f38d00d5bb186c,Mirai,fef726f1f0c5243f8aa0a59dca4e5647c11f2bc20198193962f38d00d5bb186c.elf,elf,2026-09-21 01:09:51,MalwareBazaar
SHA3-384,76c798ec9356177e27dbf80c742b1a57f6a91ba065980909b246f43324a23d7b6fe74b2d00d337d254f472cb1bff1807,fef726f1f0c5243f8aa0a59dca4e5647c11f2bc20198193962f38d00d5bb186c,Mirai,fef726f1f0c5243f8aa0a59dca4e5647c11f2bc20198193962f38d00d5bb186c.elf,elf,2026-09-21 01:09:51,MalwareBazaar
TLSH,T1CC125147A2D1CE7FC8E813384457122472BBD47ADFA29713060C65B66E923DC1E6DF8A,fef726f1f0c5243f8aa0a59dca4e5647c11f2bc20198193962f38d00d5bb186c,Mirai,fef726f1f0c5243f8aa0a59dca4e5647c11f2bc20198193962f38d00d5bb186c.elf,elf,2026-09-21 01:09:51,MalwareBazaar
TELFHASH,t159b02b025470414c8ff221380c24cc831202c1a3c9415f608d40f740ca3f08d804cf4d,fef726f1f0c5243f8aa0a59dca4e5647c11f2bc20198193962f38d00d5bb186c,Mirai,fef726f1f0c5243f8aa0a59dca4e5647c11f2bc20198193962f38d00d5bb186c.elf,elf,2026-09-21 01:09:51,MalwareBazaar
SSDEEP,96:GjOTpJ4WHbHf5WlTTej6TNJ9VvNddfs2oYJYoBSf7meaamBFBp8hBdZvZ4:G6z4WTyTTfTpV7dfs2So8f2Tr8h3,fef726f1f0c5243f8aa0a59dca4e5647c11f2bc20198193962f38d00d5bb186c,Mirai,fef726f1f0c5243f8aa0a59dca4e5647c11f2bc20198193962f38d00d5bb186c.elf,elf,2026-09-21 01:09:51,MalwareBazaar
MD5,3b2fda0b5ea761b1a0084915088d3331,b8ab8a050e34c8004a32b78c8908d454ef211387e3ba015710ccd425903a7133,Mirai,b8ab8a050e34c8004a32b78c8908d454ef211387e3ba015710ccd425903a7133.elf,elf,2026-09-21 01:09:47,MalwareBazaar
SHA-1,7f19264b07290b901a4ea563c341d88789e6aa7d,b8ab8a050e34c8004a32b78c8908d454ef211387e3ba015710ccd425903a7133,Mirai,b8ab8a050e34c8004a32b78c8908d454ef211387e3ba015710ccd425903a7133.elf,elf,2026-09-21 01:09:47,MalwareBazaar
SHA-256,b8ab8a050e34c8004a32b78c8908d454ef211387e3ba015710ccd425903a7133,b8ab8a050e34c8004a32b78c8908d454ef211387e3ba015710ccd425903a7133,Mirai,b8ab8a050e34c8004a32b78c8908d454ef211387e3ba015710ccd425903a7133.elf,elf,2026-09-21 01:09:47,MalwareBazaar
SHA3-384,23a744fb1d27b309bffd815f3a043b40d6377bed5fc2277657c103e51190528add1640477eb78df6dec8c82d7ee85f6e,b8ab8a050e34c8004a32b78c8908d454ef211387e3ba015710ccd425903a7133,Mirai,b8ab8a050e34c8004a32b78c8908d454ef211387e3ba015710ccd425903a7133.elf,elf,2026-09-21 01:09:47,MalwareBazaar
TLSH,T1C4E16207E2D5CD72D8CD133847931749213AC86EAB83EF03650C1AA9EE43BDC7A63652,b8ab8a050e34c8004a32b78c8908d454ef211387e3ba015710ccd425903a7133,Mirai,b8ab8a050e34c8004a32b78c8908d454ef211387e3ba015710ccd425903a7133.elf,elf,2026-09-21 01:09:47,MalwareBazaar
TELFHASH,t159b02b025470414c8ff221380c24cc831202c1a3c9415f608d40f740ca3f08d804cf4d,b8ab8a050e34c8004a32b78c8908d454ef211387e3ba015710ccd425903a7133,Mirai,b8ab8a050e34c8004a32b78c8908d454ef211387e3ba015710ccd425903a7133.elf,elf,2026-09-21 01:09:47,MalwareBazaar
SSDEEP,192:fsuqD7vccFY146pwz7cSym4S2ofahbpZiQ:fsue7cHJyFym4Sw/,b8ab8a050e34c8004a32b78c8908d454ef211387e3ba015710ccd425903a7133,Mirai,b8ab8a050e34c8004a32b78c8908d454ef211387e3ba015710ccd425903a7133.elf,elf,2026-09-21 01:09:47,MalwareBazaar
MD5,917a2f42b5137be7a5694c9fae909ab9,a44dddd9f780261cebeb54162f26bffb6e85811928a36ff78b7f9c2975093e0b,unknown,file,exe,2026-09-21 01:09:00,MalwareBazaar
SHA-1,9d31930c2b59ecd082abbc8ee71cec515b024392,a44dddd9f780261cebeb54162f26bffb6e85811928a36ff78b7f9c2975093e0b,unknown,file,exe,2026-09-21 01:09:00,MalwareBazaar
SHA-256,a44dddd9f780261cebeb54162f26bffb6e85811928a36ff78b7f9c2975093e0b,a44dddd9f780261cebeb54162f26bffb6e85811928a36ff78b7f9c2975093e0b,unknown,file,exe,2026-09-21 01:09:00,MalwareBazaar
SHA3-384,ad0d2440108341a23ee373bc5eaa1e4dcfd24c3fdee5329b01877629e57f921b9f996477aefad0131821e6cba579d3f3,a44dddd9f780261cebeb54162f26bffb6e85811928a36ff78b7f9c2975093e0b,unknown,file,exe,2026-09-21 01:09:00,MalwareBazaar
IMPHASH,c64a9aaa58707c34f0569020880351cb,a44dddd9f780261cebeb54162f26bffb6e85811928a36ff78b7f9c2975093e0b,unknown,file,exe,2026-09-21 01:09:00,MalwareBazaar
TLSH,T17762E586D8E22F5CCE4E90703B11FA2CED753690966599E3D7828C365EA3CE10524FF9,a44dddd9f780261cebeb54162f26bffb6e85811928a36ff78b7f9c2975093e0b,unknown,file,exe,2026-09-21 01:09:00,MalwareBazaar
SSDEEP,192:fqHOoLPoHeVQBNBY0fidcj3wJLsN3AAK8BzvTt1NpkAm1paLsehDPP0B46U1HBgn:fKOe2/7c9sN3zfZR1m+RGgH6C,a44dddd9f780261cebeb54162f26bffb6e85811928a36ff78b7f9c2975093e0b,unknown,file,exe,2026-09-21 01:09:00,MalwareBazaar
MD5,fe76dc8af53e1f4f5fa118e679683f48,3e1641122d009db660fbff4261cc7206890e12470f86dbec77ff8769514530aa,Snowlight,3e1641122d009db660fbff4261cc7206890e12470f86dbec77ff8769514530aa.elf,elf,2026-09-21 01:08:59,MalwareBazaar
SHA-1,196b0499ea53be6f4b0e1647c673fe52f41eb86c,3e1641122d009db660fbff4261cc7206890e12470f86dbec77ff8769514530aa,Snowlight,3e1641122d009db660fbff4261cc7206890e12470f86dbec77ff8769514530aa.elf,elf,2026-09-21 01:08:59,MalwareBazaar
SHA-256,3e1641122d009db660fbff4261cc7206890e12470f86dbec77ff8769514530aa,3e1641122d009db660fbff4261cc7206890e12470f86dbec77ff8769514530aa,Snowlight,3e1641122d009db660fbff4261cc7206890e12470f86dbec77ff8769514530aa.elf,elf,2026-09-21 01:08:59,MalwareBazaar
SHA3-384,d1868c11e64802616c27213f14c8d9420424fec3a8ccfdc155847525adcb679844b9a967bede527561dd5ab10e5cd9c0,3e1641122d009db660fbff4261cc7206890e12470f86dbec77ff8769514530aa,Snowlight,3e1641122d009db660fbff4261cc7206890e12470f86dbec77ff8769514530aa.elf,elf,2026-09-21 01:08:59,MalwareBazaar
TLSH,T19DE17117E2E2CD32D8D4137E45930A1A223DC8659E83DF132E0C896D2E537DCBA72B56,3e1641122d009db660fbff4261cc7206890e12470f86dbec77ff8769514530aa,Snowlight,3e1641122d009db660fbff4261cc7206890e12470f86dbec77ff8769514530aa.elf,elf,2026-09-21 01:08:59,MalwareBazaar
TELFHASH,t112b09b025470515d9bf561781c2588971245c1a3c5415f505d51f7549a3f48d905cb55,3e1641122d009db660fbff4261cc7206890e12470f86dbec77ff8769514530aa,Snowlight,3e1641122d009db660fbff4261cc7206890e12470f86dbec77ff8769514530aa.elf,elf,2026-09-21 01:08:59,MalwareBazaar
SSDEEP,96:f6u6TiUBOUw38Jheuhih5Zz/cq/BK+M3mh/W785/f7kbalBgBi5pzBIQ:fEcbsJhA/Zz/cl+M2x/fLbpziQ,3e1641122d009db660fbff4261cc7206890e12470f86dbec77ff8769514530aa,Snowlight,3e1641122d009db660fbff4261cc7206890e12470f86dbec77ff8769514530aa.elf,elf,2026-09-21 01:08:59,MalwareBazaar
MD5,233a647d0c3062b6e3c6fcd8b98e564c,9c1a4318df911281fd7b6971c7fd0e022ebe310b7c49381c6b89ef23ad9551e6,Mirai,9c1a4318df911281fd7b6971c7fd0e022ebe310b7c49381c6b89ef23ad9551e6.elf,elf,2026-09-21 01:08:55,MalwareBazaar
SHA-1,87f988262b04c7d974bc7ab8f7da721cc3cc4b28,9c1a4318df911281fd7b6971c7fd0e022ebe310b7c49381c6b89ef23ad9551e6,Mirai,9c1a4318df911281fd7b6971c7fd0e022ebe310b7c49381c6b89ef23ad9551e6.elf,elf,2026-09-21 01:08:55,MalwareBazaar
SHA-256,9c1a4318df911281fd7b6971c7fd0e022ebe310b7c49381c6b89ef23ad9551e6,9c1a4318df911281fd7b6971c7fd0e022ebe310b7c49381c6b89ef23ad9551e6,Mirai,9c1a4318df911281fd7b6971c7fd0e022ebe310b7c49381c6b89ef23ad9551e6.elf,elf,2026-09-21 01:08:55,MalwareBazaar
SHA3-384,a5dc57ac180dbd1329e3f223cbd964247bb2ba0030efe492093e4f0ee918525cb49ddb5be718d295784a681e3b950a0a,9c1a4318df911281fd7b6971c7fd0e022ebe310b7c49381c6b89ef23ad9551e6,Mirai,9c1a4318df911281fd7b6971c7fd0e022ebe310b7c49381c6b89ef23ad9551e6.elf,elf,2026-09-21 01:08:55,MalwareBazaar
TLSH,T109E16207E2D5CE72D8CD133847931749213AC86EAB83AF03650C5999EE43BDC7A63652,9c1a4318df911281fd7b6971c7fd0e022ebe310b7c49381c6b89ef23ad9551e6,Mirai,9c1a4318df911281fd7b6971c7fd0e022ebe310b7c49381c6b89ef23ad9551e6.elf,elf,2026-09-21 01:08:55,MalwareBazaar
TELFHASH,t159b02b025470414c8ff221380c24cc831202c1a3c9415f608d40f740ca3f08d804cf4d,9c1a4318df911281fd7b6971c7fd0e022ebe310b7c49381c6b89ef23ad9551e6,Mirai,9c1a4318df911281fd7b6971c7fd0e022ebe310b7c49381c6b89ef23ad9551e6.elf,elf,2026-09-21 01:08:55,MalwareBazaar
SSDEEP,192:fsuqD7vccFp146Hwz7cSym4S2ofahbpZiQ:fsue7ccJQFym4Sw/,9c1a4318df911281fd7b6971c7fd0e022ebe310b7c49381c6b89ef23ad9551e6,Mirai,9c1a4318df911281fd7b6971c7fd0e022ebe310b7c49381c6b89ef23ad9551e6.elf,elf,2026-09-21 01:08:55,MalwareBazaar
MD5,1e2f8602fdfdbc0ad783829d18a06c90,a031852c5688f26aab531cca341576bc1098727320199e0f5bb3bd2a6caff94b,Mirai,Space.arm7,elf,2026-09-21 01:04:39,MalwareBazaar
SHA-1,04aa03063f92c71b0c5e430767d122f889cc16bf,a031852c5688f26aab531cca341576bc1098727320199e0f5bb3bd2a6caff94b,Mirai,Space.arm7,elf,2026-09-21 01:04:39,MalwareBazaar
SHA-256,a031852c5688f26aab531cca341576bc1098727320199e0f5bb3bd2a6caff94b,a031852c5688f26aab531cca341576bc1098727320199e0f5bb3bd2a6caff94b,Mirai,Space.arm7,elf,2026-09-21 01:04:39,MalwareBazaar
SHA3-384,4d461be7fa8977effe34a5673a143a1c7e516384dea24543a6bf77ddbade786888efa80e2d4d9f8e298028b51e3b2491,a031852c5688f26aab531cca341576bc1098727320199e0f5bb3bd2a6caff94b,Mirai,Space.arm7,elf,2026-09-21 01:04:39,MalwareBazaar
TLSH,T183F33A46F6418B13C0D61779BA9F424533239BA4E3DB73069928BFF43F8279A0E67905,a031852c5688f26aab531cca341576bc1098727320199e0f5bb3bd2a6caff94b,Mirai,Space.arm7,elf,2026-09-21 01:04:39,MalwareBazaar
TELFHASH,t1f821f071133645146a71caa88decb7b2052887122385ff33ef3ac8dc5809095e939c0f,a031852c5688f26aab531cca341576bc1098727320199e0f5bb3bd2a6caff94b,Mirai,Space.arm7,elf,2026-09-21 01:04:39,MalwareBazaar
SSDEEP,3072:62bmltngzA0BJaq/xGP40Gv/KYZ+W9L6MjccDjyoM/9Hc03:pbmltSJaq/xGPu/H+wL6OccDj1M/9803,a031852c5688f26aab531cca341576bc1098727320199e0f5bb3bd2a6caff94b,Mirai,Space.arm7,elf,2026-09-21 01:04:39,MalwareBazaar
MD5,4b0c92d91bbb2543d3396e6938788a65,b4cea7e82069bca6d19f51e04362b13adb9ada4d9564779bff961e936e11531d,Mirai,Space.x86_64,elf,2026-09-21 01:04:36,MalwareBazaar
SHA-1,b7b48b258330321726e237038eccfa6e992790f8,b4cea7e82069bca6d19f51e04362b13adb9ada4d9564779bff961e936e11531d,Mirai,Space.x86_64,elf,2026-09-21 01:04:36,MalwareBazaar
SHA-256,b4cea7e82069bca6d19f51e04362b13adb9ada4d9564779bff961e936e11531d,b4cea7e82069bca6d19f51e04362b13adb9ada4d9564779bff961e936e11531d,Mirai,Space.x86_64,elf,2026-09-21 01:04:36,MalwareBazaar
SHA3-384,ce00cbc188287eb3c454de37a4e23cc8e9ecde576eb73c00a4c826db6130bb71e2eea0fc9c0f79d8f1e5b94d52f6c3d3,b4cea7e82069bca6d19f51e04362b13adb9ada4d9564779bff961e936e11531d,Mirai,Space.x86_64,elf,2026-09-21 01:04:36,MalwareBazaar
TLSH,T197733A17BA4080FEC899C43843BABA36DC7274FE1379725A17D4FE366D55E601E29C84,b4cea7e82069bca6d19f51e04362b13adb9ada4d9564779bff961e936e11531d,Mirai,Space.x86_64,elf,2026-09-21 01:04:36,MalwareBazaar
TELFHASH,t1ad2145b039590da0f0ebe468b305e1561d391a6004e2b8f3d9b790f3eb517870db5427,b4cea7e82069bca6d19f51e04362b13adb9ada4d9564779bff961e936e11531d,Mirai,Space.x86_64,elf,2026-09-21 01:04:36,MalwareBazaar
SSDEEP,1536:DeuIZobG3QEWYAIb/+w4HnC+8l8Anzcf8:quIZTAEzAIf4HT8l8Azcf8,b4cea7e82069bca6d19f51e04362b13adb9ada4d9564779bff961e936e11531d,Mirai,Space.x86_64,elf,2026-09-21 01:04:36,MalwareBazaar
MD5,c626816e62c53225cb53ca7e7eb346ef,e7804767a5e607b192396a919226a5b6aa64f8078f4c5b63e4569a2de23a8531,Mirai,Space.arm6,elf,2026-09-21 01:04:34,MalwareBazaar
SHA-1,4adacea9e39be5a0007103a305ef352758d2f3b4,e7804767a5e607b192396a919226a5b6aa64f8078f4c5b63e4569a2de23a8531,Mirai,Space.arm6,elf,2026-09-21 01:04:34,MalwareBazaar
SHA-256,e7804767a5e607b192396a919226a5b6aa64f8078f4c5b63e4569a2de23a8531,e7804767a5e607b192396a919226a5b6aa64f8078f4c5b63e4569a2de23a8531,Mirai,Space.arm6,elf,2026-09-21 01:04:34,MalwareBazaar
SHA3-384,0c44c4f35fc166cf032799ba5b2ae4610946a7a6da29048803cedeeabd6e454ed586dd80fb38b0e1d28f3288632834d6,e7804767a5e607b192396a919226a5b6aa64f8078f4c5b63e4569a2de23a8531,Mirai,Space.arm6,elf,2026-09-21 01:04:34,MalwareBazaar
TLSH,T1DF83185AF8814B21D5C512BAFA1E164E331307FCE3DE72239E24AF7037CA51B0E6A855,e7804767a5e607b192396a919226a5b6aa64f8078f4c5b63e4569a2de23a8531,Mirai,Space.arm6,elf,2026-09-21 01:04:34,MalwareBazaar
TELFHASH,t1ac012090098939cda4b88f6580dd75297a6d3876fc32183a8fa3b71a81236d72739409,e7804767a5e607b192396a919226a5b6aa64f8078f4c5b63e4569a2de23a8531,Mirai,Space.arm6,elf,2026-09-21 01:04:34,MalwareBazaar
SSDEEP,1536:mpnQQmY6CpD2sAKv7iszt1BREBfSHJkaU6n3coIhriX4NidwT7245zYtN:Ym0D2ymQE5SHJkaUdG4NidwTa4V0N,e7804767a5e607b192396a919226a5b6aa64f8078f4c5b63e4569a2de23a8531,Mirai,Space.arm6,elf,2026-09-21 01:04:34,MalwareBazaar
MD5,a08bf4ab6a40117f3c04fd57425524c6,1b6c2dd0d3b6b01efda1a44ca63ce4168129b0ef3e415f96ba1d7af77aad20b7,Mirai,Space.arm5,elf,2026-09-21 01:04:32,MalwareBazaar
SHA-1,27a64122d267d879434187dc3be61afbd90a349c,1b6c2dd0d3b6b01efda1a44ca63ce4168129b0ef3e415f96ba1d7af77aad20b7,Mirai,Space.arm5,elf,2026-09-21 01:04:32,MalwareBazaar
SHA-256,1b6c2dd0d3b6b01efda1a44ca63ce4168129b0ef3e415f96ba1d7af77aad20b7,1b6c2dd0d3b6b01efda1a44ca63ce4168129b0ef3e415f96ba1d7af77aad20b7,Mirai,Space.arm5,elf,2026-09-21 01:04:32,MalwareBazaar
SHA3-384,190edee097d0c1125d05d82e42269417f428f32d4895fbf388ff9ae2a3e491b2621ac39113b8c9973480ff7221394c28,1b6c2dd0d3b6b01efda1a44ca63ce4168129b0ef3e415f96ba1d7af77aad20b7,Mirai,Space.arm5,elf,2026-09-21 01:04:32,MalwareBazaar
TLSH,T169132946FCC24A3FC2C013BAA66E5A4E3761E3E5D2CB760B9E54577136C620F1D2AD80,1b6c2dd0d3b6b01efda1a44ca63ce4168129b0ef3e415f96ba1d7af77aad20b7,Mirai,Space.arm5,elf,2026-09-21 01:04:32,MalwareBazaar
TELFHASH,t1e4e06840fc755e1854e76570dcdc47b095012223606a4b20cf55dae0883f110e30ce4d,1b6c2dd0d3b6b01efda1a44ca63ce4168129b0ef3e415f96ba1d7af77aad20b7,Mirai,Space.arm5,elf,2026-09-21 01:04:32,MalwareBazaar
SSDEEP,768:DO2bf2SHD3pDi9ZbyE2h44Gi6ZQqQdMOFUZWJdzBNewGoOw:DiSHDUJn2hPq4dMOSWd,1b6c2dd0d3b6b01efda1a44ca63ce4168129b0ef3e415f96ba1d7af77aad20b7,Mirai,Space.arm5,elf,2026-09-21 01:04:32,MalwareBazaar
MD5,2a2b719536d65f30b8044b6e0c39ea54,f3011161d8bd6ca8cfb7221d69bcfd2e094d5fda28c09a6069a036c8a6931bae,unknown,file,exe,2026-09-21 01:04:30,MalwareBazaar
SHA-1,d559baec3b858fd2ebc19cc4a49f669e00cb118b,f3011161d8bd6ca8cfb7221d69bcfd2e094d5fda28c09a6069a036c8a6931bae,unknown,file,exe,2026-09-21 01:04:30,MalwareBazaar
SHA-256,f3011161d8bd6ca8cfb7221d69bcfd2e094d5fda28c09a6069a036c8a6931bae,f3011161d8bd6ca8cfb7221d69bcfd2e094d5fda28c09a6069a036c8a6931bae,unknown,file,exe,2026-09-21 01:04:30,MalwareBazaar
SHA3-384,a024665b1bc3298384ea1123eb7ea8083e00ff481a7633663fba2979c5e8d614c444dd654324d15455db061725e2c61f,f3011161d8bd6ca8cfb7221d69bcfd2e094d5fda28c09a6069a036c8a6931bae,unknown,file,exe,2026-09-21 01:04:30,MalwareBazaar
IMPHASH,c64a9aaa58707c34f0569020880351cb,f3011161d8bd6ca8cfb7221d69bcfd2e094d5fda28c09a6069a036c8a6931bae,unknown,file,exe,2026-09-21 01:04:30,MalwareBazaar
TLSH,T10162C586EDA22FADDE4F80703B11FC287D757290866669E3D7828C3159A79D00634EF9,f3011161d8bd6ca8cfb7221d69bcfd2e094d5fda28c09a6069a036c8a6931bae,unknown,file,exe,2026-09-21 01:04:30,MalwareBazaar
SSDEEP,192:fqHOoLPoHeVQBNBY0fidcj3wJLsN3AAK8BzvTt1NpkAm1paLsehDPP0B46U1YBgn:fKOe2/7c9sN3zfZR1m+RGYY6C,f3011161d8bd6ca8cfb7221d69bcfd2e094d5fda28c09a6069a036c8a6931bae,unknown,file,exe,2026-09-21 01:04:30,MalwareBazaar
MD5,e37bfe219d6e0a138e73278790336ce4,84afbce29ba3d166d549ba14dc919fe5edde84dd2c0314ece3cdf5f40f68c37c,Mirai,Space.arm,elf,2026-09-21 01:04:30,MalwareBazaar
SHA-1,f4353761580b542849ef5020166d267c205c3ca6,84afbce29ba3d166d549ba14dc919fe5edde84dd2c0314ece3cdf5f40f68c37c,Mirai,Space.arm,elf,2026-09-21 01:04:30,MalwareBazaar
SHA-256,84afbce29ba3d166d549ba14dc919fe5edde84dd2c0314ece3cdf5f40f68c37c,84afbce29ba3d166d549ba14dc919fe5edde84dd2c0314ece3cdf5f40f68c37c,Mirai,Space.arm,elf,2026-09-21 01:04:30,MalwareBazaar
SHA3-384,2279503131a370d39eaad5179cffe984815854242bd7d10f451718ebcc93b243fb749854c1a0068d673a90580a63aae2,84afbce29ba3d166d549ba14dc919fe5edde84dd2c0314ece3cdf5f40f68c37c,Mirai,Space.arm,elf,2026-09-21 01:04:30,MalwareBazaar
TLSH,T144733A56FC814A23C6C1127BFB6E468D3B2653E8E2DA72039E259F3133C751B0D6B895,84afbce29ba3d166d549ba14dc919fe5edde84dd2c0314ece3cdf5f40f68c37c,Mirai,Space.arm,elf,2026-09-21 01:04:30,MalwareBazaar
TELFHASH,t1bf4143b1e7b40bdc67c0c704c24a9265aeb4316d771034a38b2d978b92d3bc1b11e42b,84afbce29ba3d166d549ba14dc919fe5edde84dd2c0314ece3cdf5f40f68c37c,Mirai,Space.arm,elf,2026-09-21 01:04:30,MalwareBazaar
SSDEEP,1536:WB/VU93ilj19ZBpG1atb2tA+qhx9Qf8vN6:WB/VBBpG1atvRRN6,84afbce29ba3d166d549ba14dc919fe5edde84dd2c0314ece3cdf5f40f68c37c,Mirai,Space.arm,elf,2026-09-21 01:04:30,MalwareBazaar
MD5,9c588236c9e12f411815509a5ecb89df,a2863d10f67f1c6a2e9b55bfdd972d9e316f796e9be516bfe9f3cda8316caca8,Mirai,Space.x86,elf,2026-09-21 01:04:26,MalwareBazaar
SHA-1,dbaa99b63d42bf7648431c033b2d8abedb432f0b,a2863d10f67f1c6a2e9b55bfdd972d9e316f796e9be516bfe9f3cda8316caca8,Mirai,Space.x86,elf,2026-09-21 01:04:26,MalwareBazaar
SHA-256,a2863d10f67f1c6a2e9b55bfdd972d9e316f796e9be516bfe9f3cda8316caca8,a2863d10f67f1c6a2e9b55bfdd972d9e316f796e9be516bfe9f3cda8316caca8,Mirai,Space.x86,elf,2026-09-21 01:04:26,MalwareBazaar
SHA3-384,fc7d1348b665deceeb6fc42e6f4c0f88bba905476129a3bbefe2b458b5b2a4c3fdce3474e3f1fc2763c8e397dcab4429,a2863d10f67f1c6a2e9b55bfdd972d9e316f796e9be516bfe9f3cda8316caca8,Mirai,Space.x86,elf,2026-09-21 01:04:26,MalwareBazaar
TLSH,T1A1634BC9F983D5B6F8970930107AAF639DB3D6BE21A8DA43C3B45536AD12502F412E6C,a2863d10f67f1c6a2e9b55bfdd972d9e316f796e9be516bfe9f3cda8316caca8,Mirai,Space.x86,elf,2026-09-21 01:04:26,MalwareBazaar
TELFHASH,t121214cf75e1e48e8f3c4a840c35eaa55192ad677086136e445b2ccd036e7dc194bdc39,a2863d10f67f1c6a2e9b55bfdd972d9e316f796e9be516bfe9f3cda8316caca8,Mirai,Space.x86,elf,2026-09-21 01:04:26,MalwareBazaar
SSDEEP,1536:TtWvgqAC7sTb6vF7lOvZOWsIyq3XkZSQn:TtDqAC7sn6NJOvwfIyq8n,a2863d10f67f1c6a2e9b55bfdd972d9e316f796e9be516bfe9f3cda8316caca8,Mirai,Space.x86,elf,2026-09-21 01:04:26,MalwareBazaar
MD5,c5e4174fb3f9b81402868631118e5445,b3c25fc4ff0b36f9e2d227667cce1b67195eb1ee155045f11dfe046abcb76fcf,Mirai,Space.arm7,elf,2026-09-21 01:04:12,MalwareBazaar
SHA-1,2281dd2aa1f10340a40cf10cfe7776b51794604c,b3c25fc4ff0b36f9e2d227667cce1b67195eb1ee155045f11dfe046abcb76fcf,Mirai,Space.arm7,elf,2026-09-21 01:04:12,MalwareBazaar
SHA-256,b3c25fc4ff0b36f9e2d227667cce1b67195eb1ee155045f11dfe046abcb76fcf,b3c25fc4ff0b36f9e2d227667cce1b67195eb1ee155045f11dfe046abcb76fcf,Mirai,Space.arm7,elf,2026-09-21 01:04:12,MalwareBazaar
SHA3-384,3a9a8467e439688dd87edcaf61753367734f919155e1f9f82632b1d21a28abbe23ac48f17b49fd62ed198a7f48bf0475,b3c25fc4ff0b36f9e2d227667cce1b67195eb1ee155045f11dfe046abcb76fcf,Mirai,Space.arm7,elf,2026-09-21 01:04:12,MalwareBazaar
TLSH,T1AC530250E80A89F7F3606BF49CB1E907E9A96BB4B9454841107CF12880F7A41B97E78B,b3c25fc4ff0b36f9e2d227667cce1b67195eb1ee155045f11dfe046abcb76fcf,Mirai,Space.arm7,elf,2026-09-21 01:04:12,MalwareBazaar
SSDEEP,1536:JVQgIB+iQv0pfhr5T3eI6Jj6f0rWLNM5Tfv83KJJSFkr:JVIB+iQv0pfbTONJj6MaLeTX83Kckr,b3c25fc4ff0b36f9e2d227667cce1b67195eb1ee155045f11dfe046abcb76fcf,Mirai,Space.arm7,elf,2026-09-21 01:04:12,MalwareBazaar
MD5,1de792f099ad122a780201040da0db50,a4fad26f865fe4a7397bc21094c45def5e6fe6ab332f379380c3e7a316e86d92,Mirai,Space.x86_64,elf,2026-09-21 01:04:11,MalwareBazaar
SHA-1,917114ab1f4bbc0aa53d9b145103537d2577b02e,a4fad26f865fe4a7397bc21094c45def5e6fe6ab332f379380c3e7a316e86d92,Mirai,Space.x86_64,elf,2026-09-21 01:04:11,MalwareBazaar
SHA-256,a4fad26f865fe4a7397bc21094c45def5e6fe6ab332f379380c3e7a316e86d92,a4fad26f865fe4a7397bc21094c45def5e6fe6ab332f379380c3e7a316e86d92,Mirai,Space.x86_64,elf,2026-09-21 01:04:11,MalwareBazaar
SHA3-384,6f139e015942d8a764db6fda0fd5bc1cbcd029e4782c63a9a2d30b5ca7b5ab5acab27b86625d7409c788236b2f0e6c63,a4fad26f865fe4a7397bc21094c45def5e6fe6ab332f379380c3e7a316e86d92,Mirai,Space.x86_64,elf,2026-09-21 01:04:11,MalwareBazaar
TLSH,T1D0F2F1DBD23FC4B9ED3741B32668C39831A5A0C7A90917A20A9D537F4DA363D2944BC1,a4fad26f865fe4a7397bc21094c45def5e6fe6ab332f379380c3e7a316e86d92,Mirai,Space.x86_64,elf,2026-09-21 01:04:11,MalwareBazaar
SSDEEP,768:Wkjvsa/voIrDuWYZHmqtdE4lNlsqC9h0+oNYXlL+Bq+TaO9OsV723NAZl1QxUx0c:NzHz5i5lbEDoNeCwCYWMZO,a4fad26f865fe4a7397bc21094c45def5e6fe6ab332f379380c3e7a316e86d92,Mirai,Space.x86_64,elf,2026-09-21 01:04:11,MalwareBazaar
MD5,bbc4b5443a733680fc59646d44ea54eb,efc1ac998c9be84b72fb26cce3a51931e460319cd662ae9097cdb5c776bdbe92,Mirai,Space.arm6,elf,2026-09-21 01:04:09,MalwareBazaar
SHA-1,8df7c17945056a398a38f9072cd4a07fefc75e6a,efc1ac998c9be84b72fb26cce3a51931e460319cd662ae9097cdb5c776bdbe92,Mirai,Space.arm6,elf,2026-09-21 01:04:09,MalwareBazaar
SHA-256,efc1ac998c9be84b72fb26cce3a51931e460319cd662ae9097cdb5c776bdbe92,efc1ac998c9be84b72fb26cce3a51931e460319cd662ae9097cdb5c776bdbe92,Mirai,Space.arm6,elf,2026-09-21 01:04:09,MalwareBazaar
SHA3-384,3bbdb1e041517060b617c80811c99779433e4f0809ec4fb74d69fc98bb3f99c1e49424c6310cc9aa68d35b404d117a0c,efc1ac998c9be84b72fb26cce3a51931e460319cd662ae9097cdb5c776bdbe92,Mirai,Space.arm6,elf,2026-09-21 01:04:09,MalwareBazaar
TLSH,T13D03F2751364A8D3ADA0347A6DA405CDFFA0437AE3F735A24A38486DC3BA2442CB47C7,efc1ac998c9be84b72fb26cce3a51931e460319cd662ae9097cdb5c776bdbe92,Mirai,Space.arm6,elf,2026-09-21 01:04:09,MalwareBazaar
SSDEEP,768:UGPjXBOTsh1ewTyMdi6myAysX+9LVfSFAL330uhWLpNuL9q3UEL99:BLYCNlAHX+BVf5jknLVL/,efc1ac998c9be84b72fb26cce3a51931e460319cd662ae9097cdb5c776bdbe92,Mirai,Space.arm6,elf,2026-09-21 01:04:09,MalwareBazaar
MD5,8b8d22e06c47aba6ab6637dbd981baa0,75596ce797ee68d6ba16058f70eddbf7915299d1938c5f871dcda536d6f6d2d0,Mirai,Space.arm5,elf,2026-09-21 01:04:08,MalwareBazaar
SHA-1,37cfac1e311d07b45c25fabbdd82f72e466fe80f,75596ce797ee68d6ba16058f70eddbf7915299d1938c5f871dcda536d6f6d2d0,Mirai,Space.arm5,elf,2026-09-21 01:04:08,MalwareBazaar
SHA-256,75596ce797ee68d6ba16058f70eddbf7915299d1938c5f871dcda536d6f6d2d0,75596ce797ee68d6ba16058f70eddbf7915299d1938c5f871dcda536d6f6d2d0,Mirai,Space.arm5,elf,2026-09-21 01:04:08,MalwareBazaar
SHA3-384,0c1af28300372ee9f6915cb118dd69a2e17e88fc60aff93949fb66832465a4fc02b8a51ef5c817c2916c867c4e29d725,75596ce797ee68d6ba16058f70eddbf7915299d1938c5f871dcda536d6f6d2d0,Mirai,Space.arm5,elf,2026-09-21 01:04:08,MalwareBazaar
TLSH,T18392D0A085C3B876C5308C34B3F987937767CFBFC2E23997962043A4654319E42BDA45,75596ce797ee68d6ba16058f70eddbf7915299d1938c5f871dcda536d6f6d2d0,Mirai,Space.arm5,elf,2026-09-21 01:04:08,MalwareBazaar
SSDEEP,384:sGTgbm9lMrpGyeqOyNP1QBFLj/VlVuiCF+RWoirhymdGUop5htc:7gjplNtQBpPVdCcRKs3UozLc,75596ce797ee68d6ba16058f70eddbf7915299d1938c5f871dcda536d6f6d2d0,Mirai,Space.arm5,elf,2026-09-21 01:04:08,MalwareBazaar
MD5,bf1c9a1b8984595ba3455a8d70b4cf05,31921683c81079a60502a35e6b4ec4f9afe34276a9229a2685ee4f2daa2d46f6,Mirai,Space.arm,elf,2026-09-21 01:04:07,MalwareBazaar
SHA-1,49f41b5858f05a457bc6cc045ef7f4bb7ec2ed66,31921683c81079a60502a35e6b4ec4f9afe34276a9229a2685ee4f2daa2d46f6,Mirai,Space.arm,elf,2026-09-21 01:04:07,MalwareBazaar
SHA-256,31921683c81079a60502a35e6b4ec4f9afe34276a9229a2685ee4f2daa2d46f6,31921683c81079a60502a35e6b4ec4f9afe34276a9229a2685ee4f2daa2d46f6,Mirai,Space.arm,elf,2026-09-21 01:04:07,MalwareBazaar
SHA3-384,a110263d0658f928b09e3d3dd23d387bb8f008705f03980f6f9cc032b918d9855c65f5a571109dde3bb8d404204455cd,31921683c81079a60502a35e6b4ec4f9afe34276a9229a2685ee4f2daa2d46f6,Mirai,Space.arm,elf,2026-09-21 01:04:07,MalwareBazaar
TLSH,T191F2F1203011B9E4E6A0453BDF7996C6E3AE82A59193351D5A2503FEA48F6C295FC3E3,31921683c81079a60502a35e6b4ec4f9afe34276a9229a2685ee4f2daa2d46f6,Mirai,Space.arm,elf,2026-09-21 01:04:07,MalwareBazaar
SSDEEP,768:qQKd4TIv86wHqEGBFePMdayb0zDWX5pq2PvAsws3Uoz0:qQKSIbtYMHaDy5p/PvLlz0,31921683c81079a60502a35e6b4ec4f9afe34276a9229a2685ee4f2daa2d46f6,Mirai,Space.arm,elf,2026-09-21 01:04:07,MalwareBazaar
MD5,52d120ecea0d74682d75de27efd9a5ed,0fb25f6e2b685d8f8b1843b8d11e0ac81be09a498010ebf87aac1a4d6a3e42f3,Mirai,Space.sh4,elf,2026-09-21 01:04:06,MalwareBazaar
SHA-1,2dfdfd63781e5498b36057a0eebbff5bf3c5d01c,0fb25f6e2b685d8f8b1843b8d11e0ac81be09a498010ebf87aac1a4d6a3e42f3,Mirai,Space.sh4,elf,2026-09-21 01:04:06,MalwareBazaar
SHA-256,0fb25f6e2b685d8f8b1843b8d11e0ac81be09a498010ebf87aac1a4d6a3e42f3,0fb25f6e2b685d8f8b1843b8d11e0ac81be09a498010ebf87aac1a4d6a3e42f3,Mirai,Space.sh4,elf,2026-09-21 01:04:06,MalwareBazaar
SHA3-384,f74cb32ad17bead1f0ecdbeaaf2641590550d0f5d0f16e54fbaa9fcefcc42cc43f83b42c68b3c11d01877df025dd6f8d,0fb25f6e2b685d8f8b1843b8d11e0ac81be09a498010ebf87aac1a4d6a3e42f3,Mirai,Space.sh4,elf,2026-09-21 01:04:06,MalwareBazaar
TLSH,T190639E16D8211899C286C5B4B1ECCE3A1B13A5C063837EF7566AC3B5A067D9CF849FF4,0fb25f6e2b685d8f8b1843b8d11e0ac81be09a498010ebf87aac1a4d6a3e42f3,Mirai,Space.sh4,elf,2026-09-21 01:04:06,MalwareBazaar
SSDEEP,1536:Qaw/uMkOts9CWQ1KcTlh7BTRLzCIMpCtPKxu:QZVkwsQWQccnxRLz0GCxu,0fb25f6e2b685d8f8b1843b8d11e0ac81be09a498010ebf87aac1a4d6a3e42f3,Mirai,Space.sh4,elf,2026-09-21 01:04:06,MalwareBazaar
MD5,ee3aa5a2a13d9870d2c11e1bba34e48e,7412bbd1ce42b8799cd74063e95b4870f26f75e4b0b4d3367b067398835124be,Mirai,Space.x86,elf,2026-09-21 01:04:05,MalwareBazaar
SHA-1,88635e5b72c628f9c7eceeacc2645515ed045d06,7412bbd1ce42b8799cd74063e95b4870f26f75e4b0b4d3367b067398835124be,Mirai,Space.x86,elf,2026-09-21 01:04:05,MalwareBazaar
SHA-256,7412bbd1ce42b8799cd74063e95b4870f26f75e4b0b4d3367b067398835124be,7412bbd1ce42b8799cd74063e95b4870f26f75e4b0b4d3367b067398835124be,Mirai,Space.x86,elf,2026-09-21 01:04:05,MalwareBazaar
SHA3-384,bf0f1ba0e9bb71c595c2c4abae4b9866ad36d0d0f9f98c6cdd2ea4902a3cdb0cc42471e36371890843f69435d2991cdd,7412bbd1ce42b8799cd74063e95b4870f26f75e4b0b4d3367b067398835124be,Mirai,Space.x86,elf,2026-09-21 01:04:05,MalwareBazaar
TLSH,T12DF2E103868AC792FA2E0339BCDDBD4D0951535DBB926821DB94E1734484F1E8E3E2DB,7412bbd1ce42b8799cd74063e95b4870f26f75e4b0b4d3367b067398835124be,Mirai,Space.x86,elf,2026-09-21 01:04:05,MalwareBazaar
SSDEEP,768:LzbGjwng3vdOXjjYNAEiuWD2ILrm1Xey6aEyeRI7bxYtcTnbcuyD7UHQRjB:fdnA0Y7EjmQCd7bxYYnouy8Hyd,7412bbd1ce42b8799cd74063e95b4870f26f75e4b0b4d3367b067398835124be,Mirai,Space.x86,elf,2026-09-21 01:04:05,MalwareBazaar
MD5,11870a0f1a90c8d7bf5897e343b2db1c,6b3f3cef5349a61f3ffe1631e01a7ff4fe28f1ee2e8e3e0fdf4c81b42036196d,Mirai,Space.mips,elf,2026-09-21 01:03:17,MalwareBazaar
SHA-1,55f9eca75f976dfaf1dbcbebcb22c93e658c1973,6b3f3cef5349a61f3ffe1631e01a7ff4fe28f1ee2e8e3e0fdf4c81b42036196d,Mirai,Space.mips,elf,2026-09-21 01:03:17,MalwareBazaar
SHA-256,6b3f3cef5349a61f3ffe1631e01a7ff4fe28f1ee2e8e3e0fdf4c81b42036196d,6b3f3cef5349a61f3ffe1631e01a7ff4fe28f1ee2e8e3e0fdf4c81b42036196d,Mirai,Space.mips,elf,2026-09-21 01:03:17,MalwareBazaar
SHA3-384,41a7f7b372ab44620f9e562fe1fdbee8e0db53d53c9de45905a414580af3ff9bf6c8b080abe80e52727802880c548522,6b3f3cef5349a61f3ffe1631e01a7ff4fe28f1ee2e8e3e0fdf4c81b42036196d,Mirai,Space.mips,elf,2026-09-21 01:03:17,MalwareBazaar
TLSH,T198A3B44D7E318FBEFBEC823447B39A12A65927D533E1C585D2ADD2011E7024E681FBA4,6b3f3cef5349a61f3ffe1631e01a7ff4fe28f1ee2e8e3e0fdf4c81b42036196d,Mirai,Space.mips,elf,2026-09-21 01:03:17,MalwareBazaar
TELFHASH,t11a117c18893812f097751c9d6bedff76e6a130cf4a265e378d00f85eaa2dd425e00c1c,6b3f3cef5349a61f3ffe1631e01a7ff4fe28f1ee2e8e3e0fdf4c81b42036196d,Mirai,Space.mips,elf,2026-09-21 01:03:17,MalwareBazaar
SSDEEP,1536:WpaZOuT/Q30SQXa1r3J62yqPy/RWLW0edmpwjeqNY0:lZzTJa1rZ62yqPy/ULWzjeqNP,6b3f3cef5349a61f3ffe1631e01a7ff4fe28f1ee2e8e3e0fdf4c81b42036196d,Mirai,Space.mips,elf,2026-09-21 01:03:17,MalwareBazaar
MD5,5014551ccc9d75840b4cdc808fbdf917,0dcd1d1183936c9035f2cb9cba8d2eefa12531b9625b9ce6f8dba3ba1fafaf5c,Mirai,Space.m68k,elf,2026-09-21 01:03:05,MalwareBazaar
SHA-1,8fdc93c2c30e45b9eb6bf7ee1e22e4328cdfc89d,0dcd1d1183936c9035f2cb9cba8d2eefa12531b9625b9ce6f8dba3ba1fafaf5c,Mirai,Space.m68k,elf,2026-09-21 01:03:05,MalwareBazaar
SHA-256,0dcd1d1183936c9035f2cb9cba8d2eefa12531b9625b9ce6f8dba3ba1fafaf5c,0dcd1d1183936c9035f2cb9cba8d2eefa12531b9625b9ce6f8dba3ba1fafaf5c,Mirai,Space.m68k,elf,2026-09-21 01:03:05,MalwareBazaar
SHA3-384,20e0b3eedf8122eab824b90082358b01ee3c045ead0066ed637927f330b1975a14324605fb84cfc6ecddb8611287a4ee,0dcd1d1183936c9035f2cb9cba8d2eefa12531b9625b9ce6f8dba3ba1fafaf5c,Mirai,Space.m68k,elf,2026-09-21 01:03:05,MalwareBazaar
TLSH,T1FE83198BF800DD7DF80FDAB74453490EB931E3910A931A377767BDA7AC721A14826E85,0dcd1d1183936c9035f2cb9cba8d2eefa12531b9625b9ce6f8dba3ba1fafaf5c,Mirai,Space.m68k,elf,2026-09-21 01:03:05,MalwareBazaar
SSDEEP,1536:XQOjxmw2V2xAYV8afTybJYxYAhJ6r48980jTUhtIpu1HHr+t2c9I/bz0pz:XQO4QfTVdhJ6rk/tCupy9I/P0pz,0dcd1d1183936c9035f2cb9cba8d2eefa12531b9625b9ce6f8dba3ba1fafaf5c,Mirai,Space.m68k,elf,2026-09-21 01:03:05,MalwareBazaar
MD5,701fd54d78336fe2a908bc425072f33b,a6a895a12575751e60ac5b1fa76c969c3beba983330c01941150a07d3b7c0891,Mirai,Space.spc,elf,2026-09-21 01:03:04,MalwareBazaar
SHA-1,9bf11d64c979e81f031afc92e3931b05eb90621a,a6a895a12575751e60ac5b1fa76c969c3beba983330c01941150a07d3b7c0891,Mirai,Space.spc,elf,2026-09-21 01:03:04,MalwareBazaar
SHA-256,a6a895a12575751e60ac5b1fa76c969c3beba983330c01941150a07d3b7c0891,a6a895a12575751e60ac5b1fa76c969c3beba983330c01941150a07d3b7c0891,Mirai,Space.spc,elf,2026-09-21 01:03:04,MalwareBazaar
SHA3-384,fb16850d44a6f4d07220182d33af99c3da91a1893116fc339f179e65ba68ef5b557b968f51eb3e91ee46671d79301417,a6a895a12575751e60ac5b1fa76c969c3beba983330c01941150a07d3b7c0891,Mirai,Space.spc,elf,2026-09-21 01:03:04,MalwareBazaar
TLSH,T170734B31F939092BC0D4917A61F74723B5F297CA20A8861F3E720F9DBF615403A57AB9,a6a895a12575751e60ac5b1fa76c969c3beba983330c01941150a07d3b7c0891,Mirai,Space.spc,elf,2026-09-21 01:03:04,MalwareBazaar
SSDEEP,1536:U2kN6QCXbqt5guvvF7tR7SYm5BHxS1H1tT7fT:HhilL7SYOBR27fT,a6a895a12575751e60ac5b1fa76c969c3beba983330c01941150a07d3b7c0891,Mirai,Space.spc,elf,2026-09-21 01:03:04,MalwareBazaar
MD5,32caec6bbbeb54014b7b11e623a621a6,f976a3b51c470d22f5129bb5930dadc7447d0ae383c4d90bc3c1a2e00e252658,Mirai,Space.mips,elf,2026-09-21 01:03:03,MalwareBazaar
SHA-1,7bfe732361376f5ada515e89882e6a38eda6903f,f976a3b51c470d22f5129bb5930dadc7447d0ae383c4d90bc3c1a2e00e252658,Mirai,Space.mips,elf,2026-09-21 01:03:03,MalwareBazaar
SHA-256,f976a3b51c470d22f5129bb5930dadc7447d0ae383c4d90bc3c1a2e00e252658,f976a3b51c470d22f5129bb5930dadc7447d0ae383c4d90bc3c1a2e00e252658,Mirai,Space.mips,elf,2026-09-21 01:03:03,MalwareBazaar
SHA3-384,1375ec118ce2123d54c383d6747ee5c932ddfd85ae8ff684dabf4cc0dc93d1b6646622c8998d4356d9aef310b31a9bdc,f976a3b51c470d22f5129bb5930dadc7447d0ae383c4d90bc3c1a2e00e252658,Mirai,Space.mips,elf,2026-09-21 01:03:03,MalwareBazaar
TLSH,T13803F1A6BD300899EEBDD0B80FDC0B215DA80F6594560D2679D3E3539FE3075348AAED,f976a3b51c470d22f5129bb5930dadc7447d0ae383c4d90bc3c1a2e00e252658,Mirai,Space.mips,elf,2026-09-21 01:03:03,MalwareBazaar
SSDEEP,768:kyI187beFSc+RX4qCw7kwGDGRfHBENJwjJJgGlzDpbuR1JC:kyf7beMbIqCw7jcGXOGj7VJu0,f976a3b51c470d22f5129bb5930dadc7447d0ae383c4d90bc3c1a2e00e252658,Mirai,Space.mips,elf,2026-09-21 01:03:03,MalwareBazaar
MD5,15b0a7b77ba68ee05a86a9f78743fce4,e4ca83ae8c8c4f6263f7f43550b1dd7dc0b2d8852fe6602234553916a0d4e6ca,Mirai,Space.arc,elf,2026-09-21 01:03:02,MalwareBazaar
SHA-1,5254b5643169fc5e8fba4cee164bb88cb692564d,e4ca83ae8c8c4f6263f7f43550b1dd7dc0b2d8852fe6602234553916a0d4e6ca,Mirai,Space.arc,elf,2026-09-21 01:03:02,MalwareBazaar
SHA-256,e4ca83ae8c8c4f6263f7f43550b1dd7dc0b2d8852fe6602234553916a0d4e6ca,e4ca83ae8c8c4f6263f7f43550b1dd7dc0b2d8852fe6602234553916a0d4e6ca,Mirai,Space.arc,elf,2026-09-21 01:03:02,MalwareBazaar
SHA3-384,4e80a045191c5c65b82d883f7f8336b8d1787972b2a4eee5c8b257629a032cf2ad52308eaf5b6052ccd0ba370e0567b3,e4ca83ae8c8c4f6263f7f43550b1dd7dc0b2d8852fe6602234553916a0d4e6ca,Mirai,Space.arc,elf,2026-09-21 01:03:02,MalwareBazaar
TLSH,T148B3AEEBF64725A2C85243F013C79FCE3E232291AE57A4E76C1E267B15760DB1D06B81,e4ca83ae8c8c4f6263f7f43550b1dd7dc0b2d8852fe6602234553916a0d4e6ca,Mirai,Space.arc,elf,2026-09-21 01:03:02,MalwareBazaar
SSDEEP,1536:hkc9afIgfD3zS0aRGGTlRl3xHFpexJ6jngJP/LWe:OfIq3u0ZEnl5FpdngJPq,e4ca83ae8c8c4f6263f7f43550b1dd7dc0b2d8852fe6602234553916a0d4e6ca,Mirai,Space.arc,elf,2026-09-21 01:03:02,MalwareBazaar
MD5,e15cf40af58e78a8cfb9c608a930ecfa,8f0332933d8f240083e9ff173852177f45b48372a6df64a22dc577d3b120b89a,unknown,file,exe,2026-09-21 00:46:44,MalwareBazaar
SHA-1,8e7d1803e6a333e60f8fcbd3c04ace7561b233bf,8f0332933d8f240083e9ff173852177f45b48372a6df64a22dc577d3b120b89a,unknown,file,exe,2026-09-21 00:46:44,MalwareBazaar
SHA-256,8f0332933d8f240083e9ff173852177f45b48372a6df64a22dc577d3b120b89a,8f0332933d8f240083e9ff173852177f45b48372a6df64a22dc577d3b120b89a,unknown,file,exe,2026-09-21 00:46:44,MalwareBazaar
SHA3-384,1da67066e6ea07dc595bf7609192555b5b1fc68a611c436b09266cd8110ae6a70772d05b1a1cf9dde9ea30fb642e1c72,8f0332933d8f240083e9ff173852177f45b48372a6df64a22dc577d3b120b89a,unknown,file,exe,2026-09-21 00:46:44,MalwareBazaar
IMPHASH,c64a9aaa58707c34f0569020880351cb,8f0332933d8f240083e9ff173852177f45b48372a6df64a22dc577d3b120b89a,unknown,file,exe,2026-09-21 00:46:44,MalwareBazaar
TLSH,T18462D786E9A25F5ECE4F80B03A11F838A97077D58A265DE3D7928C7549A39D00434EFD,8f0332933d8f240083e9ff173852177f45b48372a6df64a22dc577d3b120b89a,unknown,file,exe,2026-09-21 00:46:44,MalwareBazaar
SSDEEP,192:fqHOoLPoHeVQBNBY0fidcj3wJLsN3AAK8BzvTt1NpkAm1paLsehDPP0B46U13Bgn:fKOe2/7c9sN3zfZR1m+RGk36C,8f0332933d8f240083e9ff173852177f45b48372a6df64a22dc577d3b120b89a,unknown,file,exe,2026-09-21 00:46:44,MalwareBazaar
MD5,fb6246fb501314bb93f99f3a02b27ff8,f2cd69b0448ff01b89adcf5670f38e1f66da6861564e32a395facc156fcc3d89,unknown,file,exe,2026-09-21 00:44:25,MalwareBazaar
SHA-1,6e5c56fc3403737785ea1b6848c6a8064dc23f33,f2cd69b0448ff01b89adcf5670f38e1f66da6861564e32a395facc156fcc3d89,unknown,file,exe,2026-09-21 00:44:25,MalwareBazaar
SHA-256,f2cd69b0448ff01b89adcf5670f38e1f66da6861564e32a395facc156fcc3d89,f2cd69b0448ff01b89adcf5670f38e1f66da6861564e32a395facc156fcc3d89,unknown,file,exe,2026-09-21 00:44:25,MalwareBazaar
SHA3-384,61c0b93255f314e9a468d48a486d28fc4d534555445ddfaec791e328d5e00f334a140da34e0eaf5a9f6917677b23156e,f2cd69b0448ff01b89adcf5670f38e1f66da6861564e32a395facc156fcc3d89,unknown,file,exe,2026-09-21 00:44:25,MalwareBazaar
IMPHASH,c64a9aaa58707c34f0569020880351cb,f2cd69b0448ff01b89adcf5670f38e1f66da6861564e32a395facc156fcc3d89,unknown,file,exe,2026-09-21 00:44:25,MalwareBazaar
TLSH,T14B62D686D8A26F5CDE8F80703A11FC38BE7436908A6569E7D7928D345DA79C10038FF9,f2cd69b0448ff01b89adcf5670f38e1f66da6861564e32a395facc156fcc3d89,unknown,file,exe,2026-09-21 00:44:25,MalwareBazaar
SSDEEP,192:fqHOoLPoHeVQBNBY0fidcj3wJLsN3AAK8BzvTt1NpkAm1paLsehDPP0B46U1BgCc:fKOe2/7c9sN3zfZR1m+RGK6C,f2cd69b0448ff01b89adcf5670f38e1f66da6861564e32a395facc156fcc3d89,unknown,file,exe,2026-09-21 00:44:25,MalwareBazaar
MD5,298c7a63092957ca5dd1d823d086dd2d,0d0ee878ce80bba959f48fbf1d3220b135ad18625eeb62aa89a6a16c3308fdda,unknown,file,exe,2026-09-21 00:42:01,MalwareBazaar
SHA-1,5b3d4e5afe79a653d059812943f966fb4e2841cc,0d0ee878ce80bba959f48fbf1d3220b135ad18625eeb62aa89a6a16c3308fdda,unknown,file,exe,2026-09-21 00:42:01,MalwareBazaar
SHA-256,0d0ee878ce80bba959f48fbf1d3220b135ad18625eeb62aa89a6a16c3308fdda,0d0ee878ce80bba959f48fbf1d3220b135ad18625eeb62aa89a6a16c3308fdda,unknown,file,exe,2026-09-21 00:42:01,MalwareBazaar
SHA3-384,a587c6ff208854cd2aa22f2dbb1371b0cd383429bb6a47c8b6ef5942e165e7d6977f5b0ffcd6e028d36c45caa88a3fdb,0d0ee878ce80bba959f48fbf1d3220b135ad18625eeb62aa89a6a16c3308fdda,unknown,file,exe,2026-09-21 00:42:01,MalwareBazaar
IMPHASH,c64a9aaa58707c34f0569020880351cb,0d0ee878ce80bba959f48fbf1d3220b135ad18625eeb62aa89a6a16c3308fdda,unknown,file,exe,2026-09-21 00:42:01,MalwareBazaar
TLSH,T1F162C68BD8A22E5CDE4F90713A11F978A97472A096A65DE3D792CC305AA39D00434FFD,0d0ee878ce80bba959f48fbf1d3220b135ad18625eeb62aa89a6a16c3308fdda,unknown,file,exe,2026-09-21 00:42:01,MalwareBazaar
SSDEEP,192:fqHOoLPoHeVQBNBY0fidcj3wJLsN3AAK8BzvTt1NpkAm1paLsehDPP0B46UB38nc:fKOe2/7c9sN3zfZR1m+RGDV6C,0d0ee878ce80bba959f48fbf1d3220b135ad18625eeb62aa89a6a16c3308fdda,unknown,file,exe,2026-09-21 00:42:01,MalwareBazaar
MD5,891e75f66f5c7bc7b7db86bdbb205a89,c254bf1cd9ab1496ad01785ed181bd6e314534bb1f079a4bc4616b40a8fd62ee,unknown,macho_c254bf1cd9ab.bin,macho,2026-09-21 00:41:55,MalwareBazaar
SHA-1,6dc47ffd0340b36e6ca5a00e71e2a7f79a1215c9,c254bf1cd9ab1496ad01785ed181bd6e314534bb1f079a4bc4616b40a8fd62ee,unknown,macho_c254bf1cd9ab.bin,macho,2026-09-21 00:41:55,MalwareBazaar
SHA-256,c254bf1cd9ab1496ad01785ed181bd6e314534bb1f079a4bc4616b40a8fd62ee,c254bf1cd9ab1496ad01785ed181bd6e314534bb1f079a4bc4616b40a8fd62ee,unknown,macho_c254bf1cd9ab.bin,macho,2026-09-21 00:41:55,MalwareBazaar
SHA3-384,7c16b288ab9b511ae07ce081fcfe5925c6cedca08b0815f154949cec26ce0fc288ef0960382bde9c816a9d1afc41fefc,c254bf1cd9ab1496ad01785ed181bd6e314534bb1f079a4bc4616b40a8fd62ee,unknown,macho_c254bf1cd9ab.bin,macho,2026-09-21 00:41:55,MalwareBazaar
TLSH,T1AC15F100CEA554AAF48CEB311B2A0B33DE21B9548B85A2DF13553EC89D363D3E96735D,c254bf1cd9ab1496ad01785ed181bd6e314534bb1f079a4bc4616b40a8fd62ee,unknown,macho_c254bf1cd9ab.bin,macho,2026-09-21 00:41:55,MalwareBazaar
SSDEEP,24576:YEjmnBcKvWZytslk3/lEooY7I0JUtWnolI:1mvlE0/,c254bf1cd9ab1496ad01785ed181bd6e314534bb1f079a4bc4616b40a8fd62ee,unknown,macho_c254bf1cd9ab.bin,macho,2026-09-21 00:41:55,MalwareBazaar
