type,value,sha256,malware_family,file_name,file_type,first_seen,source
MD5,7d7346df9861ea4f89ba149d6cb05300,b8d63bcb195fa116a1e6aa80ae02521860d7c91699e1e44e9a6f24bcfdac8515,unknown,ppc,elf,2026-08-27 09:56:38,MalwareBazaar
SHA-1,9d6607309576f1005a71a0cfa3188bd53de4693b,b8d63bcb195fa116a1e6aa80ae02521860d7c91699e1e44e9a6f24bcfdac8515,unknown,ppc,elf,2026-08-27 09:56:38,MalwareBazaar
SHA-256,b8d63bcb195fa116a1e6aa80ae02521860d7c91699e1e44e9a6f24bcfdac8515,b8d63bcb195fa116a1e6aa80ae02521860d7c91699e1e44e9a6f24bcfdac8515,unknown,ppc,elf,2026-08-27 09:56:38,MalwareBazaar
SHA3-384,eb1b2f8c1fe6ef7b9bcf30ca48d35a4248b89d1707ffd886e71a3e6d69cc917a597ad684459f0812a53558a41161796c,b8d63bcb195fa116a1e6aa80ae02521860d7c91699e1e44e9a6f24bcfdac8515,unknown,ppc,elf,2026-08-27 09:56:38,MalwareBazaar
TLSH,T138145A02776D0403D3632DF43B3B13D1939FE4A321A4F644790FAA985BB2931A696DDE,b8d63bcb195fa116a1e6aa80ae02521860d7c91699e1e44e9a6f24bcfdac8515,unknown,ppc,elf,2026-08-27 09:56:38,MalwareBazaar
SSDEEP,6144:8J6xFUbe/xxrny7M6JljGcEssMOgh5otd:Fnl3cJ/EssMOgh5otd,b8d63bcb195fa116a1e6aa80ae02521860d7c91699e1e44e9a6f24bcfdac8515,unknown,ppc,elf,2026-08-27 09:56:38,MalwareBazaar
MD5,21906f3b8d818358e5588228632f9c62,339285484b60a51ae06e6e8d59cf177d5fda512f49eb38aaf8ef9b10e3b55703,unknown,lul.mpsl,elf,2026-08-27 09:54:36,MalwareBazaar
SHA-1,4554c0271e2d84cf8724f81a58366377caba789e,339285484b60a51ae06e6e8d59cf177d5fda512f49eb38aaf8ef9b10e3b55703,unknown,lul.mpsl,elf,2026-08-27 09:54:36,MalwareBazaar
SHA-256,339285484b60a51ae06e6e8d59cf177d5fda512f49eb38aaf8ef9b10e3b55703,339285484b60a51ae06e6e8d59cf177d5fda512f49eb38aaf8ef9b10e3b55703,unknown,lul.mpsl,elf,2026-08-27 09:54:36,MalwareBazaar
SHA3-384,ba951e7aa819da95d7ac5890079fdd5952f74c1589a66a92ad242b544e979c01e2c8c57c55e7a038d88ca7e2b04519b6,339285484b60a51ae06e6e8d59cf177d5fda512f49eb38aaf8ef9b10e3b55703,unknown,lul.mpsl,elf,2026-08-27 09:54:36,MalwareBazaar
TLSH,T179B3FA0AFF501EFBD86FCD3705A9074635CC695613B93B357634D928BA1A20B4AE3C68,339285484b60a51ae06e6e8d59cf177d5fda512f49eb38aaf8ef9b10e3b55703,unknown,lul.mpsl,elf,2026-08-27 09:54:36,MalwareBazaar
SSDEEP,1536:Pp2tqf6/wCBG/nGOV3J6CbSX58rhCgxZspA3naUIQvHIOgyU5llNSlGhKEC:qqf6kGCbSEnaUIyHaZBKE,339285484b60a51ae06e6e8d59cf177d5fda512f49eb38aaf8ef9b10e3b55703,unknown,lul.mpsl,elf,2026-08-27 09:54:36,MalwareBazaar
MD5,9f9947f497e697587164c2dbf1797176,a5842fabc581ddd4ae938b8b9acc01a2a5dc77b852cfe77267d51116f84ba1e5,Mirai,arm7,elf,2026-08-27 09:44:46,MalwareBazaar
SHA-1,1b6b97153cd45cf82ab72697b8ef47a25e1a0294,a5842fabc581ddd4ae938b8b9acc01a2a5dc77b852cfe77267d51116f84ba1e5,Mirai,arm7,elf,2026-08-27 09:44:46,MalwareBazaar
SHA-256,a5842fabc581ddd4ae938b8b9acc01a2a5dc77b852cfe77267d51116f84ba1e5,a5842fabc581ddd4ae938b8b9acc01a2a5dc77b852cfe77267d51116f84ba1e5,Mirai,arm7,elf,2026-08-27 09:44:46,MalwareBazaar
SHA3-384,cb6dca1514b3df299d442eb2db7988c590bbfc0f6604f9a699886d07dd1f7a0fab901ad23cebeeb1ad594be05e3371be,a5842fabc581ddd4ae938b8b9acc01a2a5dc77b852cfe77267d51116f84ba1e5,Mirai,arm7,elf,2026-08-27 09:44:46,MalwareBazaar
TLSH,T10F344A52AA929A13C1C3177AFBCF41053323A66693DB7306F91CABB43F8725E4E63541,a5842fabc581ddd4ae938b8b9acc01a2a5dc77b852cfe77267d51116f84ba1e5,Mirai,arm7,elf,2026-08-27 09:44:46,MalwareBazaar
TELFHASH,t137311f3117359516aeb0da589ced53b7152ec3266285ef73ee25c4dc940a0abe633c0f,a5842fabc581ddd4ae938b8b9acc01a2a5dc77b852cfe77267d51116f84ba1e5,Mirai,arm7,elf,2026-08-27 09:44:46,MalwareBazaar
SSDEEP,6144:NlgCijGDX+r0Lo1CgO5z1ygIvSsaU5Ioscmn3TW5IOEssMOgh5oIV52b5M/9UN:8COGDXa0Lo1CgON1jIvSsaU5IosfD6EP,a5842fabc581ddd4ae938b8b9acc01a2a5dc77b852cfe77267d51116f84ba1e5,Mirai,arm7,elf,2026-08-27 09:44:46,MalwareBazaar
MD5,1a53bcdc23877ce61564ad1d666cec34,a5c1403a73d8b5c78ce1bb397e09c4c8b7bc7edd82eb747e001a113a21a1919d,unknown,ok,sh,2026-08-27 09:44:44,MalwareBazaar
SHA-1,62224c466e394acefaf879e4f0950097284de47e,a5c1403a73d8b5c78ce1bb397e09c4c8b7bc7edd82eb747e001a113a21a1919d,unknown,ok,sh,2026-08-27 09:44:44,MalwareBazaar
SHA-256,a5c1403a73d8b5c78ce1bb397e09c4c8b7bc7edd82eb747e001a113a21a1919d,a5c1403a73d8b5c78ce1bb397e09c4c8b7bc7edd82eb747e001a113a21a1919d,unknown,ok,sh,2026-08-27 09:44:44,MalwareBazaar
SHA3-384,6faacb4c286ceeac4bfbe245bd6f36e4789158e62bb8cb0f4b287bcc23b218952a6cc8553d529ac4090ec3aa83f0422b,a5c1403a73d8b5c78ce1bb397e09c4c8b7bc7edd82eb747e001a113a21a1919d,unknown,ok,sh,2026-08-27 09:44:44,MalwareBazaar
TLSH,T1A6317E9A02204B311102DA9D73B2358DB58DE2E71D8FC7C4895A1FB9828C7DCF661B49,a5c1403a73d8b5c78ce1bb397e09c4c8b7bc7edd82eb747e001a113a21a1919d,unknown,ok,sh,2026-08-27 09:44:44,MalwareBazaar
SSDEEP,24:L262MHZK/ltPX4cif/R/Iavu83BArbq81c2PdtUXEjCUr:LFl3z/R/IDXhLUuCUr,a5c1403a73d8b5c78ce1bb397e09c4c8b7bc7edd82eb747e001a113a21a1919d,unknown,ok,sh,2026-08-27 09:44:44,MalwareBazaar
MD5,a0cca80a69028539eba5a37eaa442109,4ec985c55d0a56a361fc9f7d3469afde4b8938d0eb34435ef10436802b0e4273,unknown,vywerrzo27.hta,unknown,2026-08-27 09:40:42,MalwareBazaar
SHA-256,4ec985c55d0a56a361fc9f7d3469afde4b8938d0eb34435ef10436802b0e4273,4ec985c55d0a56a361fc9f7d3469afde4b8938d0eb34435ef10436802b0e4273,unknown,vywerrzo27.hta,unknown,2026-08-27 09:40:42,MalwareBazaar
MD5,097ede78e3fd3e4a1e5dd5147b5b0e41,ba567960aa8e9d81527a32d17df715b6e6aa381f7f54ef0258fa7611727c4c27,Mirai,arm,elf,2026-08-27 09:40:41,MalwareBazaar
SHA-1,1599b5808c15fad9e2a67d93e8278ba24f2e8a0c,ba567960aa8e9d81527a32d17df715b6e6aa381f7f54ef0258fa7611727c4c27,Mirai,arm,elf,2026-08-27 09:40:41,MalwareBazaar
SHA-256,ba567960aa8e9d81527a32d17df715b6e6aa381f7f54ef0258fa7611727c4c27,ba567960aa8e9d81527a32d17df715b6e6aa381f7f54ef0258fa7611727c4c27,Mirai,arm,elf,2026-08-27 09:40:41,MalwareBazaar
SHA3-384,e0c0a5fa6a6f55801a3a2575bf4f2af398806617badfbb8b5547fe4edb70c5645ad32ba61c602c7cae964d6971a07a9c,ba567960aa8e9d81527a32d17df715b6e6aa381f7f54ef0258fa7611727c4c27,Mirai,arm,elf,2026-08-27 09:40:41,MalwareBazaar
TLSH,T102243951BCE29A12C6C3467BFB4E428D372A635AD3DE3102BD1D5F603F8A45B0A7B581,ba567960aa8e9d81527a32d17df715b6e6aa381f7f54ef0258fa7611727c4c27,Mirai,arm,elf,2026-08-27 09:40:41,MalwareBazaar
TELFHASH,t1cbe0261ec82903da5798820141de231a67bab45f126614a7928c6e460f53980e02d805,ba567960aa8e9d81527a32d17df715b6e6aa381f7f54ef0258fa7611727c4c27,Mirai,arm,elf,2026-08-27 09:40:41,MalwareBazaar
SSDEEP,6144:h+l5Mykc3l8q1uuiFhEwdTaREH4qywXTKIwnAUEssMOgh5oQ:4l5Mykc3l8q1uF9d/H41a+lEssMOgh5l,ba567960aa8e9d81527a32d17df715b6e6aa381f7f54ef0258fa7611727c4c27,Mirai,arm,elf,2026-08-27 09:40:41,MalwareBazaar
MD5,7e2bd196d2ecd5d5b2b0c3b791a59da4,f0b516e70d8ee2bd08037407bdae1f4a33648d6ba88ee4f39df37b530d16228a,Mirai,arm6,elf,2026-08-27 09:38:34,MalwareBazaar
SHA-1,cdab01c8b9d59dd366674f1460bd89539421c210,f0b516e70d8ee2bd08037407bdae1f4a33648d6ba88ee4f39df37b530d16228a,Mirai,arm6,elf,2026-08-27 09:38:34,MalwareBazaar
SHA-256,f0b516e70d8ee2bd08037407bdae1f4a33648d6ba88ee4f39df37b530d16228a,f0b516e70d8ee2bd08037407bdae1f4a33648d6ba88ee4f39df37b530d16228a,Mirai,arm6,elf,2026-08-27 09:38:34,MalwareBazaar
SHA3-384,825d605e0427df4461cd994b0c827b331c4bdc8f8013f963d7cbe90dd1541d731a305c7d23e66da85330917eabf3eddd,f0b516e70d8ee2bd08037407bdae1f4a33648d6ba88ee4f39df37b530d16228a,Mirai,arm6,elf,2026-08-27 09:38:34,MalwareBazaar
TLSH,T1D5241852BCD29B11D6C2467EFF0E514E3313676AD2CE7212BD1C6B703F8A46B0A7A541,f0b516e70d8ee2bd08037407bdae1f4a33648d6ba88ee4f39df37b530d16228a,Mirai,arm6,elf,2026-08-27 09:38:34,MalwareBazaar
TELFHASH,t161e07d11cea4476df682934440ede010e001f04717221cd2c8c86e8f4f32c16f012813,f0b516e70d8ee2bd08037407bdae1f4a33648d6ba88ee4f39df37b530d16228a,Mirai,arm6,elf,2026-08-27 09:38:34,MalwareBazaar
SSDEEP,6144:TJhWtC0aL+GqfrtG+PsoYXXkPXaZ2Z0GV2tpHHEssMOgh5oR:DWtC0a6GqfrtG+0oSXWXa8yGV6EssMOX,f0b516e70d8ee2bd08037407bdae1f4a33648d6ba88ee4f39df37b530d16228a,Mirai,arm6,elf,2026-08-27 09:38:34,MalwareBazaar
MD5,db05f6ea97e801482155fb0892e0c6ad,98fd5c1d2cd1c220bc2c1869bfe84828b9f2df659dff1132a1f9f84628244454,unknown,k.php,sh,2026-08-27 09:34:31,MalwareBazaar
SHA-1,24a29a881a6de0c69f01f523b3b65e5e3004242f,98fd5c1d2cd1c220bc2c1869bfe84828b9f2df659dff1132a1f9f84628244454,unknown,k.php,sh,2026-08-27 09:34:31,MalwareBazaar
SHA-256,98fd5c1d2cd1c220bc2c1869bfe84828b9f2df659dff1132a1f9f84628244454,98fd5c1d2cd1c220bc2c1869bfe84828b9f2df659dff1132a1f9f84628244454,unknown,k.php,sh,2026-08-27 09:34:31,MalwareBazaar
SHA3-384,5e34da004fd9097d7086ba598315b9306aac08c12c8b19b67a2eb6987bd28fea5c6f6a0f2ffff6eb67207a51da5524bc,98fd5c1d2cd1c220bc2c1869bfe84828b9f2df659dff1132a1f9f84628244454,unknown,k.php,sh,2026-08-27 09:34:31,MalwareBazaar
TLSH,T1E4236C652A857C14AA98C4371D7E2F0CB9AD43E6320492ED7FCF3CF68C4A69D921871D,98fd5c1d2cd1c220bc2c1869bfe84828b9f2df659dff1132a1f9f84628244454,unknown,k.php,sh,2026-08-27 09:34:31,MalwareBazaar
SSDEEP,768:M4XOGVvt9GKYpr9GKYp82fkR4nnA9GKYpr9GKYp82fkR4nnS:MuLWcr,98fd5c1d2cd1c220bc2c1869bfe84828b9f2df659dff1132a1f9f84628244454,unknown,k.php,sh,2026-08-27 09:34:31,MalwareBazaar
MD5,1bb2aa4604c795f35fa555863d41bc39,53ad3b3ba81cfb1b96d8c1e2c92fb3ee7fb693d92144c786ad29df41e8298a88,Mirai,lul.arm6,elf,2026-08-27 09:31:02,MalwareBazaar
SHA-1,1dbfea77701787b21cdbf9fb8064e051b3f34ce3,53ad3b3ba81cfb1b96d8c1e2c92fb3ee7fb693d92144c786ad29df41e8298a88,Mirai,lul.arm6,elf,2026-08-27 09:31:02,MalwareBazaar
SHA-256,53ad3b3ba81cfb1b96d8c1e2c92fb3ee7fb693d92144c786ad29df41e8298a88,53ad3b3ba81cfb1b96d8c1e2c92fb3ee7fb693d92144c786ad29df41e8298a88,Mirai,lul.arm6,elf,2026-08-27 09:31:02,MalwareBazaar
SHA3-384,46c0909f20033dfdd557138733072fb9c52c75a0309aea0918c526e02a45a01918d311e565b688064bd8e27acf74a470,53ad3b3ba81cfb1b96d8c1e2c92fb3ee7fb693d92144c786ad29df41e8298a88,Mirai,lul.arm6,elf,2026-08-27 09:31:02,MalwareBazaar
TLSH,T1E593285AF8829B15D5C1127EFE1E528D33132BBCE3DE7212DE146B21778B56B0E3A406,53ad3b3ba81cfb1b96d8c1e2c92fb3ee7fb693d92144c786ad29df41e8298a88,Mirai,lul.arm6,elf,2026-08-27 09:31:02,MalwareBazaar
TELFHASH,t12a01c566c605458c1bc1c55b54ee212c156db87e3b01126edc9c2b8f907708d7056c1a,53ad3b3ba81cfb1b96d8c1e2c92fb3ee7fb693d92144c786ad29df41e8298a88,Mirai,lul.arm6,elf,2026-08-27 09:31:02,MalwareBazaar
SSDEEP,1536:Cenm8xFdL7LZLdprHmBoIoXEuhjgkGVB5x6gcDlba43M6EMuiWSlcaWNHfIPZ7j+:xxFdL/1LeoIoXjhjgkGvnabajOcaWNHz,53ad3b3ba81cfb1b96d8c1e2c92fb3ee7fb693d92144c786ad29df41e8298a88,Mirai,lul.arm6,elf,2026-08-27 09:31:02,MalwareBazaar
MD5,06ca7b8b01d415c063c7d3e62f14dd81,dbf045cd17f860bc5692c145c0a84930992749543c4dfb67c0d26565944e0de6,unknown,nvr,unknown,2026-08-27 09:30:38,MalwareBazaar
SHA-256,dbf045cd17f860bc5692c145c0a84930992749543c4dfb67c0d26565944e0de6,dbf045cd17f860bc5692c145c0a84930992749543c4dfb67c0d26565944e0de6,unknown,nvr,unknown,2026-08-27 09:30:38,MalwareBazaar
MD5,ab5ae82b577e107a91aa76a9f27201f9,6e4ba98eec21415df3855ef1ff7620af209c3b31a991dc8f8f87b6d3546af8e9,RemcosRAT,PurchaseOrderpdf.JS.js,js,2026-08-27 09:30:13,MalwareBazaar
SHA-1,463eb21619ba9894cc6751801fde3762dfc077f8,6e4ba98eec21415df3855ef1ff7620af209c3b31a991dc8f8f87b6d3546af8e9,RemcosRAT,PurchaseOrderpdf.JS.js,js,2026-08-27 09:30:13,MalwareBazaar
SHA-256,6e4ba98eec21415df3855ef1ff7620af209c3b31a991dc8f8f87b6d3546af8e9,6e4ba98eec21415df3855ef1ff7620af209c3b31a991dc8f8f87b6d3546af8e9,RemcosRAT,PurchaseOrderpdf.JS.js,js,2026-08-27 09:30:13,MalwareBazaar
SHA3-384,96a41cfbded274a745b047c5947da35f3de170e3cee6d7e370064d238c0086ac9f2eb4e49ea9a7bf671da62e0065d73f,6e4ba98eec21415df3855ef1ff7620af209c3b31a991dc8f8f87b6d3546af8e9,RemcosRAT,PurchaseOrderpdf.JS.js,js,2026-08-27 09:30:13,MalwareBazaar
TLSH,T1F446D761A34191337720974F12B689A2DC8B61A3E4E5DF29B87DD308BB5CD07F3589E2,6e4ba98eec21415df3855ef1ff7620af209c3b31a991dc8f8f87b6d3546af8e9,RemcosRAT,PurchaseOrderpdf.JS.js,js,2026-08-27 09:30:13,MalwareBazaar
SSDEEP,98304:2fzd6CJxC7jrJVi6lPIcK3LwNE3HKgFl+b5Qx5hJJMJdyOBR2xdsSKSm/0Bew3eR:2B6WOu6pIcKcNEXK+l+bSfiJY7gUPuFf,6e4ba98eec21415df3855ef1ff7620af209c3b31a991dc8f8f87b6d3546af8e9,RemcosRAT,PurchaseOrderpdf.JS.js,js,2026-08-27 09:30:13,MalwareBazaar
MD5,0d5d21a2f3ac820db8ee3cd6fc73fbaa,b38ce79773881df169bfc6cfdaa105270c5bcb2c9c4509a6454a1d1f50f1a641,unknown,k.php,sh,2026-08-27 09:27:33,MalwareBazaar
SHA-1,b82da2e18e35abfaa2e5c793029b4a29d066c6cb,b38ce79773881df169bfc6cfdaa105270c5bcb2c9c4509a6454a1d1f50f1a641,unknown,k.php,sh,2026-08-27 09:27:33,MalwareBazaar
SHA-256,b38ce79773881df169bfc6cfdaa105270c5bcb2c9c4509a6454a1d1f50f1a641,b38ce79773881df169bfc6cfdaa105270c5bcb2c9c4509a6454a1d1f50f1a641,unknown,k.php,sh,2026-08-27 09:27:33,MalwareBazaar
SHA3-384,39a31025294dd0050190d6cc2a34dca53307299dd03eb503fbce3496e0b4a675e9e080a750214a6c94d08fb52785cd3a,b38ce79773881df169bfc6cfdaa105270c5bcb2c9c4509a6454a1d1f50f1a641,unknown,k.php,sh,2026-08-27 09:27:33,MalwareBazaar
TLSH,T121235C6516857C24AE98C4361C7E2F0CB9AD43E6324452EE7FCF3CF68C4A6AD910971D,b38ce79773881df169bfc6cfdaa105270c5bcb2c9c4509a6454a1d1f50f1a641,unknown,k.php,sh,2026-08-27 09:27:33,MalwareBazaar
SSDEEP,768:q+99GKYpr9GKYp82fkR4nnA9GKYpr9GKYp82fkR4nnS:q+ecr,b38ce79773881df169bfc6cfdaa105270c5bcb2c9c4509a6454a1d1f50f1a641,unknown,k.php,sh,2026-08-27 09:27:33,MalwareBazaar
MD5,e5aa3259cf9350800b78a1612db11a3c,f1d8ccf9d1d0944b90cf07c5f085dac72a84cf9c1d56efb5cdc47606106fa260,unknown,f1d8ccf9d1d0944b90cf07c5f085dac72a84cf9c1d56efb5cdc47606106fa260.exe,exe,2026-08-27 09:21:01,MalwareBazaar
SHA-1,bc3b1f2f8135a55678295a67d3b1bd07b36737af,f1d8ccf9d1d0944b90cf07c5f085dac72a84cf9c1d56efb5cdc47606106fa260,unknown,f1d8ccf9d1d0944b90cf07c5f085dac72a84cf9c1d56efb5cdc47606106fa260.exe,exe,2026-08-27 09:21:01,MalwareBazaar
SHA-256,f1d8ccf9d1d0944b90cf07c5f085dac72a84cf9c1d56efb5cdc47606106fa260,f1d8ccf9d1d0944b90cf07c5f085dac72a84cf9c1d56efb5cdc47606106fa260,unknown,f1d8ccf9d1d0944b90cf07c5f085dac72a84cf9c1d56efb5cdc47606106fa260.exe,exe,2026-08-27 09:21:01,MalwareBazaar
SHA3-384,67071a9f5a8f6c690eeb2180ddc2a44f9afcd065c6cec6acb9b7ee8cef20fc5bb6ca67b07088b65fbb453d9cdedf0b22,f1d8ccf9d1d0944b90cf07c5f085dac72a84cf9c1d56efb5cdc47606106fa260,unknown,f1d8ccf9d1d0944b90cf07c5f085dac72a84cf9c1d56efb5cdc47606106fa260.exe,exe,2026-08-27 09:21:01,MalwareBazaar
IMPHASH,5a2ed47d8c6c6433dbc831d38c92042b,f1d8ccf9d1d0944b90cf07c5f085dac72a84cf9c1d56efb5cdc47606106fa260,unknown,f1d8ccf9d1d0944b90cf07c5f085dac72a84cf9c1d56efb5cdc47606106fa260.exe,exe,2026-08-27 09:21:01,MalwareBazaar
TLSH,T172E52344FD827976E032C3B746D3B07D30693B858A348D8E7BC96741AE12A297D7B346,f1d8ccf9d1d0944b90cf07c5f085dac72a84cf9c1d56efb5cdc47606106fa260,unknown,f1d8ccf9d1d0944b90cf07c5f085dac72a84cf9c1d56efb5cdc47606106fa260.exe,exe,2026-08-27 09:21:01,MalwareBazaar
SSDEEP,49152:Q0PulMAghffyvPzCJI9N9awGyFFn1amlUY3kh9X79/m/DyJjH57HlfTHjf:Qyhinz59DGyF9E6r3kh9LDF59j,f1d8ccf9d1d0944b90cf07c5f085dac72a84cf9c1d56efb5cdc47606106fa260,unknown,f1d8ccf9d1d0944b90cf07c5f085dac72a84cf9c1d56efb5cdc47606106fa260.exe,exe,2026-08-27 09:21:01,MalwareBazaar
MD5,3d69f068a01ca43a0ab646e84ee42491,44708c993a9ae48e7290f6217fa5b40876d102d91ae0102a1556063044791456,unknown,dlr.mips,elf,2026-08-27 09:20:35,MalwareBazaar
SHA-1,7f417bd31ad8f1b4c3309bcb8da49bc835ebf131,44708c993a9ae48e7290f6217fa5b40876d102d91ae0102a1556063044791456,unknown,dlr.mips,elf,2026-08-27 09:20:35,MalwareBazaar
SHA-256,44708c993a9ae48e7290f6217fa5b40876d102d91ae0102a1556063044791456,44708c993a9ae48e7290f6217fa5b40876d102d91ae0102a1556063044791456,unknown,dlr.mips,elf,2026-08-27 09:20:35,MalwareBazaar
SHA3-384,c331e5c6d82291d9132032c8c713f72e7a66854482dc1415252420b8939e9bb1cb2593227d3dbf5417ce559859360d5d,44708c993a9ae48e7290f6217fa5b40876d102d91ae0102a1556063044791456,unknown,dlr.mips,elf,2026-08-27 09:20:35,MalwareBazaar
TLSH,T158B2194AF9A4DF9DF325C4328AEF8E2455613BD203B006A7D16CF5604D107CA69AFEB1,44708c993a9ae48e7290f6217fa5b40876d102d91ae0102a1556063044791456,unknown,dlr.mips,elf,2026-08-27 09:20:35,MalwareBazaar
SSDEEP,384:vBtSzV0TtIWr+zv9h37C08hxPEbN7049SfGCkRSO0mQ5:vqzV0T36zv/WxP6N7P3RSQy,44708c993a9ae48e7290f6217fa5b40876d102d91ae0102a1556063044791456,unknown,dlr.mips,elf,2026-08-27 09:20:35,MalwareBazaar
MD5,d2c101e157c6964d7eb2e3cb5c4a8c58,1d7a148e3f597c2c32aed9727de0c2bf0f0462418d1c1edb5c5603754b7a162a,Mirai,tmpsl,elf,2026-08-27 09:20:34,MalwareBazaar
SHA-1,f5ed1b0351075112f770a1ae8c459824a72f3d30,1d7a148e3f597c2c32aed9727de0c2bf0f0462418d1c1edb5c5603754b7a162a,Mirai,tmpsl,elf,2026-08-27 09:20:34,MalwareBazaar
SHA-256,1d7a148e3f597c2c32aed9727de0c2bf0f0462418d1c1edb5c5603754b7a162a,1d7a148e3f597c2c32aed9727de0c2bf0f0462418d1c1edb5c5603754b7a162a,Mirai,tmpsl,elf,2026-08-27 09:20:34,MalwareBazaar
SHA3-384,ffd53c6254d0cb811e149ff9d6494c7e6945485a50f7dd64a009bcc6b497e49f6cb97f1299752e41ee65d8bb81b3d8ea,1d7a148e3f597c2c32aed9727de0c2bf0f0462418d1c1edb5c5603754b7a162a,Mirai,tmpsl,elf,2026-08-27 09:20:34,MalwareBazaar
TLSH,T1BD34EA1AEF612EBBD81FCC37089906C975DCF49512A93B372634DA1DBA0724F49E3864,1d7a148e3f597c2c32aed9727de0c2bf0f0462418d1c1edb5c5603754b7a162a,Mirai,tmpsl,elf,2026-08-27 09:20:34,MalwareBazaar
SSDEEP,3072:XFg2CXq0ADfXwW6pIKqX4C3kISogsVnQHff:XFg2Ca0ifXwW6pfab+3vHf,1d7a148e3f597c2c32aed9727de0c2bf0f0462418d1c1edb5c5603754b7a162a,Mirai,tmpsl,elf,2026-08-27 09:20:34,MalwareBazaar
MD5,a24ec68a2b458edd5cb48ffa9ceb35f7,a6458820cefd26db2ffa682f2b7a42877dff2c5d2e647993a0678928b2192f49,unknown,4pi3llms81.hta,unknown,2026-08-27 09:18:33,MalwareBazaar
SHA-256,a6458820cefd26db2ffa682f2b7a42877dff2c5d2e647993a0678928b2192f49,a6458820cefd26db2ffa682f2b7a42877dff2c5d2e647993a0678928b2192f49,unknown,4pi3llms81.hta,unknown,2026-08-27 09:18:33,MalwareBazaar
MD5,e83ecb72ffe6e026849ac42c132026fc,6f0f3928fa60d3d51e7fa1cedc94df4ec0b41d7ab5b9c7488715020f6b294455,WannaCry,6f0f3928fa60d3d51e7fa1cedc94df4ec0b41d7ab5b9c7488715020f6b294455,exe,2026-08-27 09:15:35,MalwareBazaar
SHA-1,de4c1b6dbee1d8208fc8fe51f2746af640937cba,6f0f3928fa60d3d51e7fa1cedc94df4ec0b41d7ab5b9c7488715020f6b294455,WannaCry,6f0f3928fa60d3d51e7fa1cedc94df4ec0b41d7ab5b9c7488715020f6b294455,exe,2026-08-27 09:15:35,MalwareBazaar
SHA-256,6f0f3928fa60d3d51e7fa1cedc94df4ec0b41d7ab5b9c7488715020f6b294455,6f0f3928fa60d3d51e7fa1cedc94df4ec0b41d7ab5b9c7488715020f6b294455,WannaCry,6f0f3928fa60d3d51e7fa1cedc94df4ec0b41d7ab5b9c7488715020f6b294455,exe,2026-08-27 09:15:35,MalwareBazaar
SHA3-384,e328bf83f52b7fd6c3df7c875ec8ca9d6fad5e47b211797e83ac0c207d711cc5ef0628b62c695ac5c0ced62ac1391844,6f0f3928fa60d3d51e7fa1cedc94df4ec0b41d7ab5b9c7488715020f6b294455,WannaCry,6f0f3928fa60d3d51e7fa1cedc94df4ec0b41d7ab5b9c7488715020f6b294455,exe,2026-08-27 09:15:35,MalwareBazaar
IMPHASH,0cdadfa1098d845dd3b4cf92625b5f04,6f0f3928fa60d3d51e7fa1cedc94df4ec0b41d7ab5b9c7488715020f6b294455,WannaCry,6f0f3928fa60d3d51e7fa1cedc94df4ec0b41d7ab5b9c7488715020f6b294455,exe,2026-08-27 09:15:35,MalwareBazaar
TLSH,T14436F11631D8C071C413513088B79B61F6B6BC2A1379964FBB948F6E2F33791E62AB53,6f0f3928fa60d3d51e7fa1cedc94df4ec0b41d7ab5b9c7488715020f6b294455,WannaCry,6f0f3928fa60d3d51e7fa1cedc94df4ec0b41d7ab5b9c7488715020f6b294455,exe,2026-08-27 09:15:35,MalwareBazaar
SSDEEP,12288:jbLgD1bLgmluCti62WfSm0iEcQhfYNVUy7ckPU82900Ve7:jbLgBbLguriIfEcQdIVUacMNge,6f0f3928fa60d3d51e7fa1cedc94df4ec0b41d7ab5b9c7488715020f6b294455,WannaCry,6f0f3928fa60d3d51e7fa1cedc94df4ec0b41d7ab5b9c7488715020f6b294455,exe,2026-08-27 09:15:35,MalwareBazaar
MD5,338e954519448e56a4efaa35892220d7,847067d6d55130c927a4fb8ee948cde9090214e6bd8c47be3c8fa8d93992302f,unknown,dlr.arm,elf,2026-08-27 09:14:58,MalwareBazaar
SHA-1,074b63d949e1bdcd809f1c4b76683f387947bac0,847067d6d55130c927a4fb8ee948cde9090214e6bd8c47be3c8fa8d93992302f,unknown,dlr.arm,elf,2026-08-27 09:14:58,MalwareBazaar
SHA-256,847067d6d55130c927a4fb8ee948cde9090214e6bd8c47be3c8fa8d93992302f,847067d6d55130c927a4fb8ee948cde9090214e6bd8c47be3c8fa8d93992302f,unknown,dlr.arm,elf,2026-08-27 09:14:58,MalwareBazaar
SHA3-384,d44c3a52aa540c8e5c59a32ffc9014bd463cdd7a8107ab6f9ea594dc2943253b0af8570eb9256d9b2bd96637fe4fe010,847067d6d55130c927a4fb8ee948cde9090214e6bd8c47be3c8fa8d93992302f,unknown,dlr.arm,elf,2026-08-27 09:14:58,MalwareBazaar
TLSH,T19EB23AD5E861A939E5F07538B7FB8248378B2374D3B2B016DA099FB0224B51E077DB91,847067d6d55130c927a4fb8ee948cde9090214e6bd8c47be3c8fa8d93992302f,unknown,dlr.arm,elf,2026-08-27 09:14:58,MalwareBazaar
SSDEEP,768:tylJn1rcZzbyUxJxF24a4x4fj3IrR0Br9f54t:t4JcZnyULxFJV6crR0BL4,847067d6d55130c927a4fb8ee948cde9090214e6bd8c47be3c8fa8d93992302f,unknown,dlr.arm,elf,2026-08-27 09:14:58,MalwareBazaar
MD5,83f40ad621579a179b2066ecd8d76759,07bfd97e419f739258c04c8bc976ae6add8bd2936c97471642a759b0b6cc115b,Mirai,x86,elf,2026-08-27 09:13:30,MalwareBazaar
SHA-1,e1bdeb452f7c45a3aa7619d7bfb7e0c7b9fff9be,07bfd97e419f739258c04c8bc976ae6add8bd2936c97471642a759b0b6cc115b,Mirai,x86,elf,2026-08-27 09:13:30,MalwareBazaar
SHA-256,07bfd97e419f739258c04c8bc976ae6add8bd2936c97471642a759b0b6cc115b,07bfd97e419f739258c04c8bc976ae6add8bd2936c97471642a759b0b6cc115b,Mirai,x86,elf,2026-08-27 09:13:30,MalwareBazaar
SHA3-384,6e3f29a68f489d6ee7d44e98baf17a99238d2e7b98bb059c829801cca9e720c43b49a63037e73cf988683c96c7d12b3d,07bfd97e419f739258c04c8bc976ae6add8bd2936c97471642a759b0b6cc115b,Mirai,x86,elf,2026-08-27 09:13:30,MalwareBazaar
TLSH,T168355A17B2B774A9C093C034439FDBB2AD3AF0B902126D7B32C09A342D56EA15F59F56,07bfd97e419f739258c04c8bc976ae6add8bd2936c97471642a759b0b6cc115b,Mirai,x86,elf,2026-08-27 09:13:30,MalwareBazaar
TELFHASH,t151616456657c17d999a26c1488b02bd3548be1383344ea19fb6bcec018de99ef174c0f,07bfd97e419f739258c04c8bc976ae6add8bd2936c97471642a759b0b6cc115b,Mirai,x86,elf,2026-08-27 09:13:30,MalwareBazaar
SSDEEP,24576:NdAPEt/bkdErGpzGd1YQwphT6bM9UdDqD+wcuvg:NdkEt/bkK0GdxjASdDqguvg,07bfd97e419f739258c04c8bc976ae6add8bd2936c97471642a759b0b6cc115b,Mirai,x86,elf,2026-08-27 09:13:30,MalwareBazaar
MD5,f173f7e74fe9f742f6f4eaca26332b8a,f954e919fc4b906fb7349cb7c4b3136486b60a6845208ba086e502ddb5077b08,Vidar,f954e919fc4b906fb7349cb7c4b3136486b60a6845208ba086e502ddb5077b08.bin,exe,2026-08-27 09:12:19,MalwareBazaar
SHA-1,bd579150043b7acf42bd45d9e01b3b19731e6491,f954e919fc4b906fb7349cb7c4b3136486b60a6845208ba086e502ddb5077b08,Vidar,f954e919fc4b906fb7349cb7c4b3136486b60a6845208ba086e502ddb5077b08.bin,exe,2026-08-27 09:12:19,MalwareBazaar
SHA-256,f954e919fc4b906fb7349cb7c4b3136486b60a6845208ba086e502ddb5077b08,f954e919fc4b906fb7349cb7c4b3136486b60a6845208ba086e502ddb5077b08,Vidar,f954e919fc4b906fb7349cb7c4b3136486b60a6845208ba086e502ddb5077b08.bin,exe,2026-08-27 09:12:19,MalwareBazaar
SHA3-384,46f2ddf4cadd39139692ccaea14171a1dd110487013bc33398074d99e2177b224e789af897fa3d9c3f374c49165fb54d,f954e919fc4b906fb7349cb7c4b3136486b60a6845208ba086e502ddb5077b08,Vidar,f954e919fc4b906fb7349cb7c4b3136486b60a6845208ba086e502ddb5077b08.bin,exe,2026-08-27 09:12:19,MalwareBazaar
IMPHASH,1c1ad2adeb06878a984583db245d2aa2,f954e919fc4b906fb7349cb7c4b3136486b60a6845208ba086e502ddb5077b08,Vidar,f954e919fc4b906fb7349cb7c4b3136486b60a6845208ba086e502ddb5077b08.bin,exe,2026-08-27 09:12:19,MalwareBazaar
TLSH,T1FA183303B9948091D44A8B36D6BB9253FB36B88D9B3673D33E1076382F7A7D029B5345,f954e919fc4b906fb7349cb7c4b3136486b60a6845208ba086e502ddb5077b08,Vidar,f954e919fc4b906fb7349cb7c4b3136486b60a6845208ba086e502ddb5077b08.bin,exe,2026-08-27 09:12:19,MalwareBazaar
SSDEEP,1572864:uULcxYNDMrBcz7R/n81z/LTFWsPFF3Y5b5Z3SI+P6df1Lg6mVtk:LK+Xz7S1z/LTFWsP32z3gMGK,f954e919fc4b906fb7349cb7c4b3136486b60a6845208ba086e502ddb5077b08,Vidar,f954e919fc4b906fb7349cb7c4b3136486b60a6845208ba086e502ddb5077b08.bin,exe,2026-08-27 09:12:19,MalwareBazaar
MD5,b545cb057ca53b86a03e253e1d535c47,3702adbc131fd77738189af8c6fb3c2f89c8ac65c1499e06fde55b7df0bf9689,Gafgyt,arm5,elf,2026-08-27 09:11:35,MalwareBazaar
SHA-1,a5a85f869131e87114c4ff0089dcc6437588ec95,3702adbc131fd77738189af8c6fb3c2f89c8ac65c1499e06fde55b7df0bf9689,Gafgyt,arm5,elf,2026-08-27 09:11:35,MalwareBazaar
SHA-256,3702adbc131fd77738189af8c6fb3c2f89c8ac65c1499e06fde55b7df0bf9689,3702adbc131fd77738189af8c6fb3c2f89c8ac65c1499e06fde55b7df0bf9689,Gafgyt,arm5,elf,2026-08-27 09:11:35,MalwareBazaar
SHA3-384,449550d74647655fc5db490c61847db4966c8ae230293ce485e5322141edb825e7f1630f6dcc9e876563404a03c3923d,3702adbc131fd77738189af8c6fb3c2f89c8ac65c1499e06fde55b7df0bf9689,Gafgyt,arm5,elf,2026-08-27 09:11:35,MalwareBazaar
TLSH,T186341905F8044B67C2D327FAA78E829D3F3617A653DB3301AB389DB42FC6B991D29550,3702adbc131fd77738189af8c6fb3c2f89c8ac65c1499e06fde55b7df0bf9689,Gafgyt,arm5,elf,2026-08-27 09:11:35,MalwareBazaar
TELFHASH,t1b3713154a57c09d9af631d2964a85be35993f02622e5bf28ff0acdc4085f429f254e0f,3702adbc131fd77738189af8c6fb3c2f89c8ac65c1499e06fde55b7df0bf9689,Gafgyt,arm5,elf,2026-08-27 09:11:35,MalwareBazaar
SSDEEP,6144:gt2XrV4oYdy94kD5h8zXT2amLzGaVoZGaHL/Xcf/Gy:yk54jyx5h83mLzGaVo4aHL/Xcf/Gy,3702adbc131fd77738189af8c6fb3c2f89c8ac65c1499e06fde55b7df0bf9689,Gafgyt,arm5,elf,2026-08-27 09:11:35,MalwareBazaar
MD5,4a02e344b09a18ea83c28712a680daa3,56c2e73c1f6e68d3ab347f46c9db1ebf948bd0891cf3fd28ebf04479cec0796c,unknown,56c2e73c1f6e68d3ab347f46c9db1ebf948bd0891cf3fd28ebf04479cec0796c.elf,elf,2026-08-27 09:06:03,MalwareBazaar
SHA-1,66a5839f0bb9baa3cb5f35e4e7f327f5ed5859d7,56c2e73c1f6e68d3ab347f46c9db1ebf948bd0891cf3fd28ebf04479cec0796c,unknown,56c2e73c1f6e68d3ab347f46c9db1ebf948bd0891cf3fd28ebf04479cec0796c.elf,elf,2026-08-27 09:06:03,MalwareBazaar
SHA-256,56c2e73c1f6e68d3ab347f46c9db1ebf948bd0891cf3fd28ebf04479cec0796c,56c2e73c1f6e68d3ab347f46c9db1ebf948bd0891cf3fd28ebf04479cec0796c,unknown,56c2e73c1f6e68d3ab347f46c9db1ebf948bd0891cf3fd28ebf04479cec0796c.elf,elf,2026-08-27 09:06:03,MalwareBazaar
SHA3-384,a7a93e0e3d17954a1d7f4da6162e9900f9a9a883f935edc57e22e29293eb98fc4e174f5c7b9752b9673fffa0d0b05d9f,56c2e73c1f6e68d3ab347f46c9db1ebf948bd0891cf3fd28ebf04479cec0796c,unknown,56c2e73c1f6e68d3ab347f46c9db1ebf948bd0891cf3fd28ebf04479cec0796c.elf,elf,2026-08-27 09:06:03,MalwareBazaar
TLSH,T17DA3285AB881AB15D5D522BEFE1E528D33131BBCE3EE7112DD105B2567CB92B0F3A402,56c2e73c1f6e68d3ab347f46c9db1ebf948bd0891cf3fd28ebf04479cec0796c,unknown,56c2e73c1f6e68d3ab347f46c9db1ebf948bd0891cf3fd28ebf04479cec0796c.elf,elf,2026-08-27 09:06:03,MalwareBazaar
TELFHASH,t19801cbe3ce6826be23c10862d2fe392817f87da66e002406dc7c3b9b00635c9740fc49,56c2e73c1f6e68d3ab347f46c9db1ebf948bd0891cf3fd28ebf04479cec0796c,unknown,56c2e73c1f6e68d3ab347f46c9db1ebf948bd0891cf3fd28ebf04479cec0796c.elf,elf,2026-08-27 09:06:03,MalwareBazaar
SSDEEP,3072:POuKrAUN8/f22uXybWQBSWvoeamVESewz2QMFrQy/bE:musn8/f22gy6QBFweamVESewSQ8QGbE,56c2e73c1f6e68d3ab347f46c9db1ebf948bd0891cf3fd28ebf04479cec0796c,unknown,56c2e73c1f6e68d3ab347f46c9db1ebf948bd0891cf3fd28ebf04479cec0796c.elf,elf,2026-08-27 09:06:03,MalwareBazaar
MD5,b961cf424ce4272e07abf6e93a6cf911,c681b78a2922dae0d3c49919b80d23b34343ba9463303d5f53ec16ec4e2cf24f,Mirai,c681b78a2922dae0d3c49919b80d23b34343ba9463303d5f53ec16ec4e2cf24f.elf,elf,2026-08-27 09:05:57,MalwareBazaar
SHA-1,63d28c0ed1e75119b0c8c745ffe0e2f5b1e2a120,c681b78a2922dae0d3c49919b80d23b34343ba9463303d5f53ec16ec4e2cf24f,Mirai,c681b78a2922dae0d3c49919b80d23b34343ba9463303d5f53ec16ec4e2cf24f.elf,elf,2026-08-27 09:05:57,MalwareBazaar
SHA-256,c681b78a2922dae0d3c49919b80d23b34343ba9463303d5f53ec16ec4e2cf24f,c681b78a2922dae0d3c49919b80d23b34343ba9463303d5f53ec16ec4e2cf24f,Mirai,c681b78a2922dae0d3c49919b80d23b34343ba9463303d5f53ec16ec4e2cf24f.elf,elf,2026-08-27 09:05:57,MalwareBazaar
SHA3-384,061bd64a86d66642fe77349e8296fda0b6f8f65e8a889cd1a142fd611e78988f05ff36329362b04a525eecfe2fca45a9,c681b78a2922dae0d3c49919b80d23b34343ba9463303d5f53ec16ec4e2cf24f,Mirai,c681b78a2922dae0d3c49919b80d23b34343ba9463303d5f53ec16ec4e2cf24f.elf,elf,2026-08-27 09:05:57,MalwareBazaar
TLSH,T18B833A55B8819617C6C1567BFF1E828D371323E8D2EA7207DD25AF21778B52B0E3B442,c681b78a2922dae0d3c49919b80d23b34343ba9463303d5f53ec16ec4e2cf24f,Mirai,c681b78a2922dae0d3c49919b80d23b34343ba9463303d5f53ec16ec4e2cf24f.elf,elf,2026-08-27 09:05:57,MalwareBazaar
TELFHASH,t1b7f0ebf9428e19cc2fa48395c1ee673e6f8b386907010890ce4abf4750e3281ba1b807,c681b78a2922dae0d3c49919b80d23b34343ba9463303d5f53ec16ec4e2cf24f,Mirai,c681b78a2922dae0d3c49919b80d23b34343ba9463303d5f53ec16ec4e2cf24f.elf,elf,2026-08-27 09:05:57,MalwareBazaar
SSDEEP,1536:8TAxtKYCKEwjWnsw5l6xC5g4nRckAU4XFtCcqdiDN0KBWHYd7KgVH+W30x3uqj2p:8T+tKY5iss6Q5ggRrA5tCcqdiR09Y1KW,c681b78a2922dae0d3c49919b80d23b34343ba9463303d5f53ec16ec4e2cf24f,Mirai,c681b78a2922dae0d3c49919b80d23b34343ba9463303d5f53ec16ec4e2cf24f.elf,elf,2026-08-27 09:05:57,MalwareBazaar
MD5,50103b7e2d05319d8d6c5fc5e998acab,05fe60e021bffcac2ae463fc54c9df400b6d231c1721515909af05d226d52a75,RemcosRAT,nxs64.exe,exe,2026-08-27 09:05:10,MalwareBazaar
SHA-1,eb7a3fe85a9de2e3ed4f1b9f7aa684221cbb99ef,05fe60e021bffcac2ae463fc54c9df400b6d231c1721515909af05d226d52a75,RemcosRAT,nxs64.exe,exe,2026-08-27 09:05:10,MalwareBazaar
SHA-256,05fe60e021bffcac2ae463fc54c9df400b6d231c1721515909af05d226d52a75,05fe60e021bffcac2ae463fc54c9df400b6d231c1721515909af05d226d52a75,RemcosRAT,nxs64.exe,exe,2026-08-27 09:05:10,MalwareBazaar
SHA3-384,f18d43d1d658e00253782b5570c89b4e56b7e08a98dcc33ed00ecdac9c642da6f0adbe67fa2d8c93fb7c85e4f65f8b81,05fe60e021bffcac2ae463fc54c9df400b6d231c1721515909af05d226d52a75,RemcosRAT,nxs64.exe,exe,2026-08-27 09:05:10,MalwareBazaar
IMPHASH,f4e833c94f979b4a69174b78399e4f22,05fe60e021bffcac2ae463fc54c9df400b6d231c1721515909af05d226d52a75,RemcosRAT,nxs64.exe,exe,2026-08-27 09:05:10,MalwareBazaar
TLSH,T108D45C55A3D442F8D07BC135C9828527E7F2BC056671872F03D74E5B6F232A1AF2AB26,05fe60e021bffcac2ae463fc54c9df400b6d231c1721515909af05d226d52a75,RemcosRAT,nxs64.exe,exe,2026-08-27 09:05:10,MalwareBazaar
SSDEEP,12288:5SGuIuF0MV/VSU5s11yuTUHaaPC+6P/to0Z5hdr:cGuNF0MV/VSU5+1yhHaaPX6P/trZ5,05fe60e021bffcac2ae463fc54c9df400b6d231c1721515909af05d226d52a75,RemcosRAT,nxs64.exe,exe,2026-08-27 09:05:10,MalwareBazaar
ICON-DHASH,c4d48eaa8ad4d4f8,05fe60e021bffcac2ae463fc54c9df400b6d231c1721515909af05d226d52a75,RemcosRAT,nxs64.exe,exe,2026-08-27 09:05:10,MalwareBazaar
MD5,c1489b54407e9a2f502334963345dc4c,d9fec308fa96892c7a6515f87a503c326a87dfac10ae30d62c1b2941eef67382,Mirai,tarm7,elf,2026-08-27 09:04:42,MalwareBazaar
SHA-1,f7fe365e603a17e47acb1f431f10908f1218b6f9,d9fec308fa96892c7a6515f87a503c326a87dfac10ae30d62c1b2941eef67382,Mirai,tarm7,elf,2026-08-27 09:04:42,MalwareBazaar
SHA-256,d9fec308fa96892c7a6515f87a503c326a87dfac10ae30d62c1b2941eef67382,d9fec308fa96892c7a6515f87a503c326a87dfac10ae30d62c1b2941eef67382,Mirai,tarm7,elf,2026-08-27 09:04:42,MalwareBazaar
SHA3-384,0b1ddf9a7562e9c41518eb286d5d030af1b2f23ea431f6e7f0f87d9b0c5e29baee25b0ca8dca6ed2e30842f2947cc10f,d9fec308fa96892c7a6515f87a503c326a87dfac10ae30d62c1b2941eef67382,Mirai,tarm7,elf,2026-08-27 09:04:42,MalwareBazaar
TLSH,T1C2241686BA81AB21D5D3177FFE0F114E33136BF8D7EA722799140732268751B0E6B506,d9fec308fa96892c7a6515f87a503c326a87dfac10ae30d62c1b2941eef67382,Mirai,tarm7,elf,2026-08-27 09:04:42,MalwareBazaar
TELFHASH,t161019c99f61616fc53d0502151ff347a37ff71ea2261389141dc6d9f9051f81390b10b,d9fec308fa96892c7a6515f87a503c326a87dfac10ae30d62c1b2941eef67382,Mirai,tarm7,elf,2026-08-27 09:04:42,MalwareBazaar
SSDEEP,6144:N5TdXlgGmV+AyqeF7TNiaxIxHgO1rQAcfvK9:NRdXlgGmV+AyqeF7TNiaxIxHgOhv6u,d9fec308fa96892c7a6515f87a503c326a87dfac10ae30d62c1b2941eef67382,Mirai,tarm7,elf,2026-08-27 09:04:42,MalwareBazaar
MD5,c62d144b5f6c4a606fab9350e9b6817e,3c877d369e9c087edcc49a932daa12bc0c72a4ccda9395d74cd2d51402146d50,unknown,lul.mips,elf,2026-08-27 09:04:41,MalwareBazaar
SHA-1,b484533830d6517a0dad64e88a144625695bea23,3c877d369e9c087edcc49a932daa12bc0c72a4ccda9395d74cd2d51402146d50,unknown,lul.mips,elf,2026-08-27 09:04:41,MalwareBazaar
SHA-256,3c877d369e9c087edcc49a932daa12bc0c72a4ccda9395d74cd2d51402146d50,3c877d369e9c087edcc49a932daa12bc0c72a4ccda9395d74cd2d51402146d50,unknown,lul.mips,elf,2026-08-27 09:04:41,MalwareBazaar
SHA3-384,f656a32b9b398b2e8173aa2a271e4b618064f0a990407897652c5f0a41f0c89759fdc5e71ca7e6be7563bdf37a5dbfa1,3c877d369e9c087edcc49a932daa12bc0c72a4ccda9395d74cd2d51402146d50,unknown,lul.mips,elf,2026-08-27 09:04:41,MalwareBazaar
TLSH,T160B3A80F7E228F6DF269863047B74E25A76933D727E1D685D19CD6001F6038E681FBA8,3c877d369e9c087edcc49a932daa12bc0c72a4ccda9395d74cd2d51402146d50,unknown,lul.mips,elf,2026-08-27 09:04:41,MalwareBazaar
TELFHASH,t1b1219f1c497827f0d7711d9d5bedfb76e1a130df4a226d378e10ada8aa6ed825e00c1c,3c877d369e9c087edcc49a932daa12bc0c72a4ccda9395d74cd2d51402146d50,unknown,lul.mips,elf,2026-08-27 09:04:41,MalwareBazaar
SSDEEP,1536:gi3ssN0AIh/gvcGZ9k/MyGz7lEMnqop8RMZY/K7rEhKNXlreie9oP9nUkA:gi8sOAq/g3QMyM7kiG/K7rqULP9n7A,3c877d369e9c087edcc49a932daa12bc0c72a4ccda9395d74cd2d51402146d50,unknown,lul.mips,elf,2026-08-27 09:04:41,MalwareBazaar
MD5,9256a1b19d2d27bd5c93ecc99f44e859,3af1c09640d195f2dfc3dd708c2ce421ed3256f8345cea934fed5c52a3eb5eff,Stealc,file,exe,2026-08-27 09:04:35,MalwareBazaar
SHA-1,fee6ebb1ac212b3b463bfe7122afc7eb0196625a,3af1c09640d195f2dfc3dd708c2ce421ed3256f8345cea934fed5c52a3eb5eff,Stealc,file,exe,2026-08-27 09:04:35,MalwareBazaar
SHA-256,3af1c09640d195f2dfc3dd708c2ce421ed3256f8345cea934fed5c52a3eb5eff,3af1c09640d195f2dfc3dd708c2ce421ed3256f8345cea934fed5c52a3eb5eff,Stealc,file,exe,2026-08-27 09:04:35,MalwareBazaar
SHA3-384,dd45f5fa60cb04da496e92255b271fde5cd9faa313509d7b04a2f2cf1220d895c73bcc77da63a21f1da55983251e1cf0,3af1c09640d195f2dfc3dd708c2ce421ed3256f8345cea934fed5c52a3eb5eff,Stealc,file,exe,2026-08-27 09:04:35,MalwareBazaar
IMPHASH,9cbefe68f395e67356e2a5d8d1b285c0,3af1c09640d195f2dfc3dd708c2ce421ed3256f8345cea934fed5c52a3eb5eff,Stealc,file,exe,2026-08-27 09:04:35,MalwareBazaar
TLSH,T1AEF58C073C90A1F9C9A7E336A57A82A6A675F884A73273D32F50A6F51E373C41D76310,3af1c09640d195f2dfc3dd708c2ce421ed3256f8345cea934fed5c52a3eb5eff,Stealc,file,exe,2026-08-27 09:04:35,MalwareBazaar
GIMPHASH,d234e4a2ff1f8708035e6f4cf39a9cf492a85cc85c93b0c5bda6659e192cd8f4,3af1c09640d195f2dfc3dd708c2ce421ed3256f8345cea934fed5c52a3eb5eff,Stealc,file,exe,2026-08-27 09:04:35,MalwareBazaar
SSDEEP,49152:cnMb2xb3Qrb/TNvO90d7HjmAFd4A64nsfJu2PAQdx72h7u6yrB4Som40OHMgwnlR:Yb30/6Bx4xEL,3af1c09640d195f2dfc3dd708c2ce421ed3256f8345cea934fed5c52a3eb5eff,Stealc,file,exe,2026-08-27 09:04:35,MalwareBazaar
MD5,8121ea60b8fcce7138899354b7ae7c82,e6258f41f0ab79b38cbb3ae6f6e6a6d31e3f5168a40b895d5a6503c85fdd2b1b,unknown,tftp,elf,2026-08-27 09:02:56,MalwareBazaar
SHA-1,ff4ca23ed39f0359a6f310b0605e7c0e77a29620,e6258f41f0ab79b38cbb3ae6f6e6a6d31e3f5168a40b895d5a6503c85fdd2b1b,unknown,tftp,elf,2026-08-27 09:02:56,MalwareBazaar
SHA-256,e6258f41f0ab79b38cbb3ae6f6e6a6d31e3f5168a40b895d5a6503c85fdd2b1b,e6258f41f0ab79b38cbb3ae6f6e6a6d31e3f5168a40b895d5a6503c85fdd2b1b,unknown,tftp,elf,2026-08-27 09:02:56,MalwareBazaar
SHA3-384,a69804a7403c6bfbe6a6a501981c483e0ab61c1e02d2b2cb19ca0975ac0284f279a0b6fff8bb870dd486e4c3055c049d,e6258f41f0ab79b38cbb3ae6f6e6a6d31e3f5168a40b895d5a6503c85fdd2b1b,unknown,tftp,elf,2026-08-27 09:02:56,MalwareBazaar
TLSH,T18CA30A96F8A28B56C4C557B7FB4FC75637231795E3DF36038A184E34278B50A8E3AA01,e6258f41f0ab79b38cbb3ae6f6e6a6d31e3f5168a40b895d5a6503c85fdd2b1b,unknown,tftp,elf,2026-08-27 09:02:56,MalwareBazaar
SSDEEP,3072:9LOuh02xHCKQnqZ9YfMXKgyLlBZSyPjrOC:FOuhPHCKsqZ9YfM6g23ZJLrOC,e6258f41f0ab79b38cbb3ae6f6e6a6d31e3f5168a40b895d5a6503c85fdd2b1b,unknown,tftp,elf,2026-08-27 09:02:56,MalwareBazaar
MD5,1e61f1fca4fe18eedcc2588c74f30c23,4064808f7c2b34bf48c0e241db75038a0e0c49db59b794cfe7205a5fdd70c436,Mirai,x86,elf,2026-08-27 09:00:37,MalwareBazaar
SHA-1,65abf71c3b67c462c23980894e55947682f19c15,4064808f7c2b34bf48c0e241db75038a0e0c49db59b794cfe7205a5fdd70c436,Mirai,x86,elf,2026-08-27 09:00:37,MalwareBazaar
SHA-256,4064808f7c2b34bf48c0e241db75038a0e0c49db59b794cfe7205a5fdd70c436,4064808f7c2b34bf48c0e241db75038a0e0c49db59b794cfe7205a5fdd70c436,Mirai,x86,elf,2026-08-27 09:00:37,MalwareBazaar
SHA3-384,4c75699587a07290902546fe8664d080c7f067ecfa86fa055139ce40157ca31a85b6483ee12bc5c1d8c023d74fb55664,4064808f7c2b34bf48c0e241db75038a0e0c49db59b794cfe7205a5fdd70c436,Mirai,x86,elf,2026-08-27 09:00:37,MalwareBazaar
TLSH,T193F37CC179E3D0B1E563487A836F932A4A32D4330169DA51FB2F68356F52440E7BBB9C,4064808f7c2b34bf48c0e241db75038a0e0c49db59b794cfe7205a5fdd70c436,Mirai,x86,elf,2026-08-27 09:00:37,MalwareBazaar
TELFHASH,t122610bfa6e7f0ce8a790ac45964e5f216e0da77b142032b605b3582532bfd8141bbc39,4064808f7c2b34bf48c0e241db75038a0e0c49db59b794cfe7205a5fdd70c436,Mirai,x86,elf,2026-08-27 09:00:37,MalwareBazaar
SSDEEP,3072:BqE5LUvSIYQPjmPe8bNNjaw9afvhQIKH2H6PZ6lu1EssMZc/T03ImIys61X1h5oM:tLUvfYQPB8RJI2q6PZ62EssMOgh5oM,4064808f7c2b34bf48c0e241db75038a0e0c49db59b794cfe7205a5fdd70c436,Mirai,x86,elf,2026-08-27 09:00:37,MalwareBazaar
MD5,40cf7398102f490a900b240a982de659,4fa7a5c77c6d7497aefa8ac5dbcee56cef607607e6a0253867c2b2b5deb3ec8d,unknown,4fa7a5c77c6d7497aefa8ac5dbcee56cef607607e6a0253867c2b2b5deb3ec8d,elf,2026-08-27 09:00:23,MalwareBazaar
SHA-1,7a6e6cf2c0eafe16fea13a0d0f9231415bf37aa1,4fa7a5c77c6d7497aefa8ac5dbcee56cef607607e6a0253867c2b2b5deb3ec8d,unknown,4fa7a5c77c6d7497aefa8ac5dbcee56cef607607e6a0253867c2b2b5deb3ec8d,elf,2026-08-27 09:00:23,MalwareBazaar
SHA-256,4fa7a5c77c6d7497aefa8ac5dbcee56cef607607e6a0253867c2b2b5deb3ec8d,4fa7a5c77c6d7497aefa8ac5dbcee56cef607607e6a0253867c2b2b5deb3ec8d,unknown,4fa7a5c77c6d7497aefa8ac5dbcee56cef607607e6a0253867c2b2b5deb3ec8d,elf,2026-08-27 09:00:23,MalwareBazaar
SHA3-384,8e30e066e92725771c1dc6d614395351a7650579612c80a5c6f8f400d557ce08bf51b313f0ad231787e5cdf6fcf8d839,4fa7a5c77c6d7497aefa8ac5dbcee56cef607607e6a0253867c2b2b5deb3ec8d,unknown,4fa7a5c77c6d7497aefa8ac5dbcee56cef607607e6a0253867c2b2b5deb3ec8d,elf,2026-08-27 09:00:23,MalwareBazaar
TLSH,T13847DF77814338D9E5B98DB4D41025426DAC388B5738A3C7BAC871E667EA7E48E3D730,4fa7a5c77c6d7497aefa8ac5dbcee56cef607607e6a0253867c2b2b5deb3ec8d,unknown,4fa7a5c77c6d7497aefa8ac5dbcee56cef607607e6a0253867c2b2b5deb3ec8d,elf,2026-08-27 09:00:23,MalwareBazaar
SSDEEP,49152:c8nxDgC7g9rb/TBvO90dL3BmAFd4A64nsfJ7QQzjFHWkMNRCdQqzB0dSyG2VjMQ0:cqYUQuVDt0TZE3,4fa7a5c77c6d7497aefa8ac5dbcee56cef607607e6a0253867c2b2b5deb3ec8d,unknown,4fa7a5c77c6d7497aefa8ac5dbcee56cef607607e6a0253867c2b2b5deb3ec8d,elf,2026-08-27 09:00:23,MalwareBazaar
MD5,0140b13ef606701278a284ebd130e3f1,47c5c730f29520a7429f49cb669e58ac8972e202e3aff821357b7ef01941199d,unknown,install_q0.3.15.exe,exe,2026-08-27 09:00:03,MalwareBazaar
SHA-1,52dac1cf9f92bb645e234a56d6069957e8fe48cc,47c5c730f29520a7429f49cb669e58ac8972e202e3aff821357b7ef01941199d,unknown,install_q0.3.15.exe,exe,2026-08-27 09:00:03,MalwareBazaar
SHA-256,47c5c730f29520a7429f49cb669e58ac8972e202e3aff821357b7ef01941199d,47c5c730f29520a7429f49cb669e58ac8972e202e3aff821357b7ef01941199d,unknown,install_q0.3.15.exe,exe,2026-08-27 09:00:03,MalwareBazaar
SHA3-384,ca45d105cc558b5fd7ea0a029a5adae33e3fd3538c4ec085cf5a30f23e0de14c6fccbbe3424ef2a75d8d0ca322fe399b,47c5c730f29520a7429f49cb669e58ac8972e202e3aff821357b7ef01941199d,unknown,install_q0.3.15.exe,exe,2026-08-27 09:00:03,MalwareBazaar
IMPHASH,c1388db37310975dc1b57400c24d2627,47c5c730f29520a7429f49cb669e58ac8972e202e3aff821357b7ef01941199d,unknown,install_q0.3.15.exe,exe,2026-08-27 09:00:03,MalwareBazaar
TLSH,T141476216B746898BE42A9634844B4FE4E325DCB186B0837733B9371D2FFE34C5EA6215,47c5c730f29520a7429f49cb669e58ac8972e202e3aff821357b7ef01941199d,unknown,install_q0.3.15.exe,exe,2026-08-27 09:00:03,MalwareBazaar
SSDEEP,49152:WudCDvwT4vKKbhWj0wjlktD4a0CfZ1Cy988xJhGnSDJEKHMvtrI72dRt8rfIkatw:8vKKbh6Jta+UUamsrfszizYP1Q,47c5c730f29520a7429f49cb669e58ac8972e202e3aff821357b7ef01941199d,unknown,install_q0.3.15.exe,exe,2026-08-27 09:00:03,MalwareBazaar
ICON-DHASH,cdabae6fe6e7eaec,47c5c730f29520a7429f49cb669e58ac8972e202e3aff821357b7ef01941199d,unknown,install_q0.3.15.exe,exe,2026-08-27 09:00:03,MalwareBazaar
MD5,f2191baac23cb6204fa96480c445cbcf,8c6822cbec742c64706a31b83dc29640de0006b5dc122c7a1c8194f9fa4251ff,unknown,install_q0.3.14.exe,exe,2026-08-27 08:59:20,MalwareBazaar
SHA-1,681c93f6742e66f5a154aa26cd95dabd20534073,8c6822cbec742c64706a31b83dc29640de0006b5dc122c7a1c8194f9fa4251ff,unknown,install_q0.3.14.exe,exe,2026-08-27 08:59:20,MalwareBazaar
SHA-256,8c6822cbec742c64706a31b83dc29640de0006b5dc122c7a1c8194f9fa4251ff,8c6822cbec742c64706a31b83dc29640de0006b5dc122c7a1c8194f9fa4251ff,unknown,install_q0.3.14.exe,exe,2026-08-27 08:59:20,MalwareBazaar
SHA3-384,c37cb72c65d489a5bfc58c4adc41e094d1fb74acfdf29b637aef645342ef73ea9071c6326b843c276a67738566b231df,8c6822cbec742c64706a31b83dc29640de0006b5dc122c7a1c8194f9fa4251ff,unknown,install_q0.3.14.exe,exe,2026-08-27 08:59:20,MalwareBazaar
IMPHASH,c1388db37310975dc1b57400c24d2627,8c6822cbec742c64706a31b83dc29640de0006b5dc122c7a1c8194f9fa4251ff,unknown,install_q0.3.14.exe,exe,2026-08-27 08:59:20,MalwareBazaar
TLSH,T188476216B746898BE42A9634844B4FE4E325DCB186B0837733B9371D2FFE34C5EA6215,8c6822cbec742c64706a31b83dc29640de0006b5dc122c7a1c8194f9fa4251ff,unknown,install_q0.3.14.exe,exe,2026-08-27 08:59:20,MalwareBazaar
SSDEEP,49152:TudCDvwT4vKKbhWj0wjlktD4a0CfZ1Cy988xJhGnSDJEKHMvtrI72dRt8rfIkatW:JvKKbh6Jta+UUamsrfszizYP12,8c6822cbec742c64706a31b83dc29640de0006b5dc122c7a1c8194f9fa4251ff,unknown,install_q0.3.14.exe,exe,2026-08-27 08:59:20,MalwareBazaar
ICON-DHASH,cdabae6fe6e7eaec,8c6822cbec742c64706a31b83dc29640de0006b5dc122c7a1c8194f9fa4251ff,unknown,install_q0.3.14.exe,exe,2026-08-27 08:59:20,MalwareBazaar
MD5,8f4e8eec2573f46e0e6f8aa8e30670fe,5b06f021a79b2b5349aa31168685ec3df415c3fea1522ead0675a970af76d389,Mirai,bot.i686,elf,2026-08-27 08:57:28,MalwareBazaar
SHA-1,7346fc87bf06f422fa33e0975a97a2a9a948f4dc,5b06f021a79b2b5349aa31168685ec3df415c3fea1522ead0675a970af76d389,Mirai,bot.i686,elf,2026-08-27 08:57:28,MalwareBazaar
SHA-256,5b06f021a79b2b5349aa31168685ec3df415c3fea1522ead0675a970af76d389,5b06f021a79b2b5349aa31168685ec3df415c3fea1522ead0675a970af76d389,Mirai,bot.i686,elf,2026-08-27 08:57:28,MalwareBazaar
SHA3-384,6b6b847ff77facf7448cb700987dd5b5d7089c79fb30753ba125eccc1a2b93c57050143b44b8b8e1161b73b081d87b25,5b06f021a79b2b5349aa31168685ec3df415c3fea1522ead0675a970af76d389,Mirai,bot.i686,elf,2026-08-27 08:57:28,MalwareBazaar
TLSH,T1E3942A48D3A3E2FEF156C9705305B93F8D3286367093658EF34AAE3793771C145A9A22,5b06f021a79b2b5349aa31168685ec3df415c3fea1522ead0675a970af76d389,Mirai,bot.i686,elf,2026-08-27 08:57:28,MalwareBazaar
TELFHASH,t17d817b7277b98cdd2bc09901934f6627ea3be667099139b309f2605135b2d039f79c72,5b06f021a79b2b5349aa31168685ec3df415c3fea1522ead0675a970af76d389,Mirai,bot.i686,elf,2026-08-27 08:57:28,MalwareBazaar
SSDEEP,6144:Q1X/7imKHQSj4KoIbuRLAxd/n5y/b8Us+7h6PAua9Mcu:oXWyhllL3/b8Urua9Mcu,5b06f021a79b2b5349aa31168685ec3df415c3fea1522ead0675a970af76d389,Mirai,bot.i686,elf,2026-08-27 08:57:28,MalwareBazaar
MD5,49c5dce88390bcd7192456a34e5a8fb7,2e1a4992721af0409240d92d8fd1e7c8009ff7b098562129a010bf338ad9e7dd,Mirai,2e1a4992721af0409240d92d8fd1e7c8009ff7b098562129a010bf338ad9e7dd.elf,elf,2026-08-27 08:56:20,MalwareBazaar
SHA-1,d05b1a1b5cffc533b7c35a331d73cca779d5da47,2e1a4992721af0409240d92d8fd1e7c8009ff7b098562129a010bf338ad9e7dd,Mirai,2e1a4992721af0409240d92d8fd1e7c8009ff7b098562129a010bf338ad9e7dd.elf,elf,2026-08-27 08:56:20,MalwareBazaar
SHA-256,2e1a4992721af0409240d92d8fd1e7c8009ff7b098562129a010bf338ad9e7dd,2e1a4992721af0409240d92d8fd1e7c8009ff7b098562129a010bf338ad9e7dd,Mirai,2e1a4992721af0409240d92d8fd1e7c8009ff7b098562129a010bf338ad9e7dd.elf,elf,2026-08-27 08:56:20,MalwareBazaar
SHA3-384,cc8532eba5bbe6d9b6062c1492551f8e55729245a7c53cb4b7c60191b19faf1ff8d03b1d80297f10834fa69f1f19e5b1,2e1a4992721af0409240d92d8fd1e7c8009ff7b098562129a010bf338ad9e7dd,Mirai,2e1a4992721af0409240d92d8fd1e7c8009ff7b098562129a010bf338ad9e7dd.elf,elf,2026-08-27 08:56:20,MalwareBazaar
TLSH,T174F38CC16EA3D0F1E953097A426B531A9A32D437021ADA11FB3E6C347F42590E7BB79C,2e1a4992721af0409240d92d8fd1e7c8009ff7b098562129a010bf338ad9e7dd,Mirai,2e1a4992721af0409240d92d8fd1e7c8009ff7b098562129a010bf338ad9e7dd.elf,elf,2026-08-27 08:56:20,MalwareBazaar
TELFHASH,t1fe61f8f86a7718ecbb409845a24e6b117e4eb77b282036f705b3587531bbd4192b7c38,2e1a4992721af0409240d92d8fd1e7c8009ff7b098562129a010bf338ad9e7dd,Mirai,2e1a4992721af0409240d92d8fd1e7c8009ff7b098562129a010bf338ad9e7dd.elf,elf,2026-08-27 08:56:20,MalwareBazaar
SSDEEP,3072:ncEY7CO2P30QoqTBMx+Jize3d6MFSv+NrrFu1EssMZc/T03ImIys61X1h5oA:LY7CDPcSN6mKcrWEssMOgh5oA,2e1a4992721af0409240d92d8fd1e7c8009ff7b098562129a010bf338ad9e7dd,Mirai,2e1a4992721af0409240d92d8fd1e7c8009ff7b098562129a010bf338ad9e7dd.elf,elf,2026-08-27 08:56:20,MalwareBazaar
MD5,a85b5e615ecd2e2c32f59316b6d40c90,864aa577c952927f68600c59d06b762797c08fffe019d8d42dd522dca978159f,Mirai,864aa577c952927f68600c59d06b762797c08fffe019d8d42dd522dca978159f.elf,elf,2026-08-27 08:56:16,MalwareBazaar
SHA-1,30eeffa5b0e41491dc56c980e6a61f87b208eece,864aa577c952927f68600c59d06b762797c08fffe019d8d42dd522dca978159f,Mirai,864aa577c952927f68600c59d06b762797c08fffe019d8d42dd522dca978159f.elf,elf,2026-08-27 08:56:16,MalwareBazaar
SHA-256,864aa577c952927f68600c59d06b762797c08fffe019d8d42dd522dca978159f,864aa577c952927f68600c59d06b762797c08fffe019d8d42dd522dca978159f,Mirai,864aa577c952927f68600c59d06b762797c08fffe019d8d42dd522dca978159f.elf,elf,2026-08-27 08:56:16,MalwareBazaar
SHA3-384,7d28b14e276d121e9b639d65a09902e37a70d1956a98d56549d78e79fced2b2065bb9016b31f25b4fd04c79337289abf,864aa577c952927f68600c59d06b762797c08fffe019d8d42dd522dca978159f,Mirai,864aa577c952927f68600c59d06b762797c08fffe019d8d42dd522dca978159f.elf,elf,2026-08-27 08:56:16,MalwareBazaar
TLSH,T19F142943B981A51AC2C7577BEF1F0348BB0653F8D3E97B2A8D282B71368751B0F66605,864aa577c952927f68600c59d06b762797c08fffe019d8d42dd522dca978159f,Mirai,864aa577c952927f68600c59d06b762797c08fffe019d8d42dd522dca978159f.elf,elf,2026-08-27 08:56:16,MalwareBazaar
TELFHASH,t15be02650efb0279a23d01426c2c0fd520fee382e2b810503eb886be71153bd0b82a823,864aa577c952927f68600c59d06b762797c08fffe019d8d42dd522dca978159f,Mirai,864aa577c952927f68600c59d06b762797c08fffe019d8d42dd522dca978159f.elf,elf,2026-08-27 08:56:16,MalwareBazaar
SSDEEP,6144:zDLkJUgotPRfcWiMKe9E8zE1y1WhN4Yz19vx:z3kpotPRf5iMKe9/IA12mKPx,864aa577c952927f68600c59d06b762797c08fffe019d8d42dd522dca978159f,Mirai,864aa577c952927f68600c59d06b762797c08fffe019d8d42dd522dca978159f.elf,elf,2026-08-27 08:56:16,MalwareBazaar
MD5,f81d1bcf73b0336f8fe5d797d571ce24,1c0f770f8881dc22eb411ab4064f8075309bed6f691aea0ab478c6f7a9c45b2f,Mirai,mips,elf,2026-08-27 08:55:57,MalwareBazaar
SHA-1,71bdfdf1b2c1b250f53e37f27fbf961db3f29d6c,1c0f770f8881dc22eb411ab4064f8075309bed6f691aea0ab478c6f7a9c45b2f,Mirai,mips,elf,2026-08-27 08:55:57,MalwareBazaar
SHA-256,1c0f770f8881dc22eb411ab4064f8075309bed6f691aea0ab478c6f7a9c45b2f,1c0f770f8881dc22eb411ab4064f8075309bed6f691aea0ab478c6f7a9c45b2f,Mirai,mips,elf,2026-08-27 08:55:57,MalwareBazaar
SHA3-384,536c1949aceee464fb8b5f4a83456534211776e697f54de3d48b20cf414925c3f166283ead8e6b394bb0341ce433928b,1c0f770f8881dc22eb411ab4064f8075309bed6f691aea0ab478c6f7a9c45b2f,Mirai,mips,elf,2026-08-27 08:55:57,MalwareBazaar
TLSH,T1F644C75E2E628F3DF2698B3487B74A25D75C62D723D1D680F1ACD1101F2025EA46FFA8,1c0f770f8881dc22eb411ab4064f8075309bed6f691aea0ab478c6f7a9c45b2f,Mirai,mips,elf,2026-08-27 08:55:57,MalwareBazaar
TELFHASH,t1e7419218097807e0a7756c5e499dff76d6a330ea7e162c378e11e86aab69b435c10c0c,1c0f770f8881dc22eb411ab4064f8075309bed6f691aea0ab478c6f7a9c45b2f,Mirai,mips,elf,2026-08-27 08:55:57,MalwareBazaar
SSDEEP,6144:l7yf6s6leoUBNhNDRGCP8RzpuKsEssMOgh5oj4:KNHDAPyEssMOgh5oj4,1c0f770f8881dc22eb411ab4064f8075309bed6f691aea0ab478c6f7a9c45b2f,Mirai,mips,elf,2026-08-27 08:55:57,MalwareBazaar
MD5,f2c250f3b1b83baaa2070f675d12e242,368fda9d9000cba7a307239fac2fdebfd1088a54a6ac6fccaaf65afb30056cb3,njrat,RFQ-SW10-321313.vbs,vbs,2026-08-27 08:55:08,MalwareBazaar
SHA-1,38ce3a7bfcb6e3ef661059647f17b09714e9abd2,368fda9d9000cba7a307239fac2fdebfd1088a54a6ac6fccaaf65afb30056cb3,njrat,RFQ-SW10-321313.vbs,vbs,2026-08-27 08:55:08,MalwareBazaar
SHA-256,368fda9d9000cba7a307239fac2fdebfd1088a54a6ac6fccaaf65afb30056cb3,368fda9d9000cba7a307239fac2fdebfd1088a54a6ac6fccaaf65afb30056cb3,njrat,RFQ-SW10-321313.vbs,vbs,2026-08-27 08:55:08,MalwareBazaar
SHA3-384,d6e3bb1b11077c355da73e0ba84975e9fe1c67f5cb5b8f0d62863255477e085c877e1412baab2f3c4a2103c087cecf2d,368fda9d9000cba7a307239fac2fdebfd1088a54a6ac6fccaaf65afb30056cb3,njrat,RFQ-SW10-321313.vbs,vbs,2026-08-27 08:55:08,MalwareBazaar
TLSH,T1C8D4C04D944BCD0E0D5B18F88B827DB6588CF7A82AB581E5EB82741ED74EC2E41FE315,368fda9d9000cba7a307239fac2fdebfd1088a54a6ac6fccaaf65afb30056cb3,njrat,RFQ-SW10-321313.vbs,vbs,2026-08-27 08:55:08,MalwareBazaar
SSDEEP,12288:D2qz1MCtiXQHMcSGzvd3JfRnKVJOtRNmSfrg4puEoV8O:DPMpcSGzvd3JZSYRNmSfrg4A9V8O,368fda9d9000cba7a307239fac2fdebfd1088a54a6ac6fccaaf65afb30056cb3,njrat,RFQ-SW10-321313.vbs,vbs,2026-08-27 08:55:08,MalwareBazaar
MD5,a11fcf7b86983f08c8e9e943eb43ca9e,9b81ca9f2247f4dd515ebd4b524251f4e933dc2ac78d9e30efec6e438aadc017,Mirai,spc,elf,2026-08-27 08:54:27,MalwareBazaar
SHA-1,896d2769def04e52d25b5488fcc4d84e27808873,9b81ca9f2247f4dd515ebd4b524251f4e933dc2ac78d9e30efec6e438aadc017,Mirai,spc,elf,2026-08-27 08:54:27,MalwareBazaar
SHA-256,9b81ca9f2247f4dd515ebd4b524251f4e933dc2ac78d9e30efec6e438aadc017,9b81ca9f2247f4dd515ebd4b524251f4e933dc2ac78d9e30efec6e438aadc017,Mirai,spc,elf,2026-08-27 08:54:27,MalwareBazaar
SHA3-384,6299d30c3e9dcc38f72f8045191f4a4f733b7aad0c35590e22f2e8f6eb4cf89258bc8ed59a6917310b7165c3bf7a8341,9b81ca9f2247f4dd515ebd4b524251f4e933dc2ac78d9e30efec6e438aadc017,Mirai,spc,elf,2026-08-27 08:54:27,MalwareBazaar
TLSH,T106B35B2228F36116C6D7D43F439F422AF066A50B01C8C61FBD2E5DAE7F4629067B76E4,9b81ca9f2247f4dd515ebd4b524251f4e933dc2ac78d9e30efec6e438aadc017,Mirai,spc,elf,2026-08-27 08:54:27,MalwareBazaar
TELFHASH,t1b0f0c041fd388a144ae27a70ec6803a585134613612287248f58c9d0cc3e00ab248d1d,9b81ca9f2247f4dd515ebd4b524251f4e933dc2ac78d9e30efec6e438aadc017,Mirai,spc,elf,2026-08-27 08:54:27,MalwareBazaar
SSDEEP,3072:c21EDckdOOYqKLVaaHc5lu1EssMZc/T03ImIys61X1h5oB:c21+ckdzTKLG52EssMOgh5oB,9b81ca9f2247f4dd515ebd4b524251f4e933dc2ac78d9e30efec6e438aadc017,Mirai,spc,elf,2026-08-27 08:54:27,MalwareBazaar
MD5,73bcd8d003f905f3ff029d977a97f05e,53802a0417b92993ecb62b94c224c1a297b57cdf171dfac69e792aba0c2be4c1,PureLogsStealer,53802a0417b92993ecb62b94c224c1a297b57cdf171dfac69e792aba0c2be4c1.exe,exe,2026-08-27 08:53:35,MalwareBazaar
SHA-1,34fbbc58ae2e941806dbbcf8d6c25bd76d1b9368,53802a0417b92993ecb62b94c224c1a297b57cdf171dfac69e792aba0c2be4c1,PureLogsStealer,53802a0417b92993ecb62b94c224c1a297b57cdf171dfac69e792aba0c2be4c1.exe,exe,2026-08-27 08:53:35,MalwareBazaar
SHA-256,53802a0417b92993ecb62b94c224c1a297b57cdf171dfac69e792aba0c2be4c1,53802a0417b92993ecb62b94c224c1a297b57cdf171dfac69e792aba0c2be4c1,PureLogsStealer,53802a0417b92993ecb62b94c224c1a297b57cdf171dfac69e792aba0c2be4c1.exe,exe,2026-08-27 08:53:35,MalwareBazaar
SHA3-384,95a95501f262ef339bf2980b156d00f582a1e4849df69e165a5a9975f42456f1d41b45114fbf880969f0f59d449a5c4d,53802a0417b92993ecb62b94c224c1a297b57cdf171dfac69e792aba0c2be4c1,PureLogsStealer,53802a0417b92993ecb62b94c224c1a297b57cdf171dfac69e792aba0c2be4c1.exe,exe,2026-08-27 08:53:35,MalwareBazaar
TLSH,T15305BF6736524E51C2494B73C19B8A0083A396C6F9E7F30FB28413A55C973FEDA076A7,53802a0417b92993ecb62b94c224c1a297b57cdf171dfac69e792aba0c2be4c1,PureLogsStealer,53802a0417b92993ecb62b94c224c1a297b57cdf171dfac69e792aba0c2be4c1.exe,exe,2026-08-27 08:53:35,MalwareBazaar
SSDEEP,12288:3iEfIwoUwtfLxNNu6yvs5N1IQeDm5m7zK8Hb9kHdtVwhQ:3HorFNNDy0xmm5G9w7wh,53802a0417b92993ecb62b94c224c1a297b57cdf171dfac69e792aba0c2be4c1,PureLogsStealer,53802a0417b92993ecb62b94c224c1a297b57cdf171dfac69e792aba0c2be4c1.exe,exe,2026-08-27 08:53:35,MalwareBazaar
MD5,2841de1d98ddb4f4e513130b5e5b0512,4c09df605465682b1ec5c4fd0961dc8ca57f633594703f7e0538ccc9c6042e91,Vidar,4c09df605465682b1ec5c4fd0961dc8ca57f633594703f7e0538ccc9c6042e91.bin,exe,2026-08-27 08:53:29,MalwareBazaar
SHA-1,a5422d912ac12285a06c5ad48108be7e031384ed,4c09df605465682b1ec5c4fd0961dc8ca57f633594703f7e0538ccc9c6042e91,Vidar,4c09df605465682b1ec5c4fd0961dc8ca57f633594703f7e0538ccc9c6042e91.bin,exe,2026-08-27 08:53:29,MalwareBazaar
SHA-256,4c09df605465682b1ec5c4fd0961dc8ca57f633594703f7e0538ccc9c6042e91,4c09df605465682b1ec5c4fd0961dc8ca57f633594703f7e0538ccc9c6042e91,Vidar,4c09df605465682b1ec5c4fd0961dc8ca57f633594703f7e0538ccc9c6042e91.bin,exe,2026-08-27 08:53:29,MalwareBazaar
SHA3-384,f64a311b901eeb3178699d3a681d04d58a0a5ab71514c061f0e401e2dbd422acd4f3b8fa650186c3a180036bb69fea6b,4c09df605465682b1ec5c4fd0961dc8ca57f633594703f7e0538ccc9c6042e91,Vidar,4c09df605465682b1ec5c4fd0961dc8ca57f633594703f7e0538ccc9c6042e91.bin,exe,2026-08-27 08:53:29,MalwareBazaar
IMPHASH,1c1ad2adeb06878a984583db245d2aa2,4c09df605465682b1ec5c4fd0961dc8ca57f633594703f7e0538ccc9c6042e91,Vidar,4c09df605465682b1ec5c4fd0961dc8ca57f633594703f7e0538ccc9c6042e91.bin,exe,2026-08-27 08:53:29,MalwareBazaar
TLSH,T14A283303F9D581A5D8968B36C5BBD253BB35B88D9736A3D33E10A6382E7A3C03970751,4c09df605465682b1ec5c4fd0961dc8ca57f633594703f7e0538ccc9c6042e91,Vidar,4c09df605465682b1ec5c4fd0961dc8ca57f633594703f7e0538ccc9c6042e91.bin,exe,2026-08-27 08:53:29,MalwareBazaar
SSDEEP,1572864:uuJvbGXeOW7guRUrJHhwB4uBplM6MoWS2r5bYRgS/kP19IMhniaadCSOcGE:/JDGOB7tRuJHhwGZrZYRgSs1SMhniacr,4c09df605465682b1ec5c4fd0961dc8ca57f633594703f7e0538ccc9c6042e91,Vidar,4c09df605465682b1ec5c4fd0961dc8ca57f633594703f7e0538ccc9c6042e91.bin,exe,2026-08-27 08:53:29,MalwareBazaar
MD5,c3d4817a5ca3026e045804bb5a875941,571d566ed46b4a4f262d65646266995871185d1c536d721ce5d1c537c2eb176b,Mirai,bot.arm6,elf,2026-08-27 08:52:52,MalwareBazaar
SHA-1,379c47478180bbbfc2c8d9f86f5cd90303d3fc8b,571d566ed46b4a4f262d65646266995871185d1c536d721ce5d1c537c2eb176b,Mirai,bot.arm6,elf,2026-08-27 08:52:52,MalwareBazaar
SHA-256,571d566ed46b4a4f262d65646266995871185d1c536d721ce5d1c537c2eb176b,571d566ed46b4a4f262d65646266995871185d1c536d721ce5d1c537c2eb176b,Mirai,bot.arm6,elf,2026-08-27 08:52:52,MalwareBazaar
SHA3-384,ca0ee0a6ed52a7a13738589ef245bd9eac3b6d25ab4d7d0ce389a4de34e25a938ba6da446c767d1932e4577bcd0039c2,571d566ed46b4a4f262d65646266995871185d1c536d721ce5d1c537c2eb176b,Mirai,bot.arm6,elf,2026-08-27 08:52:52,MalwareBazaar
TLSH,T1F6A42B88E1E1E3DED1D4EAB5B339744E3B230735B1DB3146A519AB72239B0590EFE910,571d566ed46b4a4f262d65646266995871185d1c536d721ce5d1c537c2eb176b,Mirai,bot.arm6,elf,2026-08-27 08:52:52,MalwareBazaar
TELFHASH,t1f22111341d0d30bca7de90e4e2afe1135b39a835bf9a387941a5f80e9841ac164b1c37,571d566ed46b4a4f262d65646266995871185d1c536d721ce5d1c537c2eb176b,Mirai,bot.arm6,elf,2026-08-27 08:52:52,MalwareBazaar
SSDEEP,12288:kICEFwrGgkdQ1rTAKXCarqL5Ob0DMBa9j9:RFwr8mrm+adDMAR,571d566ed46b4a4f262d65646266995871185d1c536d721ce5d1c537c2eb176b,Mirai,bot.arm6,elf,2026-08-27 08:52:52,MalwareBazaar
MD5,4b75cb466d05917b58b051a4336d7af5,a96886369a460e7fe167518836a5c59226901a469968bd320cab08788dbb6205,Mirai,bot.arm7,elf,2026-08-27 08:48:27,MalwareBazaar
SHA-1,501e0eb487cd4f7f119bd8c7fd87acf4b8abc1de,a96886369a460e7fe167518836a5c59226901a469968bd320cab08788dbb6205,Mirai,bot.arm7,elf,2026-08-27 08:48:27,MalwareBazaar
SHA-256,a96886369a460e7fe167518836a5c59226901a469968bd320cab08788dbb6205,a96886369a460e7fe167518836a5c59226901a469968bd320cab08788dbb6205,Mirai,bot.arm7,elf,2026-08-27 08:48:27,MalwareBazaar
SHA3-384,42bc59024a9ea69fe3af9474b99a727eab1a0f9a4d75eb2f68f2b756491f963b19d8687a484a3e4d6d87e0f55c64878a,a96886369a460e7fe167518836a5c59226901a469968bd320cab08788dbb6205,Mirai,bot.arm7,elf,2026-08-27 08:48:27,MalwareBazaar
TLSH,T14EA43C48A1E1E7CAE1D4BAB5B33A784E3B630776F2E73141A119AF7323970550EF9910,a96886369a460e7fe167518836a5c59226901a469968bd320cab08788dbb6205,Mirai,bot.arm7,elf,2026-08-27 08:48:27,MalwareBazaar
TELFHASH,t1142144382c1d148cb2f48090e26fe10569b93465bfed3894a25ae84c8d429c3a472c37,a96886369a460e7fe167518836a5c59226901a469968bd320cab08788dbb6205,Mirai,bot.arm7,elf,2026-08-27 08:48:27,MalwareBazaar
SSDEEP,12288:62b39nVfSS6RyBOjdcalrL1hnkG1K0a9CrB:Zj9nVBmyNwY89,a96886369a460e7fe167518836a5c59226901a469968bd320cab08788dbb6205,Mirai,bot.arm7,elf,2026-08-27 08:48:27,MalwareBazaar
MD5,d711db9e4ca40f5fb3e27f5f2db61c2d,7e1bf180eb4aaa01be1a199c5f3df34ef856b9edc8dce1971fa45678b1117d3f,Mirai,sh4,elf,2026-08-27 08:48:26,MalwareBazaar
SHA-1,c435a685052724236df392cd43ce75c5f20d81a3,7e1bf180eb4aaa01be1a199c5f3df34ef856b9edc8dce1971fa45678b1117d3f,Mirai,sh4,elf,2026-08-27 08:48:26,MalwareBazaar
SHA-256,7e1bf180eb4aaa01be1a199c5f3df34ef856b9edc8dce1971fa45678b1117d3f,7e1bf180eb4aaa01be1a199c5f3df34ef856b9edc8dce1971fa45678b1117d3f,Mirai,sh4,elf,2026-08-27 08:48:26,MalwareBazaar
SHA3-384,3f317a32b67a3d1fd7d75588c449015c5153d9b767e07864e2f7913f230ecc0328ba35fbdb4cde5f264a516e44cebb79,7e1bf180eb4aaa01be1a199c5f3df34ef856b9edc8dce1971fa45678b1117d3f,Mirai,sh4,elf,2026-08-27 08:48:26,MalwareBazaar
TLSH,T129048C63CCB66E54D666943AF2668A3C1B13F013424B5E68B83EC2B44F43C99F2657F4,7e1bf180eb4aaa01be1a199c5f3df34ef856b9edc8dce1971fa45678b1117d3f,Mirai,sh4,elf,2026-08-27 08:48:26,MalwareBazaar
SSDEEP,3072:ke7OvkIXV+KB4NJit1rYb6M8nGaW2X/A9xtJu1EssMZc/T03ImIys61X1h5o9:ke7Opx4nit1rYuUH2Y9xtyEssMOgh5o9,7e1bf180eb4aaa01be1a199c5f3df34ef856b9edc8dce1971fa45678b1117d3f,Mirai,sh4,elf,2026-08-27 08:48:26,MalwareBazaar
MD5,be9b3966ff6d0c0f4690a31c9a65167e,1be4ef70585595235b1f6b4890552228382101ba41226661aa6a86585e5fc458,RemcosRAT,RFQ-PEDSB-BAN-LLA-2026-054-SERVICE ORDER TCs & Appendix 12.exe,exe,2026-08-27 08:45:21,MalwareBazaar
SHA-1,67d819549b467e3fb9df45c28808768c2b301440,1be4ef70585595235b1f6b4890552228382101ba41226661aa6a86585e5fc458,RemcosRAT,RFQ-PEDSB-BAN-LLA-2026-054-SERVICE ORDER TCs & Appendix 12.exe,exe,2026-08-27 08:45:21,MalwareBazaar
SHA-256,1be4ef70585595235b1f6b4890552228382101ba41226661aa6a86585e5fc458,1be4ef70585595235b1f6b4890552228382101ba41226661aa6a86585e5fc458,RemcosRAT,RFQ-PEDSB-BAN-LLA-2026-054-SERVICE ORDER TCs & Appendix 12.exe,exe,2026-08-27 08:45:21,MalwareBazaar
SHA3-384,d0787ac09eedf25b1fe4c54d8871dfa1c8627c3bc0f1bbe48d0666a5b422f85e811c0d9ac6d67d76197167974d00a726,1be4ef70585595235b1f6b4890552228382101ba41226661aa6a86585e5fc458,RemcosRAT,RFQ-PEDSB-BAN-LLA-2026-054-SERVICE ORDER TCs & Appendix 12.exe,exe,2026-08-27 08:45:21,MalwareBazaar
TLSH,T1DE3512567760EB46C87E87FA4935F2355B722D8FA422E31B8EEE8DEB78107009D05643,1be4ef70585595235b1f6b4890552228382101ba41226661aa6a86585e5fc458,RemcosRAT,RFQ-PEDSB-BAN-LLA-2026-054-SERVICE ORDER TCs & Appendix 12.exe,exe,2026-08-27 08:45:21,MalwareBazaar
SSDEEP,24576:Xo+Ok2Wd+FYDYta7zJwEUgLli/Ixoc9cy+1tHILL:X0b5UnUC7mcKxH8L,1be4ef70585595235b1f6b4890552228382101ba41226661aa6a86585e5fc458,RemcosRAT,RFQ-PEDSB-BAN-LLA-2026-054-SERVICE ORDER TCs & Appendix 12.exe,exe,2026-08-27 08:45:21,MalwareBazaar
MD5,d98a8ff2c99d7564cb56e82b795a3dd6,1c40688fb64c0a7cb58be42c58bfcbb6cfc93d51da6d561bb75a32de19bf25dc,STRRAT,Request For Quotation.js,js,2026-08-27 08:45:05,MalwareBazaar
SHA-1,cd19913f9946aa98e35add5f82696ba633a81fea,1c40688fb64c0a7cb58be42c58bfcbb6cfc93d51da6d561bb75a32de19bf25dc,STRRAT,Request For Quotation.js,js,2026-08-27 08:45:05,MalwareBazaar
SHA-256,1c40688fb64c0a7cb58be42c58bfcbb6cfc93d51da6d561bb75a32de19bf25dc,1c40688fb64c0a7cb58be42c58bfcbb6cfc93d51da6d561bb75a32de19bf25dc,STRRAT,Request For Quotation.js,js,2026-08-27 08:45:05,MalwareBazaar
SHA3-384,1dc9f4fcddf9a7424229a5a22a81bec6f57ad2c25a86270334525ba21904842d50654794a6ab7663ef2a0c3fef3304d0,1c40688fb64c0a7cb58be42c58bfcbb6cfc93d51da6d561bb75a32de19bf25dc,STRRAT,Request For Quotation.js,js,2026-08-27 08:45:05,MalwareBazaar
TLSH,T141050F55B36A498B1B0BDE34341A1D637BB80B60EFCC49C49257EE998C5EFC70259E0B,1c40688fb64c0a7cb58be42c58bfcbb6cfc93d51da6d561bb75a32de19bf25dc,STRRAT,Request For Quotation.js,js,2026-08-27 08:45:05,MalwareBazaar
SSDEEP,3072:OJErxYHU0yluF6Rlb0VxnuJzQWoJZhxAArAhDv7Q2mjdYKB6xH1fCg8PDvoij8Aa:z,1c40688fb64c0a7cb58be42c58bfcbb6cfc93d51da6d561bb75a32de19bf25dc,STRRAT,Request For Quotation.js,js,2026-08-27 08:45:05,MalwareBazaar
MD5,f44026c8c43163aa17382ef25482e38d,010b2a747d23c92924be656e387d69d171fa0cbf91ad53e4875fe22add8a8cac,unknown,bot.arm,elf,2026-08-27 08:43:28,MalwareBazaar
SHA-1,ca1a2c316b04126b0969888797e271f1fe8ee6ad,010b2a747d23c92924be656e387d69d171fa0cbf91ad53e4875fe22add8a8cac,unknown,bot.arm,elf,2026-08-27 08:43:28,MalwareBazaar
SHA-256,010b2a747d23c92924be656e387d69d171fa0cbf91ad53e4875fe22add8a8cac,010b2a747d23c92924be656e387d69d171fa0cbf91ad53e4875fe22add8a8cac,unknown,bot.arm,elf,2026-08-27 08:43:28,MalwareBazaar
SHA3-384,0c823311470b7cf239be26f715459ad022d0abb135abc702f0c83a365eede9e7e91ab1ba5811ca77c54034cf826db173,010b2a747d23c92924be656e387d69d171fa0cbf91ad53e4875fe22add8a8cac,unknown,bot.arm,elf,2026-08-27 08:43:28,MalwareBazaar
TLSH,T198A41B88A1E1E7CFD1D4EA75B339784D3A230735B1D73146A51AAB7323AB0590EF9D20,010b2a747d23c92924be656e387d69d171fa0cbf91ad53e4875fe22add8a8cac,unknown,bot.arm,elf,2026-08-27 08:43:28,MalwareBazaar
TELFHASH,t1e7e07d019cc41080d9e69894e08f337640b4722abb323ca14cf53c4f96e1880c073852,010b2a747d23c92924be656e387d69d171fa0cbf91ad53e4875fe22add8a8cac,unknown,bot.arm,elf,2026-08-27 08:43:28,MalwareBazaar
SSDEEP,6144:lvMV7/Doz+x/JSVDzrPqAl3MUfpWZi8CY35vvjHqjEr3f4rG4f2iyfa9Wu:lkXJSVDzr7l5fpWk2P4rj+fa9Wu,010b2a747d23c92924be656e387d69d171fa0cbf91ad53e4875fe22add8a8cac,unknown,bot.arm,elf,2026-08-27 08:43:28,MalwareBazaar
MD5,3c4a15afeac11739155b8df3950c7029,9bb9171ef0c05583e8c432e46a217912722abf8e344913f25bc36bb9a4a94802,Mirai,lul.arm5,elf,2026-08-27 08:43:26,MalwareBazaar
SHA-1,6dca26a053daf3fc18ad548835abc909b40765fc,9bb9171ef0c05583e8c432e46a217912722abf8e344913f25bc36bb9a4a94802,Mirai,lul.arm5,elf,2026-08-27 08:43:26,MalwareBazaar
SHA-256,9bb9171ef0c05583e8c432e46a217912722abf8e344913f25bc36bb9a4a94802,9bb9171ef0c05583e8c432e46a217912722abf8e344913f25bc36bb9a4a94802,Mirai,lul.arm5,elf,2026-08-27 08:43:26,MalwareBazaar
SHA3-384,b8caa6fc8f8ee6fc480b8215dafda44ce125498c273c96783aaf2ce33da60a2350641248510bcd8ff9a682438a8e030e,9bb9171ef0c05583e8c432e46a217912722abf8e344913f25bc36bb9a4a94802,Mirai,lul.arm5,elf,2026-08-27 08:43:26,MalwareBazaar
TLSH,T16A832959F8819616C6C1677BFF1E828C372663E8D3EA72039E255F21778752B0E3B442,9bb9171ef0c05583e8c432e46a217912722abf8e344913f25bc36bb9a4a94802,Mirai,lul.arm5,elf,2026-08-27 08:43:26,MalwareBazaar
TELFHASH,t1b7f0ebf9428e19cc2fa48395c1ee673e6f8b386907010890ce4abf4750e3281ba1b807,9bb9171ef0c05583e8c432e46a217912722abf8e344913f25bc36bb9a4a94802,Mirai,lul.arm5,elf,2026-08-27 08:43:26,MalwareBazaar
SSDEEP,1536:9QcXyWMxC+wzWngMNli9ClMmnRgkAU4XT9ecqfeBN6KBWHiddKOfhvSXS/FSoNX7:9QcyWMqygki8lMGRXAv9ecqfeb69iTKO,9bb9171ef0c05583e8c432e46a217912722abf8e344913f25bc36bb9a4a94802,Mirai,lul.arm5,elf,2026-08-27 08:43:26,MalwareBazaar
MD5,90e587286fa509a6a3bf7fd591938a06,56e1d6bef47aedb3ee373b17fd0af4c634931db7e78c00e4c82c223f61b68987,Formbook,HOTLINE TRADING EST SOA.exe,exe,2026-08-27 08:41:51,MalwareBazaar
SHA-1,8a6faa2421dc014bdb99401f507157bc265064af,56e1d6bef47aedb3ee373b17fd0af4c634931db7e78c00e4c82c223f61b68987,Formbook,HOTLINE TRADING EST SOA.exe,exe,2026-08-27 08:41:51,MalwareBazaar
SHA-256,56e1d6bef47aedb3ee373b17fd0af4c634931db7e78c00e4c82c223f61b68987,56e1d6bef47aedb3ee373b17fd0af4c634931db7e78c00e4c82c223f61b68987,Formbook,HOTLINE TRADING EST SOA.exe,exe,2026-08-27 08:41:51,MalwareBazaar
SHA3-384,4aa3c0c529808a395754701278380d77ade9d24ae8f2f7ad4f6fe03af094f83330f0b18684a2b29012988b1c3e801ba0,56e1d6bef47aedb3ee373b17fd0af4c634931db7e78c00e4c82c223f61b68987,Formbook,HOTLINE TRADING EST SOA.exe,exe,2026-08-27 08:41:51,MalwareBazaar
TLSH,T1F9542200B2274D6FE14B6FB1F99A77E121854177A07FA5DB62676CAE80203D1DEE2F04,56e1d6bef47aedb3ee373b17fd0af4c634931db7e78c00e4c82c223f61b68987,Formbook,HOTLINE TRADING EST SOA.exe,exe,2026-08-27 08:41:51,MalwareBazaar
SSDEEP,6144:7AGRLMFds1FsqTnocInzhrfjb2LnNjVj7rRDsp:7AGVMCuanoDzh7jCRBpwp,56e1d6bef47aedb3ee373b17fd0af4c634931db7e78c00e4c82c223f61b68987,Formbook,HOTLINE TRADING EST SOA.exe,exe,2026-08-27 08:41:51,MalwareBazaar
MD5,920211e6f0f574c7102588b34a1ddcff,267eff803a45eac04ef5b9967b0ce90ada762f302308a3e82009086a06a66e67,Mirai,bot.mpsl,elf,2026-08-27 08:41:32,MalwareBazaar
SHA-1,f9553fe4e525566924b97a36dba7d395b082b63a,267eff803a45eac04ef5b9967b0ce90ada762f302308a3e82009086a06a66e67,Mirai,bot.mpsl,elf,2026-08-27 08:41:32,MalwareBazaar
SHA-256,267eff803a45eac04ef5b9967b0ce90ada762f302308a3e82009086a06a66e67,267eff803a45eac04ef5b9967b0ce90ada762f302308a3e82009086a06a66e67,Mirai,bot.mpsl,elf,2026-08-27 08:41:32,MalwareBazaar
SHA3-384,52f4f514d26f37833701cda168304b6adcb3634b29c43eae48b1dbe200381899c15c395dbb3d3e54131b66d643666ab4,267eff803a45eac04ef5b9967b0ce90ada762f302308a3e82009086a06a66e67,Mirai,bot.mpsl,elf,2026-08-27 08:41:32,MalwareBazaar
TLSH,T1E8C41A08A7F19FFFE06DDE3313592E0A199D452331973B6A3179E522B29B14A49E3D30,267eff803a45eac04ef5b9967b0ce90ada762f302308a3e82009086a06a66e67,Mirai,bot.mpsl,elf,2026-08-27 08:41:32,MalwareBazaar
SSDEEP,6144:YqfObD7Z/7KNL3jNIj0kAk1XSYAk4ybykogM5KBO86TpzQkb03AYgGo5K1b8g5n2:Y4c3qmjO8wbeAYgGo8R8SLXkm3La9nw,267eff803a45eac04ef5b9967b0ce90ada762f302308a3e82009086a06a66e67,Mirai,bot.mpsl,elf,2026-08-27 08:41:32,MalwareBazaar
MD5,f1e9b63f2fa2d63acc8ae3e6680d7e70,9ba9080b517997bf8324ede2f4fc11579cc30a519efe6ffe48a036a7e41c2315,ValleyRAT,F1E9B63F2FA2D63ACC8AE3E6680D7E70.dll,dll,2026-08-27 08:40:20,MalwareBazaar
SHA-1,2163b7d83d35ea4e8779e5fafb29ebafac583fe0,9ba9080b517997bf8324ede2f4fc11579cc30a519efe6ffe48a036a7e41c2315,ValleyRAT,F1E9B63F2FA2D63ACC8AE3E6680D7E70.dll,dll,2026-08-27 08:40:20,MalwareBazaar
SHA-256,9ba9080b517997bf8324ede2f4fc11579cc30a519efe6ffe48a036a7e41c2315,9ba9080b517997bf8324ede2f4fc11579cc30a519efe6ffe48a036a7e41c2315,ValleyRAT,F1E9B63F2FA2D63ACC8AE3E6680D7E70.dll,dll,2026-08-27 08:40:20,MalwareBazaar
SHA3-384,0be6a175496b0b97edafd23deaec4e39b4a8950b3f590bcd3d4a423273a5b18847e42ade35ea772805da3f451f3c8eb1,9ba9080b517997bf8324ede2f4fc11579cc30a519efe6ffe48a036a7e41c2315,ValleyRAT,F1E9B63F2FA2D63ACC8AE3E6680D7E70.dll,dll,2026-08-27 08:40:20,MalwareBazaar
IMPHASH,ed719d06b435e943e2137e8d090ae910,9ba9080b517997bf8324ede2f4fc11579cc30a519efe6ffe48a036a7e41c2315,ValleyRAT,F1E9B63F2FA2D63ACC8AE3E6680D7E70.dll,dll,2026-08-27 08:40:20,MalwareBazaar
TLSH,T1B8847E01B5818131E9AE0934B835DBA75A7DB8714BF0D4DFA3C449AE9E207D1EB3871B,9ba9080b517997bf8324ede2f4fc11579cc30a519efe6ffe48a036a7e41c2315,ValleyRAT,F1E9B63F2FA2D63ACC8AE3E6680D7E70.dll,dll,2026-08-27 08:40:20,MalwareBazaar
SSDEEP,6144:2cZZ+x7m+cWCDq7ZNIFTRhUE1Tk6++a3/z3mDAa/SnkuVNNEAYEQH0po:vQc8nIFTRp1TkhhGWVf0H,9ba9080b517997bf8324ede2f4fc11579cc30a519efe6ffe48a036a7e41c2315,ValleyRAT,F1E9B63F2FA2D63ACC8AE3E6680D7E70.dll,dll,2026-08-27 08:40:20,MalwareBazaar
MD5,7b7cd85a2c2ec3b1433f5fe51ba5204e,d1303941d2d3f6d1337f74fb0ec07984614d4bad8bb76143fe89a285b9dbeaaf,njrat,RFQ-SW10-321313.PDF.exe,exe,2026-08-27 08:40:07,MalwareBazaar
SHA-1,b08580c9bf8cf84ab8b97d785365a2711542bd41,d1303941d2d3f6d1337f74fb0ec07984614d4bad8bb76143fe89a285b9dbeaaf,njrat,RFQ-SW10-321313.PDF.exe,exe,2026-08-27 08:40:07,MalwareBazaar
SHA-256,d1303941d2d3f6d1337f74fb0ec07984614d4bad8bb76143fe89a285b9dbeaaf,d1303941d2d3f6d1337f74fb0ec07984614d4bad8bb76143fe89a285b9dbeaaf,njrat,RFQ-SW10-321313.PDF.exe,exe,2026-08-27 08:40:07,MalwareBazaar
SHA3-384,b40fdf470e154bc42c18c875b93e1ef93f083e55e2af9dfc149978136c615c2a1912eb69927c5e01002ce9d00f4f02b8,d1303941d2d3f6d1337f74fb0ec07984614d4bad8bb76143fe89a285b9dbeaaf,njrat,RFQ-SW10-321313.PDF.exe,exe,2026-08-27 08:40:07,MalwareBazaar
IMPHASH,f34d5f2d4577ed6d9ceec516c1f5a744,d1303941d2d3f6d1337f74fb0ec07984614d4bad8bb76143fe89a285b9dbeaaf,njrat,RFQ-SW10-321313.PDF.exe,exe,2026-08-27 08:40:07,MalwareBazaar
TLSH,T17FF41262B325FA56DA7E1BF64A75E33207B60E4EA525D306CEEDADCB3C147106C05283,d1303941d2d3f6d1337f74fb0ec07984614d4bad8bb76143fe89a285b9dbeaaf,njrat,RFQ-SW10-321313.PDF.exe,exe,2026-08-27 08:40:07,MalwareBazaar
SSDEEP,12288:/MQGLFTWHsvm2KnU7S4wUR2Nkpuw7yTcHFN4CmaZezhSTP2lQth9+kkPaXo+0Hj:joKHsu9U7S4wUR2NkEasoFG3aAzIT9hT,d1303941d2d3f6d1337f74fb0ec07984614d4bad8bb76143fe89a285b9dbeaaf,njrat,RFQ-SW10-321313.PDF.exe,exe,2026-08-27 08:40:07,MalwareBazaar
MD5,c68f96f20d5b4eae439a065a0dabf845,64bf0e2bfdaacf3dc81ce6c339907992eebf5876e64841dce2ad73d539960578,unknown,wr.php,sh,2026-08-27 08:36:37,MalwareBazaar
SHA-1,9dfcc5df3e0cd9dc7d33fff41ca70cde151656bf,64bf0e2bfdaacf3dc81ce6c339907992eebf5876e64841dce2ad73d539960578,unknown,wr.php,sh,2026-08-27 08:36:37,MalwareBazaar
SHA-256,64bf0e2bfdaacf3dc81ce6c339907992eebf5876e64841dce2ad73d539960578,64bf0e2bfdaacf3dc81ce6c339907992eebf5876e64841dce2ad73d539960578,unknown,wr.php,sh,2026-08-27 08:36:37,MalwareBazaar
SHA3-384,d2219e6d1760aa9a2f8d98abd59326931e3f1c9ffe6cb16460f3bc78546ffa6b08fdc6da8a6c0a979e7194b9677d44f2,64bf0e2bfdaacf3dc81ce6c339907992eebf5876e64841dce2ad73d539960578,unknown,wr.php,sh,2026-08-27 08:36:37,MalwareBazaar
TLSH,T1B9C27D966A867C44BDC98A3E4CBD2B1D6DF5C3D1324942AC3D8A3C71DC11F9CD618B2A,64bf0e2bfdaacf3dc81ce6c339907992eebf5876e64841dce2ad73d539960578,unknown,wr.php,sh,2026-08-27 08:36:37,MalwareBazaar
SSDEEP,768:h8vCB+25j6es8Rdp9FYpMSUpi+20qUpi+20YQX:h8l25J5d2QX,64bf0e2bfdaacf3dc81ce6c339907992eebf5876e64841dce2ad73d539960578,unknown,wr.php,sh,2026-08-27 08:36:37,MalwareBazaar
MD5,ad9acc19c36e3e921e43074ec3b09304,ab8011dca996781f1d1bd0fae166d255c0c27464f35b637902b71ac1c3a8cf9f,unknown,ad9acc19c36e3e921e43074ec3b09304.exe,exe,2026-08-27 08:35:39,MalwareBazaar
SHA-1,1d89934362622060773e47952b9d1611a74c6577,ab8011dca996781f1d1bd0fae166d255c0c27464f35b637902b71ac1c3a8cf9f,unknown,ad9acc19c36e3e921e43074ec3b09304.exe,exe,2026-08-27 08:35:39,MalwareBazaar
SHA-256,ab8011dca996781f1d1bd0fae166d255c0c27464f35b637902b71ac1c3a8cf9f,ab8011dca996781f1d1bd0fae166d255c0c27464f35b637902b71ac1c3a8cf9f,unknown,ad9acc19c36e3e921e43074ec3b09304.exe,exe,2026-08-27 08:35:39,MalwareBazaar
SHA3-384,74eb59c58268e548162a613bd1069e32ac131ce6d7ea100f1505d68e3c8bf8386aebe6889bb39b1981a0b163251a8e1b,ab8011dca996781f1d1bd0fae166d255c0c27464f35b637902b71ac1c3a8cf9f,unknown,ad9acc19c36e3e921e43074ec3b09304.exe,exe,2026-08-27 08:35:39,MalwareBazaar
IMPHASH,f34d5f2d4577ed6d9ceec516c1f5a744,ab8011dca996781f1d1bd0fae166d255c0c27464f35b637902b71ac1c3a8cf9f,unknown,ad9acc19c36e3e921e43074ec3b09304.exe,exe,2026-08-27 08:35:39,MalwareBazaar
TLSH,T1E8233B14B7E98322CABE477168B352090376E60BA526FB1E2CCC55E82F677D4C6113F6,ab8011dca996781f1d1bd0fae166d255c0c27464f35b637902b71ac1c3a8cf9f,unknown,ad9acc19c36e3e921e43074ec3b09304.exe,exe,2026-08-27 08:35:39,MalwareBazaar
SSDEEP,768:dFaXIjq8D2zfFjr4kamoHofeC+n4vvcqVlm0yJ8CGT6m:fqg8Pa5IfN+aculQJ8n+m,ab8011dca996781f1d1bd0fae166d255c0c27464f35b637902b71ac1c3a8cf9f,unknown,ad9acc19c36e3e921e43074ec3b09304.exe,exe,2026-08-27 08:35:39,MalwareBazaar
MD5,1035735f7d18175e23e1181434648494,c5ecdd414e5a4a9ce1dac9fd9bdac433de80b66de3d0aff47abe784706fbb02a,SheetRAT,1035735f7d18175e23e1181434648494.exe,exe,2026-08-27 08:35:33,MalwareBazaar
SHA-1,ab3c478b0481fd4d9b4cc228312a6ba89bae9e94,c5ecdd414e5a4a9ce1dac9fd9bdac433de80b66de3d0aff47abe784706fbb02a,SheetRAT,1035735f7d18175e23e1181434648494.exe,exe,2026-08-27 08:35:33,MalwareBazaar
SHA-256,c5ecdd414e5a4a9ce1dac9fd9bdac433de80b66de3d0aff47abe784706fbb02a,c5ecdd414e5a4a9ce1dac9fd9bdac433de80b66de3d0aff47abe784706fbb02a,SheetRAT,1035735f7d18175e23e1181434648494.exe,exe,2026-08-27 08:35:33,MalwareBazaar
SHA3-384,278ecaa969dd240c552e8a5382ace9569166cb4ff01f889dddc94910bfea17da8bd8d8c0438c4b332139c6768e737518,c5ecdd414e5a4a9ce1dac9fd9bdac433de80b66de3d0aff47abe784706fbb02a,SheetRAT,1035735f7d18175e23e1181434648494.exe,exe,2026-08-27 08:35:33,MalwareBazaar
IMPHASH,f34d5f2d4577ed6d9ceec516c1f5a744,c5ecdd414e5a4a9ce1dac9fd9bdac433de80b66de3d0aff47abe784706fbb02a,SheetRAT,1035735f7d18175e23e1181434648494.exe,exe,2026-08-27 08:35:33,MalwareBazaar
TLSH,T13814E04473C88A14D97E06FD8363B324933492071897EB0E1ECA91DA3F76BD5DA09DE5,c5ecdd414e5a4a9ce1dac9fd9bdac433de80b66de3d0aff47abe784706fbb02a,SheetRAT,1035735f7d18175e23e1181434648494.exe,exe,2026-08-27 08:35:33,MalwareBazaar
SSDEEP,3072:5q4IN0wVxpaNvbaeO9K3S+0LRX0pcU622wca+He6pyXNlNtA7uDgObnNQUKn:grpaN2rA3SRLRXg15ca+H9ONl3A72nb,c5ecdd414e5a4a9ce1dac9fd9bdac433de80b66de3d0aff47abe784706fbb02a,SheetRAT,1035735f7d18175e23e1181434648494.exe,exe,2026-08-27 08:35:33,MalwareBazaar
MD5,01203720869a8f590601cc3d639b9984,8413753dd6b3c68aade5c95450cd68b52bf448d827210e0385203e102b5926ad,SheetRAT,01203720869a8f590601cc3d639b9984.exe,exe,2026-08-27 08:35:23,MalwareBazaar
SHA-1,2cd9e4013c10d00068923640c349088a2092c578,8413753dd6b3c68aade5c95450cd68b52bf448d827210e0385203e102b5926ad,SheetRAT,01203720869a8f590601cc3d639b9984.exe,exe,2026-08-27 08:35:23,MalwareBazaar
SHA-256,8413753dd6b3c68aade5c95450cd68b52bf448d827210e0385203e102b5926ad,8413753dd6b3c68aade5c95450cd68b52bf448d827210e0385203e102b5926ad,SheetRAT,01203720869a8f590601cc3d639b9984.exe,exe,2026-08-27 08:35:23,MalwareBazaar
SHA3-384,3170db0114420dc0d47e7f4da56140a038b15e620cb8de0b17f06768afd87a0e0b089d6446e03397e9e5f56d0e053a19,8413753dd6b3c68aade5c95450cd68b52bf448d827210e0385203e102b5926ad,SheetRAT,01203720869a8f590601cc3d639b9984.exe,exe,2026-08-27 08:35:23,MalwareBazaar
IMPHASH,f34d5f2d4577ed6d9ceec516c1f5a744,8413753dd6b3c68aade5c95450cd68b52bf448d827210e0385203e102b5926ad,SheetRAT,01203720869a8f590601cc3d639b9984.exe,exe,2026-08-27 08:35:23,MalwareBazaar
TLSH,T19EC44A247F948609E580197E459E5600C3FE91F22632B307371AEF611D899DEEE6C3EB,8413753dd6b3c68aade5c95450cd68b52bf448d827210e0385203e102b5926ad,SheetRAT,01203720869a8f590601cc3d639b9984.exe,exe,2026-08-27 08:35:23,MalwareBazaar
SSDEEP,12288:fLr1+ThA0u/lDfhwdKfAGNAtQ/MpYbD5gJq/8:t+Tm0EDSKvitQ/MwX8,8413753dd6b3c68aade5c95450cd68b52bf448d827210e0385203e102b5926ad,SheetRAT,01203720869a8f590601cc3d639b9984.exe,exe,2026-08-27 08:35:23,MalwareBazaar
MD5,743979767b321025dd464b0f7070b8ff,22a6a1c861c0d3bd6df621455c14adb9f0aac24ebf1ef6739131fc6e8ec696bf,SheetRAT,743979767b321025dd464b0f7070b8ff.exe,exe,2026-08-27 08:35:15,MalwareBazaar
SHA-1,fdf4289a426f4d50b0b10b89b94cb7aa246fc016,22a6a1c861c0d3bd6df621455c14adb9f0aac24ebf1ef6739131fc6e8ec696bf,SheetRAT,743979767b321025dd464b0f7070b8ff.exe,exe,2026-08-27 08:35:15,MalwareBazaar
SHA-256,22a6a1c861c0d3bd6df621455c14adb9f0aac24ebf1ef6739131fc6e8ec696bf,22a6a1c861c0d3bd6df621455c14adb9f0aac24ebf1ef6739131fc6e8ec696bf,SheetRAT,743979767b321025dd464b0f7070b8ff.exe,exe,2026-08-27 08:35:15,MalwareBazaar
SHA3-384,1ecdf040e3cb5bdbe44bc192bcb31b36c3086428162ea4fa09b7ff8a0c4aff1ca8d5f6df0ccc6e58d09b044090a027de,22a6a1c861c0d3bd6df621455c14adb9f0aac24ebf1ef6739131fc6e8ec696bf,SheetRAT,743979767b321025dd464b0f7070b8ff.exe,exe,2026-08-27 08:35:15,MalwareBazaar
IMPHASH,f34d5f2d4577ed6d9ceec516c1f5a744,22a6a1c861c0d3bd6df621455c14adb9f0aac24ebf1ef6739131fc6e8ec696bf,SheetRAT,743979767b321025dd464b0f7070b8ff.exe,exe,2026-08-27 08:35:15,MalwareBazaar
TLSH,T14414F10A33C48A16C2BD157A931BB3509B35E2474852D70B2EC7D1E66F27BD49E4AEE0,22a6a1c861c0d3bd6df621455c14adb9f0aac24ebf1ef6739131fc6e8ec696bf,SheetRAT,743979767b321025dd464b0f7070b8ff.exe,exe,2026-08-27 08:35:15,MalwareBazaar
SSDEEP,3072:JVvxd0Tw0ZA1fPVDfMaUaANCPcaIDq6L+f8BrP0A/pN8SNZ4QFzOZajoLy0ObnNi:/SCVQaU6caIDqP8qAQSPZiajoebb,22a6a1c861c0d3bd6df621455c14adb9f0aac24ebf1ef6739131fc6e8ec696bf,SheetRAT,743979767b321025dd464b0f7070b8ff.exe,exe,2026-08-27 08:35:15,MalwareBazaar
MD5,dfb400a13708e6f9771f2a02100e3b32,e110c3d90f63af79053e1a50229b311a39f1b12420e6962e767179a918628523,ValleyRAT,DFB400A13708E6F9771F2A02100E3B32.dll,dll,2026-08-27 08:35:14,MalwareBazaar
SHA-1,922b3b687409cd531bc34d4a25f339cb7cad565a,e110c3d90f63af79053e1a50229b311a39f1b12420e6962e767179a918628523,ValleyRAT,DFB400A13708E6F9771F2A02100E3B32.dll,dll,2026-08-27 08:35:14,MalwareBazaar
SHA-256,e110c3d90f63af79053e1a50229b311a39f1b12420e6962e767179a918628523,e110c3d90f63af79053e1a50229b311a39f1b12420e6962e767179a918628523,ValleyRAT,DFB400A13708E6F9771F2A02100E3B32.dll,dll,2026-08-27 08:35:14,MalwareBazaar
SHA3-384,0bcff7cbff4db94d32961ea13952e6e7844d11a2435b5d4459fa753f8417504fd9598a156d4995c792185f79c2402be4,e110c3d90f63af79053e1a50229b311a39f1b12420e6962e767179a918628523,ValleyRAT,DFB400A13708E6F9771F2A02100E3B32.dll,dll,2026-08-27 08:35:14,MalwareBazaar
IMPHASH,52cfdb731563048cbcd312740731136b,e110c3d90f63af79053e1a50229b311a39f1b12420e6962e767179a918628523,ValleyRAT,DFB400A13708E6F9771F2A02100E3B32.dll,dll,2026-08-27 08:35:14,MalwareBazaar
TLSH,T145652311FC8188B2DDAA3B383160B53C4B6D75500BB19EBB37644E75AB38FC1AF2545A,e110c3d90f63af79053e1a50229b311a39f1b12420e6962e767179a918628523,ValleyRAT,DFB400A13708E6F9771F2A02100E3B32.dll,dll,2026-08-27 08:35:14,MalwareBazaar
SSDEEP,24576:Xh8JJlv5PLeJH90J3Nv/Te/rhcxdEDzcjxU25R7tWqR/kW5/LAIT2hr0Sh:XhilBPLeJHolRxdOzcjxPZWK/15EITCr,e110c3d90f63af79053e1a50229b311a39f1b12420e6962e767179a918628523,ValleyRAT,DFB400A13708E6F9771F2A02100E3B32.dll,dll,2026-08-27 08:35:14,MalwareBazaar
MD5,7bbe43387cfe0e00dafd61ea63904c6d,bc73e28fca0988fea8ef3460890ee16049842d9829403eedc63661e01bb09447,unknown,7bbe43387cfe0e00dafd61ea63904c6d.exe,exe,2026-08-27 08:35:05,MalwareBazaar
SHA-1,e3c5dcfd1274175d482718b9dc6e9a0936bacc40,bc73e28fca0988fea8ef3460890ee16049842d9829403eedc63661e01bb09447,unknown,7bbe43387cfe0e00dafd61ea63904c6d.exe,exe,2026-08-27 08:35:05,MalwareBazaar
SHA-256,bc73e28fca0988fea8ef3460890ee16049842d9829403eedc63661e01bb09447,bc73e28fca0988fea8ef3460890ee16049842d9829403eedc63661e01bb09447,unknown,7bbe43387cfe0e00dafd61ea63904c6d.exe,exe,2026-08-27 08:35:05,MalwareBazaar
SHA3-384,a72a7c44625b941755a82693480e2c269a728f2ab517c4822604d1253a21cced430d4b048344de084aa8ed517dd197c1,bc73e28fca0988fea8ef3460890ee16049842d9829403eedc63661e01bb09447,unknown,7bbe43387cfe0e00dafd61ea63904c6d.exe,exe,2026-08-27 08:35:05,MalwareBazaar
IMPHASH,f34d5f2d4577ed6d9ceec516c1f5a744,bc73e28fca0988fea8ef3460890ee16049842d9829403eedc63661e01bb09447,unknown,7bbe43387cfe0e00dafd61ea63904c6d.exe,exe,2026-08-27 08:35:05,MalwareBazaar
TLSH,T1A6841A147F988609E5901A7E425E2500C7EE92F265327303370AFF625D899DEDE2D3EB,bc73e28fca0988fea8ef3460890ee16049842d9829403eedc63661e01bb09447,unknown,7bbe43387cfe0e00dafd61ea63904c6d.exe,exe,2026-08-27 08:35:05,MalwareBazaar
SSDEEP,6144:Pe9DtAHOBGvEpzVI96iNANhYtpIMZONgTuAdhZAFSub4td1TFyyol67O:GMIenENlQjL7B7O,bc73e28fca0988fea8ef3460890ee16049842d9829403eedc63661e01bb09447,unknown,7bbe43387cfe0e00dafd61ea63904c6d.exe,exe,2026-08-27 08:35:05,MalwareBazaar
MD5,a8ccf7af26ae2a2e221b224822e5a639,fb95d7d6d256e0d1e492ebcb02b12776996a2887f54a6f4a54155c2729a40273,XWorm,a8ccf7af26ae2a2e221b224822e5a639.exe,exe,2026-08-27 08:34:54,MalwareBazaar
SHA-1,507a4e68ff465dedc0f6dc5fce822a9003635947,fb95d7d6d256e0d1e492ebcb02b12776996a2887f54a6f4a54155c2729a40273,XWorm,a8ccf7af26ae2a2e221b224822e5a639.exe,exe,2026-08-27 08:34:54,MalwareBazaar
SHA-256,fb95d7d6d256e0d1e492ebcb02b12776996a2887f54a6f4a54155c2729a40273,fb95d7d6d256e0d1e492ebcb02b12776996a2887f54a6f4a54155c2729a40273,XWorm,a8ccf7af26ae2a2e221b224822e5a639.exe,exe,2026-08-27 08:34:54,MalwareBazaar
SHA3-384,d88ba68484c99a30108d873dfc1a30db6c37aab73f2b04450f77338528263a3e76759eca1fc5b0114f0fddcd3de8665f,fb95d7d6d256e0d1e492ebcb02b12776996a2887f54a6f4a54155c2729a40273,XWorm,a8ccf7af26ae2a2e221b224822e5a639.exe,exe,2026-08-27 08:34:54,MalwareBazaar
IMPHASH,9524a62d9b63411f0e9075f1a442bf92,fb95d7d6d256e0d1e492ebcb02b12776996a2887f54a6f4a54155c2729a40273,XWorm,a8ccf7af26ae2a2e221b224822e5a639.exe,exe,2026-08-27 08:34:54,MalwareBazaar
TLSH,T1EFC4BF4D814E2278F17607F2EB63C0A5903F68515B49F6EB11E1B4E9B4397C4E22A7E3,fb95d7d6d256e0d1e492ebcb02b12776996a2887f54a6f4a54155c2729a40273,XWorm,a8ccf7af26ae2a2e221b224822e5a639.exe,exe,2026-08-27 08:34:54,MalwareBazaar
SSDEEP,12288:LykafaSF/Tlagk+iuvyb+UrFpCE0ed+pFqmsXPhIhT:WDTF/kgHiUM+urBEpkX5Ip,fb95d7d6d256e0d1e492ebcb02b12776996a2887f54a6f4a54155c2729a40273,XWorm,a8ccf7af26ae2a2e221b224822e5a639.exe,exe,2026-08-27 08:34:54,MalwareBazaar
ICON-DHASH,0ff0c0d4d4c0f00f,fb95d7d6d256e0d1e492ebcb02b12776996a2887f54a6f4a54155c2729a40273,XWorm,a8ccf7af26ae2a2e221b224822e5a639.exe,exe,2026-08-27 08:34:54,MalwareBazaar
MD5,071a9e42a3118c4becbd671529dc2f06,15aeb01ceb8079f16fa83a6d8c5d44c04c590f474c6c95e96e4e31df9786725d,SheetRAT,071a9e42a3118c4becbd671529dc2f06.exe,exe,2026-08-27 08:34:47,MalwareBazaar
SHA-1,1cb4d6b0a527f92c6adaae1cd89e7af703a832eb,15aeb01ceb8079f16fa83a6d8c5d44c04c590f474c6c95e96e4e31df9786725d,SheetRAT,071a9e42a3118c4becbd671529dc2f06.exe,exe,2026-08-27 08:34:47,MalwareBazaar
SHA-256,15aeb01ceb8079f16fa83a6d8c5d44c04c590f474c6c95e96e4e31df9786725d,15aeb01ceb8079f16fa83a6d8c5d44c04c590f474c6c95e96e4e31df9786725d,SheetRAT,071a9e42a3118c4becbd671529dc2f06.exe,exe,2026-08-27 08:34:47,MalwareBazaar
SHA3-384,4ced52eebf033a40a8d5237bc499ca9a6961b70bdedaa7a9e717b58a109712c853924a0d95488b575cf58bbc3bead947,15aeb01ceb8079f16fa83a6d8c5d44c04c590f474c6c95e96e4e31df9786725d,SheetRAT,071a9e42a3118c4becbd671529dc2f06.exe,exe,2026-08-27 08:34:47,MalwareBazaar
IMPHASH,f34d5f2d4577ed6d9ceec516c1f5a744,15aeb01ceb8079f16fa83a6d8c5d44c04c590f474c6c95e96e4e31df9786725d,SheetRAT,071a9e42a3118c4becbd671529dc2f06.exe,exe,2026-08-27 08:34:47,MalwareBazaar
TLSH,T158B44B247F988609E584297E419E1600C7EE92F225327303370AEF655D89DDEDE2D3EB,15aeb01ceb8079f16fa83a6d8c5d44c04c590f474c6c95e96e4e31df9786725d,SheetRAT,071a9e42a3118c4becbd671529dc2f06.exe,exe,2026-08-27 08:34:47,MalwareBazaar
SSDEEP,12288:YM7Wb6Xo7PMZkc/BxcUfKIW+w+sQUCAbUw96s:lGMZkZ+hU3wI6s,15aeb01ceb8079f16fa83a6d8c5d44c04c590f474c6c95e96e4e31df9786725d,SheetRAT,071a9e42a3118c4becbd671529dc2f06.exe,exe,2026-08-27 08:34:47,MalwareBazaar
MD5,106032e5fe69908d00017874faca1976,ae90f9af53f315122f31021f664f686a66dd77a08fcf560fad3d373c0ac5eabd,unknown,106032e5fe69908d00017874faca1976.exe,exe,2026-08-27 08:34:38,MalwareBazaar
SHA-1,17e61742b3f13fe745643d9e44315ecfab820220,ae90f9af53f315122f31021f664f686a66dd77a08fcf560fad3d373c0ac5eabd,unknown,106032e5fe69908d00017874faca1976.exe,exe,2026-08-27 08:34:38,MalwareBazaar
SHA-256,ae90f9af53f315122f31021f664f686a66dd77a08fcf560fad3d373c0ac5eabd,ae90f9af53f315122f31021f664f686a66dd77a08fcf560fad3d373c0ac5eabd,unknown,106032e5fe69908d00017874faca1976.exe,exe,2026-08-27 08:34:38,MalwareBazaar
SHA3-384,06f57b12bd123c8b814b8d6530346c748e4784d2072938e9f96d1e80d0b47816b5940ed330e92bb1903c506867d950f6,ae90f9af53f315122f31021f664f686a66dd77a08fcf560fad3d373c0ac5eabd,unknown,106032e5fe69908d00017874faca1976.exe,exe,2026-08-27 08:34:38,MalwareBazaar
IMPHASH,1dcd477cce07724ec6b817b3be71540e,ae90f9af53f315122f31021f664f686a66dd77a08fcf560fad3d373c0ac5eabd,unknown,106032e5fe69908d00017874faca1976.exe,exe,2026-08-27 08:34:38,MalwareBazaar
TLSH,T1B6963354B2D085F5F8B3803EDEA1D460ABB2BC412B56E1FF23A07A1A1E372D05E35765,ae90f9af53f315122f31021f664f686a66dd77a08fcf560fad3d373c0ac5eabd,unknown,106032e5fe69908d00017874faca1976.exe,exe,2026-08-27 08:34:38,MalwareBazaar
SSDEEP,196608:Rihcd3wLkOXEpXnH2ph1iut1/1QpL0uQg+RBtK7voKgpVFSZ:RihAEkOXEAphVtrQSg+RHK7vFgtS,ae90f9af53f315122f31021f664f686a66dd77a08fcf560fad3d373c0ac5eabd,unknown,106032e5fe69908d00017874faca1976.exe,exe,2026-08-27 08:34:38,MalwareBazaar
ICON-DHASH,58c8d1d0cecbeeec,ae90f9af53f315122f31021f664f686a66dd77a08fcf560fad3d373c0ac5eabd,unknown,106032e5fe69908d00017874faca1976.exe,exe,2026-08-27 08:34:38,MalwareBazaar
MD5,0bb278acc41500c6831112bdf1b2b2aa,935a89876a469292f4b238c7ad9d1ad6387519a5f1b486d37559579936430eff,SheetRAT,0bb278acc41500c6831112bdf1b2b2aa.exe,exe,2026-08-27 08:34:16,MalwareBazaar
SHA-1,5b594c66c5af8190bbaac80c9fc9c86a2dd90ab7,935a89876a469292f4b238c7ad9d1ad6387519a5f1b486d37559579936430eff,SheetRAT,0bb278acc41500c6831112bdf1b2b2aa.exe,exe,2026-08-27 08:34:16,MalwareBazaar
SHA-256,935a89876a469292f4b238c7ad9d1ad6387519a5f1b486d37559579936430eff,935a89876a469292f4b238c7ad9d1ad6387519a5f1b486d37559579936430eff,SheetRAT,0bb278acc41500c6831112bdf1b2b2aa.exe,exe,2026-08-27 08:34:16,MalwareBazaar
SHA3-384,514335197345cc8772e7fea5744d1b764cbea24745609ec5f5a408bf8217add3f8d2d420e375d08842271e6c8cc300e5,935a89876a469292f4b238c7ad9d1ad6387519a5f1b486d37559579936430eff,SheetRAT,0bb278acc41500c6831112bdf1b2b2aa.exe,exe,2026-08-27 08:34:16,MalwareBazaar
IMPHASH,f34d5f2d4577ed6d9ceec516c1f5a744,935a89876a469292f4b238c7ad9d1ad6387519a5f1b486d37559579936430eff,SheetRAT,0bb278acc41500c6831112bdf1b2b2aa.exe,exe,2026-08-27 08:34:16,MalwareBazaar
TLSH,T119C43A147F988A09E5902A3E415E1901C7EE92F62632B303370BEF615D899DDDF2D3DA,935a89876a469292f4b238c7ad9d1ad6387519a5f1b486d37559579936430eff,SheetRAT,0bb278acc41500c6831112bdf1b2b2aa.exe,exe,2026-08-27 08:34:16,MalwareBazaar
SSDEEP,12288:b9+6cV9JnPFM28dLAEAzM1fWUDzcHjEN9wgjM2:IidAEaM1fZDzeEXjn,935a89876a469292f4b238c7ad9d1ad6387519a5f1b486d37559579936430eff,SheetRAT,0bb278acc41500c6831112bdf1b2b2aa.exe,exe,2026-08-27 08:34:16,MalwareBazaar
MD5,3fee630d3e005c84a3983903386b17cc,3511c86c901db8d494eea0e1bea6d398cc60e5aadba713f549da0ba3f5c2505a,unknown,3fee630d3e005c84a3983903386b17cc.exe,exe,2026-08-27 08:34:06,MalwareBazaar
SHA-1,7605c9bdeb6d630f513a664e239f93b873cb2e0f,3511c86c901db8d494eea0e1bea6d398cc60e5aadba713f549da0ba3f5c2505a,unknown,3fee630d3e005c84a3983903386b17cc.exe,exe,2026-08-27 08:34:06,MalwareBazaar
SHA-256,3511c86c901db8d494eea0e1bea6d398cc60e5aadba713f549da0ba3f5c2505a,3511c86c901db8d494eea0e1bea6d398cc60e5aadba713f549da0ba3f5c2505a,unknown,3fee630d3e005c84a3983903386b17cc.exe,exe,2026-08-27 08:34:06,MalwareBazaar
SHA3-384,9791b2b29703e2f2cd672731f6fd0043ba5efbad460d5ec54fedac180c673b67273f9c209e9ee754e3c930ab503b4ae4,3511c86c901db8d494eea0e1bea6d398cc60e5aadba713f549da0ba3f5c2505a,unknown,3fee630d3e005c84a3983903386b17cc.exe,exe,2026-08-27 08:34:06,MalwareBazaar
IMPHASH,f34d5f2d4577ed6d9ceec516c1f5a744,3511c86c901db8d494eea0e1bea6d398cc60e5aadba713f549da0ba3f5c2505a,unknown,3fee630d3e005c84a3983903386b17cc.exe,exe,2026-08-27 08:34:06,MalwareBazaar
TLSH,T17A43061573D88735D6BE477118B227050B36FA0BA537EB1E2CA895A92F237D4C9107B3,3511c86c901db8d494eea0e1bea6d398cc60e5aadba713f549da0ba3f5c2505a,unknown,3fee630d3e005c84a3983903386b17cc.exe,exe,2026-08-27 08:34:06,MalwareBazaar
SSDEEP,1536:tneov7Sfydq+jteId+yZ091IW2J3W+ok:J9kydq+jcId+yyJk3WC,3511c86c901db8d494eea0e1bea6d398cc60e5aadba713f549da0ba3f5c2505a,unknown,3fee630d3e005c84a3983903386b17cc.exe,exe,2026-08-27 08:34:06,MalwareBazaar
MD5,53deb2d9fbbabdb94d6dc198bd8124c0,39e5a1bb3b057fa6bf3e2aa2961763cb48bef578648e754c1cf52da7ddd2a2d8,unknown,53deb2d9fbbabdb94d6dc198bd8124c0.exe,exe,2026-08-27 08:33:52,MalwareBazaar
SHA-1,620b2d406019475baa15f8e7a88711df0c2f572a,39e5a1bb3b057fa6bf3e2aa2961763cb48bef578648e754c1cf52da7ddd2a2d8,unknown,53deb2d9fbbabdb94d6dc198bd8124c0.exe,exe,2026-08-27 08:33:52,MalwareBazaar
SHA-256,39e5a1bb3b057fa6bf3e2aa2961763cb48bef578648e754c1cf52da7ddd2a2d8,39e5a1bb3b057fa6bf3e2aa2961763cb48bef578648e754c1cf52da7ddd2a2d8,unknown,53deb2d9fbbabdb94d6dc198bd8124c0.exe,exe,2026-08-27 08:33:52,MalwareBazaar
SHA3-384,2a3669efee12ee621278291ce9a4f5fa50ddf9c712a47a2689cce92174e62b375f0ed9e624e8851a1a64a1190a04ed6f,39e5a1bb3b057fa6bf3e2aa2961763cb48bef578648e754c1cf52da7ddd2a2d8,unknown,53deb2d9fbbabdb94d6dc198bd8124c0.exe,exe,2026-08-27 08:33:52,MalwareBazaar
IMPHASH,a9c887a4f18a3fede2cc29ceea138ed3,39e5a1bb3b057fa6bf3e2aa2961763cb48bef578648e754c1cf52da7ddd2a2d8,unknown,53deb2d9fbbabdb94d6dc198bd8124c0.exe,exe,2026-08-27 08:33:52,MalwareBazaar
TLSH,T1BEE52A99E8D2128A096C3559DECDB0286FFC2C49B0676D6CCABC1EF6DB81D4A034F54D,39e5a1bb3b057fa6bf3e2aa2961763cb48bef578648e754c1cf52da7ddd2a2d8,unknown,53deb2d9fbbabdb94d6dc198bd8124c0.exe,exe,2026-08-27 08:33:52,MalwareBazaar
SSDEEP,49152:cGmHN0oJDRNnGLOPhQhRGdmMV+pp4YF5muc72:g06RNnGapQPt8QQuq2,39e5a1bb3b057fa6bf3e2aa2961763cb48bef578648e754c1cf52da7ddd2a2d8,unknown,53deb2d9fbbabdb94d6dc198bd8124c0.exe,exe,2026-08-27 08:33:52,MalwareBazaar
MD5,7513d77e95e15f4d6b69308ae01036e5,e2c22911a38748cfdd480415c255d50bd75edeb66978806362349621de308310,SheetRAT,7513d77e95e15f4d6b69308ae01036e5.exe,exe,2026-08-27 08:33:45,MalwareBazaar
SHA-1,cdcaf253f1c846011c3dd72d4198b0204d13e629,e2c22911a38748cfdd480415c255d50bd75edeb66978806362349621de308310,SheetRAT,7513d77e95e15f4d6b69308ae01036e5.exe,exe,2026-08-27 08:33:45,MalwareBazaar
SHA-256,e2c22911a38748cfdd480415c255d50bd75edeb66978806362349621de308310,e2c22911a38748cfdd480415c255d50bd75edeb66978806362349621de308310,SheetRAT,7513d77e95e15f4d6b69308ae01036e5.exe,exe,2026-08-27 08:33:45,MalwareBazaar
SHA3-384,7aa4f6615d760aa3e97cc8d13772cb8f4d5fa8e6de459cd22ca9bceeb92acd92c7cd4db04ed57a3e9f7d94386a246e66,e2c22911a38748cfdd480415c255d50bd75edeb66978806362349621de308310,SheetRAT,7513d77e95e15f4d6b69308ae01036e5.exe,exe,2026-08-27 08:33:45,MalwareBazaar
IMPHASH,f34d5f2d4577ed6d9ceec516c1f5a744,e2c22911a38748cfdd480415c255d50bd75edeb66978806362349621de308310,SheetRAT,7513d77e95e15f4d6b69308ae01036e5.exe,exe,2026-08-27 08:33:45,MalwareBazaar
TLSH,T1CE535C0877808E51D97E5AB5A353B39097B0D6071542EB4B2ECFC0C16E6A7C2D686CFA,e2c22911a38748cfdd480415c255d50bd75edeb66978806362349621de308310,SheetRAT,7513d77e95e15f4d6b69308ae01036e5.exe,exe,2026-08-27 08:33:45,MalwareBazaar
SSDEEP,1536:6h3eUZhZ0MjGxYlCYLT/SObntfXHmnVPxX:6hBhZ0olCYPSObntfIJxX,e2c22911a38748cfdd480415c255d50bd75edeb66978806362349621de308310,SheetRAT,7513d77e95e15f4d6b69308ae01036e5.exe,exe,2026-08-27 08:33:45,MalwareBazaar
MD5,b315891c9c02a85a30b7ae6eec4d9e9e,19ab76f2fd893f174ff8505c0439dde8e4fabf7b2c72360209675294204783aa,unknown,b315891c9c02a85a30b7ae6eec4d9e9e.exe,exe,2026-08-27 08:33:33,MalwareBazaar
SHA-1,50570b3c0a5c37f8b39814e760ffb8d47c696148,19ab76f2fd893f174ff8505c0439dde8e4fabf7b2c72360209675294204783aa,unknown,b315891c9c02a85a30b7ae6eec4d9e9e.exe,exe,2026-08-27 08:33:33,MalwareBazaar
SHA-256,19ab76f2fd893f174ff8505c0439dde8e4fabf7b2c72360209675294204783aa,19ab76f2fd893f174ff8505c0439dde8e4fabf7b2c72360209675294204783aa,unknown,b315891c9c02a85a30b7ae6eec4d9e9e.exe,exe,2026-08-27 08:33:33,MalwareBazaar
SHA3-384,fd730eb9560f87d634b77404f95493aaad268706df9126166b2a9678c8630d8acd76f7ec97026a03fe907522a938880d,19ab76f2fd893f174ff8505c0439dde8e4fabf7b2c72360209675294204783aa,unknown,b315891c9c02a85a30b7ae6eec4d9e9e.exe,exe,2026-08-27 08:33:33,MalwareBazaar
IMPHASH,f34d5f2d4577ed6d9ceec516c1f5a744,19ab76f2fd893f174ff8505c0439dde8e4fabf7b2c72360209675294204783aa,unknown,b315891c9c02a85a30b7ae6eec4d9e9e.exe,exe,2026-08-27 08:33:33,MalwareBazaar
TLSH,T1EBC44D187F958A08E190257E454E1A15DBAEE1F226327303370AEF624D45DDEDE2C3EB,19ab76f2fd893f174ff8505c0439dde8e4fabf7b2c72360209675294204783aa,unknown,b315891c9c02a85a30b7ae6eec4d9e9e.exe,exe,2026-08-27 08:33:33,MalwareBazaar
SSDEEP,6144:AbcJK+o2r2XvWh9WxEGkzcRDqnDflNtlzVamWt3HW4QkLkODghPoNHtmSvFFLMfb:4v9XvYUxVJqnJejRsSvDLMf51nj,19ab76f2fd893f174ff8505c0439dde8e4fabf7b2c72360209675294204783aa,unknown,b315891c9c02a85a30b7ae6eec4d9e9e.exe,exe,2026-08-27 08:33:33,MalwareBazaar
MD5,1008cc67abe5358a99e749fe35ad825b,d6279667f28724ed2b35b8c0bbd13121e0a1f5f929669cee16b7945c6039eb1f,SheetRAT,1008cc67abe5358a99e749fe35ad825b.exe,exe,2026-08-27 08:33:28,MalwareBazaar
SHA-1,6304b271027c9fb8c50bb77479d2a78453361970,d6279667f28724ed2b35b8c0bbd13121e0a1f5f929669cee16b7945c6039eb1f,SheetRAT,1008cc67abe5358a99e749fe35ad825b.exe,exe,2026-08-27 08:33:28,MalwareBazaar
SHA-256,d6279667f28724ed2b35b8c0bbd13121e0a1f5f929669cee16b7945c6039eb1f,d6279667f28724ed2b35b8c0bbd13121e0a1f5f929669cee16b7945c6039eb1f,SheetRAT,1008cc67abe5358a99e749fe35ad825b.exe,exe,2026-08-27 08:33:28,MalwareBazaar
SHA3-384,623729036107dc007f7e5145766b03d1a291217312e559f189b53585b17e22d351f1df3a4d1f2a6bd87806c63a8e2031,d6279667f28724ed2b35b8c0bbd13121e0a1f5f929669cee16b7945c6039eb1f,SheetRAT,1008cc67abe5358a99e749fe35ad825b.exe,exe,2026-08-27 08:33:28,MalwareBazaar
IMPHASH,f34d5f2d4577ed6d9ceec516c1f5a744,d6279667f28724ed2b35b8c0bbd13121e0a1f5f929669cee16b7945c6039eb1f,SheetRAT,1008cc67abe5358a99e749fe35ad825b.exe,exe,2026-08-27 08:33:28,MalwareBazaar
TLSH,T126D4C20CFE91F804CD1A3DB7CEE911044B7165C1AE1292863169AFFD9B663B34AE257C,d6279667f28724ed2b35b8c0bbd13121e0a1f5f929669cee16b7945c6039eb1f,SheetRAT,1008cc67abe5358a99e749fe35ad825b.exe,exe,2026-08-27 08:33:28,MalwareBazaar
SSDEEP,6144:Yt0r3aif14WNIDKOQ7BJVye6VlWT8b9/AMzBTneOdmzhbF+mO5OSN53b+oP5sIh:YtqqiK1jQ70PVle8N17JQhb65RNg+2I,d6279667f28724ed2b35b8c0bbd13121e0a1f5f929669cee16b7945c6039eb1f,SheetRAT,1008cc67abe5358a99e749fe35ad825b.exe,exe,2026-08-27 08:33:28,MalwareBazaar
MD5,875dbfbb442f4b40f2803aa7a73c7c32,57db4fafacc617d43558e63cbdc602e37c59dcfe35d88205062966c76ad603c4,unknown,57db4fafacc617d43558e63cbdc602e37c59dcfe35d88205062966c76ad603c4.bin,unknown,2026-08-27 08:30:51,MalwareBazaar
SHA-256,57db4fafacc617d43558e63cbdc602e37c59dcfe35d88205062966c76ad603c4,57db4fafacc617d43558e63cbdc602e37c59dcfe35d88205062966c76ad603c4,unknown,57db4fafacc617d43558e63cbdc602e37c59dcfe35d88205062966c76ad603c4.bin,unknown,2026-08-27 08:30:51,MalwareBazaar
MD5,1014a96b5fa9717ec31395b79ecf234a,5561504ee4b04bf194c8d7f9c18d0cf00a9dcf948dfe91b2e489195eb3283608,Mirai,bot.arc,elf,2026-08-27 08:30:26,MalwareBazaar
SHA-1,d8e6dc21aa7ff7d90d97cb4c6fd79db0cfaea911,5561504ee4b04bf194c8d7f9c18d0cf00a9dcf948dfe91b2e489195eb3283608,Mirai,bot.arc,elf,2026-08-27 08:30:26,MalwareBazaar
SHA-256,5561504ee4b04bf194c8d7f9c18d0cf00a9dcf948dfe91b2e489195eb3283608,5561504ee4b04bf194c8d7f9c18d0cf00a9dcf948dfe91b2e489195eb3283608,Mirai,bot.arc,elf,2026-08-27 08:30:26,MalwareBazaar
SHA3-384,ec19b890aa82606b460919389f20b2557c4bff88572b9fb819b0265a6fffeff56276b62df740f5b4a6ec05f2c1e65bc4,5561504ee4b04bf194c8d7f9c18d0cf00a9dcf948dfe91b2e489195eb3283608,Mirai,bot.arc,elf,2026-08-27 08:30:26,MalwareBazaar
TLSH,T12B641988A3F1E3DEE198E9B563117C1A8D72063734977687715EF97313BB18806E9A30,5561504ee4b04bf194c8d7f9c18d0cf00a9dcf948dfe91b2e489195eb3283608,Mirai,bot.arc,elf,2026-08-27 08:30:26,MalwareBazaar
TELFHASH,t15d01b845a87cc77e4ed25e34ac3e03224547d63621329729ef00dad4683e054f208e4a,5561504ee4b04bf194c8d7f9c18d0cf00a9dcf948dfe91b2e489195eb3283608,Mirai,bot.arc,elf,2026-08-27 08:30:26,MalwareBazaar
SSDEEP,3072:TMrNVW8JO5Neenn8a6oTAaTT3QZE/mpntokyEEdx8gDJykhLLep6Va90XZ1POfyz:HNeen8a6EAaPQZYmptXNy2gDJyk7a9P,5561504ee4b04bf194c8d7f9c18d0cf00a9dcf948dfe91b2e489195eb3283608,Mirai,bot.arc,elf,2026-08-27 08:30:26,MalwareBazaar
MD5,95a81388a8eef1de2f7db3ea39b9169e,076a9a73dc1b2f8053c3cb7a44da7031a55694f844282f79b30094f0848c2dc1,Mirai,x86_64,elf,2026-08-27 08:28:42,MalwareBazaar
SHA-1,1bc74a2f59e92239353cedb9ae251b34a1dafd3f,076a9a73dc1b2f8053c3cb7a44da7031a55694f844282f79b30094f0848c2dc1,Mirai,x86_64,elf,2026-08-27 08:28:42,MalwareBazaar
SHA-256,076a9a73dc1b2f8053c3cb7a44da7031a55694f844282f79b30094f0848c2dc1,076a9a73dc1b2f8053c3cb7a44da7031a55694f844282f79b30094f0848c2dc1,Mirai,x86_64,elf,2026-08-27 08:28:42,MalwareBazaar
SHA3-384,7f12837f5d143cb377c0c71f57a2d64b012d7bd49e9830a13fda23f73ef4deaa24e6fef4198171a12e3d90d7db213e10,076a9a73dc1b2f8053c3cb7a44da7031a55694f844282f79b30094f0848c2dc1,Mirai,x86_64,elf,2026-08-27 08:28:42,MalwareBazaar
TLSH,T137245C1378E190FDC9D7C5388B9F911AD932F40B1124B21A778DBE652F4EE306BAD690,076a9a73dc1b2f8053c3cb7a44da7031a55694f844282f79b30094f0848c2dc1,Mirai,x86_64,elf,2026-08-27 08:28:42,MalwareBazaar
TELFHASH,t17a61ef742e56398831e3d715b30eca5afc7609250ee2b0eadf6b75d1ce477c80d52092,076a9a73dc1b2f8053c3cb7a44da7031a55694f844282f79b30094f0848c2dc1,Mirai,x86_64,elf,2026-08-27 08:28:42,MalwareBazaar
SSDEEP,3072:X1KzL8YGND46C+BKHhfv2b8GYKPGxOmdMCfqZa5zTrvCNu1EssMZc/T03ImIys6n:XwccpwUdHSsMIzPvXEssMOgh5o6,076a9a73dc1b2f8053c3cb7a44da7031a55694f844282f79b30094f0848c2dc1,Mirai,x86_64,elf,2026-08-27 08:28:42,MalwareBazaar
MD5,e8f981b86304643f1e08bb2a32d20b7f,f2d8eec71f2ac36975cd7b2f3a5f8a6eee1d11812f2e3a4e6e41812084a6657d,unknown,ok,sh,2026-08-27 08:28:40,MalwareBazaar
SHA-1,43c63c83c30d53a2b8cb664b11442855b05619c6,f2d8eec71f2ac36975cd7b2f3a5f8a6eee1d11812f2e3a4e6e41812084a6657d,unknown,ok,sh,2026-08-27 08:28:40,MalwareBazaar
SHA-256,f2d8eec71f2ac36975cd7b2f3a5f8a6eee1d11812f2e3a4e6e41812084a6657d,f2d8eec71f2ac36975cd7b2f3a5f8a6eee1d11812f2e3a4e6e41812084a6657d,unknown,ok,sh,2026-08-27 08:28:40,MalwareBazaar
SHA3-384,61a931f33a97bfedd539b9bc7bc43a1deef0b6fdcbf80d94b41c11fe6ff6861bb6251d07fdd1211bb25e3f571882e447,f2d8eec71f2ac36975cd7b2f3a5f8a6eee1d11812f2e3a4e6e41812084a6657d,unknown,ok,sh,2026-08-27 08:28:40,MalwareBazaar
TLSH,T169313EDF94206A711142CA8EB7A2654C664DA6FB2C5FD7D4DD0C4FEA824C38CF261F89,f2d8eec71f2ac36975cd7b2f3a5f8a6eee1d11812f2e3a4e6e41812084a6657d,unknown,ok,sh,2026-08-27 08:28:40,MalwareBazaar
SSDEEP,24:H2gJFrQ4j0MaIOTHfyylW6hsG+AoZzp9c:nXQ4balzyylW6hsGoZc,f2d8eec71f2ac36975cd7b2f3a5f8a6eee1d11812f2e3a4e6e41812084a6657d,unknown,ok,sh,2026-08-27 08:28:40,MalwareBazaar
MD5,0099c650239b614ed51a497197e581c9,bde14c634f785ba4b7d31e6565cf9a57458633ce1645c560a5a7f006359081f9,unknown,FedEx_AWB_.zip,zip,2026-08-27 08:28:27,MalwareBazaar
SHA-1,878d51b3f3dcfef324573c8ca4d2b3b3c771324a,bde14c634f785ba4b7d31e6565cf9a57458633ce1645c560a5a7f006359081f9,unknown,FedEx_AWB_.zip,zip,2026-08-27 08:28:27,MalwareBazaar
SHA-256,bde14c634f785ba4b7d31e6565cf9a57458633ce1645c560a5a7f006359081f9,bde14c634f785ba4b7d31e6565cf9a57458633ce1645c560a5a7f006359081f9,unknown,FedEx_AWB_.zip,zip,2026-08-27 08:28:27,MalwareBazaar
SHA3-384,a4bb4b0433d8d468481ce303bb0b35c15696fb0fa9d5ed5bf00a508a4f0a6436e53df8de0e1f0f9ab946a746c1db759d,bde14c634f785ba4b7d31e6565cf9a57458633ce1645c560a5a7f006359081f9,unknown,FedEx_AWB_.zip,zip,2026-08-27 08:28:27,MalwareBazaar
TLSH,T1D5753396ED169080D14C62BF717E66CBB80C9786781BEBFEB2E5D1CBF6D0ECA5015480,bde14c634f785ba4b7d31e6565cf9a57458633ce1645c560a5a7f006359081f9,unknown,FedEx_AWB_.zip,zip,2026-08-27 08:28:27,MalwareBazaar
SSDEEP,24576:KecfM3b2zzJJiATC99p7GcaKg63/DyeON9danoKQcm7kLDD327FZoQAHqTBp2l8d:KecfM3b2z1Jsnajc/D6AQc1734yqSqd,bde14c634f785ba4b7d31e6565cf9a57458633ce1645c560a5a7f006359081f9,unknown,FedEx_AWB_.zip,zip,2026-08-27 08:28:27,MalwareBazaar
MD5,a8c634783ec8e64d74b15a7a9d251522,9bbbe31c2684dfca8a3c4abcb062833602580cf7f78a1fb0e3ea9607d037447e,Vidar,9bbbe31c2684dfca8a3c4abcb062833602580cf7f78a1fb0e3ea9607d037447e.bin,exe,2026-08-27 08:27:56,MalwareBazaar
SHA-1,8d176cd75c351d0f5634ea51b37d510802124e3d,9bbbe31c2684dfca8a3c4abcb062833602580cf7f78a1fb0e3ea9607d037447e,Vidar,9bbbe31c2684dfca8a3c4abcb062833602580cf7f78a1fb0e3ea9607d037447e.bin,exe,2026-08-27 08:27:56,MalwareBazaar
SHA-256,9bbbe31c2684dfca8a3c4abcb062833602580cf7f78a1fb0e3ea9607d037447e,9bbbe31c2684dfca8a3c4abcb062833602580cf7f78a1fb0e3ea9607d037447e,Vidar,9bbbe31c2684dfca8a3c4abcb062833602580cf7f78a1fb0e3ea9607d037447e.bin,exe,2026-08-27 08:27:56,MalwareBazaar
SHA3-384,06b2df8c5ccfa7e2744b11b0f903de4295c846e4535036d216a51079e041cc934d97b97d858c99fce3ddb5ac9f56b2cc,9bbbe31c2684dfca8a3c4abcb062833602580cf7f78a1fb0e3ea9607d037447e,Vidar,9bbbe31c2684dfca8a3c4abcb062833602580cf7f78a1fb0e3ea9607d037447e.bin,exe,2026-08-27 08:27:56,MalwareBazaar
IMPHASH,9cbefe68f395e67356e2a5d8d1b285c0,9bbbe31c2684dfca8a3c4abcb062833602580cf7f78a1fb0e3ea9607d037447e,Vidar,9bbbe31c2684dfca8a3c4abcb062833602580cf7f78a1fb0e3ea9607d037447e.bin,exe,2026-08-27 08:27:56,MalwareBazaar
TLSH,T126069E43BC81A866D5FA973588624195BA307E486B3073F32F05BA792F333D81D7A758,9bbbe31c2684dfca8a3c4abcb062833602580cf7f78a1fb0e3ea9607d037447e,Vidar,9bbbe31c2684dfca8a3c4abcb062833602580cf7f78a1fb0e3ea9607d037447e.bin,exe,2026-08-27 08:27:56,MalwareBazaar
GIMPHASH,af8d0ac7bf27629a217c4f015aaf7ba775460393177033e62e98c9bece8ea70a,9bbbe31c2684dfca8a3c4abcb062833602580cf7f78a1fb0e3ea9607d037447e,Vidar,9bbbe31c2684dfca8a3c4abcb062833602580cf7f78a1fb0e3ea9607d037447e.bin,exe,2026-08-27 08:27:56,MalwareBazaar
SSDEEP,49152:6gLd6xf6DfnZsIDOqykPbLCndk9hkYyz0mA7h+U7sFg+pamKD1h0B:WIlsIDOqlPbOdQkYqs7JoB,9bbbe31c2684dfca8a3c4abcb062833602580cf7f78a1fb0e3ea9607d037447e,Vidar,9bbbe31c2684dfca8a3c4abcb062833602580cf7f78a1fb0e3ea9607d037447e.bin,exe,2026-08-27 08:27:56,MalwareBazaar
ICON-DHASH,9987c4c8c8cc8799,9bbbe31c2684dfca8a3c4abcb062833602580cf7f78a1fb0e3ea9607d037447e,Vidar,9bbbe31c2684dfca8a3c4abcb062833602580cf7f78a1fb0e3ea9607d037447e.bin,exe,2026-08-27 08:27:56,MalwareBazaar
MD5,509b02ba34c0905040946f5a611d1ce7,3d16deb2bf2c8917d508fca5480dbe555ba68a88fd7ef8d4f4c23d74f0d03e03,unknown,221036299-043825-sanlccjavap0004-6531.pdf.z,z,2026-08-27 08:27:33,MalwareBazaar
SHA-1,ce67b4aad5747526943aa2feaaae6c5c2f03f54d,3d16deb2bf2c8917d508fca5480dbe555ba68a88fd7ef8d4f4c23d74f0d03e03,unknown,221036299-043825-sanlccjavap0004-6531.pdf.z,z,2026-08-27 08:27:33,MalwareBazaar
SHA-256,3d16deb2bf2c8917d508fca5480dbe555ba68a88fd7ef8d4f4c23d74f0d03e03,3d16deb2bf2c8917d508fca5480dbe555ba68a88fd7ef8d4f4c23d74f0d03e03,unknown,221036299-043825-sanlccjavap0004-6531.pdf.z,z,2026-08-27 08:27:33,MalwareBazaar
SHA3-384,df1835fa774e8e0734cd4e81f8bccf766aec3d1ef2e9d262d06ab5d90f03d2812515bf4a784f12300808266c39d0a895,3d16deb2bf2c8917d508fca5480dbe555ba68a88fd7ef8d4f4c23d74f0d03e03,unknown,221036299-043825-sanlccjavap0004-6531.pdf.z,z,2026-08-27 08:27:33,MalwareBazaar
TLSH,T1661423A6C4F163A44E4DC5C162724F33EA3B78EAC9C43D8154C4E927D8E66972D8EC29,3d16deb2bf2c8917d508fca5480dbe555ba68a88fd7ef8d4f4c23d74f0d03e03,unknown,221036299-043825-sanlccjavap0004-6531.pdf.z,z,2026-08-27 08:27:33,MalwareBazaar
SSDEEP,6144:jJBaJtHv7JegHmRiVNTD9bemZGuEMARC9J9sR1B/XtQ4:dA3H0hiVNTD9bemZGuv3CR11S4,3d16deb2bf2c8917d508fca5480dbe555ba68a88fd7ef8d4f4c23d74f0d03e03,unknown,221036299-043825-sanlccjavap0004-6531.pdf.z,z,2026-08-27 08:27:33,MalwareBazaar
MD5,207dec74ac54dd793adaacfcd2153749,81051b2e58fe4e4d53b5bea904151af33d44ed72603c2aeffbba6520af40861e,Mirai,tmips,elf,2026-08-27 08:25:48,MalwareBazaar
SHA-1,2aed5100d4ea5f907f4dc19c2051247838135909,81051b2e58fe4e4d53b5bea904151af33d44ed72603c2aeffbba6520af40861e,Mirai,tmips,elf,2026-08-27 08:25:48,MalwareBazaar
SHA-256,81051b2e58fe4e4d53b5bea904151af33d44ed72603c2aeffbba6520af40861e,81051b2e58fe4e4d53b5bea904151af33d44ed72603c2aeffbba6520af40861e,Mirai,tmips,elf,2026-08-27 08:25:48,MalwareBazaar
SHA3-384,d1131a90417f301d7406f8b4a0fc62980e0e84597a876f43709ae985b68313644216b9d8e5b33e1902bd5a128198fc82,81051b2e58fe4e4d53b5bea904151af33d44ed72603c2aeffbba6520af40861e,Mirai,tmips,elf,2026-08-27 08:25:48,MalwareBazaar
TLSH,T1BE34DA0A7F358F2EF16E8A3047B74A21D36927D21BA1C64D91DCDA413E2039D6D1FB68,81051b2e58fe4e4d53b5bea904151af33d44ed72603c2aeffbba6520af40861e,Mirai,tmips,elf,2026-08-27 08:25:48,MalwareBazaar
TELFHASH,t15221bd5c493823e0d7b01cd91aedff76e5a030df4a266d378e00e8acaa6dd425e00c2c,81051b2e58fe4e4d53b5bea904151af33d44ed72603c2aeffbba6520af40861e,Mirai,tmips,elf,2026-08-27 08:25:48,MalwareBazaar
SSDEEP,3072:GDuBFQvYelCcHjo9RXeC9Xfe3Rf5zgsVnQBd9Ooet:GDCeYelzHsRXedBh8vBd9Ooet,81051b2e58fe4e4d53b5bea904151af33d44ed72603c2aeffbba6520af40861e,Mirai,tmips,elf,2026-08-27 08:25:48,MalwareBazaar
MD5,42733938f1d125db2a2f33d1b93b781a,93aeb68e1d8d2de64418bcdb174aa15e50c8b1865e3c7a4051a654d2ec68fdd2,Mirai,arm5,elf,2026-08-27 08:24:23,MalwareBazaar
SHA-1,7dd86e5e75c3359c5f93826565652e7064b66d88,93aeb68e1d8d2de64418bcdb174aa15e50c8b1865e3c7a4051a654d2ec68fdd2,Mirai,arm5,elf,2026-08-27 08:24:23,MalwareBazaar
SHA-256,93aeb68e1d8d2de64418bcdb174aa15e50c8b1865e3c7a4051a654d2ec68fdd2,93aeb68e1d8d2de64418bcdb174aa15e50c8b1865e3c7a4051a654d2ec68fdd2,Mirai,arm5,elf,2026-08-27 08:24:23,MalwareBazaar
SHA3-384,b8a1b835a5337be6ce3c3403226da2f9b737e929c8664b6f5a10a87ae43100d414bea3e4ab1b2bc1fc66ef2e452d4512,93aeb68e1d8d2de64418bcdb174aa15e50c8b1865e3c7a4051a654d2ec68fdd2,Mirai,arm5,elf,2026-08-27 08:24:23,MalwareBazaar
TLSH,T13EB319957CE3A196C2C3963EFB4F920933126297C3CE7512FD1D4A702F8A51B86B7981,93aeb68e1d8d2de64418bcdb174aa15e50c8b1865e3c7a4051a654d2ec68fdd2,Mirai,arm5,elf,2026-08-27 08:24:23,MalwareBazaar
TELFHASH,t1b0f0c041fd388a144ae27a70ec6803a585134613612287248f58c9d0cc3e00ab248d1d,93aeb68e1d8d2de64418bcdb174aa15e50c8b1865e3c7a4051a654d2ec68fdd2,Mirai,arm5,elf,2026-08-27 08:24:23,MalwareBazaar
SSDEEP,3072:/isLfOZU0DQCrfoK97mW5pF+h+9f+y4Hu1EssMZc/T03ImIys61X1h5ou:/iSOrDQCrfoK97m2Z9f+y4kEssMOgh5D,93aeb68e1d8d2de64418bcdb174aa15e50c8b1865e3c7a4051a654d2ec68fdd2,Mirai,arm5,elf,2026-08-27 08:24:23,MalwareBazaar
MD5,12cf733b40741506b0870aa6b4df1aad,75b4691f77d5794bdae516e93e7ed5afa148fab8d01c8e157b7d43db0d3ed7d0,Mirai,bot.spc,elf,2026-08-27 08:24:22,MalwareBazaar
SHA-1,5d7cb529d6d27e88f54af82645e856b785153208,75b4691f77d5794bdae516e93e7ed5afa148fab8d01c8e157b7d43db0d3ed7d0,Mirai,bot.spc,elf,2026-08-27 08:24:22,MalwareBazaar
SHA-256,75b4691f77d5794bdae516e93e7ed5afa148fab8d01c8e157b7d43db0d3ed7d0,75b4691f77d5794bdae516e93e7ed5afa148fab8d01c8e157b7d43db0d3ed7d0,Mirai,bot.spc,elf,2026-08-27 08:24:22,MalwareBazaar
SHA3-384,4ec1f3c7b9071910967e8146e90738ea24e691926bbef8144af0497b9573d1fb88761a0de6488b5c6fd48ac3f2b23a80,75b4691f77d5794bdae516e93e7ed5afa148fab8d01c8e157b7d43db0d3ed7d0,Mirai,bot.spc,elf,2026-08-27 08:24:22,MalwareBazaar
TLSH,T1C9A45C4852F1E3CFD1D4FA7523637A27A8B3073630EB7189799B5E5B637624001EAA70,75b4691f77d5794bdae516e93e7ed5afa148fab8d01c8e157b7d43db0d3ed7d0,Mirai,bot.spc,elf,2026-08-27 08:24:22,MalwareBazaar
SSDEEP,6144:mKMWGpETsX1h036sE6I7W7NslYEJwlLBJj8n:WEYXD0KII7+NwYEJYBJj8n,75b4691f77d5794bdae516e93e7ed5afa148fab8d01c8e157b7d43db0d3ed7d0,Mirai,bot.spc,elf,2026-08-27 08:24:22,MalwareBazaar
MD5,7c8b5d82823daf5841faff6a1eacc17b,8c113660e1e250aceb8d661f712a157a6e9402c62e71bfdc02a6a42aa1ad05e3,Mirai,bot.x86_64,elf,2026-08-27 08:21:27,MalwareBazaar
SHA-1,a4adabdc78f056731eb54528e204bf7336641012,8c113660e1e250aceb8d661f712a157a6e9402c62e71bfdc02a6a42aa1ad05e3,Mirai,bot.x86_64,elf,2026-08-27 08:21:27,MalwareBazaar
SHA-256,8c113660e1e250aceb8d661f712a157a6e9402c62e71bfdc02a6a42aa1ad05e3,8c113660e1e250aceb8d661f712a157a6e9402c62e71bfdc02a6a42aa1ad05e3,Mirai,bot.x86_64,elf,2026-08-27 08:21:27,MalwareBazaar
SHA3-384,4aad54c6915ec010e1fb5c370680e9d5f8ee04930ab9e93c6dc40d3786e3c18e19bcaf85f767ced220633e8e731929d1,8c113660e1e250aceb8d661f712a157a6e9402c62e71bfdc02a6a42aa1ad05e3,Mirai,bot.x86_64,elf,2026-08-27 08:21:27,MalwareBazaar
TLSH,T15F942B4892F1E2EED198DA745315B83BAC71763A3067728A73DDFE33137726045ADA20,8c113660e1e250aceb8d661f712a157a6e9402c62e71bfdc02a6a42aa1ad05e3,Mirai,bot.x86_64,elf,2026-08-27 08:21:27,MalwareBazaar
TELFHASH,t17281cf702895346075ca85117383d67ade3108f8d7ee72742f539db9eefbac14ca1826,8c113660e1e250aceb8d661f712a157a6e9402c62e71bfdc02a6a42aa1ad05e3,Mirai,bot.x86_64,elf,2026-08-27 08:21:27,MalwareBazaar
SSDEEP,6144:KNVdeXJAr3WGDeSnedKw604K8fivi/INF2QuCzPa9Nfs:cVq/ZQKVU0XzPa9Nfs,8c113660e1e250aceb8d661f712a157a6e9402c62e71bfdc02a6a42aa1ad05e3,Mirai,bot.x86_64,elf,2026-08-27 08:21:27,MalwareBazaar
MD5,d811940ab6fbecd2779726c5acbc2440,d5a7549fc34ee4f29b2094e6505198b2d3100067ee6c279fc91a52b76098b3b8,Mirai,tarm6,elf,2026-08-27 08:21:25,MalwareBazaar
SHA-1,3afd24fc9287c097bf5cece67e09b198c47dbcf8,d5a7549fc34ee4f29b2094e6505198b2d3100067ee6c279fc91a52b76098b3b8,Mirai,tarm6,elf,2026-08-27 08:21:25,MalwareBazaar
SHA-256,d5a7549fc34ee4f29b2094e6505198b2d3100067ee6c279fc91a52b76098b3b8,d5a7549fc34ee4f29b2094e6505198b2d3100067ee6c279fc91a52b76098b3b8,Mirai,tarm6,elf,2026-08-27 08:21:25,MalwareBazaar
SHA3-384,f4a2c290e903fd027b66e7742bc14ff12d98b6d3389b0132d0cd27b557fca4f7cbaa27a3806643c4f2990411723f3d73,d5a7549fc34ee4f29b2094e6505198b2d3100067ee6c279fc91a52b76098b3b8,Mirai,tarm6,elf,2026-08-27 08:21:25,MalwareBazaar
TLSH,T169241957BA816A32C1C3033AFE4F014A73225BEBD3DA7A3E8D15977037878561E6A507,d5a7549fc34ee4f29b2094e6505198b2d3100067ee6c279fc91a52b76098b3b8,Mirai,tarm6,elf,2026-08-27 08:21:25,MalwareBazaar
TELFHASH,t1480168a69f352da053c0845680bf7a1967fcb15d370604a2c4ac2b9ad823595f03d80a,d5a7549fc34ee4f29b2094e6505198b2d3100067ee6c279fc91a52b76098b3b8,Mirai,tarm6,elf,2026-08-27 08:21:25,MalwareBazaar
SSDEEP,3072:SM1GMgQd7oxpw83BSmY5l5PgOJ3Kw4a0094WNL2y86x58fgsVnQH:z1Dloxpw8RSmY1PlJ3z4a9947yTcYvH,d5a7549fc34ee4f29b2094e6505198b2d3100067ee6c279fc91a52b76098b3b8,Mirai,tarm6,elf,2026-08-27 08:21:25,MalwareBazaar
MD5,febee88c456ceb1b76029f5174b0bc90,14acd118b614ca881426dc955f17a677ec3a2cf0e86f32469d94d2f35bce587f,Mirai,bot.mips,elf,2026-08-27 08:21:24,MalwareBazaar
SHA-1,a02260611b21091324af7020fcc989ff7130ff93,14acd118b614ca881426dc955f17a677ec3a2cf0e86f32469d94d2f35bce587f,Mirai,bot.mips,elf,2026-08-27 08:21:24,MalwareBazaar
SHA-256,14acd118b614ca881426dc955f17a677ec3a2cf0e86f32469d94d2f35bce587f,14acd118b614ca881426dc955f17a677ec3a2cf0e86f32469d94d2f35bce587f,Mirai,bot.mips,elf,2026-08-27 08:21:24,MalwareBazaar
SHA3-384,3702e470701c956fd3a0129efb907a3f24825d050d7023210708ceaf98f74b615b6ff52ea0dc21c0364af922c22cfa68,14acd118b614ca881426dc955f17a677ec3a2cf0e86f32469d94d2f35bce587f,Mirai,bot.mips,elf,2026-08-27 08:21:24,MalwareBazaar
TLSH,T1A6C43A4D56B1DFADF268CB3043736D259A6613B332E3E185E05DE1221B6128E48AFF74,14acd118b614ca881426dc955f17a677ec3a2cf0e86f32469d94d2f35bce587f,Mirai,bot.mips,elf,2026-08-27 08:21:24,MalwareBazaar
TELFHASH,t1a751e328097803b4a6616c5d48dcfb27d6e370df7e161c238e11d85aeb2ee835d24d1d,14acd118b614ca881426dc955f17a677ec3a2cf0e86f32469d94d2f35bce587f,Mirai,bot.mips,elf,2026-08-27 08:21:24,MalwareBazaar
SSDEEP,6144:x08cMlQdMo+gKJPZhd8aEYbb7X3bbGKS+uJ0AnTdByGnGHzWJu5ra+4IQrIYQ:x09eVJP2BHKi7UzWJGQrIYQ,14acd118b614ca881426dc955f17a677ec3a2cf0e86f32469d94d2f35bce587f,Mirai,bot.mips,elf,2026-08-27 08:21:24,MalwareBazaar
MD5,441c776b141293fae40f3415d58216a3,7bb403711e7e5d9633f7b6ef5104c390195df377e5c8e90fd35223fb39181021,XWorm,FedEx Invoice 账单 [Account 511-64652372-202608].bat,bat,2026-08-27 08:20:49,MalwareBazaar
SHA-1,4e10c4e1de2b05b7c7d4bb57099bab2dc0c74970,7bb403711e7e5d9633f7b6ef5104c390195df377e5c8e90fd35223fb39181021,XWorm,FedEx Invoice 账单 [Account 511-64652372-202608].bat,bat,2026-08-27 08:20:49,MalwareBazaar
SHA-256,7bb403711e7e5d9633f7b6ef5104c390195df377e5c8e90fd35223fb39181021,7bb403711e7e5d9633f7b6ef5104c390195df377e5c8e90fd35223fb39181021,XWorm,FedEx Invoice 账单 [Account 511-64652372-202608].bat,bat,2026-08-27 08:20:49,MalwareBazaar
SHA3-384,363828f9febecd54af03f794f4435422bedcac0c0b9b5454a64f81ac27848eb8da547922920def2fa352ce5065cbe12b,7bb403711e7e5d9633f7b6ef5104c390195df377e5c8e90fd35223fb39181021,XWorm,FedEx Invoice 账单 [Account 511-64652372-202608].bat,bat,2026-08-27 08:20:49,MalwareBazaar
TLSH,T19C21659C0AC5230BD851C814DA0C5D86D6893BF066F1A9A4F187A8C26B127BF87B6D4C,7bb403711e7e5d9633f7b6ef5104c390195df377e5c8e90fd35223fb39181021,XWorm,FedEx Invoice 账单 [Account 511-64652372-202608].bat,bat,2026-08-27 08:20:49,MalwareBazaar
SSDEEP,24:QZl1L9Uff5lf20DmHNkuN0l339a/vxVsfPv4IFa3w4Aw5kkVoI:01e20Kt30N390vIHQWaBrn,7bb403711e7e5d9633f7b6ef5104c390195df377e5c8e90fd35223fb39181021,XWorm,FedEx Invoice 账单 [Account 511-64652372-202608].bat,bat,2026-08-27 08:20:49,MalwareBazaar
MD5,85d610606d1630015db3438fcf49ffa9,4b00fed8f5c5a29d2b206f137583079c9184c5ad7cb4c7020d3747386cf25bf8,RemcosRAT,RFQ-3L50050098CR807.bat,bat,2026-08-27 08:20:42,MalwareBazaar
SHA-1,79fc398e944a0d0317e4cba034256d29ffe9548b,4b00fed8f5c5a29d2b206f137583079c9184c5ad7cb4c7020d3747386cf25bf8,RemcosRAT,RFQ-3L50050098CR807.bat,bat,2026-08-27 08:20:42,MalwareBazaar
SHA-256,4b00fed8f5c5a29d2b206f137583079c9184c5ad7cb4c7020d3747386cf25bf8,4b00fed8f5c5a29d2b206f137583079c9184c5ad7cb4c7020d3747386cf25bf8,RemcosRAT,RFQ-3L50050098CR807.bat,bat,2026-08-27 08:20:42,MalwareBazaar
SHA3-384,1d2fa42448f0ea888218af130d2a8222879acf53186f9434ef7d96376ed5683114bac1a7815734d582b875f29a00769d,4b00fed8f5c5a29d2b206f137583079c9184c5ad7cb4c7020d3747386cf25bf8,RemcosRAT,RFQ-3L50050098CR807.bat,bat,2026-08-27 08:20:42,MalwareBazaar
TLSH,T1EC152354FB309C7424B615253A6AEABC734CE9D247E9E2CF7B1D39A9095DB33D802803,4b00fed8f5c5a29d2b206f137583079c9184c5ad7cb4c7020d3747386cf25bf8,RemcosRAT,RFQ-3L50050098CR807.bat,bat,2026-08-27 08:20:42,MalwareBazaar
SSDEEP,24576:SZhHPft6CpzmcoU+AC+r+1RONEDbsRcmEEse3:Ao8CX9DbY,4b00fed8f5c5a29d2b206f137583079c9184c5ad7cb4c7020d3747386cf25bf8,RemcosRAT,RFQ-3L50050098CR807.bat,bat,2026-08-27 08:20:42,MalwareBazaar
MD5,ca86335a28765ea6ec5535105aaf235e,c34b1a67d817cc3446ef996ac97f84983f975b73a5f1a0553d59198dadd358c5,unknown,"Quotation for Churchway, 1-31 - B1948431 doc.js",js,2026-08-27 08:20:34,MalwareBazaar
SHA-1,6e6cfac34ea89c572ba97216a0ceefbd0d44d944,c34b1a67d817cc3446ef996ac97f84983f975b73a5f1a0553d59198dadd358c5,unknown,"Quotation for Churchway, 1-31 - B1948431 doc.js",js,2026-08-27 08:20:34,MalwareBazaar
SHA-256,c34b1a67d817cc3446ef996ac97f84983f975b73a5f1a0553d59198dadd358c5,c34b1a67d817cc3446ef996ac97f84983f975b73a5f1a0553d59198dadd358c5,unknown,"Quotation for Churchway, 1-31 - B1948431 doc.js",js,2026-08-27 08:20:34,MalwareBazaar
SHA3-384,8533dadafe11c21deb2e08087a361fd4ebf670c0f92b269fd4860274c1a75d4a0fba9207276f9b1a7a7829881f2df4e0,c34b1a67d817cc3446ef996ac97f84983f975b73a5f1a0553d59198dadd358c5,unknown,"Quotation for Churchway, 1-31 - B1948431 doc.js",js,2026-08-27 08:20:34,MalwareBazaar
TLSH,T185D4E1786E43EDFE515FFB87C69B6E01683AF0CAC08F984D12C4A14173AB9215DADE14,c34b1a67d817cc3446ef996ac97f84983f975b73a5f1a0553d59198dadd358c5,unknown,"Quotation for Churchway, 1-31 - B1948431 doc.js",js,2026-08-27 08:20:34,MalwareBazaar
SSDEEP,12288:LBOdDey8gvGCRw0gYpiwkyikXgtsu3gyeLVBBwFzvb5eLHoIhQ+1oYpIscF6HZ8:8dDey8gvGCRw0gYpOyddu3glV/25CHod,c34b1a67d817cc3446ef996ac97f84983f975b73a5f1a0553d59198dadd358c5,unknown,"Quotation for Churchway, 1-31 - B1948431 doc.js",js,2026-08-27 08:20:34,MalwareBazaar
MD5,30c4b200c55a043b7f21c96cfea5114a,8a1424629a8a546617da9efb6a1be257b8976f2573b900a925f4395b9cae1cb7,STRRAT,TEKLIF-FORMU.jar,jar,2026-08-27 08:20:31,MalwareBazaar
SHA-1,f32e975c72363744f9b53f24baeeb5decd244818,8a1424629a8a546617da9efb6a1be257b8976f2573b900a925f4395b9cae1cb7,STRRAT,TEKLIF-FORMU.jar,jar,2026-08-27 08:20:31,MalwareBazaar
SHA-256,8a1424629a8a546617da9efb6a1be257b8976f2573b900a925f4395b9cae1cb7,8a1424629a8a546617da9efb6a1be257b8976f2573b900a925f4395b9cae1cb7,STRRAT,TEKLIF-FORMU.jar,jar,2026-08-27 08:20:31,MalwareBazaar
SHA3-384,881dd973c83eadc87790b97dc796919bb9f56f24f0c44ff5c8bfce117ace24aeeeef2a67741dd97b2d8e6ffa487675ac,8a1424629a8a546617da9efb6a1be257b8976f2573b900a925f4395b9cae1cb7,STRRAT,TEKLIF-FORMU.jar,jar,2026-08-27 08:20:31,MalwareBazaar
TLSH,T1C7A3F904BF48D072D73360760A999219BB74E5EFD25579C70EF0ACADDCA9A000F96BC6,8a1424629a8a546617da9efb6a1be257b8976f2573b900a925f4395b9cae1cb7,STRRAT,TEKLIF-FORMU.jar,jar,2026-08-27 08:20:31,MalwareBazaar
SSDEEP,1536:GOAoSsblJhyN0ZXots7WRrXRdnFrQSqqr0aqR1JdXHE2V5yql6v:GMSgy6xiyKrX7FhqUbq5NHEEwql6v,8a1424629a8a546617da9efb6a1be257b8976f2573b900a925f4395b9cae1cb7,STRRAT,TEKLIF-FORMU.jar,jar,2026-08-27 08:20:31,MalwareBazaar
MD5,6a27a80db8a67ad72e84aff746cf053c,b23f0a04c15b1b0a653468a53041019d8076cfe6b4b06fa7ace55dd6e9a9c45c,Mirai,mpsl,elf,2026-08-27 08:19:37,MalwareBazaar
SHA-1,91b31c3eb1535e8a785c6ebe809cceac66701388,b23f0a04c15b1b0a653468a53041019d8076cfe6b4b06fa7ace55dd6e9a9c45c,Mirai,mpsl,elf,2026-08-27 08:19:37,MalwareBazaar
SHA-256,b23f0a04c15b1b0a653468a53041019d8076cfe6b4b06fa7ace55dd6e9a9c45c,b23f0a04c15b1b0a653468a53041019d8076cfe6b4b06fa7ace55dd6e9a9c45c,Mirai,mpsl,elf,2026-08-27 08:19:37,MalwareBazaar
SHA3-384,e7adf7c63232e3bbeb0ede95d01b9bb94a8dbc4a6635be24a08778456d5684ad39554eb7224c00a1d497662251d086d5,b23f0a04c15b1b0a653468a53041019d8076cfe6b4b06fa7ace55dd6e9a9c45c,Mirai,mpsl,elf,2026-08-27 08:19:37,MalwareBazaar
TLSH,T12F44E8096FB21EF7E86BDD3B06E91606258C641722A83B35753CD618BF0A54F4AE3C74,b23f0a04c15b1b0a653468a53041019d8076cfe6b4b06fa7ace55dd6e9a9c45c,Mirai,mpsl,elf,2026-08-27 08:19:37,MalwareBazaar
SSDEEP,3072:UTCwHvHvNEAv6pLs02X6nO+nRqc7mB0mkkprw050yEKPu1EssMZc/T03ImIys618:uipIH+Tnww+0kpDREKsEssMOgh5oU,b23f0a04c15b1b0a653468a53041019d8076cfe6b4b06fa7ace55dd6e9a9c45c,Mirai,mpsl,elf,2026-08-27 08:19:37,MalwareBazaar
MD5,5ce084dd5c13865e26f2940083c36f7a,f3c59bba59773c07124f6a69ec0ed4a1a48508cec341ab24f92a7264507a6d15,XWorm,RFQ-2026-08-26-000952.vbs,vbs,2026-08-27 08:19:13,MalwareBazaar
SHA-1,39d8b730692baaa2f085dc81ba87058d13f9d9f3,f3c59bba59773c07124f6a69ec0ed4a1a48508cec341ab24f92a7264507a6d15,XWorm,RFQ-2026-08-26-000952.vbs,vbs,2026-08-27 08:19:13,MalwareBazaar
SHA-256,f3c59bba59773c07124f6a69ec0ed4a1a48508cec341ab24f92a7264507a6d15,f3c59bba59773c07124f6a69ec0ed4a1a48508cec341ab24f92a7264507a6d15,XWorm,RFQ-2026-08-26-000952.vbs,vbs,2026-08-27 08:19:13,MalwareBazaar
SHA3-384,ee75eded1ce0f1bae102908b49cba2bfed80c75f89894a39dbe4937bf3f77db6c42fb7e09b203f4bce9df7a75f95b7e4,f3c59bba59773c07124f6a69ec0ed4a1a48508cec341ab24f92a7264507a6d15,XWorm,RFQ-2026-08-26-000952.vbs,vbs,2026-08-27 08:19:13,MalwareBazaar
TLSH,T103D4630861869A6D5670828FC4B672CBEF5C25DB3690C3BE0C7974EA3653D2DDB938C1,f3c59bba59773c07124f6a69ec0ed4a1a48508cec341ab24f92a7264507a6d15,XWorm,RFQ-2026-08-26-000952.vbs,vbs,2026-08-27 08:19:13,MalwareBazaar
SSDEEP,1536:1QayV3X7a6a86j9RUt5Z8lQcVEBRhFJ4BqGFRm5:jY,f3c59bba59773c07124f6a69ec0ed4a1a48508cec341ab24f92a7264507a6d15,XWorm,RFQ-2026-08-26-000952.vbs,vbs,2026-08-27 08:19:13,MalwareBazaar
MD5,5c6e4ac60de4210c78112f29582a73fa,38abdab6df0f8820f392b6a2f906859fe92a43482f0717e1360291d2b3d84aaa,Formbook,Company-Profile.vbe,vbe,2026-08-27 08:19:10,MalwareBazaar
SHA-1,8da2b720c80c9badbef8fec4ac54f3a396e77c99,38abdab6df0f8820f392b6a2f906859fe92a43482f0717e1360291d2b3d84aaa,Formbook,Company-Profile.vbe,vbe,2026-08-27 08:19:10,MalwareBazaar
SHA-256,38abdab6df0f8820f392b6a2f906859fe92a43482f0717e1360291d2b3d84aaa,38abdab6df0f8820f392b6a2f906859fe92a43482f0717e1360291d2b3d84aaa,Formbook,Company-Profile.vbe,vbe,2026-08-27 08:19:10,MalwareBazaar
SHA3-384,371aac956097a8af6a579615c32ba48f8fae9a0f1fbe0e2bac9d347facfe3c236b25ffb9e4f1b53bfe5ec272d754d941,38abdab6df0f8820f392b6a2f906859fe92a43482f0717e1360291d2b3d84aaa,Formbook,Company-Profile.vbe,vbe,2026-08-27 08:19:10,MalwareBazaar
TLSH,T1C6632E70F06982931C16A840EC499970CAF8359A7BB617F9C2E49FF2CFED1C265E5781,38abdab6df0f8820f392b6a2f906859fe92a43482f0717e1360291d2b3d84aaa,Formbook,Company-Profile.vbe,vbe,2026-08-27 08:19:10,MalwareBazaar
SSDEEP,768:pzDBtFtyNAxM6m7yBx72mXvdc/Z7fgkYoL2ECWd0V4re/Y:9jyetVOSkf2err/,38abdab6df0f8820f392b6a2f906859fe92a43482f0717e1360291d2b3d84aaa,Formbook,Company-Profile.vbe,vbe,2026-08-27 08:19:10,MalwareBazaar
MD5,a61d2ba63202404bf26bfbc4a70906ea,0dfafc97bea52c0970fb5875f4c474909e1a5e7f860daae282a9fac0c253570c,XWorm,inv-2026-06.PDF.vbs,vbs,2026-08-27 08:19:08,MalwareBazaar
SHA-1,5f4fd990f3f2563e2c6e36ea4c3b82af77b0cd6c,0dfafc97bea52c0970fb5875f4c474909e1a5e7f860daae282a9fac0c253570c,XWorm,inv-2026-06.PDF.vbs,vbs,2026-08-27 08:19:08,MalwareBazaar
SHA-256,0dfafc97bea52c0970fb5875f4c474909e1a5e7f860daae282a9fac0c253570c,0dfafc97bea52c0970fb5875f4c474909e1a5e7f860daae282a9fac0c253570c,XWorm,inv-2026-06.PDF.vbs,vbs,2026-08-27 08:19:08,MalwareBazaar
SHA3-384,94cdd8ba4f8a94fd814a939b1f2172182c27b70c55b83946e2942d01090388fa9135fbaf4d024e47f612304db339e53e,0dfafc97bea52c0970fb5875f4c474909e1a5e7f860daae282a9fac0c253570c,XWorm,inv-2026-06.PDF.vbs,vbs,2026-08-27 08:19:08,MalwareBazaar
TLSH,T15FD474EA658D910404F246AFD5147AE7DDBE85DB70C6EB8C6F0C32C61AA3D41279C2CB,0dfafc97bea52c0970fb5875f4c474909e1a5e7f860daae282a9fac0c253570c,XWorm,inv-2026-06.PDF.vbs,vbs,2026-08-27 08:19:08,MalwareBazaar
SSDEEP,192:L9J7s9KzcVLpiJJJJJiJJJJJqK7fQhUHP9L1BIuSsMfB:L9VzcVLpiJJJJJiJJJJJqK7YhUFgbskB,0dfafc97bea52c0970fb5875f4c474909e1a5e7f860daae282a9fac0c253570c,XWorm,inv-2026-06.PDF.vbs,vbs,2026-08-27 08:19:08,MalwareBazaar
MD5,a5055c57f2d31e030ade9cb44a15dd2a,9926a65e2307944a1432cb35ceab42acbdc2e7fbc23aa0eb390a3bce64da6116,RemcosRAT,info_New_Order_7132026.vbs,vbs,2026-08-27 08:19:05,MalwareBazaar
SHA-1,1f222bb764da0b3849384c6c85b68803c9deca98,9926a65e2307944a1432cb35ceab42acbdc2e7fbc23aa0eb390a3bce64da6116,RemcosRAT,info_New_Order_7132026.vbs,vbs,2026-08-27 08:19:05,MalwareBazaar
SHA-256,9926a65e2307944a1432cb35ceab42acbdc2e7fbc23aa0eb390a3bce64da6116,9926a65e2307944a1432cb35ceab42acbdc2e7fbc23aa0eb390a3bce64da6116,RemcosRAT,info_New_Order_7132026.vbs,vbs,2026-08-27 08:19:05,MalwareBazaar
SHA3-384,d73557f770b6756c82c276f837d869721d86a010f6bfbe63e6cfce3d0a2c864278bea59ade8c0b2d1dd7b6bca0060005,9926a65e2307944a1432cb35ceab42acbdc2e7fbc23aa0eb390a3bce64da6116,RemcosRAT,info_New_Order_7132026.vbs,vbs,2026-08-27 08:19:05,MalwareBazaar
TLSH,T1ACD495E2040D1569247225AF4A12F0D3E86E91F33AC2EF6E6C847DE9025BDBC47D64ED,9926a65e2307944a1432cb35ceab42acbdc2e7fbc23aa0eb390a3bce64da6116,RemcosRAT,info_New_Order_7132026.vbs,vbs,2026-08-27 08:19:05,MalwareBazaar
SSDEEP,192:13cb2AtycKye+FnUAPAhWpNXyirnh049G7keLfSxyJgtbn:+2AthKeb649Zbbn,9926a65e2307944a1432cb35ceab42acbdc2e7fbc23aa0eb390a3bce64da6116,RemcosRAT,info_New_Order_7132026.vbs,vbs,2026-08-27 08:19:05,MalwareBazaar
MD5,f4d268b9fabab5f4485fd026d40ce30b,53cebec947fce20730dcd94cab79b86caab58968e07ccfb55949f0310e38c252,AgentTesla,Payment Receipt.vbs,vbs,2026-08-27 08:19:02,MalwareBazaar
SHA-1,ea457e3762fca241dccf93c992d7bfe28d7e2144,53cebec947fce20730dcd94cab79b86caab58968e07ccfb55949f0310e38c252,AgentTesla,Payment Receipt.vbs,vbs,2026-08-27 08:19:02,MalwareBazaar
SHA-256,53cebec947fce20730dcd94cab79b86caab58968e07ccfb55949f0310e38c252,53cebec947fce20730dcd94cab79b86caab58968e07ccfb55949f0310e38c252,AgentTesla,Payment Receipt.vbs,vbs,2026-08-27 08:19:02,MalwareBazaar
SHA3-384,443c5cf513f7e84183da7540a807cc8ba4a5e1f0a5b040c6e6a38fcbc9255f3b788e1c6c722954aa3cb58abf42dbb942,53cebec947fce20730dcd94cab79b86caab58968e07ccfb55949f0310e38c252,AgentTesla,Payment Receipt.vbs,vbs,2026-08-27 08:19:02,MalwareBazaar
TLSH,T1BFD47615FD844C568438D17F8266BEE3C03D05DBB5A0D3BD5EA6B7C9A887D18A3A04EC,53cebec947fce20730dcd94cab79b86caab58968e07ccfb55949f0310e38c252,AgentTesla,Payment Receipt.vbs,vbs,2026-08-27 08:19:02,MalwareBazaar
SSDEEP,1536:coL1RAQgkngM3AwMNViuwLgFZ5rVYFIMd8AMxMWMwMChV:53U5r/,53cebec947fce20730dcd94cab79b86caab58968e07ccfb55949f0310e38c252,AgentTesla,Payment Receipt.vbs,vbs,2026-08-27 08:19:02,MalwareBazaar
MD5,5431e42c5b801d58655ad42932c5f376,d32a7182a7dc9c2170610201cc3833932e38705ca3beb6a5e8a73e62db0ce91a,XWorm,Reckless Driver photos Cam7 August 27 2026.JS,js,2026-08-27 08:18:57,MalwareBazaar
SHA-1,363f8f432f90aff944409d5bc1296462df57afbe,d32a7182a7dc9c2170610201cc3833932e38705ca3beb6a5e8a73e62db0ce91a,XWorm,Reckless Driver photos Cam7 August 27 2026.JS,js,2026-08-27 08:18:57,MalwareBazaar
SHA-256,d32a7182a7dc9c2170610201cc3833932e38705ca3beb6a5e8a73e62db0ce91a,d32a7182a7dc9c2170610201cc3833932e38705ca3beb6a5e8a73e62db0ce91a,XWorm,Reckless Driver photos Cam7 August 27 2026.JS,js,2026-08-27 08:18:57,MalwareBazaar
SHA3-384,007eb4baca3c41aaaa8e73abb6b1c4aaf9123144c5ac846521d34e64b5de818c148140aaa2fa9b3c354a317f278bb85f,d32a7182a7dc9c2170610201cc3833932e38705ca3beb6a5e8a73e62db0ce91a,XWorm,Reckless Driver photos Cam7 August 27 2026.JS,js,2026-08-27 08:18:57,MalwareBazaar
TLSH,T178F54E8E0341503B7D69E72FF1B65D26DA061987958AFF1AB03C42143BB5AD31338EE6,d32a7182a7dc9c2170610201cc3833932e38705ca3beb6a5e8a73e62db0ce91a,XWorm,Reckless Driver photos Cam7 August 27 2026.JS,js,2026-08-27 08:18:57,MalwareBazaar
SSDEEP,98304:hh2CDAnwJwnD9FlE0MefXilETEhveAUfVdzDYfZDDzJCv:hh2CAawDh2ETEh2YfK,d32a7182a7dc9c2170610201cc3833932e38705ca3beb6a5e8a73e62db0ce91a,XWorm,Reckless Driver photos Cam7 August 27 2026.JS,js,2026-08-27 08:18:57,MalwareBazaar
MD5,f5aecde30f64ba85c517b8b5988f982e,0cac9c838d12f485099c3d67e7e4c3352a65c552e7f8c9c9a5822e679bacec16,XWorm,INVOICE 30429-30423-30421.js,js,2026-08-27 08:18:55,MalwareBazaar
SHA-1,3ed2c576e40e218281c88738f59dd3445a5b0e7b,0cac9c838d12f485099c3d67e7e4c3352a65c552e7f8c9c9a5822e679bacec16,XWorm,INVOICE 30429-30423-30421.js,js,2026-08-27 08:18:55,MalwareBazaar
SHA-256,0cac9c838d12f485099c3d67e7e4c3352a65c552e7f8c9c9a5822e679bacec16,0cac9c838d12f485099c3d67e7e4c3352a65c552e7f8c9c9a5822e679bacec16,XWorm,INVOICE 30429-30423-30421.js,js,2026-08-27 08:18:55,MalwareBazaar
SHA3-384,7ff1ad80c0819cbe2b13959fb6ee8cb2dd9bb112e9912eb7c69d1cdd6efe1f8a22e94e27dc5c3b2e925b63739cb95239,0cac9c838d12f485099c3d67e7e4c3352a65c552e7f8c9c9a5822e679bacec16,XWorm,INVOICE 30429-30423-30421.js,js,2026-08-27 08:18:55,MalwareBazaar
TLSH,T159D453A7001B5C8A83751288AF66632F5416093D16C0E299F78DCFABFED941FE74FA41,0cac9c838d12f485099c3d67e7e4c3352a65c552e7f8c9c9a5822e679bacec16,XWorm,INVOICE 30429-30423-30421.js,js,2026-08-27 08:18:55,MalwareBazaar
SSDEEP,192:/zzen7zN7FclYioKhPvT/KHJN70s752s75GHJN7Yq17JTy7Jc8DWojWR7A+7cum1:OuN+JCa2aqJ0bDdzumWx6Xg4Oeg4,0cac9c838d12f485099c3d67e7e4c3352a65c552e7f8c9c9a5822e679bacec16,XWorm,INVOICE 30429-30423-30421.js,js,2026-08-27 08:18:55,MalwareBazaar
MD5,9cf14f02d46c260783d3cdf75c92196a,bb09baf5e11397e90c7ae384573ea7e7e2ba86da0f2a68325ab741519f6dc8f5,RemcosRAT,AUGUST64_Maxima_International_Sourcing.js,js,2026-08-27 08:18:53,MalwareBazaar
SHA-1,79aa93d1eec9b064d45d291689eee03dec45f1d6,bb09baf5e11397e90c7ae384573ea7e7e2ba86da0f2a68325ab741519f6dc8f5,RemcosRAT,AUGUST64_Maxima_International_Sourcing.js,js,2026-08-27 08:18:53,MalwareBazaar
SHA-256,bb09baf5e11397e90c7ae384573ea7e7e2ba86da0f2a68325ab741519f6dc8f5,bb09baf5e11397e90c7ae384573ea7e7e2ba86da0f2a68325ab741519f6dc8f5,RemcosRAT,AUGUST64_Maxima_International_Sourcing.js,js,2026-08-27 08:18:53,MalwareBazaar
SHA3-384,1032978d4e2d86a4f06f476de766f9e9c2db284a0a6aaba1ecb78cf76f1b1e46dc3eea2b55819b94584657c1a5ceb0fe,bb09baf5e11397e90c7ae384573ea7e7e2ba86da0f2a68325ab741519f6dc8f5,RemcosRAT,AUGUST64_Maxima_International_Sourcing.js,js,2026-08-27 08:18:53,MalwareBazaar
TLSH,T18C3512F81986CB622B1F273ED7678914153F06D2C88F884FAE5E73E61A7D46548E0F81,bb09baf5e11397e90c7ae384573ea7e7e2ba86da0f2a68325ab741519f6dc8f5,RemcosRAT,AUGUST64_Maxima_International_Sourcing.js,js,2026-08-27 08:18:53,MalwareBazaar
SSDEEP,24576:vfForI/tjOtUCanPpVZzY774U/4F2dtAA:XF7DiEWCA,bb09baf5e11397e90c7ae384573ea7e7e2ba86da0f2a68325ab741519f6dc8f5,RemcosRAT,AUGUST64_Maxima_International_Sourcing.js,js,2026-08-27 08:18:53,MalwareBazaar
MD5,28d6bba51defd18d6dfa717a3aedd23a,4727cb5c0619c8769b506df5a4420a18b91b7f3b7ef31c8c7d6fd0a1196ee5a2,Formbook,HSBC PAYMENT RECEIPT MT103.js,js,2026-08-27 08:18:45,MalwareBazaar
SHA-1,750fc500f96a95ce8f5b8e757237da6481f49322,4727cb5c0619c8769b506df5a4420a18b91b7f3b7ef31c8c7d6fd0a1196ee5a2,Formbook,HSBC PAYMENT RECEIPT MT103.js,js,2026-08-27 08:18:45,MalwareBazaar
SHA-256,4727cb5c0619c8769b506df5a4420a18b91b7f3b7ef31c8c7d6fd0a1196ee5a2,4727cb5c0619c8769b506df5a4420a18b91b7f3b7ef31c8c7d6fd0a1196ee5a2,Formbook,HSBC PAYMENT RECEIPT MT103.js,js,2026-08-27 08:18:45,MalwareBazaar
SHA3-384,e5220341fa599368a5bc05d4fd5901208d2252efe3b75082833afae11bc31f3ba29536f236cbf815588d0d2185b57457,4727cb5c0619c8769b506df5a4420a18b91b7f3b7ef31c8c7d6fd0a1196ee5a2,Formbook,HSBC PAYMENT RECEIPT MT103.js,js,2026-08-27 08:18:45,MalwareBazaar
TLSH,T12BC4232167FE5109F2F3AF54AEF825A58D7EBEA66E36D05C1150024E0A72E80DDB0737,4727cb5c0619c8769b506df5a4420a18b91b7f3b7ef31c8c7d6fd0a1196ee5a2,Formbook,HSBC PAYMENT RECEIPT MT103.js,js,2026-08-27 08:18:45,MalwareBazaar
SSDEEP,6144:v4Mq2rmEzLc8NvR0w0KKhoWMvDdnqILuxNHr:v5q2rZLc8N50wf8oW0ZqILAZ,4727cb5c0619c8769b506df5a4420a18b91b7f3b7ef31c8c7d6fd0a1196ee5a2,Formbook,HSBC PAYMENT RECEIPT MT103.js,js,2026-08-27 08:18:45,MalwareBazaar
MD5,9047d699e31baf667ea7d9756aa8e539,dda071fac63aadd6a4c11379cfda3d7cb83174c6f498bb3a9789f4001c17fa42,XWorm,Invoice No.1FVO12026001543.js,js,2026-08-27 08:18:44,MalwareBazaar
SHA-1,5a11085cb3c67c439d6edac58e7605a983bb556c,dda071fac63aadd6a4c11379cfda3d7cb83174c6f498bb3a9789f4001c17fa42,XWorm,Invoice No.1FVO12026001543.js,js,2026-08-27 08:18:44,MalwareBazaar
SHA-256,dda071fac63aadd6a4c11379cfda3d7cb83174c6f498bb3a9789f4001c17fa42,dda071fac63aadd6a4c11379cfda3d7cb83174c6f498bb3a9789f4001c17fa42,XWorm,Invoice No.1FVO12026001543.js,js,2026-08-27 08:18:44,MalwareBazaar
SHA3-384,8a5714106fd3cc547121f74dc3fa4069666ace578928b085eb3ff87fb49582b9b268d3a9ca1fd2e15f4875e9491b4416,dda071fac63aadd6a4c11379cfda3d7cb83174c6f498bb3a9789f4001c17fa42,XWorm,Invoice No.1FVO12026001543.js,js,2026-08-27 08:18:44,MalwareBazaar
TLSH,T131D463FBE0498CFCCB7F30AA5B59A32B9469846D5375D7A2F348C75884C0A8E530E746,dda071fac63aadd6a4c11379cfda3d7cb83174c6f498bb3a9789f4001c17fa42,XWorm,Invoice No.1FVO12026001543.js,js,2026-08-27 08:18:44,MalwareBazaar
SSDEEP,192:jzztNKkTNaQLcRQTYQYLaCG2AchazZmnRh3hBqmMchazZ7CazZF+US6TBU1KkcBC:yQ+3,dda071fac63aadd6a4c11379cfda3d7cb83174c6f498bb3a9789f4001c17fa42,XWorm,Invoice No.1FVO12026001543.js,js,2026-08-27 08:18:44,MalwareBazaar
MD5,cc5c45c454b6749b5df2fbab8b0e843d,c23188eda65518d89b84d5c64c068a36a75a9580ce67051fd5b424bf433e0881,RemcosRAT,FedEx AWB_no 530526.js,js,2026-08-27 08:18:42,MalwareBazaar
SHA-1,b0e36399370535cf9a773cd5e22c5e00ee395391,c23188eda65518d89b84d5c64c068a36a75a9580ce67051fd5b424bf433e0881,RemcosRAT,FedEx AWB_no 530526.js,js,2026-08-27 08:18:42,MalwareBazaar
SHA-256,c23188eda65518d89b84d5c64c068a36a75a9580ce67051fd5b424bf433e0881,c23188eda65518d89b84d5c64c068a36a75a9580ce67051fd5b424bf433e0881,RemcosRAT,FedEx AWB_no 530526.js,js,2026-08-27 08:18:42,MalwareBazaar
SHA3-384,42a7ef547dabdc0f958792eefaa6e0f25376f4bfa001feba72dcabf1c8859861fe4f984de9aa5382456d87e6eae1c080,c23188eda65518d89b84d5c64c068a36a75a9580ce67051fd5b424bf433e0881,RemcosRAT,FedEx AWB_no 530526.js,js,2026-08-27 08:18:42,MalwareBazaar
TLSH,T1AC975E7E4FEF6FA9E48E1D8851C55583CDC1B4094DFB290BB1270C0AEA5E79068B8F61,c23188eda65518d89b84d5c64c068a36a75a9580ce67051fd5b424bf433e0881,RemcosRAT,FedEx AWB_no 530526.js,js,2026-08-27 08:18:42,MalwareBazaar
SSDEEP,384:KG8XWDrOLkLMBRLcB4km4cKvSCe42RQ0fMaSuaOmbyru+vFkretJWSkvlIHmr7GD:5cl6Z9Cy0FzL,c23188eda65518d89b84d5c64c068a36a75a9580ce67051fd5b424bf433e0881,RemcosRAT,FedEx AWB_no 530526.js,js,2026-08-27 08:18:42,MalwareBazaar
MD5,49de2934811c19c57733586c4596fabd,b8bb7578b0be7d0bdbe652d0452753d2a48f36b4c134d71006ad6512fa64d337,Formbook,Order-ref27082607.js,js,2026-08-27 08:18:25,MalwareBazaar
SHA-1,d2b93f698331d49146fba4c015aff569e38120f9,b8bb7578b0be7d0bdbe652d0452753d2a48f36b4c134d71006ad6512fa64d337,Formbook,Order-ref27082607.js,js,2026-08-27 08:18:25,MalwareBazaar
SHA-256,b8bb7578b0be7d0bdbe652d0452753d2a48f36b4c134d71006ad6512fa64d337,b8bb7578b0be7d0bdbe652d0452753d2a48f36b4c134d71006ad6512fa64d337,Formbook,Order-ref27082607.js,js,2026-08-27 08:18:25,MalwareBazaar
SHA3-384,97bb1847983b5a1ec344d030d4689162ca8cc33edbff1fb3590bc2bf7bc845000c8a8eb7f1294d90e2fcebf0a845972b,b8bb7578b0be7d0bdbe652d0452753d2a48f36b4c134d71006ad6512fa64d337,Formbook,Order-ref27082607.js,js,2026-08-27 08:18:25,MalwareBazaar
TLSH,T1070453046993255143373FBFA32ED8D0E76617A70484091BF5FCA8A05FF1D0AEAE9879,b8bb7578b0be7d0bdbe652d0452753d2a48f36b4c134d71006ad6512fa64d337,Formbook,Order-ref27082607.js,js,2026-08-27 08:18:25,MalwareBazaar
SSDEEP,3072:IZbHkxqwOk9vtZukHdC9A0/JDHaIUvr+bL30vmhRz9miXn8O5wIFz:Mk9vtckHdC9A0/JDH4vr+bL30sJ9mi3j,b8bb7578b0be7d0bdbe652d0452753d2a48f36b4c134d71006ad6512fa64d337,Formbook,Order-ref27082607.js,js,2026-08-27 08:18:25,MalwareBazaar
MD5,5f99c8909936e74fd8c0170d9d1a352b,73820552806972480f1f9a38cae3212395106b4ae8dc6f96777151511cf9d936,RemcosRAT,SOA.js,js,2026-08-27 08:18:21,MalwareBazaar
SHA-1,324fa94494a6974794f35f2e4a84bca347e94a26,73820552806972480f1f9a38cae3212395106b4ae8dc6f96777151511cf9d936,RemcosRAT,SOA.js,js,2026-08-27 08:18:21,MalwareBazaar
SHA-256,73820552806972480f1f9a38cae3212395106b4ae8dc6f96777151511cf9d936,73820552806972480f1f9a38cae3212395106b4ae8dc6f96777151511cf9d936,RemcosRAT,SOA.js,js,2026-08-27 08:18:21,MalwareBazaar
SHA3-384,0ccc70b542b1f01bdea73369857d4de2bd8c1b6d14f9a593db2c468e8aacc3c92c1ee1e1c7a9623acb93277a5535db5c,73820552806972480f1f9a38cae3212395106b4ae8dc6f96777151511cf9d936,RemcosRAT,SOA.js,js,2026-08-27 08:18:21,MalwareBazaar
TLSH,T15F36E7D7369F294B1F15B70DA09E1D668F5AC9304BC4EAD8B1EB0A94061F44E6AC0DCF,73820552806972480f1f9a38cae3212395106b4ae8dc6f96777151511cf9d936,RemcosRAT,SOA.js,js,2026-08-27 08:18:21,MalwareBazaar
SSDEEP,49152:pI5AaHSh/scOdkxt6Jfb/V0C0nmWGEBYGEPm3/OyrzDE+PNm7uB1K1F+Aex2LpM4:W,73820552806972480f1f9a38cae3212395106b4ae8dc6f96777151511cf9d936,RemcosRAT,SOA.js,js,2026-08-27 08:18:21,MalwareBazaar
MD5,082239c2516880ab460df52026c50529,c917b69a47f36c55daf7c41f3d722b9a279763d3d6920a24f9cb53d0d1103e99,XWorm,SCAN COPY AUGUST 2702026.js,js,2026-08-27 08:18:12,MalwareBazaar
SHA-1,8edcd70d50281d8d25591c240774b215adbba3f3,c917b69a47f36c55daf7c41f3d722b9a279763d3d6920a24f9cb53d0d1103e99,XWorm,SCAN COPY AUGUST 2702026.js,js,2026-08-27 08:18:12,MalwareBazaar
SHA-256,c917b69a47f36c55daf7c41f3d722b9a279763d3d6920a24f9cb53d0d1103e99,c917b69a47f36c55daf7c41f3d722b9a279763d3d6920a24f9cb53d0d1103e99,XWorm,SCAN COPY AUGUST 2702026.js,js,2026-08-27 08:18:12,MalwareBazaar
SHA3-384,16789b440a27503d3e51d0f62c7f84eef312b702b4f6653fe5e9b5ee167faf8d6def06b95653df00f24d01c9c051dec0,c917b69a47f36c55daf7c41f3d722b9a279763d3d6920a24f9cb53d0d1103e99,XWorm,SCAN COPY AUGUST 2702026.js,js,2026-08-27 08:18:12,MalwareBazaar
TLSH,T1F594CF8E5BF1599DE9826DF82D1FB343B0E4AED2989D8E9067D6C70B34894C2CD702D1,c917b69a47f36c55daf7c41f3d722b9a279763d3d6920a24f9cb53d0d1103e99,XWorm,SCAN COPY AUGUST 2702026.js,js,2026-08-27 08:18:12,MalwareBazaar
SSDEEP,12288:xwbvyGG7rgf36drwEY/P/CJoE2EhtTRxEPTE4L1:x6yGYgf36drwEY/PKqE2EhtTTWTE4L1,c917b69a47f36c55daf7c41f3d722b9a279763d3d6920a24f9cb53d0d1103e99,XWorm,SCAN COPY AUGUST 2702026.js,js,2026-08-27 08:18:12,MalwareBazaar
MD5,9e9a80c9da521bce587a27bdcfb9cc10,92ed9e1345402798ed6f05fd6da1f97fa121a217decd5e453533772cbd86d4b7,Formbook,Customs.js,js,2026-08-27 08:18:07,MalwareBazaar
SHA-1,ce175f8a05660fdcd1a31b7ae6843d4521df036e,92ed9e1345402798ed6f05fd6da1f97fa121a217decd5e453533772cbd86d4b7,Formbook,Customs.js,js,2026-08-27 08:18:07,MalwareBazaar
SHA-256,92ed9e1345402798ed6f05fd6da1f97fa121a217decd5e453533772cbd86d4b7,92ed9e1345402798ed6f05fd6da1f97fa121a217decd5e453533772cbd86d4b7,Formbook,Customs.js,js,2026-08-27 08:18:07,MalwareBazaar
SHA3-384,04b404d0384cf3944d9a035cbe633be39a71a5b8095a8b52ed27173275608b0022ad6b7a473cc6667335cbd5d517c951,92ed9e1345402798ed6f05fd6da1f97fa121a217decd5e453533772cbd86d4b7,Formbook,Customs.js,js,2026-08-27 08:18:07,MalwareBazaar
TLSH,T138E5F8B073FFBE076D0573A8914D2E540EA9804809DBB9C4F4EF16D40A4F59F68C5AAE,92ed9e1345402798ed6f05fd6da1f97fa121a217decd5e453533772cbd86d4b7,Formbook,Customs.js,js,2026-08-27 08:18:07,MalwareBazaar
SSDEEP,24576:zJuHRrCEy65k5ZgBSTkyZic7+doyHavws837e7oFcZH/xku:zuc,92ed9e1345402798ed6f05fd6da1f97fa121a217decd5e453533772cbd86d4b7,Formbook,Customs.js,js,2026-08-27 08:18:07,MalwareBazaar
