type,value,sha256,malware_family,file_name,file_type,first_seen,source
MD5,02232badffa5deee56652903f339c473,1f9a1aed9b76309c3d210c8ac0a88ffcc6dab5c4cf5de85ce4dcb1e371c741cb,PureLogsStealer,Inquiry for Quotation-D2G Group.js,js,2026-10-06 06:29:29,MalwareBazaar
SHA-1,fa38ed899b29240dec7cccc7bd6fe3e3bc3aef5b,1f9a1aed9b76309c3d210c8ac0a88ffcc6dab5c4cf5de85ce4dcb1e371c741cb,PureLogsStealer,Inquiry for Quotation-D2G Group.js,js,2026-10-06 06:29:29,MalwareBazaar
SHA-256,1f9a1aed9b76309c3d210c8ac0a88ffcc6dab5c4cf5de85ce4dcb1e371c741cb,1f9a1aed9b76309c3d210c8ac0a88ffcc6dab5c4cf5de85ce4dcb1e371c741cb,PureLogsStealer,Inquiry for Quotation-D2G Group.js,js,2026-10-06 06:29:29,MalwareBazaar
SHA3-384,d843e2c222c5e67270f9f8038324ef29dde90e61fbea76f3dbfde0deec91c031525120b798f98f4352d8479ddfb4c6c4,1f9a1aed9b76309c3d210c8ac0a88ffcc6dab5c4cf5de85ce4dcb1e371c741cb,PureLogsStealer,Inquiry for Quotation-D2G Group.js,js,2026-10-06 06:29:29,MalwareBazaar
TLSH,T12E6522483AE6CB24EC7C97483F1B8E45D2F01A8315ACDD69C1498E92E76D782C0F9E5D,1f9a1aed9b76309c3d210c8ac0a88ffcc6dab5c4cf5de85ce4dcb1e371c741cb,PureLogsStealer,Inquiry for Quotation-D2G Group.js,js,2026-10-06 06:29:29,MalwareBazaar
SSDEEP,24576:z8xwv0Jm7LmwO1//eG7lVCqVTxnwlWzEsnD9p2UgbjtS1xNZHMHU/w/tnQAEM2SE:z8xoHoZ/ZVpvjzEe2HSdNMHUatnQHosN,1f9a1aed9b76309c3d210c8ac0a88ffcc6dab5c4cf5de85ce4dcb1e371c741cb,PureLogsStealer,Inquiry for Quotation-D2G Group.js,js,2026-10-06 06:29:29,MalwareBazaar
MD5,ec2a78c2af84423047091595a79909ce,64885dbfcdfe2c57c999000a4707cb465c4f1457c40890887d9eaea73e61f127,PureLogsStealer,Enquiry_AG-Trading_2026-10-06.js,js,2026-10-06 06:29:19,MalwareBazaar
SHA-1,6ab7ef14c901eff8b63802a5ac5bb91c6ac7b9bd,64885dbfcdfe2c57c999000a4707cb465c4f1457c40890887d9eaea73e61f127,PureLogsStealer,Enquiry_AG-Trading_2026-10-06.js,js,2026-10-06 06:29:19,MalwareBazaar
SHA-256,64885dbfcdfe2c57c999000a4707cb465c4f1457c40890887d9eaea73e61f127,64885dbfcdfe2c57c999000a4707cb465c4f1457c40890887d9eaea73e61f127,PureLogsStealer,Enquiry_AG-Trading_2026-10-06.js,js,2026-10-06 06:29:19,MalwareBazaar
SHA3-384,6c0a180156d413535d03c30d128cac248811855ae3b1b2b8928b36ab31c14d3eb366d899a00fc0bd1dffee0e488a1a2f,64885dbfcdfe2c57c999000a4707cb465c4f1457c40890887d9eaea73e61f127,PureLogsStealer,Enquiry_AG-Trading_2026-10-06.js,js,2026-10-06 06:29:19,MalwareBazaar
TLSH,T1EF6512680251CBD2EA7C130C6B3BDF2546F989A0D25FD185D6E8DBC62BA5781E0F0DC9,64885dbfcdfe2c57c999000a4707cb465c4f1457c40890887d9eaea73e61f127,PureLogsStealer,Enquiry_AG-Trading_2026-10-06.js,js,2026-10-06 06:29:19,MalwareBazaar
SSDEEP,24576:/nNdyiCypNpO5NnVoMksH5yvxR/kDagKM2sxz4CDBG1Gxor2J+DPEzBQfm:FdyivNcfKMrIv0KMdC+CGoNDEzBR,64885dbfcdfe2c57c999000a4707cb465c4f1457c40890887d9eaea73e61f127,PureLogsStealer,Enquiry_AG-Trading_2026-10-06.js,js,2026-10-06 06:29:19,MalwareBazaar
MD5,26f056b6845630e991de904651e5aebb,fd5d41a8522c016b3131229352c7787830a00a383937dd884c326a728716b15a,unknown,26f056b6845630e991de904651e5aebb.exe,exe,2026-10-06 06:28:10,MalwareBazaar
SHA-1,35899eb779cb103ba5a37b3a6a4343f4d4aed51e,fd5d41a8522c016b3131229352c7787830a00a383937dd884c326a728716b15a,unknown,26f056b6845630e991de904651e5aebb.exe,exe,2026-10-06 06:28:10,MalwareBazaar
SHA-256,fd5d41a8522c016b3131229352c7787830a00a383937dd884c326a728716b15a,fd5d41a8522c016b3131229352c7787830a00a383937dd884c326a728716b15a,unknown,26f056b6845630e991de904651e5aebb.exe,exe,2026-10-06 06:28:10,MalwareBazaar
SHA3-384,32673344d23c9c1d3ce04582fa37da864e59487d8635af238ae8a5f461e07adcd9612a3ddaf159b1c72bc843a0028d78,fd5d41a8522c016b3131229352c7787830a00a383937dd884c326a728716b15a,unknown,26f056b6845630e991de904651e5aebb.exe,exe,2026-10-06 06:28:10,MalwareBazaar
IMPHASH,83939d7928a3e0390512536ff80992b2,fd5d41a8522c016b3131229352c7787830a00a383937dd884c326a728716b15a,unknown,26f056b6845630e991de904651e5aebb.exe,exe,2026-10-06 06:28:10,MalwareBazaar
TLSH,T129865A03ECA655E5C1AE91318A639152BB71BC490B2123D71B90FB347F77BE06EBA314,fd5d41a8522c016b3131229352c7787830a00a383937dd884c326a728716b15a,unknown,26f056b6845630e991de904651e5aebb.exe,exe,2026-10-06 06:28:10,MalwareBazaar
SSDEEP,49152:gyRBWdlxfmqkTNJuT74ZHuOlVWSuJinNTZmflV1OmIiVo684evvB5EGo/fePXvdJ:gyCbU1uVMC+vEU/vMyExwn7xy,fd5d41a8522c016b3131229352c7787830a00a383937dd884c326a728716b15a,unknown,26f056b6845630e991de904651e5aebb.exe,exe,2026-10-06 06:28:10,MalwareBazaar
MD5,453bd433529cdfa321bb191dd7e0731d,8b1da96018438afda26a12929595da9fba9f20ec7359eda0643937c4fcb4a31b,unknown,Sales_Contract_67992_for_Approval_pdf.js,js,2026-10-06 06:21:29,MalwareBazaar
SHA-1,2a2d9af7d151d10f4f36be17fbc2055dc0b0d915,8b1da96018438afda26a12929595da9fba9f20ec7359eda0643937c4fcb4a31b,unknown,Sales_Contract_67992_for_Approval_pdf.js,js,2026-10-06 06:21:29,MalwareBazaar
SHA-256,8b1da96018438afda26a12929595da9fba9f20ec7359eda0643937c4fcb4a31b,8b1da96018438afda26a12929595da9fba9f20ec7359eda0643937c4fcb4a31b,unknown,Sales_Contract_67992_for_Approval_pdf.js,js,2026-10-06 06:21:29,MalwareBazaar
SHA3-384,515288743a66bcf6f41a3fa8c31dc0acaaf28620e5ae7e3e0368c7b82491da58e9eb90f3451b02fb090eee52b657a9ad,8b1da96018438afda26a12929595da9fba9f20ec7359eda0643937c4fcb4a31b,unknown,Sales_Contract_67992_for_Approval_pdf.js,js,2026-10-06 06:21:29,MalwareBazaar
TLSH,T16B651259123605E50FA843A71AFF0B0A55FFE9C39B0CD6C5D1BADAB52268487C0F2DC9,8b1da96018438afda26a12929595da9fba9f20ec7359eda0643937c4fcb4a31b,unknown,Sales_Contract_67992_for_Approval_pdf.js,js,2026-10-06 06:21:29,MalwareBazaar
SSDEEP,24576:dX5ByVjf2O1QLEjxHYoA+I8UBI3AUZFfjf3RApgqP/mfBcsKTpvCm137xS7G:l4zQgjxH9AU1JhM+hIpX13D,8b1da96018438afda26a12929595da9fba9f20ec7359eda0643937c4fcb4a31b,unknown,Sales_Contract_67992_for_Approval_pdf.js,js,2026-10-06 06:21:29,MalwareBazaar
MD5,0ad58a1ac04a1a4ecf0d14a9b8bef452,b53b72efedbbb276791bddd1693c48124e47a809c7f4594d224b3575ffc3d251,unknown,QUOTATION.js,js,2026-10-06 06:21:25,MalwareBazaar
SHA-1,580da7bf00cea3f1c8e8c34123fa90035c05946d,b53b72efedbbb276791bddd1693c48124e47a809c7f4594d224b3575ffc3d251,unknown,QUOTATION.js,js,2026-10-06 06:21:25,MalwareBazaar
SHA-256,b53b72efedbbb276791bddd1693c48124e47a809c7f4594d224b3575ffc3d251,b53b72efedbbb276791bddd1693c48124e47a809c7f4594d224b3575ffc3d251,unknown,QUOTATION.js,js,2026-10-06 06:21:25,MalwareBazaar
SHA3-384,9ff76377f07d3f8b9017b3803b0e34af11ce45596c7244fd22b0b6d9101e9d8eb32fd321031b37a9f9c439ce10ae5f0b,b53b72efedbbb276791bddd1693c48124e47a809c7f4594d224b3575ffc3d251,unknown,QUOTATION.js,js,2026-10-06 06:21:25,MalwareBazaar
TLSH,T1AFB22F44099178845333ABBFAB1B98E8FB7B056B01948407786CB851AFF2D1CDEE4DB5,b53b72efedbbb276791bddd1693c48124e47a809c7f4594d224b3575ffc3d251,unknown,QUOTATION.js,js,2026-10-06 06:21:25,MalwareBazaar
SSDEEP,768:PQ6/6RylvbRYXO1fl1HYwtpwwVeraTP7idghCPxm7utjf1MPjXvcUsarQCP0sQWg:IqVZ2cNg,b53b72efedbbb276791bddd1693c48124e47a809c7f4594d224b3575ffc3d251,unknown,QUOTATION.js,js,2026-10-06 06:21:25,MalwareBazaar
MD5,2512a3b8103238d77ef60cd380dbd771,96e267383f12e5cbd538fd2b5428b9e575995f3058304913cd819d962ed51e05,unknown,M.V. BLUE DIAMOND – Vessel & Cargo Documents.vbs,vbs,2026-10-06 06:21:16,MalwareBazaar
SHA-1,9b231fa1b1a630ba37ace25226eaf222b9e50d99,96e267383f12e5cbd538fd2b5428b9e575995f3058304913cd819d962ed51e05,unknown,M.V. BLUE DIAMOND – Vessel & Cargo Documents.vbs,vbs,2026-10-06 06:21:16,MalwareBazaar
SHA-256,96e267383f12e5cbd538fd2b5428b9e575995f3058304913cd819d962ed51e05,96e267383f12e5cbd538fd2b5428b9e575995f3058304913cd819d962ed51e05,unknown,M.V. BLUE DIAMOND – Vessel & Cargo Documents.vbs,vbs,2026-10-06 06:21:16,MalwareBazaar
SHA3-384,8d98b2991fc3037db30b9006543d8fc5e301c18b38840a22eee0f9c4ffca9984acf12917c9f3cd927e82727876b21e59,96e267383f12e5cbd538fd2b5428b9e575995f3058304913cd819d962ed51e05,unknown,M.V. BLUE DIAMOND – Vessel & Cargo Documents.vbs,vbs,2026-10-06 06:21:16,MalwareBazaar
TLSH,T146E2111E7805CBF0DA293555B65BEC15ADF003A97838697B3D9BCD4D3BFB9108AC00A6,96e267383f12e5cbd538fd2b5428b9e575995f3058304913cd819d962ed51e05,unknown,M.V. BLUE DIAMOND – Vessel & Cargo Documents.vbs,vbs,2026-10-06 06:21:16,MalwareBazaar
SSDEEP,384:K7Qmr/U8OA62qzelp/PLYxu9gllqYNqJVsdNw3QftTr9f/xAZTvJpC506/dXPqCw:KrUpAGvmYYwNeZ9UW6ZyOOA35l7LccW,96e267383f12e5cbd538fd2b5428b9e575995f3058304913cd819d962ed51e05,unknown,M.V. BLUE DIAMOND – Vessel & Cargo Documents.vbs,vbs,2026-10-06 06:21:16,MalwareBazaar
MD5,cf37da29fc60c20ac4f7eaa90e398076,18a6d56d3e50136ad04d500b43cfa0d67a24574db8794b334ac5afdb4ef2fb1e,Mirai,armv5l,elf,2026-10-06 06:18:40,MalwareBazaar
SHA-1,9179cae833f8eb50a2092075ece1afb1d6910005,18a6d56d3e50136ad04d500b43cfa0d67a24574db8794b334ac5afdb4ef2fb1e,Mirai,armv5l,elf,2026-10-06 06:18:40,MalwareBazaar
SHA-256,18a6d56d3e50136ad04d500b43cfa0d67a24574db8794b334ac5afdb4ef2fb1e,18a6d56d3e50136ad04d500b43cfa0d67a24574db8794b334ac5afdb4ef2fb1e,Mirai,armv5l,elf,2026-10-06 06:18:40,MalwareBazaar
SHA3-384,8a63e2bc77f0b79514b4df324adbfe47bfe358e8fa9edf7e33f07945ad769d55d62d439ef17e1a04d27f1004951e4b87,18a6d56d3e50136ad04d500b43cfa0d67a24574db8794b334ac5afdb4ef2fb1e,Mirai,armv5l,elf,2026-10-06 06:18:40,MalwareBazaar
TLSH,T16EC419A6FD41D991C1D42ABEFB5EC2C833070379C3EA70429D06C72569DF69A0E3DA91,18a6d56d3e50136ad04d500b43cfa0d67a24574db8794b334ac5afdb4ef2fb1e,Mirai,armv5l,elf,2026-10-06 06:18:40,MalwareBazaar
SSDEEP,12288:Ua/fi3TlmcLUjiKvO9pRJ84WER91XOpMyr6ofCNU6vQyq:Wbqanrof2,18a6d56d3e50136ad04d500b43cfa0d67a24574db8794b334ac5afdb4ef2fb1e,Mirai,armv5l,elf,2026-10-06 06:18:40,MalwareBazaar
MD5,b51388e42f98c44816102b669880e625,9c374c3801bdcfa56b3c6c264ecb9e54acae6536b5ca77b9927abf76592457a4,unknown,Payment Confirmations 20260510800017023.scr,exe,2026-10-06 06:17:07,MalwareBazaar
SHA-1,470e4fe714958203c44456ee3c346ee4cce3871d,9c374c3801bdcfa56b3c6c264ecb9e54acae6536b5ca77b9927abf76592457a4,unknown,Payment Confirmations 20260510800017023.scr,exe,2026-10-06 06:17:07,MalwareBazaar
SHA-256,9c374c3801bdcfa56b3c6c264ecb9e54acae6536b5ca77b9927abf76592457a4,9c374c3801bdcfa56b3c6c264ecb9e54acae6536b5ca77b9927abf76592457a4,unknown,Payment Confirmations 20260510800017023.scr,exe,2026-10-06 06:17:07,MalwareBazaar
SHA3-384,c70cd63ec84cb9204319bf93b400e6cb576f0619c631e68edb5904694e6fcf27153f2ead370ece4ed58cb6daf49d70e5,9c374c3801bdcfa56b3c6c264ecb9e54acae6536b5ca77b9927abf76592457a4,unknown,Payment Confirmations 20260510800017023.scr,exe,2026-10-06 06:17:07,MalwareBazaar
IMPHASH,f34d5f2d4577ed6d9ceec516c1f5a744,9c374c3801bdcfa56b3c6c264ecb9e54acae6536b5ca77b9927abf76592457a4,unknown,Payment Confirmations 20260510800017023.scr,exe,2026-10-06 06:17:07,MalwareBazaar
TLSH,T11F158B44225BCA23C25126B0C4B2D6F45374DE54E932C33B59E97EBBBF35FB0A5502A2,9c374c3801bdcfa56b3c6c264ecb9e54acae6536b5ca77b9927abf76592457a4,unknown,Payment Confirmations 20260510800017023.scr,exe,2026-10-06 06:17:07,MalwareBazaar
SSDEEP,12288:Aoh7n4P0Ykc0ZorIWxU0Yy337mfDnhxWCrh4FwBsc4BA4/NQGXhU9srC4mw5zl2/:AoRZpo1xtYy3LuWCdlsckFG684m,9c374c3801bdcfa56b3c6c264ecb9e54acae6536b5ca77b9927abf76592457a4,unknown,Payment Confirmations 20260510800017023.scr,exe,2026-10-06 06:17:07,MalwareBazaar
MD5,d2a9b590d61563ef68407d1f1afaab4e,b2d0acd9d080794496faa1b3d7de902b3fb78329cddfe4deda33cbabe6e79a23,PureLogsStealer,EDO-SITKBSG2613285.pdf.exe,exe,2026-10-06 06:16:13,MalwareBazaar
SHA-1,3b606a9ee20401db523ed6a763a5c4e4b2845ca9,b2d0acd9d080794496faa1b3d7de902b3fb78329cddfe4deda33cbabe6e79a23,PureLogsStealer,EDO-SITKBSG2613285.pdf.exe,exe,2026-10-06 06:16:13,MalwareBazaar
SHA-256,b2d0acd9d080794496faa1b3d7de902b3fb78329cddfe4deda33cbabe6e79a23,b2d0acd9d080794496faa1b3d7de902b3fb78329cddfe4deda33cbabe6e79a23,PureLogsStealer,EDO-SITKBSG2613285.pdf.exe,exe,2026-10-06 06:16:13,MalwareBazaar
SHA3-384,9a71525b940ad19994fb5053583cc338c1d221edced58aca0569cc6aa31857a11aac4651697404d5e19970b7ff4b1bad,b2d0acd9d080794496faa1b3d7de902b3fb78329cddfe4deda33cbabe6e79a23,PureLogsStealer,EDO-SITKBSG2613285.pdf.exe,exe,2026-10-06 06:16:13,MalwareBazaar
TLSH,T17C65DE18211BDA23C65426B4C8B2D2F50374DE54E932C33F5AE9BDB77F36BB0A4541A2,b2d0acd9d080794496faa1b3d7de902b3fb78329cddfe4deda33cbabe6e79a23,PureLogsStealer,EDO-SITKBSG2613285.pdf.exe,exe,2026-10-06 06:16:13,MalwareBazaar
SSDEEP,24576:0ws9kbe6Tab35LJ1A3TC/4DLU6EzSSvCaP6ORQBsbab:0Rebe6Tab3iDC/4DLq1IXSa,b2d0acd9d080794496faa1b3d7de902b3fb78329cddfe4deda33cbabe6e79a23,PureLogsStealer,EDO-SITKBSG2613285.pdf.exe,exe,2026-10-06 06:16:13,MalwareBazaar
MD5,fbf5502d96d5e50e2084d6f11269460c,b9fcda5008f194cb1d90a7fc1c30ac6240b7ca3fe1dff8c6e7c42c802ba25abd,WannaCry,b9fcda5008f194cb1d90a7fc1c30ac6240b7ca3fe1dff8c6e7c42c802ba25abd,exe,2026-10-06 06:16:03,MalwareBazaar
SHA-1,0697d44ecf34afb7735e1bfccc1bad07ce60be5e,b9fcda5008f194cb1d90a7fc1c30ac6240b7ca3fe1dff8c6e7c42c802ba25abd,WannaCry,b9fcda5008f194cb1d90a7fc1c30ac6240b7ca3fe1dff8c6e7c42c802ba25abd,exe,2026-10-06 06:16:03,MalwareBazaar
SHA-256,b9fcda5008f194cb1d90a7fc1c30ac6240b7ca3fe1dff8c6e7c42c802ba25abd,b9fcda5008f194cb1d90a7fc1c30ac6240b7ca3fe1dff8c6e7c42c802ba25abd,WannaCry,b9fcda5008f194cb1d90a7fc1c30ac6240b7ca3fe1dff8c6e7c42c802ba25abd,exe,2026-10-06 06:16:03,MalwareBazaar
SHA3-384,fd56d9673608d52086a16a7cc843b19356bfd89229ca62c14f90a5213a1248cf6c12fc9b106f7a32de5c5bfe704e22d3,b9fcda5008f194cb1d90a7fc1c30ac6240b7ca3fe1dff8c6e7c42c802ba25abd,WannaCry,b9fcda5008f194cb1d90a7fc1c30ac6240b7ca3fe1dff8c6e7c42c802ba25abd,exe,2026-10-06 06:16:03,MalwareBazaar
IMPHASH,0cdadfa1098d845dd3b4cf92625b5f04,b9fcda5008f194cb1d90a7fc1c30ac6240b7ca3fe1dff8c6e7c42c802ba25abd,WannaCry,b9fcda5008f194cb1d90a7fc1c30ac6240b7ca3fe1dff8c6e7c42c802ba25abd,exe,2026-10-06 06:16:03,MalwareBazaar
TLSH,T1F536BF0A37DC80F8D4569274C8B34E25E7B3BC4A1739864F1B64CB6A1F63391B579B22,b9fcda5008f194cb1d90a7fc1c30ac6240b7ca3fe1dff8c6e7c42c802ba25abd,WannaCry,b9fcda5008f194cb1d90a7fc1c30ac6240b7ca3fe1dff8c6e7c42c802ba25abd,exe,2026-10-06 06:16:03,MalwareBazaar
SSDEEP,6144:jIYVTH5DgSgmE9l9yeqIYVTH5DgSg8ajldktM0XXr:jbLgmVbLgPlu,b9fcda5008f194cb1d90a7fc1c30ac6240b7ca3fe1dff8c6e7c42c802ba25abd,WannaCry,b9fcda5008f194cb1d90a7fc1c30ac6240b7ca3fe1dff8c6e7c42c802ba25abd,exe,2026-10-06 06:16:03,MalwareBazaar
MD5,a5bc6569b8feb058dd1a714ff713a995,1531300e9c956f30f9d172b8dcaeaad10d3d41e6f7ddd234b2713b3c520e66f4,Mirai,getty,elf,2026-10-06 06:06:59,MalwareBazaar
SHA-1,fe10a3d76ddd3ef4b91e27fb6869509bff5ed459,1531300e9c956f30f9d172b8dcaeaad10d3d41e6f7ddd234b2713b3c520e66f4,Mirai,getty,elf,2026-10-06 06:06:59,MalwareBazaar
SHA-256,1531300e9c956f30f9d172b8dcaeaad10d3d41e6f7ddd234b2713b3c520e66f4,1531300e9c956f30f9d172b8dcaeaad10d3d41e6f7ddd234b2713b3c520e66f4,Mirai,getty,elf,2026-10-06 06:06:59,MalwareBazaar
SHA3-384,c14f9ca9655c41078d5a5608b3a5f10b9f41932933dbe51150503eb68b1b25410a871fe3d3ef439946b74c45cb1829a9,1531300e9c956f30f9d172b8dcaeaad10d3d41e6f7ddd234b2713b3c520e66f4,Mirai,getty,elf,2026-10-06 06:06:59,MalwareBazaar
TLSH,T1E9B33ACDEA02D6B7C4430BB2C297966B46317A354A2ACE49F7CBFCB49B225C871147D1,1531300e9c956f30f9d172b8dcaeaad10d3d41e6f7ddd234b2713b3c520e66f4,Mirai,getty,elf,2026-10-06 06:06:59,MalwareBazaar
TELFHASH,t136213542627d8e297fb24924acac07f11956152372407f70ff5ec1c4653b009b575d8f,1531300e9c956f30f9d172b8dcaeaad10d3d41e6f7ddd234b2713b3c520e66f4,Mirai,getty,elf,2026-10-06 06:06:59,MalwareBazaar
SSDEEP,3072:WeY45QR5JGaH8Ca1X4P8lAPi+ZB+DySo4XRZhSvn:WZ45Q7MXCapCPiGoDySo4XRZhSvn,1531300e9c956f30f9d172b8dcaeaad10d3d41e6f7ddd234b2713b3c520e66f4,Mirai,getty,elf,2026-10-06 06:06:59,MalwareBazaar
MD5,0f9d214d2bad723be84f86306fe54731,9f27bc2b0bc6f35c1b1a282b90eb5632fdb11414865bb73a86279843aa845894,Mirai,bash,elf,2026-10-06 06:06:56,MalwareBazaar
SHA-1,81560787041b581ef3b14aa6daefd3e355b3d6dd,9f27bc2b0bc6f35c1b1a282b90eb5632fdb11414865bb73a86279843aa845894,Mirai,bash,elf,2026-10-06 06:06:56,MalwareBazaar
SHA-256,9f27bc2b0bc6f35c1b1a282b90eb5632fdb11414865bb73a86279843aa845894,9f27bc2b0bc6f35c1b1a282b90eb5632fdb11414865bb73a86279843aa845894,Mirai,bash,elf,2026-10-06 06:06:56,MalwareBazaar
SHA3-384,22bc4f0cb7d885c9984ce9804defa0010414d18c0d846259ff6cff26b3f607d70b79f52fe2e2ae7b7fe25a485b5768dc,9f27bc2b0bc6f35c1b1a282b90eb5632fdb11414865bb73a86279843aa845894,Mirai,bash,elf,2026-10-06 06:06:56,MalwareBazaar
TLSH,T154B339CDE640D977D58319B6D29787234172FA36191ACA05F3CBFCB0AA25184B221BED,9f27bc2b0bc6f35c1b1a282b90eb5632fdb11414865bb73a86279843aa845894,Mirai,bash,elf,2026-10-06 06:06:56,MalwareBazaar
TELFHASH,t136213542627d8e297fb24924acac07f11956152372407f70ff5ec1c4653b009b575d8f,9f27bc2b0bc6f35c1b1a282b90eb5632fdb11414865bb73a86279843aa845894,Mirai,bash,elf,2026-10-06 06:06:56,MalwareBazaar
SSDEEP,3072:YHCtzPUmSKzUtiFidYe3KpXXeTZksFDaSo4XRZhSvn:NwKzUti45K1eFkQDaSo4XRZhSvn,9f27bc2b0bc6f35c1b1a282b90eb5632fdb11414865bb73a86279843aa845894,Mirai,bash,elf,2026-10-06 06:06:56,MalwareBazaar
MD5,5644ec072672fc87df85a226cefd0e52,574b611a85a59d8bae55c1ff3dd2652e87929822bd68a6f42e272379d141d777,Mirai,eclipse.mips,elf,2026-10-06 06:00:57,MalwareBazaar
SHA-1,71f6125fdf86900f9345fb76174beda90ce9bd43,574b611a85a59d8bae55c1ff3dd2652e87929822bd68a6f42e272379d141d777,Mirai,eclipse.mips,elf,2026-10-06 06:00:57,MalwareBazaar
SHA-256,574b611a85a59d8bae55c1ff3dd2652e87929822bd68a6f42e272379d141d777,574b611a85a59d8bae55c1ff3dd2652e87929822bd68a6f42e272379d141d777,Mirai,eclipse.mips,elf,2026-10-06 06:00:57,MalwareBazaar
SHA3-384,9131e8d7b41e3cc3301a2c4870daf6d87385d684b34acb00e22759f878e02b2b17a3dd7e3fee455bd1e8fd62173f116a,574b611a85a59d8bae55c1ff3dd2652e87929822bd68a6f42e272379d141d777,Mirai,eclipse.mips,elf,2026-10-06 06:00:57,MalwareBazaar
TLSH,T19205A70A3E22DF7EF578873047F78634969936D62AE18585B19CD20C5F3028E591FBE8,574b611a85a59d8bae55c1ff3dd2652e87929822bd68a6f42e272379d141d777,Mirai,eclipse.mips,elf,2026-10-06 06:00:57,MalwareBazaar
TELFHASH,t12dd18bda2c7813e4aba45d8d06ddef31cc5228df2aa61c23de51e89d971bb825e10c1c,574b611a85a59d8bae55c1ff3dd2652e87929822bd68a6f42e272379d141d777,Mirai,eclipse.mips,elf,2026-10-06 06:00:57,MalwareBazaar
SSDEEP,6144:fAyFcEBJUxhS4kDqtuL30jka7GC4A/ZBI4/1BkXLSKVIyQQd3JfzEznPJxdTe21v:fwwD/pIBZ/Vsfolzl8ePCuqnLNb7iv,574b611a85a59d8bae55c1ff3dd2652e87929822bd68a6f42e272379d141d777,Mirai,eclipse.mips,elf,2026-10-06 06:00:57,MalwareBazaar
MD5,0106008b332c2b4cda59c620560cf5df,20e366a0c1d12c747a3e6ba6dcc73ebf369552eba0ed6e28f529202609a310b9,Mirai,eclipse.powerpc,elf,2026-10-06 06:00:55,MalwareBazaar
SHA-1,f190900233778ebca6357ee6c1cb6b76c579119a,20e366a0c1d12c747a3e6ba6dcc73ebf369552eba0ed6e28f529202609a310b9,Mirai,eclipse.powerpc,elf,2026-10-06 06:00:55,MalwareBazaar
SHA-256,20e366a0c1d12c747a3e6ba6dcc73ebf369552eba0ed6e28f529202609a310b9,20e366a0c1d12c747a3e6ba6dcc73ebf369552eba0ed6e28f529202609a310b9,Mirai,eclipse.powerpc,elf,2026-10-06 06:00:55,MalwareBazaar
SHA3-384,829a09f233001c0e331d7056cc2c53f2e13dcb717d76e28f56c843d53e7b44ba8249a35b849427517849a000ee220fbb,20e366a0c1d12c747a3e6ba6dcc73ebf369552eba0ed6e28f529202609a310b9,Mirai,eclipse.powerpc,elf,2026-10-06 06:00:55,MalwareBazaar
TLSH,T109C43D02B71E0E53E2632DF0773B1BE183AF9D5134A59641790F7A8E92B3D31154AACE,20e366a0c1d12c747a3e6ba6dcc73ebf369552eba0ed6e28f529202609a310b9,Mirai,eclipse.powerpc,elf,2026-10-06 06:00:55,MalwareBazaar
SSDEEP,12288:k0yKsnjz2q/Wh44RPVugzXFvQfRDqn8bjiU:7yT/yXi+8bj/,20e366a0c1d12c747a3e6ba6dcc73ebf369552eba0ed6e28f529202609a310b9,Mirai,eclipse.powerpc,elf,2026-10-06 06:00:55,MalwareBazaar
MD5,1edd275ed2019710a00d3d07491d631b,8d56b20bce22253d24b1a33ff703e4b25bb3ab9bce0d066bcf3b861a38936f14,Mirai,systemd,elf,2026-10-06 05:54:41,MalwareBazaar
SHA-1,d0612a04b94a96dff2cb63c30318d9cdf16ce70d,8d56b20bce22253d24b1a33ff703e4b25bb3ab9bce0d066bcf3b861a38936f14,Mirai,systemd,elf,2026-10-06 05:54:41,MalwareBazaar
SHA-256,8d56b20bce22253d24b1a33ff703e4b25bb3ab9bce0d066bcf3b861a38936f14,8d56b20bce22253d24b1a33ff703e4b25bb3ab9bce0d066bcf3b861a38936f14,Mirai,systemd,elf,2026-10-06 05:54:41,MalwareBazaar
SHA3-384,ac6ffd0880941c7705b19f0109b53cd0e7cd80510e9367c9199f13811e937646c39329c4fe34019e7763f413500b1a92,8d56b20bce22253d24b1a33ff703e4b25bb3ab9bce0d066bcf3b861a38936f14,Mirai,systemd,elf,2026-10-06 05:54:41,MalwareBazaar
TLSH,T130E3B5BFEB271E23C0C51071D1E30233A5B9D67838A9D797A8D3EC692F1A98034157DA,8d56b20bce22253d24b1a33ff703e4b25bb3ab9bce0d066bcf3b861a38936f14,Mirai,systemd,elf,2026-10-06 05:54:41,MalwareBazaar
TELFHASH,t140210f4262798a192bf24a349cac0bb1195a652262907f70ef5ec2c01537019b969d9f,8d56b20bce22253d24b1a33ff703e4b25bb3ab9bce0d066bcf3b861a38936f14,Mirai,systemd,elf,2026-10-06 05:54:41,MalwareBazaar
SSDEEP,3072:aNh8gQdkF8J9jEN9qhEbtOpcDahJIY4BAhRE5:KG0OtE3nOpcDahJIY4BAhRE5,8d56b20bce22253d24b1a33ff703e4b25bb3ab9bce0d066bcf3b861a38936f14,Mirai,systemd,elf,2026-10-06 05:54:41,MalwareBazaar
MD5,baf92a644880788e5e5414a673d3eff5,c96d08e2163b1fac0fa653d30dabf6735069db40b0b8c0883d455f0b8b5ec4c6,Mirai,eclipse.m68k,elf,2026-10-06 05:54:39,MalwareBazaar
SHA-1,b378b1637c7d647eff7f64498b260b9a4c8e535f,c96d08e2163b1fac0fa653d30dabf6735069db40b0b8c0883d455f0b8b5ec4c6,Mirai,eclipse.m68k,elf,2026-10-06 05:54:39,MalwareBazaar
SHA-256,c96d08e2163b1fac0fa653d30dabf6735069db40b0b8c0883d455f0b8b5ec4c6,c96d08e2163b1fac0fa653d30dabf6735069db40b0b8c0883d455f0b8b5ec4c6,Mirai,eclipse.m68k,elf,2026-10-06 05:54:39,MalwareBazaar
SHA3-384,44745433a761acc5c922f6cdd8ffc12ffc23635b9f7f28bd1f518052fb77dd6b1de2272c4db2da5d7ebb5183606c3f56,c96d08e2163b1fac0fa653d30dabf6735069db40b0b8c0883d455f0b8b5ec4c6,Mirai,eclipse.m68k,elf,2026-10-06 05:54:39,MalwareBazaar
TLSH,T158B44C87BA01DDB7F446A336845389057120BB73D8825F37703A787DEF7A1A85522BCA,c96d08e2163b1fac0fa653d30dabf6735069db40b0b8c0883d455f0b8b5ec4c6,Mirai,eclipse.m68k,elf,2026-10-06 05:54:39,MalwareBazaar
SSDEEP,6144:+xR1T3nfbJ+J3/s4HKFueIBvmE/x/3sMism6X8Ay146VwEEokUgLOmyNIqqDLEoU:w17n9yfZZmplE67qn60mR,c96d08e2163b1fac0fa653d30dabf6735069db40b0b8c0883d455f0b8b5ec4c6,Mirai,eclipse.m68k,elf,2026-10-06 05:54:39,MalwareBazaar
MD5,b0b890e49377c0408221bf7221e4add4,ca8686e0a699624e8df0d558af680a5ddbda7522b19258e7d200c9062cc68d97,Mirai,eclipse.x86_64,elf,2026-10-06 05:54:37,MalwareBazaar
SHA-1,8a37197fed868a5254ba8758b5c23d5c94bf4a10,ca8686e0a699624e8df0d558af680a5ddbda7522b19258e7d200c9062cc68d97,Mirai,eclipse.x86_64,elf,2026-10-06 05:54:37,MalwareBazaar
SHA-256,ca8686e0a699624e8df0d558af680a5ddbda7522b19258e7d200c9062cc68d97,ca8686e0a699624e8df0d558af680a5ddbda7522b19258e7d200c9062cc68d97,Mirai,eclipse.x86_64,elf,2026-10-06 05:54:37,MalwareBazaar
SHA3-384,310c32c439f00a5df62b52cb68fcbbbed9b3516b10ebd81db7b7d24e04ae1ac14b7fed7b21bd57282368272c5fc67071,ca8686e0a699624e8df0d558af680a5ddbda7522b19258e7d200c9062cc68d97,Mirai,eclipse.x86_64,elf,2026-10-06 05:54:37,MalwareBazaar
TLSH,T10C758D4AB2F364BCC067C430878FCB629935B86511227D7B75C4AA342E66E705B2DF63,ca8686e0a699624e8df0d558af680a5ddbda7522b19258e7d200c9062cc68d97,Mirai,eclipse.x86_64,elf,2026-10-06 05:54:37,MalwareBazaar
TELFHASH,t1b842613408be346572dbd501f313f5a9ad7700a995f476f02b636cc5dec9e804c7a86a,ca8686e0a699624e8df0d558af680a5ddbda7522b19258e7d200c9062cc68d97,Mirai,eclipse.x86_64,elf,2026-10-06 05:54:37,MalwareBazaar
SSDEEP,24576:A7kDsBuXkrD7Vcl5TjW2SMXw5PqFGr6wm8QfSwbZ:MkA80LVcl5XW2tXw5PqFfwZ,ca8686e0a699624e8df0d558af680a5ddbda7522b19258e7d200c9062cc68d97,Mirai,eclipse.x86_64,elf,2026-10-06 05:54:37,MalwareBazaar
MD5,6ee71c745ad504433637a0e2099cc669,9f90535512addd3f5540ff95799fe588ac6c13f133cb010b59144f9884e4c904,Mirai,gnome,elf,2026-10-06 05:54:34,MalwareBazaar
SHA-1,ec2c726ef24d2210ce0c22f978f3b01001edc064,9f90535512addd3f5540ff95799fe588ac6c13f133cb010b59144f9884e4c904,Mirai,gnome,elf,2026-10-06 05:54:34,MalwareBazaar
SHA-256,9f90535512addd3f5540ff95799fe588ac6c13f133cb010b59144f9884e4c904,9f90535512addd3f5540ff95799fe588ac6c13f133cb010b59144f9884e4c904,Mirai,gnome,elf,2026-10-06 05:54:34,MalwareBazaar
SHA3-384,57afee959aba888f6cd99054015d0105521f6810c80f8d943b098ae961a920c535e4c6ccffb98ba8b8241c3894d65c0e,9f90535512addd3f5540ff95799fe588ac6c13f133cb010b59144f9884e4c904,Mirai,gnome,elf,2026-10-06 05:54:34,MalwareBazaar
TLSH,T1610463BEFA11BB6EE168873187F25F72C39521B22291D341E2EED6185E7528C085F7D0,9f90535512addd3f5540ff95799fe588ac6c13f133cb010b59144f9884e4c904,Mirai,gnome,elf,2026-10-06 05:54:34,MalwareBazaar
TELFHASH,t119212e42627e8e293ff249249cac07b129566522b2807f70ef6ec2c01537009b969d9f,9f90535512addd3f5540ff95799fe588ac6c13f133cb010b59144f9884e4c904,Mirai,gnome,elf,2026-10-06 05:54:34,MalwareBazaar
SSDEEP,3072:gIZrG2Zf/xL4ytxzLiBKUH4eWluPDbpSIeZ8tjTl5:LZa6rGj13PDbpSIeZ8tjTl5,9f90535512addd3f5540ff95799fe588ac6c13f133cb010b59144f9884e4c904,Mirai,gnome,elf,2026-10-06 05:54:34,MalwareBazaar
MD5,c4afda5a1e29fa3e7bcfc144ff05a468,24416f1ba0aadf933744db460c9bc1ea86f548b118aeffe128809f121b0e3f96,Mirai,eclipse.i586,elf,2026-10-06 05:54:32,MalwareBazaar
SHA-1,3cfde09bc6600b99caa1212053008c3a96565032,24416f1ba0aadf933744db460c9bc1ea86f548b118aeffe128809f121b0e3f96,Mirai,eclipse.i586,elf,2026-10-06 05:54:32,MalwareBazaar
SHA-256,24416f1ba0aadf933744db460c9bc1ea86f548b118aeffe128809f121b0e3f96,24416f1ba0aadf933744db460c9bc1ea86f548b118aeffe128809f121b0e3f96,Mirai,eclipse.i586,elf,2026-10-06 05:54:32,MalwareBazaar
SHA3-384,09e4b9a6c8f1f51b59ede2fab50f1893ca96fbb6cbc533c5e298b98186a39fa7abdf24bcb5bddab88f46e5d7e5eda616,24416f1ba0aadf933744db460c9bc1ea86f548b118aeffe128809f121b0e3f96,Mirai,eclipse.i586,elf,2026-10-06 05:54:32,MalwareBazaar
TLSH,T176B47C42FBA2DDB2F45200B11617A7615632DC351537D5D3E3E62DB8DA306D08B2A3BE,24416f1ba0aadf933744db460c9bc1ea86f548b118aeffe128809f121b0e3f96,Mirai,eclipse.i586,elf,2026-10-06 05:54:32,MalwareBazaar
TELFHASH,t19f428bb33afe0ced23f05802874a2762ed4aaa7748e035b649f355956773e424eb1c35,24416f1ba0aadf933744db460c9bc1ea86f548b118aeffe128809f121b0e3f96,Mirai,eclipse.i586,elf,2026-10-06 05:54:32,MalwareBazaar
SSDEEP,6144:r3jRW4oDJCXLCQ3F2+562xmvxUada6q9Q5qGPR5eLR37EA6z5FTgWDol6aWsrCAd:h13FN1mvKoWToWX4B66aWsm60E,24416f1ba0aadf933744db460c9bc1ea86f548b118aeffe128809f121b0e3f96,Mirai,eclipse.i586,elf,2026-10-06 05:54:32,MalwareBazaar
MD5,df241bd3374ab72337100903f4ee161e,ca14ad0344dc7216f6da29a5cbe4237d886cc5257e8c3a48fb4885a311c9b800,RustyStealer,ca14ad0344dc7216f6da29a5cbe4237d886cc5257e8c3a48fb4885a311c9b800.exe,exe,2026-10-06 05:51:43,MalwareBazaar
SHA-1,5fc2fc9f15d522d5ca88d99f4bbeb45884215cd6,ca14ad0344dc7216f6da29a5cbe4237d886cc5257e8c3a48fb4885a311c9b800,RustyStealer,ca14ad0344dc7216f6da29a5cbe4237d886cc5257e8c3a48fb4885a311c9b800.exe,exe,2026-10-06 05:51:43,MalwareBazaar
SHA-256,ca14ad0344dc7216f6da29a5cbe4237d886cc5257e8c3a48fb4885a311c9b800,ca14ad0344dc7216f6da29a5cbe4237d886cc5257e8c3a48fb4885a311c9b800,RustyStealer,ca14ad0344dc7216f6da29a5cbe4237d886cc5257e8c3a48fb4885a311c9b800.exe,exe,2026-10-06 05:51:43,MalwareBazaar
SHA3-384,240c51a09590b118a1c22243efba80bec238d8d6ec2fa9ee07266a4fc2e13ff1e66271fb4dea164ffd98922a67667130,ca14ad0344dc7216f6da29a5cbe4237d886cc5257e8c3a48fb4885a311c9b800,RustyStealer,ca14ad0344dc7216f6da29a5cbe4237d886cc5257e8c3a48fb4885a311c9b800.exe,exe,2026-10-06 05:51:43,MalwareBazaar
TLSH,T121063913F651A09EC16AC178835A6232F6B2B8C9073079FF5FD09B302E65ED0663D799,ca14ad0344dc7216f6da29a5cbe4237d886cc5257e8c3a48fb4885a311c9b800,RustyStealer,ca14ad0344dc7216f6da29a5cbe4237d886cc5257e8c3a48fb4885a311c9b800.exe,exe,2026-10-06 05:51:43,MalwareBazaar
SSDEEP,49152:kSk2I9aZxyzXVdj2V+9qv+Zvo43/Y/CMInIwoif/Ta4RIU6iGd+X:k+u4lvIQ6rO4m+Gu,ca14ad0344dc7216f6da29a5cbe4237d886cc5257e8c3a48fb4885a311c9b800,RustyStealer,ca14ad0344dc7216f6da29a5cbe4237d886cc5257e8c3a48fb4885a311c9b800.exe,exe,2026-10-06 05:51:43,MalwareBazaar
MD5,06967803198f1be4c67fbfc2d5176ce9,40e7e77aff603f4c2ef17b3bc8ea836e714d0734a1e5b946e52f95536ec5c91d,RustyStealer,2025-10-25_06967803198f1be4c67fbfc2d5176ce9_akira_luca-stealer_rusty-stealer.exe,exe,2026-10-06 05:50:08,MalwareBazaar
SHA-1,d5739e2d137f2e15b2cb2d28224adcb91127181a,40e7e77aff603f4c2ef17b3bc8ea836e714d0734a1e5b946e52f95536ec5c91d,RustyStealer,2025-10-25_06967803198f1be4c67fbfc2d5176ce9_akira_luca-stealer_rusty-stealer.exe,exe,2026-10-06 05:50:08,MalwareBazaar
SHA-256,40e7e77aff603f4c2ef17b3bc8ea836e714d0734a1e5b946e52f95536ec5c91d,40e7e77aff603f4c2ef17b3bc8ea836e714d0734a1e5b946e52f95536ec5c91d,RustyStealer,2025-10-25_06967803198f1be4c67fbfc2d5176ce9_akira_luca-stealer_rusty-stealer.exe,exe,2026-10-06 05:50:08,MalwareBazaar
SHA3-384,e2aa54ba4ad7c933210b97d69b0d5406266aa7f421fe9d78b5bf2d2303baa7e36ded12bfe69ecdcea72876e2d5b26f3f,40e7e77aff603f4c2ef17b3bc8ea836e714d0734a1e5b946e52f95536ec5c91d,RustyStealer,2025-10-25_06967803198f1be4c67fbfc2d5176ce9_akira_luca-stealer_rusty-stealer.exe,exe,2026-10-06 05:50:08,MalwareBazaar
IMPHASH,d93e2fabf2d8511e8483c0fd42a95661,40e7e77aff603f4c2ef17b3bc8ea836e714d0734a1e5b946e52f95536ec5c91d,RustyStealer,2025-10-25_06967803198f1be4c67fbfc2d5176ce9_akira_luca-stealer_rusty-stealer.exe,exe,2026-10-06 05:50:08,MalwareBazaar
TLSH,T134561816F25251EDC06DC174834A6232FA72BC8A47357AEF4BD08B212E65FE06F3D649,40e7e77aff603f4c2ef17b3bc8ea836e714d0734a1e5b946e52f95536ec5c91d,RustyStealer,2025-10-25_06967803198f1be4c67fbfc2d5176ce9_akira_luca-stealer_rusty-stealer.exe,exe,2026-10-06 05:50:08,MalwareBazaar
SSDEEP,49152:cPCAHnZedWZ46DtXMjQVEmYEBcSD8Vdg1t7SV17Eq11Uc2iVCab4Gd+4lVB1w9ap:zSeMMjr7U+V191pnv4OHuI9z4+x,40e7e77aff603f4c2ef17b3bc8ea836e714d0734a1e5b946e52f95536ec5c91d,RustyStealer,2025-10-25_06967803198f1be4c67fbfc2d5176ce9_akira_luca-stealer_rusty-stealer.exe,exe,2026-10-06 05:50:08,MalwareBazaar
MD5,d86eb45aad73ac88aa5de1e98d2fbc52,ff101756d6d494cc8f670ed6578f438cd520c05b8e27b74053d350afdf7e8a00,Mirai,eclipse.sh4,elf,2026-10-06 05:48:42,MalwareBazaar
SHA-1,88bccb808eb6bf9e07440fa987bc54610bd9ca8b,ff101756d6d494cc8f670ed6578f438cd520c05b8e27b74053d350afdf7e8a00,Mirai,eclipse.sh4,elf,2026-10-06 05:48:42,MalwareBazaar
SHA-256,ff101756d6d494cc8f670ed6578f438cd520c05b8e27b74053d350afdf7e8a00,ff101756d6d494cc8f670ed6578f438cd520c05b8e27b74053d350afdf7e8a00,Mirai,eclipse.sh4,elf,2026-10-06 05:48:42,MalwareBazaar
SHA3-384,d4dadb7075bddbc84a4ff6dd501b19b58d02fdd4faecd3f50c5fc7d1259db24cbaea20188528e98a9f9b03a11084b1cc,ff101756d6d494cc8f670ed6578f438cd520c05b8e27b74053d350afdf7e8a00,Mirai,eclipse.sh4,elf,2026-10-06 05:48:42,MalwareBazaar
TLSH,T1DEB46B22E836AF49C122E5B4F871CB781F527C6459472EE9E0A3DAB8C153DC9F6143B4,ff101756d6d494cc8f670ed6578f438cd520c05b8e27b74053d350afdf7e8a00,Mirai,eclipse.sh4,elf,2026-10-06 05:48:42,MalwareBazaar
SSDEEP,12288:2UOwgCQyHXWBRnuYNp5YLNly7ujfxSwbByEX9MJoD1TekXvYFt2Qcr:bOWQyYvklHjfxdByE/H41c,ff101756d6d494cc8f670ed6578f438cd520c05b8e27b74053d350afdf7e8a00,Mirai,eclipse.sh4,elf,2026-10-06 05:48:42,MalwareBazaar
MD5,3accdc63fc4ab2f3e84267da986083d7,38eef30c86f20c3edf76da715cea6028e01a29e47f614aadac0fff3e05a45804,Mirai,sshd,elf,2026-10-06 05:48:39,MalwareBazaar
SHA-1,a198785ca78be625b51b19c3a77d1a88872fc0f0,38eef30c86f20c3edf76da715cea6028e01a29e47f614aadac0fff3e05a45804,Mirai,sshd,elf,2026-10-06 05:48:39,MalwareBazaar
SHA-256,38eef30c86f20c3edf76da715cea6028e01a29e47f614aadac0fff3e05a45804,38eef30c86f20c3edf76da715cea6028e01a29e47f614aadac0fff3e05a45804,Mirai,sshd,elf,2026-10-06 05:48:39,MalwareBazaar
SHA3-384,98e7c4fdc8daa2238839668f59e1dbaaaa832a2172c73df734c49d7a98d5c2dc71c72fc83a72adccd3201643844c5666,38eef30c86f20c3edf76da715cea6028e01a29e47f614aadac0fff3e05a45804,Mirai,sshd,elf,2026-10-06 05:48:39,MalwareBazaar
TLSH,T1ED1428CCEA50471BC5E323BAE68A428F33334B74A397F31559ABEBB027C27595D21191,38eef30c86f20c3edf76da715cea6028e01a29e47f614aadac0fff3e05a45804,Mirai,sshd,elf,2026-10-06 05:48:39,MalwareBazaar
TELFHASH,t1e8213e0362bd8a296bb64a24ac7c03f115551a23a2813f70ef5ec2c0553704aa965daf,38eef30c86f20c3edf76da715cea6028e01a29e47f614aadac0fff3e05a45804,Mirai,sshd,elf,2026-10-06 05:48:39,MalwareBazaar
SSDEEP,6144:SXbsMa7pvG8+2qJcumTdM/9xWmy3CwZU2Sk2:SAMa7pvG80m1q/3Wmy3CGU2Sk2,38eef30c86f20c3edf76da715cea6028e01a29e47f614aadac0fff3e05a45804,Mirai,sshd,elf,2026-10-06 05:48:39,MalwareBazaar
MD5,01abd7dbc38746598ba633f31e269a3d,990b3aad88cb9453a0d2d83ce8c203259811e59f44dda1e720eb576c17c87177,Mirai,sshd,elf,2026-10-06 05:48:37,MalwareBazaar
SHA-1,21b7b94b4e68647210d80e98453691cc2a119b64,990b3aad88cb9453a0d2d83ce8c203259811e59f44dda1e720eb576c17c87177,Mirai,sshd,elf,2026-10-06 05:48:37,MalwareBazaar
SHA-256,990b3aad88cb9453a0d2d83ce8c203259811e59f44dda1e720eb576c17c87177,990b3aad88cb9453a0d2d83ce8c203259811e59f44dda1e720eb576c17c87177,Mirai,sshd,elf,2026-10-06 05:48:37,MalwareBazaar
SHA3-384,b6d9352078318c58fc13d9f3869ec2baef4031f35bbffe1e3bedbaaae65da251c937aa0aa76d69dc9381ad8ae6918602,990b3aad88cb9453a0d2d83ce8c203259811e59f44dda1e720eb576c17c87177,Mirai,sshd,elf,2026-10-06 05:48:37,MalwareBazaar
TLSH,T10E1429CCEA50475BC5E323BAE68A428F33334B74A397F31559ABEBB027C27595D21181,990b3aad88cb9453a0d2d83ce8c203259811e59f44dda1e720eb576c17c87177,Mirai,sshd,elf,2026-10-06 05:48:37,MalwareBazaar
TELFHASH,t1e8213e0362bd8a296bb64a24ac7c03f115551a23a2813f70ef5ec2c0553704aa965daf,990b3aad88cb9453a0d2d83ce8c203259811e59f44dda1e720eb576c17c87177,Mirai,sshd,elf,2026-10-06 05:48:37,MalwareBazaar
SSDEEP,6144:IOrbtBaJpPh/9PBnMzm+GM/9sPWmy3CwZU2Sk2:IOdBaJpPh/HM/n/uPWmy3CGU2Sk2,990b3aad88cb9453a0d2d83ce8c203259811e59f44dda1e720eb576c17c87177,Mirai,sshd,elf,2026-10-06 05:48:37,MalwareBazaar
MD5,f39428e918a2a717d60e0c09d38cc2a7,72b32fcc25135e62c64c1f00e24043f5d073844c71cffcbb29bcf28d1ff4c62a,Mirai,dissarch64,elf,2026-10-06 05:42:31,MalwareBazaar
SHA-1,e0d5ed048ad664d97d4e214d6fb8b637449284e0,72b32fcc25135e62c64c1f00e24043f5d073844c71cffcbb29bcf28d1ff4c62a,Mirai,dissarch64,elf,2026-10-06 05:42:31,MalwareBazaar
SHA-256,72b32fcc25135e62c64c1f00e24043f5d073844c71cffcbb29bcf28d1ff4c62a,72b32fcc25135e62c64c1f00e24043f5d073844c71cffcbb29bcf28d1ff4c62a,Mirai,dissarch64,elf,2026-10-06 05:42:31,MalwareBazaar
SHA3-384,c178b63f4fdf558f040ba6d63fe3f176bcb2fd91a2caef077b10b04aaf0a52f71a18bfcdc70dbf7b5974831fc701a7bd,72b32fcc25135e62c64c1f00e24043f5d073844c71cffcbb29bcf28d1ff4c62a,Mirai,dissarch64,elf,2026-10-06 05:42:31,MalwareBazaar
TLSH,T196D49E98BB8D7D43D3C7F33DCB8A8671322BB5E49352D2A23501425DE5C2EA9CBB4641,72b32fcc25135e62c64c1f00e24043f5d073844c71cffcbb29bcf28d1ff4c62a,Mirai,dissarch64,elf,2026-10-06 05:42:31,MalwareBazaar
SSDEEP,12288:JTFi/mP+ezec3Z8CG65PSAWtcQa4S3ZqNizD7OnOtQvbxs5ENify:J8Jaec3XDPSAWtcQdyqoDiZHg,72b32fcc25135e62c64c1f00e24043f5d073844c71cffcbb29bcf28d1ff4c62a,Mirai,dissarch64,elf,2026-10-06 05:42:31,MalwareBazaar
MD5,3aca8a0e2a1ce31cad826855ee3cebd8,f64e69b29a732cad6a023c77ba8dff6bd35fc0afef35364b367e6cd30f4b216b,Mirai,bash,elf,2026-10-06 05:42:29,MalwareBazaar
SHA-1,204d2a2f0fd3a78f19f03e52a0dab02752093d00,f64e69b29a732cad6a023c77ba8dff6bd35fc0afef35364b367e6cd30f4b216b,Mirai,bash,elf,2026-10-06 05:42:29,MalwareBazaar
SHA-256,f64e69b29a732cad6a023c77ba8dff6bd35fc0afef35364b367e6cd30f4b216b,f64e69b29a732cad6a023c77ba8dff6bd35fc0afef35364b367e6cd30f4b216b,Mirai,bash,elf,2026-10-06 05:42:29,MalwareBazaar
SHA3-384,bbd395b6832f076fe9e680067ccbdc5a295f13d2eaffbfb001ad746d39bb9c7ec520797be011ebbef5b94b96f37bce15,f64e69b29a732cad6a023c77ba8dff6bd35fc0afef35364b367e6cd30f4b216b,Mirai,bash,elf,2026-10-06 05:42:29,MalwareBazaar
TLSH,T11BB33ACDE740D577D58319B2D29787234072EA361A1ACA05F3DBFCB4AB25184B221BED,f64e69b29a732cad6a023c77ba8dff6bd35fc0afef35364b367e6cd30f4b216b,Mirai,bash,elf,2026-10-06 05:42:29,MalwareBazaar
TELFHASH,t136213542627d8e297fb24924acac07f11956152372407f70ff5ec1c4653b009b575d8f,f64e69b29a732cad6a023c77ba8dff6bd35fc0afef35364b367e6cd30f4b216b,Mirai,bash,elf,2026-10-06 05:42:29,MalwareBazaar
SSDEEP,3072:YHS9r0UVKOtvsad4m3KkXP+jZBHDaSo4XRZhSvn:9KOtvPxKC+1BHDaSo4XRZhSvn,f64e69b29a732cad6a023c77ba8dff6bd35fc0afef35364b367e6cd30f4b216b,Mirai,bash,elf,2026-10-06 05:42:29,MalwareBazaar
MD5,667411b8149c16741fc275199b41d598,3d6225afcf027c87fafefe4cd2649d30da0da4eeef0a167309437a8ad11a765d,RemcosRAT,goodthingsforme.hta,hta,2026-10-06 05:42:26,MalwareBazaar
SHA-1,33b8ba84b3dd88df16d597eccc401a139d5a0791,3d6225afcf027c87fafefe4cd2649d30da0da4eeef0a167309437a8ad11a765d,RemcosRAT,goodthingsforme.hta,hta,2026-10-06 05:42:26,MalwareBazaar
SHA-256,3d6225afcf027c87fafefe4cd2649d30da0da4eeef0a167309437a8ad11a765d,3d6225afcf027c87fafefe4cd2649d30da0da4eeef0a167309437a8ad11a765d,RemcosRAT,goodthingsforme.hta,hta,2026-10-06 05:42:26,MalwareBazaar
SHA3-384,277bb3ba1b884bc19346bc1b7acea229b02694281ed837a075e8c48551085e7e44e738fd703d2bbbcb19c2c0294adb13,3d6225afcf027c87fafefe4cd2649d30da0da4eeef0a167309437a8ad11a765d,RemcosRAT,goodthingsforme.hta,hta,2026-10-06 05:42:26,MalwareBazaar
TLSH,T150622E7E4B70F88CC77255BD61C8263A40EB55BBE1C7160AF4DC1077A3A82AC2CB9206,3d6225afcf027c87fafefe4cd2649d30da0da4eeef0a167309437a8ad11a765d,RemcosRAT,goodthingsforme.hta,hta,2026-10-06 05:42:26,MalwareBazaar
SSDEEP,48:3LbTci/k9bTciWNkdQT4d5gTc1Z8w/5bTcipqbTci06aR3kyRbTci/G:7bTci/6bTcisK5T5bTci8bTcicBbTciO,3d6225afcf027c87fafefe4cd2649d30da0da4eeef0a167309437a8ad11a765d,RemcosRAT,goodthingsforme.hta,hta,2026-10-06 05:42:26,MalwareBazaar
MD5,5e2ef33a0f149f056123160a01706b6e,85bbef10b9c34d871c3e88667b0f02b012bcb731a2f9778f204b4099c9845902,Mirai,kernal,elf,2026-10-06 05:36:37,MalwareBazaar
SHA-1,6c411bc221f4df832b6e206f3a8057d8cf99bc08,85bbef10b9c34d871c3e88667b0f02b012bcb731a2f9778f204b4099c9845902,Mirai,kernal,elf,2026-10-06 05:36:37,MalwareBazaar
SHA-256,85bbef10b9c34d871c3e88667b0f02b012bcb731a2f9778f204b4099c9845902,85bbef10b9c34d871c3e88667b0f02b012bcb731a2f9778f204b4099c9845902,Mirai,kernal,elf,2026-10-06 05:36:37,MalwareBazaar
SHA3-384,a1e98431b465f300b943db6d6a86cb96c2fbff4324f0e01f1aab3a08680f6163da6205de751a0be32eaefd76d3415c48,85bbef10b9c34d871c3e88667b0f02b012bcb731a2f9778f204b4099c9845902,Mirai,kernal,elf,2026-10-06 05:36:37,MalwareBazaar
TLSH,T1ACD309CEF801DE7AF50AA63AC4C30A17B270BB750A52D62172C7F96699371D43826FC5,85bbef10b9c34d871c3e88667b0f02b012bcb731a2f9778f204b4099c9845902,Mirai,kernal,elf,2026-10-06 05:36:37,MalwareBazaar
TELFHASH,t119212e42627e8e293ff249249cac07b129566522b2807f70ef6ec2c01537009b969d9f,85bbef10b9c34d871c3e88667b0f02b012bcb731a2f9778f204b4099c9845902,Mirai,kernal,elf,2026-10-06 05:36:37,MalwareBazaar
SSDEEP,3072:0sJuuKdUMSpCvoTjjm9I+19+ky2BjZQvD7JoYWBthL15:JuuMzSZfm9t1py2XQvD7JoYWBthL15,85bbef10b9c34d871c3e88667b0f02b012bcb731a2f9778f204b4099c9845902,Mirai,kernal,elf,2026-10-06 05:36:37,MalwareBazaar
MD5,bceaecb0c20dcaaaf2184d63e4b92ca7,c749b54ba8d032787dc4c990d63ceca1e43cdf49aed74775931ad3a73558cf0e,Gafgyt,telnet,elf,2026-10-06 05:36:35,MalwareBazaar
SHA-1,6ee3de4dd50cc934c0c59970f137df7527f79368,c749b54ba8d032787dc4c990d63ceca1e43cdf49aed74775931ad3a73558cf0e,Gafgyt,telnet,elf,2026-10-06 05:36:35,MalwareBazaar
SHA-256,c749b54ba8d032787dc4c990d63ceca1e43cdf49aed74775931ad3a73558cf0e,c749b54ba8d032787dc4c990d63ceca1e43cdf49aed74775931ad3a73558cf0e,Gafgyt,telnet,elf,2026-10-06 05:36:35,MalwareBazaar
SHA3-384,6a06f92fc780f690ade891f89d7f38a5f165264d95d9380a835888a3f38ce6d5dd99c154435f2bf6fea66d8c56bbde48,c749b54ba8d032787dc4c990d63ceca1e43cdf49aed74775931ad3a73558cf0e,Gafgyt,telnet,elf,2026-10-06 05:36:35,MalwareBazaar
TLSH,T1C3E3F4CCFD64476FC2C223BAF749428F37261A78979BF32159A7E9B02BC57481D28191,c749b54ba8d032787dc4c990d63ceca1e43cdf49aed74775931ad3a73558cf0e,Gafgyt,telnet,elf,2026-10-06 05:36:35,MalwareBazaar
TELFHASH,t119212e42627e8e293ff249249cac07b129566522b2807f70ef6ec2c01537009b969d9f,c749b54ba8d032787dc4c990d63ceca1e43cdf49aed74775931ad3a73558cf0e,Gafgyt,telnet,elf,2026-10-06 05:36:35,MalwareBazaar
SSDEEP,3072:kklR8BGM3+mgYwGMyaRgi8KGqiPc+k3WL7tX8h3GbF2lLothTpKkinzrVoyuz0DR:HzrV7S0YWBTcnExD6knQCquS5hA5,c749b54ba8d032787dc4c990d63ceca1e43cdf49aed74775931ad3a73558cf0e,Gafgyt,telnet,elf,2026-10-06 05:36:35,MalwareBazaar
MD5,5234a7ad6e8d22304397fdca1582ab8d,ee8808ee50e5e7828b168daa2c7063906132e36080fa7198e4baa77353ed372e,Mirai,systemd,elf,2026-10-06 05:36:33,MalwareBazaar
SHA-1,f7111d0feca89ed0a7ec6156dd880d4e0150db47,ee8808ee50e5e7828b168daa2c7063906132e36080fa7198e4baa77353ed372e,Mirai,systemd,elf,2026-10-06 05:36:33,MalwareBazaar
SHA-256,ee8808ee50e5e7828b168daa2c7063906132e36080fa7198e4baa77353ed372e,ee8808ee50e5e7828b168daa2c7063906132e36080fa7198e4baa77353ed372e,Mirai,systemd,elf,2026-10-06 05:36:33,MalwareBazaar
SHA3-384,4f0219ef8a2589eb8891a96676054070b058f2392f7f7ed2edf2d8ad75b6bf1c44ef310ac60c81d7bc93abfd63a966fa,ee8808ee50e5e7828b168daa2c7063906132e36080fa7198e4baa77353ed372e,Mirai,systemd,elf,2026-10-06 05:36:33,MalwareBazaar
TLSH,T108E3C4BFE7271E23C0C51071D2E30233A5B9D67438A9D797A9D3EC692F1A98034157EA,ee8808ee50e5e7828b168daa2c7063906132e36080fa7198e4baa77353ed372e,Mirai,systemd,elf,2026-10-06 05:36:33,MalwareBazaar
TELFHASH,t140210f4262798a192bf24a349cac0bb1195a652262907f70ef5ec2c01537019b969d9f,ee8808ee50e5e7828b168daa2c7063906132e36080fa7198e4baa77353ed372e,Mirai,systemd,elf,2026-10-06 05:36:33,MalwareBazaar
SSDEEP,3072:Q7BJ7+1c5NoN9CrMVt6YCDahJIY4BAhRE5:ur0Ou3bGDahJIY4BAhRE5,ee8808ee50e5e7828b168daa2c7063906132e36080fa7198e4baa77353ed372e,Mirai,systemd,elf,2026-10-06 05:36:33,MalwareBazaar
MD5,42cf786ce64658d7082ec01009e0491f,b9e000d1cdebfa6c3073cbddabcfe80095a8d20d85a4f092b7424298ebdfb709,Mirai,ntp,elf,2026-10-06 05:30:39,MalwareBazaar
SHA-1,15fa75c8d487b37fb930611c0d5d670297592a91,b9e000d1cdebfa6c3073cbddabcfe80095a8d20d85a4f092b7424298ebdfb709,Mirai,ntp,elf,2026-10-06 05:30:39,MalwareBazaar
SHA-256,b9e000d1cdebfa6c3073cbddabcfe80095a8d20d85a4f092b7424298ebdfb709,b9e000d1cdebfa6c3073cbddabcfe80095a8d20d85a4f092b7424298ebdfb709,Mirai,ntp,elf,2026-10-06 05:30:39,MalwareBazaar
SHA3-384,b2769d81f03b99080e05bdd30afcf7b5bb011770eb562370d8f8ff742e7990bdf460debb70e45ad298730759d4f5af51,b9e000d1cdebfa6c3073cbddabcfe80095a8d20d85a4f092b7424298ebdfb709,Mirai,ntp,elf,2026-10-06 05:30:39,MalwareBazaar
TLSH,T1470485ADEBA19EB7D80ECD3385994503108C957A02D9AB6FB2F6C518E787C4E08D3DD4,b9e000d1cdebfa6c3073cbddabcfe80095a8d20d85a4f092b7424298ebdfb709,Mirai,ntp,elf,2026-10-06 05:30:39,MalwareBazaar
TELFHASH,t119212e42627e8e293ff249249cac07b129566522b2807f70ef6ec2c01537009b969d9f,b9e000d1cdebfa6c3073cbddabcfe80095a8d20d85a4f092b7424298ebdfb709,Mirai,ntp,elf,2026-10-06 05:30:39,MalwareBazaar
SSDEEP,3072:5Jarjp2CnQOj7Udq/F/Xaad2nHXDKpSIeZ8tjTl5:5YjHnQOPUc9AHXDKpSIeZ8tjTl5,b9e000d1cdebfa6c3073cbddabcfe80095a8d20d85a4f092b7424298ebdfb709,Mirai,ntp,elf,2026-10-06 05:30:39,MalwareBazaar
MD5,1457fdd40f949a57a644aa681a925c7d,fbfc28b37223ffc003a3dfd0f36b6b60693a752ba9b1cea672d45de0bb2af408,unknown,fbfc28b37223ffc0.bin,zip,2026-10-06 05:25:44,MalwareBazaar
SHA-1,542b39aee5b71f56ada8e88f6209cc57112e0cb0,fbfc28b37223ffc003a3dfd0f36b6b60693a752ba9b1cea672d45de0bb2af408,unknown,fbfc28b37223ffc0.bin,zip,2026-10-06 05:25:44,MalwareBazaar
SHA-256,fbfc28b37223ffc003a3dfd0f36b6b60693a752ba9b1cea672d45de0bb2af408,fbfc28b37223ffc003a3dfd0f36b6b60693a752ba9b1cea672d45de0bb2af408,unknown,fbfc28b37223ffc0.bin,zip,2026-10-06 05:25:44,MalwareBazaar
SHA3-384,0529e5d1c9ee6d3df46f29e366b6c49a0aeace9b5da5d84a536f5408473e6c4447ac9729079916623e78096c70a978ca,fbfc28b37223ffc003a3dfd0f36b6b60693a752ba9b1cea672d45de0bb2af408,unknown,fbfc28b37223ffc0.bin,zip,2026-10-06 05:25:44,MalwareBazaar
TLSH,T1D27533075D6CE413FCB343744B8D63AACACD701A0D858A7B5E794261CD9BED80F1897A,fbfc28b37223ffc003a3dfd0f36b6b60693a752ba9b1cea672d45de0bb2af408,unknown,fbfc28b37223ffc0.bin,zip,2026-10-06 05:25:44,MalwareBazaar
SSDEEP,49152:EOqmeWI/MKTLCrnhb0KASE93dYiH53GWJd:EPmeWKTLCrnhb0KDE/Yq4ad,fbfc28b37223ffc003a3dfd0f36b6b60693a752ba9b1cea672d45de0bb2af408,unknown,fbfc28b37223ffc0.bin,zip,2026-10-06 05:25:44,MalwareBazaar
MD5,b5d0d3a13da4c88f2687f4a4e81f7fd4,e1aa09169b09da391dd69c0c9fc221a84049b82852bac82870203551bc50ddc2,unknown,e1aa09169b09da39.bin,zip,2026-10-06 05:25:36,MalwareBazaar
SHA-1,3fd71b0eda84e3cdc5b1f81765749f13c3e5f432,e1aa09169b09da391dd69c0c9fc221a84049b82852bac82870203551bc50ddc2,unknown,e1aa09169b09da39.bin,zip,2026-10-06 05:25:36,MalwareBazaar
SHA-256,e1aa09169b09da391dd69c0c9fc221a84049b82852bac82870203551bc50ddc2,e1aa09169b09da391dd69c0c9fc221a84049b82852bac82870203551bc50ddc2,unknown,e1aa09169b09da39.bin,zip,2026-10-06 05:25:36,MalwareBazaar
SHA3-384,7cbdf2d178eceb8a784aa6901a9a9295f6acec8a46e4d2cc929d6e1ad1c722bddb8a028cd67886e22a70882451e0b416,e1aa09169b09da391dd69c0c9fc221a84049b82852bac82870203551bc50ddc2,unknown,e1aa09169b09da39.bin,zip,2026-10-06 05:25:36,MalwareBazaar
TLSH,T132753303592C6813FCB342B4879DB3EACAC9702A4D45DA6B9D7553218D5FEC80E3CAB5,e1aa09169b09da391dd69c0c9fc221a84049b82852bac82870203551bc50ddc2,unknown,e1aa09169b09da39.bin,zip,2026-10-06 05:25:36,MalwareBazaar
SSDEEP,49152:Lx1l+mUwq7eeHbgZJp/0ccmgxrdKS7P30/:LxqmUweHbgZJp/0cbg/KaM/,e1aa09169b09da391dd69c0c9fc221a84049b82852bac82870203551bc50ddc2,unknown,e1aa09169b09da39.bin,zip,2026-10-06 05:25:36,MalwareBazaar
MD5,519edaeffc346a951e31a37e26a1130a,dcf0bd5b2f0f94822db58b5878b9b951e59917136a51158c1c83c633a6dc6dc3,unknown,dcf0bd5b2f0f9482.bin,zip,2026-10-06 05:25:27,MalwareBazaar
SHA-1,bdb05259900805b1bc6aff2c84bcf296fd5b7fe7,dcf0bd5b2f0f94822db58b5878b9b951e59917136a51158c1c83c633a6dc6dc3,unknown,dcf0bd5b2f0f9482.bin,zip,2026-10-06 05:25:27,MalwareBazaar
SHA-256,dcf0bd5b2f0f94822db58b5878b9b951e59917136a51158c1c83c633a6dc6dc3,dcf0bd5b2f0f94822db58b5878b9b951e59917136a51158c1c83c633a6dc6dc3,unknown,dcf0bd5b2f0f9482.bin,zip,2026-10-06 05:25:27,MalwareBazaar
SHA3-384,28b46774febcfe47560126c304ac121b06b87afa0880c0f53f6e148773ab24a8d751fc0e4c9c5055a42bb0012ad23102,dcf0bd5b2f0f94822db58b5878b9b951e59917136a51158c1c83c633a6dc6dc3,unknown,dcf0bd5b2f0f9482.bin,zip,2026-10-06 05:25:27,MalwareBazaar
TLSH,T190753307A56CE813FCA34274865D73EA96C9F0560C898A7B4E7993208D5FFD80E3C976,dcf0bd5b2f0f94822db58b5878b9b951e59917136a51158c1c83c633a6dc6dc3,unknown,dcf0bd5b2f0f9482.bin,zip,2026-10-06 05:25:27,MalwareBazaar
SSDEEP,49152:y+eYs6OSlmctZoBBPR0S0WqJZdeC953HWt+:rs6IctZoBBPR0SDqleQxq+,dcf0bd5b2f0f94822db58b5878b9b951e59917136a51158c1c83c633a6dc6dc3,unknown,dcf0bd5b2f0f9482.bin,zip,2026-10-06 05:25:27,MalwareBazaar
MD5,5887d9d7aefe645297fa1835e8195d7c,745d5630e55280ba4c78b4fdd6df8ff840bd8dc73dc60854f59a58fb283a4ab5,unknown,745d5630e55280ba.bin,zip,2026-10-06 05:25:18,MalwareBazaar
SHA-1,29497c6717b3edb066a9467bdf8aa517965e0958,745d5630e55280ba4c78b4fdd6df8ff840bd8dc73dc60854f59a58fb283a4ab5,unknown,745d5630e55280ba.bin,zip,2026-10-06 05:25:18,MalwareBazaar
SHA-256,745d5630e55280ba4c78b4fdd6df8ff840bd8dc73dc60854f59a58fb283a4ab5,745d5630e55280ba4c78b4fdd6df8ff840bd8dc73dc60854f59a58fb283a4ab5,unknown,745d5630e55280ba.bin,zip,2026-10-06 05:25:18,MalwareBazaar
SHA3-384,7dbf856718c185591dad42c77e678a4bdf3c434ac71ad0b4d0895bfe5b0f3663af01f3f2db81561a75958f7699716984,745d5630e55280ba4c78b4fdd6df8ff840bd8dc73dc60854f59a58fb283a4ab5,unknown,745d5630e55280ba.bin,zip,2026-10-06 05:25:18,MalwareBazaar
TLSH,T163753303995CF813FCB34374878D63EA8AC9705A4D859A7B5E7552218C9FFC40E2C5BA,745d5630e55280ba4c78b4fdd6df8ff840bd8dc73dc60854f59a58fb283a4ab5,unknown,745d5630e55280ba.bin,zip,2026-10-06 05:25:18,MalwareBazaar
SSDEEP,49152:W/uV8uMIwZ4U/Zs3BNX0W4IArpdgqx53oW/z:W/vuMuU/Zs3BNX0WVAbgYuYz,745d5630e55280ba4c78b4fdd6df8ff840bd8dc73dc60854f59a58fb283a4ab5,unknown,745d5630e55280ba.bin,zip,2026-10-06 05:25:18,MalwareBazaar
MD5,b7b25f33ca094b83a5249d050d6e2cad,3e5586f6993bed97ae83472729a872385ddfde061e3c9eed7fbdeb401b738fde,Gafgyt,telnet,elf,2026-10-06 05:25:17,MalwareBazaar
SHA-1,951558a9aedae04f65f675806f49fa8fb1c02c8a,3e5586f6993bed97ae83472729a872385ddfde061e3c9eed7fbdeb401b738fde,Gafgyt,telnet,elf,2026-10-06 05:25:17,MalwareBazaar
SHA-256,3e5586f6993bed97ae83472729a872385ddfde061e3c9eed7fbdeb401b738fde,3e5586f6993bed97ae83472729a872385ddfde061e3c9eed7fbdeb401b738fde,Gafgyt,telnet,elf,2026-10-06 05:25:17,MalwareBazaar
SHA3-384,eb721fbdc9995735dea20374c0943794590e3a85bad8eea008a86d2a80242a3f0373e5134ed11542317f27b377d1bad9,3e5586f6993bed97ae83472729a872385ddfde061e3c9eed7fbdeb401b738fde,Gafgyt,telnet,elf,2026-10-06 05:25:17,MalwareBazaar
TLSH,T117E3E5CCFD64476FC2D223BAF74A428F37261A789797F32159A7E9B02BC17481D28191,3e5586f6993bed97ae83472729a872385ddfde061e3c9eed7fbdeb401b738fde,Gafgyt,telnet,elf,2026-10-06 05:25:17,MalwareBazaar
TELFHASH,t119212e42627e8e293ff249249cac07b129566522b2807f70ef6ec2c01537009b969d9f,3e5586f6993bed97ae83472729a872385ddfde061e3c9eed7fbdeb401b738fde,Gafgyt,telnet,elf,2026-10-06 05:25:17,MalwareBazaar
SSDEEP,3072:qklR8BGM3+mgYwGMyZRgi8KGqiPc+k3WL7tX8h3GbF2lLothTpKkxnwjUly8CTlj:xnaUszTAYoicnaFD6knQCquS5hA5,3e5586f6993bed97ae83472729a872385ddfde061e3c9eed7fbdeb401b738fde,Gafgyt,telnet,elf,2026-10-06 05:25:17,MalwareBazaar
MD5,81c859e559ebdb756fd469b6140a5f8b,55f90e5edc574b5b39525859d07a4ff8ee14f8243948ae29ec93973087744a5a,unknown,55f90e5edc574b5b.bin,zip,2026-10-06 05:25:10,MalwareBazaar
SHA-1,73f9b6902068f555d7b27b1b0e25d32643a20122,55f90e5edc574b5b39525859d07a4ff8ee14f8243948ae29ec93973087744a5a,unknown,55f90e5edc574b5b.bin,zip,2026-10-06 05:25:10,MalwareBazaar
SHA-256,55f90e5edc574b5b39525859d07a4ff8ee14f8243948ae29ec93973087744a5a,55f90e5edc574b5b39525859d07a4ff8ee14f8243948ae29ec93973087744a5a,unknown,55f90e5edc574b5b.bin,zip,2026-10-06 05:25:10,MalwareBazaar
SHA3-384,e5706a5c305107cb5fa4f4843c27a4e3238382deb3195d8bde27acf6894ec965c89e2f47c495c61598575c8f8032a2ac,55f90e5edc574b5b39525859d07a4ff8ee14f8243948ae29ec93973087744a5a,unknown,55f90e5edc574b5b.bin,zip,2026-10-06 05:25:10,MalwareBazaar
TLSH,T15E753303696CA813FC7342744B8DB3EA89C9B01A0D859A7F1D7597218D5FFC84E389B9,55f90e5edc574b5b39525859d07a4ff8ee14f8243948ae29ec93973087744a5a,unknown,55f90e5edc574b5b.bin,zip,2026-10-06 05:25:10,MalwareBazaar
SSDEEP,49152:C5q+cSCl2yBnILTbD0cs4uFzdc0jr3lW5y:H+cgyBnILTbD0cJubcMZky,55f90e5edc574b5b39525859d07a4ff8ee14f8243948ae29ec93973087744a5a,unknown,55f90e5edc574b5b.bin,zip,2026-10-06 05:25:10,MalwareBazaar
MD5,581cb14d06c74898bf6e0e37f92bafef,fd2a80dc3d8012a9e1048215a440f43afbfc6d3652d1046e03508bb3bdff00f4,unknown,fd2a80dc3d8012a9.bin,zip,2026-10-06 05:25:01,MalwareBazaar
SHA-1,b5fba82477f28d9866f350e45302ba08d1c61849,fd2a80dc3d8012a9e1048215a440f43afbfc6d3652d1046e03508bb3bdff00f4,unknown,fd2a80dc3d8012a9.bin,zip,2026-10-06 05:25:01,MalwareBazaar
SHA-256,fd2a80dc3d8012a9e1048215a440f43afbfc6d3652d1046e03508bb3bdff00f4,fd2a80dc3d8012a9e1048215a440f43afbfc6d3652d1046e03508bb3bdff00f4,unknown,fd2a80dc3d8012a9.bin,zip,2026-10-06 05:25:01,MalwareBazaar
SHA3-384,1fd7065c352e29be30dff3ea13e09f109568dcfa72f8a5d3b4492d07ed8737f39d70f44efea9da2402565a871a623aec,fd2a80dc3d8012a9e1048215a440f43afbfc6d3652d1046e03508bb3bdff00f4,unknown,fd2a80dc3d8012a9.bin,zip,2026-10-06 05:25:01,MalwareBazaar
TLSH,T199753313996CA813FCB341744B4DA3FACAC5B01B09959A6B4D7987118D9FFC80E389F6,fd2a80dc3d8012a9e1048215a440f43afbfc6d3652d1046e03508bb3bdff00f4,unknown,fd2a80dc3d8012a9.bin,zip,2026-10-06 05:25:01,MalwareBazaar
SSDEEP,24576:/sPsVZ4GDkq41M6FlwEgKZUwIrntFZkWp0cjTXiepO3jECdHQPYDzfPrB3pfMAWF:E4aGoq41M8lF8TZpp0YSeQ37dwwft3qv,fd2a80dc3d8012a9e1048215a440f43afbfc6d3652d1046e03508bb3bdff00f4,unknown,fd2a80dc3d8012a9.bin,zip,2026-10-06 05:25:01,MalwareBazaar
MD5,3442d8ff804f0443e4e5aecb987acf46,e6e05636505b476ecb3159344274897ca52597441a63ee051e8223e9edb837e4,unknown,e6e05636505b476e.bin,zip,2026-10-06 05:24:52,MalwareBazaar
SHA-1,abd584181354874768071efd7706d71dcebdfd16,e6e05636505b476ecb3159344274897ca52597441a63ee051e8223e9edb837e4,unknown,e6e05636505b476e.bin,zip,2026-10-06 05:24:52,MalwareBazaar
SHA-256,e6e05636505b476ecb3159344274897ca52597441a63ee051e8223e9edb837e4,e6e05636505b476ecb3159344274897ca52597441a63ee051e8223e9edb837e4,unknown,e6e05636505b476e.bin,zip,2026-10-06 05:24:52,MalwareBazaar
SHA3-384,54644bc80e7f95a59beb38325d8d6ec90b27c2736ce50794f7ae3ba38d5ee9e17c1db6212ea2cc47216d3e1cd5b9ba48,e6e05636505b476ecb3159344274897ca52597441a63ee051e8223e9edb837e4,unknown,e6e05636505b476e.bin,zip,2026-10-06 05:24:52,MalwareBazaar
TLSH,T188753306696CE413FCB34275878DA2EA8AC9701B0D849F6B8D7587218D5FEC50E3C9B7,e6e05636505b476ecb3159344274897ca52597441a63ee051e8223e9edb837e4,unknown,e6e05636505b476e.bin,zip,2026-10-06 05:24:52,MalwareBazaar
SSDEEP,24576:nW2Vlo4DkkKLWkFRgEOKx0AMvrtdZAqn0cBJD6olejVsUd72zO9zfPdT3bNi+WB6:n24IkKLWyRvYzZxn0wOo0jndayBF3nV,e6e05636505b476ecb3159344274897ca52597441a63ee051e8223e9edb837e4,unknown,e6e05636505b476e.bin,zip,2026-10-06 05:24:52,MalwareBazaar
MD5,409bf8883817ad1dee7c490d4ea4145f,64d8fb286b66082ef57f080e5bfd24f641ca9ab0f16141eb69677207632ac553,Gafgyt,qv3.sh4,elf,2026-10-06 05:18:08,MalwareBazaar
SHA-1,19e6b4cbb03869cd43d30689557f6eae74454ace,64d8fb286b66082ef57f080e5bfd24f641ca9ab0f16141eb69677207632ac553,Gafgyt,qv3.sh4,elf,2026-10-06 05:18:08,MalwareBazaar
SHA-256,64d8fb286b66082ef57f080e5bfd24f641ca9ab0f16141eb69677207632ac553,64d8fb286b66082ef57f080e5bfd24f641ca9ab0f16141eb69677207632ac553,Gafgyt,qv3.sh4,elf,2026-10-06 05:18:08,MalwareBazaar
SHA3-384,6d3d7a003fac59ffc6bf5b6fbd952a154db175efba49e1042467eae009e755272511e14162e09a20c9fb02d11fbf7fc9,64d8fb286b66082ef57f080e5bfd24f641ca9ab0f16141eb69677207632ac553,Gafgyt,qv3.sh4,elf,2026-10-06 05:18:08,MalwareBazaar
TLSH,T1DF145B13A9A55F97C5866FB662A38B710753E8214B430F7AF62AE9F44603DCCF809374,64d8fb286b66082ef57f080e5bfd24f641ca9ab0f16141eb69677207632ac553,Gafgyt,qv3.sh4,elf,2026-10-06 05:18:08,MalwareBazaar
TELFHASH,t123712f49983c09d9af232c2968ac6bf35957e52a32e6bf19ff16ddc0044e429f148d1f,64d8fb286b66082ef57f080e5bfd24f641ca9ab0f16141eb69677207632ac553,Gafgyt,qv3.sh4,elf,2026-10-06 05:18:08,MalwareBazaar
SSDEEP,3072:N1x787iRz5o+GfnCPlIQWOFrS7pclKcaF4h4tlUtk/3PXPnlr41HY:57605o+wf5OFmp6Kh4h4tlUtk/3PXPnt,64d8fb286b66082ef57f080e5bfd24f641ca9ab0f16141eb69677207632ac553,Gafgyt,qv3.sh4,elf,2026-10-06 05:18:08,MalwareBazaar
MD5,553c023948d92bd6dc72f27204255fbb,9cefa49238c85632f4de8c3bc682cecb797c6308d76a3206aa8a64ef947c8285,Gafgyt,qv3.x86_64,elf,2026-10-06 05:18:07,MalwareBazaar
SHA-1,0a994b9af7749b40b8b32285cc6065b161ab6259,9cefa49238c85632f4de8c3bc682cecb797c6308d76a3206aa8a64ef947c8285,Gafgyt,qv3.x86_64,elf,2026-10-06 05:18:07,MalwareBazaar
SHA-256,9cefa49238c85632f4de8c3bc682cecb797c6308d76a3206aa8a64ef947c8285,9cefa49238c85632f4de8c3bc682cecb797c6308d76a3206aa8a64ef947c8285,Gafgyt,qv3.x86_64,elf,2026-10-06 05:18:07,MalwareBazaar
SHA3-384,657479686a9eb1e517c4289d01e6df6f3d0d3d75fa95482f6cf9a599957147662bdd5ab2ce5eebfcd736b1331e26d2b0,9cefa49238c85632f4de8c3bc682cecb797c6308d76a3206aa8a64ef947c8285,Gafgyt,qv3.x86_64,elf,2026-10-06 05:18:07,MalwareBazaar
TLSH,T1A4243B07B5D08DFBC4D6CBB417DB95618923F8291B32320BB794BDE92F4DA986E0D214,9cefa49238c85632f4de8c3bc682cecb797c6308d76a3206aa8a64ef947c8285,Gafgyt,qv3.x86_64,elf,2026-10-06 05:18:07,MalwareBazaar
TELFHASH,t12b812048983c09ddaf232c2968ac6bf35957e52a32e6bb19ff16ddc0044e429f548d1f,9cefa49238c85632f4de8c3bc682cecb797c6308d76a3206aa8a64ef947c8285,Gafgyt,qv3.x86_64,elf,2026-10-06 05:18:07,MalwareBazaar
SSDEEP,6144:qXQMV0PU4MUMkp7uUifXEQeLot+MM5j4Ja4bpKQzI4bHl:qXQMSU4M5kpyXE3hMM5j4Ja4bpKQzI4R,9cefa49238c85632f4de8c3bc682cecb797c6308d76a3206aa8a64ef947c8285,Gafgyt,qv3.x86_64,elf,2026-10-06 05:18:07,MalwareBazaar
MD5,15210be92035966e4a6864174eb3c9af,fca1b25147be9671daeb060decc08637ddae8a11ae9554ea7d155bbf9312e8c7,Mirai,qv3.powerpc-440fp,elf,2026-10-06 05:18:06,MalwareBazaar
SHA-1,4425a0734bd45c73f6d97be4847016436986a224,fca1b25147be9671daeb060decc08637ddae8a11ae9554ea7d155bbf9312e8c7,Mirai,qv3.powerpc-440fp,elf,2026-10-06 05:18:06,MalwareBazaar
SHA-256,fca1b25147be9671daeb060decc08637ddae8a11ae9554ea7d155bbf9312e8c7,fca1b25147be9671daeb060decc08637ddae8a11ae9554ea7d155bbf9312e8c7,Mirai,qv3.powerpc-440fp,elf,2026-10-06 05:18:06,MalwareBazaar
SHA3-384,7842282c91388e2696fa622bb814f204b6d0568ed8e94da915f091d04a447d64b6411a9746331b23ddcb78094f2cd091,fca1b25147be9671daeb060decc08637ddae8a11ae9554ea7d155bbf9312e8c7,Mirai,qv3.powerpc-440fp,elf,2026-10-06 05:18:06,MalwareBazaar
TLSH,T170144C02770D4B43D14B1DF02AF717F183A7A9112AE7E644F60EFE985772E71A40AB89,fca1b25147be9671daeb060decc08637ddae8a11ae9554ea7d155bbf9312e8c7,Mirai,qv3.powerpc-440fp,elf,2026-10-06 05:18:06,MalwareBazaar
TELFHASH,t18e712f49983c09d9ef232c2968ac6bf35957e52a32e6bb19ff16ddc0044e429f148d1f,fca1b25147be9671daeb060decc08637ddae8a11ae9554ea7d155bbf9312e8c7,Mirai,qv3.powerpc-440fp,elf,2026-10-06 05:18:06,MalwareBazaar
SSDEEP,6144:JEAWvuxA8EhvmS8I+NDYGd6IXUtj/3EXPtlr4uvk:Jwdx8I2DYU6IXUtj/3EXPtlr4uvk,fca1b25147be9671daeb060decc08637ddae8a11ae9554ea7d155bbf9312e8c7,Mirai,qv3.powerpc-440fp,elf,2026-10-06 05:18:06,MalwareBazaar
MD5,1511c9c7a59ad039a17a8bfc5c7baac0,3291832e507b4845e4ba3a2ab7dd48d86f2e189173913e1e3b17dceb598b19f0,Mirai,x86_64_dbg2,elf,2026-10-06 05:18:04,MalwareBazaar
SHA-1,96d6cdec23ef1b6ab94769d3ae6fa7eb2579622f,3291832e507b4845e4ba3a2ab7dd48d86f2e189173913e1e3b17dceb598b19f0,Mirai,x86_64_dbg2,elf,2026-10-06 05:18:04,MalwareBazaar
SHA-256,3291832e507b4845e4ba3a2ab7dd48d86f2e189173913e1e3b17dceb598b19f0,3291832e507b4845e4ba3a2ab7dd48d86f2e189173913e1e3b17dceb598b19f0,Mirai,x86_64_dbg2,elf,2026-10-06 05:18:04,MalwareBazaar
SHA3-384,dcb5e4bcf5f01c7ed907ec881a1f59413aaae82260079ef058a1226b74352cf3989fedb2794af5803c219e4905fd0a83,3291832e507b4845e4ba3a2ab7dd48d86f2e189173913e1e3b17dceb598b19f0,Mirai,x86_64_dbg2,elf,2026-10-06 05:18:04,MalwareBazaar
TLSH,T175D47D0779F094BEC8D6C0744B8B933A9D62F08A2239F58FB7C6AE817E19E50671D741,3291832e507b4845e4ba3a2ab7dd48d86f2e189173913e1e3b17dceb598b19f0,Mirai,x86_64_dbg2,elf,2026-10-06 05:18:04,MalwareBazaar
TELFHASH,t129f12f380875382971d7c662b703d2ac5d331e0989f575b4799278fdeedeac04cb9862,3291832e507b4845e4ba3a2ab7dd48d86f2e189173913e1e3b17dceb598b19f0,Mirai,x86_64_dbg2,elf,2026-10-06 05:18:04,MalwareBazaar
SSDEEP,12288:LQ9kwa5NHCG6nbSH7OuvzG7jJiU1OgvX0E:MGGcOgzw1V1v,3291832e507b4845e4ba3a2ab7dd48d86f2e189173913e1e3b17dceb598b19f0,Mirai,x86_64_dbg2,elf,2026-10-06 05:18:04,MalwareBazaar
MD5,7cf5d3297ad979790230e376e62fd51d,398e7b898e5ab11fc20f375d59714256e901d9ee243987ee738394b7c7f31f9b,Mirai,qv3.mipsel,elf,2026-10-06 05:18:03,MalwareBazaar
SHA-1,cd03541e16bd1795ab643f562a0e55f04e2a0506,398e7b898e5ab11fc20f375d59714256e901d9ee243987ee738394b7c7f31f9b,Mirai,qv3.mipsel,elf,2026-10-06 05:18:03,MalwareBazaar
SHA-256,398e7b898e5ab11fc20f375d59714256e901d9ee243987ee738394b7c7f31f9b,398e7b898e5ab11fc20f375d59714256e901d9ee243987ee738394b7c7f31f9b,Mirai,qv3.mipsel,elf,2026-10-06 05:18:03,MalwareBazaar
SHA3-384,1293dc99578811c8e54b44f363ba6e0fb8383a3e23a3b594c6015ea6b8332b24715966a569bc5dad16eaa191090044ba,398e7b898e5ab11fc20f375d59714256e901d9ee243987ee738394b7c7f31f9b,Mirai,qv3.mipsel,elf,2026-10-06 05:18:03,MalwareBazaar
TLSH,T1D054F7067B918EF7C89FCD3706F6861120CDF44721A5772B7678EB1CBA0A94F49938A4,398e7b898e5ab11fc20f375d59714256e901d9ee243987ee738394b7c7f31f9b,Mirai,qv3.mipsel,elf,2026-10-06 05:18:03,MalwareBazaar
TELFHASH,t1d6712f48983c09d9af232c2968ac6bf35957e52a32e6bb19ff16ddc0044e429f148d1f,398e7b898e5ab11fc20f375d59714256e901d9ee243987ee738394b7c7f31f9b,Mirai,qv3.mipsel,elf,2026-10-06 05:18:03,MalwareBazaar
SSDEEP,6144:NodlSwRLETQFuPYpDYANNFVFe+oOSongCzBYjAUW7gaQP:NWYUjYAHoOSongCzBYjAUW7gaQP,398e7b898e5ab11fc20f375d59714256e901d9ee243987ee738394b7c7f31f9b,Mirai,qv3.mipsel,elf,2026-10-06 05:18:03,MalwareBazaar
MD5,bc1b47b9fe768d59b0cb8b93278484d6,49353d406e1278fc08df5287398e4370d61df6702ce1920bf93633157caa0d02,Mirai,qv3.powerpc,elf,2026-10-06 05:18:02,MalwareBazaar
SHA-1,1c3474c953cc49ffb22cbcb05d4e5700c85776e6,49353d406e1278fc08df5287398e4370d61df6702ce1920bf93633157caa0d02,Mirai,qv3.powerpc,elf,2026-10-06 05:18:02,MalwareBazaar
SHA-256,49353d406e1278fc08df5287398e4370d61df6702ce1920bf93633157caa0d02,49353d406e1278fc08df5287398e4370d61df6702ce1920bf93633157caa0d02,Mirai,qv3.powerpc,elf,2026-10-06 05:18:02,MalwareBazaar
SHA3-384,e1e7407d614f8cac1ff709970d2f1fabf717d74ea6fbdd330180b0f2d46a08b33f25c805366899127c758d85c3b6c38a,49353d406e1278fc08df5287398e4370d61df6702ce1920bf93633157caa0d02,Mirai,qv3.powerpc,elf,2026-10-06 05:18:02,MalwareBazaar
TLSH,T158144B02771C0F43D1572DF02AF727F183EBE9512AA2A644F61EFE845372AB16449F89,49353d406e1278fc08df5287398e4370d61df6702ce1920bf93633157caa0d02,Mirai,qv3.powerpc,elf,2026-10-06 05:18:02,MalwareBazaar
TELFHASH,t18e712f49983c09d9ef232c2968ac6bf35957e52a32e6bb19ff16ddc0044e429f148d1f,49353d406e1278fc08df5287398e4370d61df6702ce1920bf93633157caa0d02,Mirai,qv3.powerpc,elf,2026-10-06 05:18:02,MalwareBazaar
SSDEEP,6144:kAWKe8yxer7zm4xplZT3NfM6IXUtj/3EXPtlr4uvk:Yr8PLx3ZT326IXUtj/3EXPtlr4uvk,49353d406e1278fc08df5287398e4370d61df6702ce1920bf93633157caa0d02,Mirai,qv3.powerpc,elf,2026-10-06 05:18:02,MalwareBazaar
MD5,eedbaef7b16d8b162776c069907a1a99,46834a2db453a397abc022e07ded5160d7025c6547306ad2fecbcf83d0b66da7,Mirai,qv3.mips,elf,2026-10-06 05:18:02,MalwareBazaar
SHA-1,43b16e27c8c2c331494e14e53e54714dbfbd6d0d,46834a2db453a397abc022e07ded5160d7025c6547306ad2fecbcf83d0b66da7,Mirai,qv3.mips,elf,2026-10-06 05:18:02,MalwareBazaar
SHA-256,46834a2db453a397abc022e07ded5160d7025c6547306ad2fecbcf83d0b66da7,46834a2db453a397abc022e07ded5160d7025c6547306ad2fecbcf83d0b66da7,Mirai,qv3.mips,elf,2026-10-06 05:18:02,MalwareBazaar
SHA3-384,5b5e4c229aa2592eec1f3732e91efa8d72a30eb21726d4c9e76a166ec8f0fa4ec05dce198086f4419ddd7089d5d856ff,46834a2db453a397abc022e07ded5160d7025c6547306ad2fecbcf83d0b66da7,Mirai,qv3.mips,elf,2026-10-06 05:18:02,MalwareBazaar
TLSH,T19744C91A3A21DFBFF568873047B38A3096D9769626E19746F25CD71C1F2028E680F7E4,46834a2db453a397abc022e07ded5160d7025c6547306ad2fecbcf83d0b66da7,Mirai,qv3.mips,elf,2026-10-06 05:18:02,MalwareBazaar
TELFHASH,t1d6712f48983c09d9af232c2968ac6bf35957e52a32e6bb19ff16ddc0044e429f148d1f,46834a2db453a397abc022e07ded5160d7025c6547306ad2fecbcf83d0b66da7,Mirai,qv3.mips,elf,2026-10-06 05:18:02,MalwareBazaar
SSDEEP,6144:iDuSW6cT61w/vgtNweuBOjongCzBYjAUW7gaQP:Xv63EOjongCzBYjAUW7gaQP,46834a2db453a397abc022e07ded5160d7025c6547306ad2fecbcf83d0b66da7,Mirai,qv3.mips,elf,2026-10-06 05:18:02,MalwareBazaar
MD5,17226b77a50571eaf3a0515aef6f35c3,b2cb7daa18f198bc809b674c168dc2ac16b3c0590a3c4d28c982d854ff5c709f,Mirai,qv3.i686,elf,2026-10-06 05:18:00,MalwareBazaar
SHA-1,7326b1501fa11ba53c82b065788b647715211797,b2cb7daa18f198bc809b674c168dc2ac16b3c0590a3c4d28c982d854ff5c709f,Mirai,qv3.i686,elf,2026-10-06 05:18:00,MalwareBazaar
SHA-256,b2cb7daa18f198bc809b674c168dc2ac16b3c0590a3c4d28c982d854ff5c709f,b2cb7daa18f198bc809b674c168dc2ac16b3c0590a3c4d28c982d854ff5c709f,Mirai,qv3.i686,elf,2026-10-06 05:18:00,MalwareBazaar
SHA3-384,fab77fefc544bfec322794359b1dd87eab026eaf5a777c179fb61c53091eced262a4c5f3d22d987b5c66e4c9ce8c805a,b2cb7daa18f198bc809b674c168dc2ac16b3c0590a3c4d28c982d854ff5c709f,Mirai,qv3.i686,elf,2026-10-06 05:18:00,MalwareBazaar
TLSH,T118044A01B646CAF3C4830FF512A75B750632E8265B2F9A49F36DBDF48E175C9B20A358,b2cb7daa18f198bc809b674c168dc2ac16b3c0590a3c4d28c982d854ff5c709f,Mirai,qv3.i686,elf,2026-10-06 05:18:00,MalwareBazaar
TELFHASH,t12f812048983c09ddaf232c2968ac6bf35957e52a32e6bb19ff16ddc0044e429f548d1f,b2cb7daa18f198bc809b674c168dc2ac16b3c0590a3c4d28c982d854ff5c709f,Mirai,qv3.i686,elf,2026-10-06 05:18:00,MalwareBazaar
SSDEEP,3072:qXNveUB1I27ghB3tdr2LgHqLBkOQ4ef5uDGQyVt/ZxaX5jby//OHK0lI4cHe:qXNp/IVHdrZHSBk0eRuAVtnaX5jby//s,b2cb7daa18f198bc809b674c168dc2ac16b3c0590a3c4d28c982d854ff5c709f,Mirai,qv3.i686,elf,2026-10-06 05:18:00,MalwareBazaar
MD5,81b9f8510f47c7558f48160ed62faa43,a878d1f030715dde9ddba0a5ed4de96760e7b9fe9dc4c550b6a57be62f90c042,Mirai,qv3.m68k,elf,2026-10-06 05:18:00,MalwareBazaar
SHA-1,5d6cf61421d39137f05d50446ff4b9f11f9025af,a878d1f030715dde9ddba0a5ed4de96760e7b9fe9dc4c550b6a57be62f90c042,Mirai,qv3.m68k,elf,2026-10-06 05:18:00,MalwareBazaar
SHA-256,a878d1f030715dde9ddba0a5ed4de96760e7b9fe9dc4c550b6a57be62f90c042,a878d1f030715dde9ddba0a5ed4de96760e7b9fe9dc4c550b6a57be62f90c042,Mirai,qv3.m68k,elf,2026-10-06 05:18:00,MalwareBazaar
SHA3-384,34a1df37ef651ecaa24ae38b28d3426252c35b6683d4d0e7ddbae084b475cab34724b3375f31b6a04b3e9a2774de6fb2,a878d1f030715dde9ddba0a5ed4de96760e7b9fe9dc4c550b6a57be62f90c042,Mirai,qv3.m68k,elf,2026-10-06 05:18:00,MalwareBazaar
TLSH,T1B7342A83F905DEB7F40AE73304D307357231FB6249531A22B21B797AAA3A3C4646AF45,a878d1f030715dde9ddba0a5ed4de96760e7b9fe9dc4c550b6a57be62f90c042,Mirai,qv3.m68k,elf,2026-10-06 05:18:00,MalwareBazaar
TELFHASH,t1c1712048983c05d9af232c2968ac6bf35857e52632e6bf19ff16ddc0044e429f158d1f,a878d1f030715dde9ddba0a5ed4de96760e7b9fe9dc4c550b6a57be62f90c042,Mirai,qv3.m68k,elf,2026-10-06 05:18:00,MalwareBazaar
SSDEEP,6144:CtiEdyHKk8hTjRLq1njLagjaRBYqZXjtj/3E4Ptzr4UHk:CtRtLdgjaRBtZXjtj/3E4Ptzr4UHk,a878d1f030715dde9ddba0a5ed4de96760e7b9fe9dc4c550b6a57be62f90c042,Mirai,qv3.m68k,elf,2026-10-06 05:18:00,MalwareBazaar
MD5,895bb26a73dfd4ca45c14734a3614bf3,fd536d4b570565c653d6a0273aa7441dc0e181ec9c346c1ffb7398605f2befa5,Mirai,qv3.i586,elf,2026-10-06 05:17:58,MalwareBazaar
SHA-1,0960f5043d970f42b6635e078ba92605652916f6,fd536d4b570565c653d6a0273aa7441dc0e181ec9c346c1ffb7398605f2befa5,Mirai,qv3.i586,elf,2026-10-06 05:17:58,MalwareBazaar
SHA-256,fd536d4b570565c653d6a0273aa7441dc0e181ec9c346c1ffb7398605f2befa5,fd536d4b570565c653d6a0273aa7441dc0e181ec9c346c1ffb7398605f2befa5,Mirai,qv3.i586,elf,2026-10-06 05:17:58,MalwareBazaar
SHA3-384,9bf95695c70b976b96434652fc6ffa6b7cbae1638b1f0c9d8e7bb526cb3e2e782957b28b16adf79ad4ae20d9afdc9128,fd536d4b570565c653d6a0273aa7441dc0e181ec9c346c1ffb7398605f2befa5,Mirai,qv3.i586,elf,2026-10-06 05:17:58,MalwareBazaar
TLSH,T183043946A656CAB3D4C30FB612A74B210633E83A1B2FDA45F32DBDB44E555D8F50932C,fd536d4b570565c653d6a0273aa7441dc0e181ec9c346c1ffb7398605f2befa5,Mirai,qv3.i586,elf,2026-10-06 05:17:58,MalwareBazaar
TELFHASH,t12f812048983c09ddaf232c2968ac6bf35957e52a32e6bb19ff16ddc0044e429f548d1f,fd536d4b570565c653d6a0273aa7441dc0e181ec9c346c1ffb7398605f2befa5,Mirai,qv3.i586,elf,2026-10-06 05:17:58,MalwareBazaar
SSDEEP,3072:baIBC6aMyu8dU7d2oS04/ue4F63Pyt1J2mgA+0jsTJgFrwt7Lej5jby//OHK0lIA:baIBCfkxM3Pdm3+0js29wt7Lej5jby/k,fd536d4b570565c653d6a0273aa7441dc0e181ec9c346c1ffb7398605f2befa5,Mirai,qv3.i586,elf,2026-10-06 05:17:58,MalwareBazaar
MD5,c6a07f9855621f15643dbd48da3edd79,9100760866770b6dd90dd38f84adfc39581b7264fc5d0b07b604f7c8eef45e32,Mirai,qv3.armv5l,elf,2026-10-06 05:17:58,MalwareBazaar
SHA-1,4ebf9d5e538c2be7090b55fb6bbc0a41dd0ea3bd,9100760866770b6dd90dd38f84adfc39581b7264fc5d0b07b604f7c8eef45e32,Mirai,qv3.armv5l,elf,2026-10-06 05:17:58,MalwareBazaar
SHA-256,9100760866770b6dd90dd38f84adfc39581b7264fc5d0b07b604f7c8eef45e32,9100760866770b6dd90dd38f84adfc39581b7264fc5d0b07b604f7c8eef45e32,Mirai,qv3.armv5l,elf,2026-10-06 05:17:58,MalwareBazaar
SHA3-384,6cf005148212980a9957391bd5b5e93d552ad33d5db473288b65e0b3244f397ef0a9a6f7cf99caa14a0e8166ca0139e0,9100760866770b6dd90dd38f84adfc39581b7264fc5d0b07b604f7c8eef45e32,Mirai,qv3.armv5l,elf,2026-10-06 05:17:58,MalwareBazaar
TLSH,T165240A01A9114F53C5C32BBBB79F469937326B25D7EB3302EA19BFB42F4668D0E29111,9100760866770b6dd90dd38f84adfc39581b7264fc5d0b07b604f7c8eef45e32,Mirai,qv3.armv5l,elf,2026-10-06 05:17:58,MalwareBazaar
TELFHASH,t1d6712f48983c09d9af232c2968ac6bf35957e52a32e6bb19ff16ddc0044e429f148d1f,9100760866770b6dd90dd38f84adfc39581b7264fc5d0b07b604f7c8eef45e32,Mirai,qv3.armv5l,elf,2026-10-06 05:17:58,MalwareBazaar
SSDEEP,6144:qw81N71/nu84N2BymGv2Fj8oNIULzee0aNSXjIjo+APPyVBOAmk:qwMFu84IFF4oNIULRNSXjIjo+APPyVBN,9100760866770b6dd90dd38f84adfc39581b7264fc5d0b07b604f7c8eef45e32,Mirai,qv3.armv5l,elf,2026-10-06 05:17:58,MalwareBazaar
MD5,86952950757a26908d0b4ddeee061224,217d7999cef414b8668a8ba9e34f92c6ed288a0cfeaa5b7765d372a27144a72f,Mirai,qv3.i486,elf,2026-10-06 05:17:57,MalwareBazaar
SHA-1,47e8c022c149847a803f4435dad1adb6f15c711e,217d7999cef414b8668a8ba9e34f92c6ed288a0cfeaa5b7765d372a27144a72f,Mirai,qv3.i486,elf,2026-10-06 05:17:57,MalwareBazaar
SHA-256,217d7999cef414b8668a8ba9e34f92c6ed288a0cfeaa5b7765d372a27144a72f,217d7999cef414b8668a8ba9e34f92c6ed288a0cfeaa5b7765d372a27144a72f,Mirai,qv3.i486,elf,2026-10-06 05:17:57,MalwareBazaar
SHA3-384,ee64a7975794fadf9e501e4f1b66d154cf84ffa83300af116d3c978fb2e7700b11b15f2ae99f135d2643ca4c3318d7c7,217d7999cef414b8668a8ba9e34f92c6ed288a0cfeaa5b7765d372a27144a72f,Mirai,qv3.i486,elf,2026-10-06 05:17:57,MalwareBazaar
TLSH,T1D1C36C86E753D4B2C4530B7012ABE7748631ECB2132B8E16E768FEF55E229C2B50971D,217d7999cef414b8668a8ba9e34f92c6ed288a0cfeaa5b7765d372a27144a72f,Mirai,qv3.i486,elf,2026-10-06 05:17:57,MalwareBazaar
TELFHASH,t118215f8c993c0a196aa33434ecbc27b0e60a8c72ee761f21cf18c340456e059910ee7f,217d7999cef414b8668a8ba9e34f92c6ed288a0cfeaa5b7765d372a27144a72f,Mirai,qv3.i486,elf,2026-10-06 05:17:57,MalwareBazaar
SSDEEP,1536:jwA3vya9mUst+IrwKg0MtUP31M/ZojMzHdkPHYPWs7wki7ruIfK14k/DRO8cff:jwIvH9mUssIrwKnqm9PYrslY4kDRO8cH,217d7999cef414b8668a8ba9e34f92c6ed288a0cfeaa5b7765d372a27144a72f,Mirai,qv3.i486,elf,2026-10-06 05:17:57,MalwareBazaar
MD5,32ac726dcdd6321e640376a9fcea2816,aeaf069709600b0bd2e9bb8b067845bf3155d2ddc9ac7fa4e54079f9c27b3207,Mirai,qv3.armv7l,elf,2026-10-06 05:17:57,MalwareBazaar
SHA-1,44c5f1e4583c6f6a5ba56e9bf0263cd319be4e2c,aeaf069709600b0bd2e9bb8b067845bf3155d2ddc9ac7fa4e54079f9c27b3207,Mirai,qv3.armv7l,elf,2026-10-06 05:17:57,MalwareBazaar
SHA-256,aeaf069709600b0bd2e9bb8b067845bf3155d2ddc9ac7fa4e54079f9c27b3207,aeaf069709600b0bd2e9bb8b067845bf3155d2ddc9ac7fa4e54079f9c27b3207,Mirai,qv3.armv7l,elf,2026-10-06 05:17:57,MalwareBazaar
SHA3-384,fae7e7f669f79d34d6cdabab56e47838b0a4d116f8591cf03fa8cd310a8b5e964a8c157e0546e21b6ee0b55c171b22c3,aeaf069709600b0bd2e9bb8b067845bf3155d2ddc9ac7fa4e54079f9c27b3207,Mirai,qv3.armv7l,elf,2026-10-06 05:17:57,MalwareBazaar
TLSH,T158342B05EA418F53C4D32BBAFB9B425173339764E7EB730695286BB43B8675E4F22102,aeaf069709600b0bd2e9bb8b067845bf3155d2ddc9ac7fa4e54079f9c27b3207,Mirai,qv3.armv7l,elf,2026-10-06 05:17:57,MalwareBazaar
TELFHASH,t140412d8a947c465a6a623c38de5c6bb2500b8b22a3527f21ff15d9c4681e042e818c3b,aeaf069709600b0bd2e9bb8b067845bf3155d2ddc9ac7fa4e54079f9c27b3207,Mirai,qv3.armv7l,elf,2026-10-06 05:17:57,MalwareBazaar
SSDEEP,6144:zIbt3Sxop5/GP3abjyT/YSSmLlJlsLXRLa0aNBsV/O/MmDo1a+DH:zutC2z/GP3aba/YSjjlsLXRLaRBc/7mo,aeaf069709600b0bd2e9bb8b067845bf3155d2ddc9ac7fa4e54079f9c27b3207,Mirai,qv3.armv7l,elf,2026-10-06 05:17:57,MalwareBazaar
MD5,39b667f4b1cc027948f3dfb354acc3b2,6a6e1647f6dd43d62c2957b3182d0792ba33c9585b68899b9cb987afdf809de9,Mirai,qv3.armv6l,elf,2026-10-06 05:17:57,MalwareBazaar
SHA-1,9494cee50adf07c4cac009b3520df3f3eeb22ee0,6a6e1647f6dd43d62c2957b3182d0792ba33c9585b68899b9cb987afdf809de9,Mirai,qv3.armv6l,elf,2026-10-06 05:17:57,MalwareBazaar
SHA-256,6a6e1647f6dd43d62c2957b3182d0792ba33c9585b68899b9cb987afdf809de9,6a6e1647f6dd43d62c2957b3182d0792ba33c9585b68899b9cb987afdf809de9,Mirai,qv3.armv6l,elf,2026-10-06 05:17:57,MalwareBazaar
SHA3-384,d77bd22ac97bc670ee913892c2e3cde519c45ee74eae3492601c3113d165487f437cfb7bb3bdc6f3725c317293209608,6a6e1647f6dd43d62c2957b3182d0792ba33c9585b68899b9cb987afdf809de9,Mirai,qv3.armv6l,elf,2026-10-06 05:17:57,MalwareBazaar
TLSH,T10F342A0295518E53C1C71B7ABB9F865537336B74D3DB3302AA18BFB42F4669E0E2E111,6a6e1647f6dd43d62c2957b3182d0792ba33c9585b68899b9cb987afdf809de9,Mirai,qv3.armv6l,elf,2026-10-06 05:17:57,MalwareBazaar
TELFHASH,t14a812f59943c09d9ef232c29acac6bf35547e52a22a6af28ff16ddc0044e429f548d1f,6a6e1647f6dd43d62c2957b3182d0792ba33c9585b68899b9cb987afdf809de9,Mirai,qv3.armv6l,elf,2026-10-06 05:17:57,MalwareBazaar
SSDEEP,6144:QPTn/4p8+vXsrroavnuc4DpaI9MeN5fsmyVOAZ7ZQu6aRqh:Qz/gnvX6oavnylaI9McKmyVOAZ7ZQu6b,6a6e1647f6dd43d62c2957b3182d0792ba33c9585b68899b9cb987afdf809de9,Mirai,qv3.armv6l,elf,2026-10-06 05:17:57,MalwareBazaar
MD5,a582f1d12b5f4097d23403554747e159,b4335ca4ea9bad4580a69c027775a3610d0d9a877f5b40fdc073d1183adf38c3,Mirai,qv3.armv4l,elf,2026-10-06 05:17:57,MalwareBazaar
SHA-1,c9945cb07b2b09ed7e63cf57915f1b461b4a2d12,b4335ca4ea9bad4580a69c027775a3610d0d9a877f5b40fdc073d1183adf38c3,Mirai,qv3.armv4l,elf,2026-10-06 05:17:57,MalwareBazaar
SHA-256,b4335ca4ea9bad4580a69c027775a3610d0d9a877f5b40fdc073d1183adf38c3,b4335ca4ea9bad4580a69c027775a3610d0d9a877f5b40fdc073d1183adf38c3,Mirai,qv3.armv4l,elf,2026-10-06 05:17:57,MalwareBazaar
SHA3-384,e83b9113438604e8203d5f76b718de6cbb0381faaaeb1cfab9e9f80ee6d0acabbe03a347c1fb53c275699a386caa9cd2,b4335ca4ea9bad4580a69c027775a3610d0d9a877f5b40fdc073d1183adf38c3,Mirai,qv3.armv4l,elf,2026-10-06 05:17:57,MalwareBazaar
TLSH,T12D24FA01A9104F53C5C32BBBB79F429837366B28D7EB7302EA15BFB42F4668D1E29151,b4335ca4ea9bad4580a69c027775a3610d0d9a877f5b40fdc073d1183adf38c3,Mirai,qv3.armv4l,elf,2026-10-06 05:17:57,MalwareBazaar
TELFHASH,t1d6712f48983c09d9af232c2968ac6bf35957e52a32e6bb19ff16ddc0044e429f148d1f,b4335ca4ea9bad4580a69c027775a3610d0d9a877f5b40fdc073d1183adf38c3,Mirai,qv3.armv4l,elf,2026-10-06 05:17:57,MalwareBazaar
SSDEEP,6144:LP8u1d89ag4CoB2EGjVltf9epehUdtpNbXjuWFStcXtoqV/3k:LPvPg41oHf9eRnNbXjuWFStcXtoqV/3k,b4335ca4ea9bad4580a69c027775a3610d0d9a877f5b40fdc073d1183adf38c3,Mirai,qv3.armv4l,elf,2026-10-06 05:17:57,MalwareBazaar
MD5,0a5f24d04c8b7e67e09b46b8f8aac120,a97c59b7a6045af9aa5e806d3ae1a4252e07dcd970c82958c8852f40e70730a1,Mirai,qv3.arc,elf,2026-10-06 05:17:57,MalwareBazaar
SHA-1,b403e73900ebe1bbb3dbc7d0d3dd40f5f58efd12,a97c59b7a6045af9aa5e806d3ae1a4252e07dcd970c82958c8852f40e70730a1,Mirai,qv3.arc,elf,2026-10-06 05:17:57,MalwareBazaar
SHA-256,a97c59b7a6045af9aa5e806d3ae1a4252e07dcd970c82958c8852f40e70730a1,a97c59b7a6045af9aa5e806d3ae1a4252e07dcd970c82958c8852f40e70730a1,Mirai,qv3.arc,elf,2026-10-06 05:17:57,MalwareBazaar
SHA3-384,6f9930e2c9d0c11967a826876294e59efaa41615b4a05b552783e4cdff7f8e002d00b4aeee4ec41cf560e8d5584ecbdb,a97c59b7a6045af9aa5e806d3ae1a4252e07dcd970c82958c8852f40e70730a1,Mirai,qv3.arc,elf,2026-10-06 05:17:57,MalwareBazaar
TLSH,T1BA64AE57FB068C66C19206F84ECB075D5373C0014F1ADBDB7A2C6A387E97A9EAC5A740,a97c59b7a6045af9aa5e806d3ae1a4252e07dcd970c82958c8852f40e70730a1,Mirai,qv3.arc,elf,2026-10-06 05:17:57,MalwareBazaar
TELFHASH,t14e414359d43c461d6b623c38ed5c6fb2900b8b22a7527f21ff19dac4682e006e81cd6f,a97c59b7a6045af9aa5e806d3ae1a4252e07dcd970c82958c8852f40e70730a1,Mirai,qv3.arc,elf,2026-10-06 05:17:57,MalwareBazaar
SSDEEP,6144:XCUZcK6KOP//Fyp1vDCwXtQ6+qAWFfMF5HmJR2cjJ:XCUZcXKo/YvGyZ+8umJR2cjJ,a97c59b7a6045af9aa5e806d3ae1a4252e07dcd970c82958c8852f40e70730a1,Mirai,qv3.arc,elf,2026-10-06 05:17:57,MalwareBazaar
MD5,2ec93199fdc0e7040baffec813b41665,8e5ee2064361cd9120243df601a425911819edfdb25ac0b136e3fdaaff06274c,Mirai,qv3-host,elf,2026-10-06 05:17:56,MalwareBazaar
SHA-1,954d2011914a8e3ce29349db029366685ffbfa3b,8e5ee2064361cd9120243df601a425911819edfdb25ac0b136e3fdaaff06274c,Mirai,qv3-host,elf,2026-10-06 05:17:56,MalwareBazaar
SHA-256,8e5ee2064361cd9120243df601a425911819edfdb25ac0b136e3fdaaff06274c,8e5ee2064361cd9120243df601a425911819edfdb25ac0b136e3fdaaff06274c,Mirai,qv3-host,elf,2026-10-06 05:17:56,MalwareBazaar
SHA3-384,19c6dd763f819de395cc9b249b026d3ff5b88c392e6dea0270520bbd85309c1856e9d8d254b72462af7b036302f32224,8e5ee2064361cd9120243df601a425911819edfdb25ac0b136e3fdaaff06274c,Mirai,qv3-host,elf,2026-10-06 05:17:56,MalwareBazaar
TLSH,T1C173190BF593597EC0A1C430479FE671F47278645733092BEA9097393D6AB248B2DF62,8e5ee2064361cd9120243df601a425911819edfdb25ac0b136e3fdaaff06274c,Mirai,qv3-host,elf,2026-10-06 05:17:56,MalwareBazaar
TELFHASH,t1c1e05585eabd8a1dc6f20a30ec6c0ba0a142691280231b21ef54ead0843f158f208d6f,8e5ee2064361cd9120243df601a425911819edfdb25ac0b136e3fdaaff06274c,Mirai,qv3-host,elf,2026-10-06 05:17:56,MalwareBazaar
SSDEEP,768:9DaeBOym6NyVsIxOXb/DIdA3af45dJFzZigQEXLHyvUYs7DmdTIRfOynPe:1asNyV0UdjQ5dJV7Hyvhs7qhryW,8e5ee2064361cd9120243df601a425911819edfdb25ac0b136e3fdaaff06274c,Mirai,qv3-host,elf,2026-10-06 05:17:56,MalwareBazaar
MD5,99088294d431c0b4b63269202dba2d00,ae5ce4d540d6decaca5aa836d2e53b5b1067a53c61a6df88c5498c7b04f0827a,WannaCry,ae5ce4d540d6decaca5aa836d2e53b5b1067a53c61a6df88c5498c7b04f0827a,exe,2026-10-06 05:16:08,MalwareBazaar
SHA-1,08932d441b67fef7577c8aed7a57a5b57e3ea9cb,ae5ce4d540d6decaca5aa836d2e53b5b1067a53c61a6df88c5498c7b04f0827a,WannaCry,ae5ce4d540d6decaca5aa836d2e53b5b1067a53c61a6df88c5498c7b04f0827a,exe,2026-10-06 05:16:08,MalwareBazaar
SHA-256,ae5ce4d540d6decaca5aa836d2e53b5b1067a53c61a6df88c5498c7b04f0827a,ae5ce4d540d6decaca5aa836d2e53b5b1067a53c61a6df88c5498c7b04f0827a,WannaCry,ae5ce4d540d6decaca5aa836d2e53b5b1067a53c61a6df88c5498c7b04f0827a,exe,2026-10-06 05:16:08,MalwareBazaar
SHA3-384,03deb2db5d600b9cca053307b9c2a34a7ec562c867cd30e9be96e2f2450c5b0ca870e811d432952da16b51d558499b44,ae5ce4d540d6decaca5aa836d2e53b5b1067a53c61a6df88c5498c7b04f0827a,WannaCry,ae5ce4d540d6decaca5aa836d2e53b5b1067a53c61a6df88c5498c7b04f0827a,exe,2026-10-06 05:16:08,MalwareBazaar
IMPHASH,0cdadfa1098d845dd3b4cf92625b5f04,ae5ce4d540d6decaca5aa836d2e53b5b1067a53c61a6df88c5498c7b04f0827a,WannaCry,ae5ce4d540d6decaca5aa836d2e53b5b1067a53c61a6df88c5498c7b04f0827a,exe,2026-10-06 05:16:08,MalwareBazaar
TLSH,T11236235E32BC91BCD007233594B78E26E6B37C5A22B99B0F4B4486761E03795AF64B13,ae5ce4d540d6decaca5aa836d2e53b5b1067a53c61a6df88c5498c7b04f0827a,WannaCry,ae5ce4d540d6decaca5aa836d2e53b5b1067a53c61a6df88c5498c7b04f0827a,exe,2026-10-06 05:16:08,MalwareBazaar
SSDEEP,24576:jbLgBbLgu4QhfdmMSirYbcMNgef0QeQjG/D8kIqRYoAdNLKz6626M+:jnsnoQqMSPbcBVQej/1INRx+,ae5ce4d540d6decaca5aa836d2e53b5b1067a53c61a6df88c5498c7b04f0827a,WannaCry,ae5ce4d540d6decaca5aa836d2e53b5b1067a53c61a6df88c5498c7b04f0827a,exe,2026-10-06 05:16:08,MalwareBazaar
MD5,c4bd600476305c5f2864cb47ac89ad6e,96f0ce2154f0402382d3e4d689810ae24efc756684b6d261f63dcd05338a97c4,Mirai,watchdogd,elf,2026-10-06 05:14:30,MalwareBazaar
SHA-1,799310df62026bc1edefb6a0d53a5ec59800b6b0,96f0ce2154f0402382d3e4d689810ae24efc756684b6d261f63dcd05338a97c4,Mirai,watchdogd,elf,2026-10-06 05:14:30,MalwareBazaar
SHA-256,96f0ce2154f0402382d3e4d689810ae24efc756684b6d261f63dcd05338a97c4,96f0ce2154f0402382d3e4d689810ae24efc756684b6d261f63dcd05338a97c4,Mirai,watchdogd,elf,2026-10-06 05:14:30,MalwareBazaar
SHA3-384,e457acbd14598e3e63a01cc524bcf845e7f16f71f69f2cf7822e8dfb36772794913ade5b1e6d19215ec01daa54f560e4,96f0ce2154f0402382d3e4d689810ae24efc756684b6d261f63dcd05338a97c4,Mirai,watchdogd,elf,2026-10-06 05:14:30,MalwareBazaar
TLSH,T172D308CFD4914EB6C055B975E9AA2533071AE4341B0FDA8660FBEAB0424F5DE700F6E8,96f0ce2154f0402382d3e4d689810ae24efc756684b6d261f63dcd05338a97c4,Mirai,watchdogd,elf,2026-10-06 05:14:30,MalwareBazaar
TELFHASH,t114212e42627e8e292ff249249cac07b129566522b2803f70ef5ec2c01537009b969d9f,96f0ce2154f0402382d3e4d689810ae24efc756684b6d261f63dcd05338a97c4,Mirai,watchdogd,elf,2026-10-06 05:14:30,MalwareBazaar
SSDEEP,3072:NOfgHjF188F/47sxodUc3Pws+R9uQV0jfDQJoYVfThLo5:JjF1T/4QLc4L9uCifDQJoYVfThLo5,96f0ce2154f0402382d3e4d689810ae24efc756684b6d261f63dcd05338a97c4,Mirai,watchdogd,elf,2026-10-06 05:14:30,MalwareBazaar
MD5,17fac60da43d2da1f1d1cabc770df771,5ce670cc00b899f305fa548f2f8b369935b85393c83d2ecabb3de90b74cfb7e9,Mirai,eclipse.i686,elf,2026-10-06 05:14:28,MalwareBazaar
SHA-1,3ab2cdd16d8e2325da79328456946d7c7d0d122a,5ce670cc00b899f305fa548f2f8b369935b85393c83d2ecabb3de90b74cfb7e9,Mirai,eclipse.i686,elf,2026-10-06 05:14:28,MalwareBazaar
SHA-256,5ce670cc00b899f305fa548f2f8b369935b85393c83d2ecabb3de90b74cfb7e9,5ce670cc00b899f305fa548f2f8b369935b85393c83d2ecabb3de90b74cfb7e9,Mirai,eclipse.i686,elf,2026-10-06 05:14:28,MalwareBazaar
SHA3-384,563066ce2269209865605544aa96ccc14f78c248a9599656e326dcfb37f5128af9977f5740e2ad1a28a3c4feb4782439,5ce670cc00b899f305fa548f2f8b369935b85393c83d2ecabb3de90b74cfb7e9,Mirai,eclipse.i686,elf,2026-10-06 05:14:28,MalwareBazaar
TLSH,T19AB47C02FB92CDB2D46200F112179F615A71EC361437E597E3E63DB8DA206D19B1A3BE,5ce670cc00b899f305fa548f2f8b369935b85393c83d2ecabb3de90b74cfb7e9,Mirai,eclipse.i686,elf,2026-10-06 05:14:28,MalwareBazaar
TELFHASH,t1244267732afe0ced63f09802870a1766de0ad67758e035b65af3159533b3e825ab4c35,5ce670cc00b899f305fa548f2f8b369935b85393c83d2ecabb3de90b74cfb7e9,Mirai,eclipse.i686,elf,2026-10-06 05:14:28,MalwareBazaar
SSDEEP,6144:4oa0SHWXrF2WRH7Ldtx5LkdRmkSXmtPRvu3JdltEqcordREr6+h89FTyHS35N:4QkWXB2WHtx5LkdAn3ogdRXvX,5ce670cc00b899f305fa548f2f8b369935b85393c83d2ecabb3de90b74cfb7e9,Mirai,eclipse.i686,elf,2026-10-06 05:14:28,MalwareBazaar
MD5,65134471b25da6826589abcfc9c42788,d962b904fc789b59367cf25adbb3b25f0ec9573d6949a32a703bbd07cfa38785,Mirai,ext4,elf,2026-10-06 05:14:26,MalwareBazaar
SHA-1,7e8c3de4a099eb3352079c496243cf37c89aa21b,d962b904fc789b59367cf25adbb3b25f0ec9573d6949a32a703bbd07cfa38785,Mirai,ext4,elf,2026-10-06 05:14:26,MalwareBazaar
SHA-256,d962b904fc789b59367cf25adbb3b25f0ec9573d6949a32a703bbd07cfa38785,d962b904fc789b59367cf25adbb3b25f0ec9573d6949a32a703bbd07cfa38785,Mirai,ext4,elf,2026-10-06 05:14:26,MalwareBazaar
SHA3-384,f27345f9954a869ef7cdcf6d495bb54871fa2af1b44873408ceb213f69f788d79118768cbe53ceb60a10862de9cf0cd9,d962b904fc789b59367cf25adbb3b25f0ec9573d6949a32a703bbd07cfa38785,Mirai,ext4,elf,2026-10-06 05:14:26,MalwareBazaar
TLSH,T116D33ADFDA1C0367C49B59B0EC6727F78798A9B01291D1C4A2CBEEC117726B42122FE5,d962b904fc789b59367cf25adbb3b25f0ec9573d6949a32a703bbd07cfa38785,Mirai,ext4,elf,2026-10-06 05:14:26,MalwareBazaar
TELFHASH,t146212142627d8e293ff249249c6c07b12956652272807f70ef6ec1c41537009b565d9f,d962b904fc789b59367cf25adbb3b25f0ec9573d6949a32a703bbd07cfa38785,Mirai,ext4,elf,2026-10-06 05:14:26,MalwareBazaar
SSDEEP,3072:m4ZoKTgdrpMqa42Nl36FFb5rZMY+11W0+DdkJoYWU7hL95:pZoKTgdd242Nl36FFbZZM/IDdkJoYWUl,d962b904fc789b59367cf25adbb3b25f0ec9573d6949a32a703bbd07cfa38785,Mirai,ext4,elf,2026-10-06 05:14:26,MalwareBazaar
MD5,27592d1116e36c5d4c6d2534bce370ac,ea717c55101838b52a3938721bb65c3fb155d92a8084eb0246d773a1b1abf5ed,Mirai,watchdogd,elf,2026-10-06 05:14:23,MalwareBazaar
SHA-1,bf92c787deb8306bfdcb8e62ac8c7100044b79a2,ea717c55101838b52a3938721bb65c3fb155d92a8084eb0246d773a1b1abf5ed,Mirai,watchdogd,elf,2026-10-06 05:14:23,MalwareBazaar
SHA-256,ea717c55101838b52a3938721bb65c3fb155d92a8084eb0246d773a1b1abf5ed,ea717c55101838b52a3938721bb65c3fb155d92a8084eb0246d773a1b1abf5ed,Mirai,watchdogd,elf,2026-10-06 05:14:23,MalwareBazaar
SHA3-384,485e2b1f594852719a2f20bc8452625634b2ab517101ff861baabb4c66f00da1e39ed272781e9505638243aa2813c156,ea717c55101838b52a3938721bb65c3fb155d92a8084eb0246d773a1b1abf5ed,Mirai,watchdogd,elf,2026-10-06 05:14:23,MalwareBazaar
TLSH,T1D6D308CFD8914EB6C145B975E9A62533071AF4344B0FDA8660FBEAB0424F4DE700E6E5,ea717c55101838b52a3938721bb65c3fb155d92a8084eb0246d773a1b1abf5ed,Mirai,watchdogd,elf,2026-10-06 05:14:23,MalwareBazaar
TELFHASH,t114212e42627e8e292ff249249cac07b129566522b2803f70ef5ec2c01537009b969d9f,ea717c55101838b52a3938721bb65c3fb155d92a8084eb0246d773a1b1abf5ed,Mirai,watchdogd,elf,2026-10-06 05:14:23,MalwareBazaar
SSDEEP,3072:Wu/gHjqeUV3hdrJod9+ubjf1ZIsV/7UcKkDQJoYVfThLo5:OjqB3hVK+o/I+XKkDQJoYVfThLo5,ea717c55101838b52a3938721bb65c3fb155d92a8084eb0246d773a1b1abf5ed,Mirai,watchdogd,elf,2026-10-06 05:14:23,MalwareBazaar
MD5,8c224bd3347c99685ac39d0322fbcde5,6d6520b0cc38c74a5c62c5d7e1adec832953d11819b7f8a8867a8b96439824cd,ConnectWise,support.client.exe,exe,2026-10-06 05:14:00,MalwareBazaar
SHA-1,8605caec14f4f253ca727d18b74db1df680dc526,6d6520b0cc38c74a5c62c5d7e1adec832953d11819b7f8a8867a8b96439824cd,ConnectWise,support.client.exe,exe,2026-10-06 05:14:00,MalwareBazaar
SHA-256,6d6520b0cc38c74a5c62c5d7e1adec832953d11819b7f8a8867a8b96439824cd,6d6520b0cc38c74a5c62c5d7e1adec832953d11819b7f8a8867a8b96439824cd,ConnectWise,support.client.exe,exe,2026-10-06 05:14:00,MalwareBazaar
SHA3-384,9c57c69677715f5a74ed19da1a357bc7efd041db6bf9cad42647c76c629aa25f330e364ce35b1e52a52444be671d134c,6d6520b0cc38c74a5c62c5d7e1adec832953d11819b7f8a8867a8b96439824cd,ConnectWise,support.client.exe,exe,2026-10-06 05:14:00,MalwareBazaar
IMPHASH,37d5c89163970dd3cc69230538a1b72b,6d6520b0cc38c74a5c62c5d7e1adec832953d11819b7f8a8867a8b96439824cd,ConnectWise,support.client.exe,exe,2026-10-06 05:14:00,MalwareBazaar
TLSH,T1EF836C43B5D18476E9720E3118B1D9B4593FBE210E648EAF7398422E0F351D19E3AE7B,6d6520b0cc38c74a5c62c5d7e1adec832953d11819b7f8a8867a8b96439824cd,ConnectWise,support.client.exe,exe,2026-10-06 05:14:00,MalwareBazaar
SSDEEP,1536:CxoG6KpY6Qi3yj2wyq4HwiMO10HVLCJRpsWr6cdaWPBJYYj70JpN:genkyfPAwiMq0RqRfbaWZJYYjwj,6d6520b0cc38c74a5c62c5d7e1adec832953d11819b7f8a8867a8b96439824cd,ConnectWise,support.client.exe,exe,2026-10-06 05:14:00,MalwareBazaar
MD5,afdd9d7685e2394ef444e693964f4095,9f5f8f8511aef45edbad68759852dde0c88cec07d2bcb0ac537121bc360ce367,ConnectWise,ScreenConnect.ClientSetup.exe,exe,2026-10-06 05:13:38,MalwareBazaar
SHA-1,ad3af134b34641f9abcaee4430b7458e938be573,9f5f8f8511aef45edbad68759852dde0c88cec07d2bcb0ac537121bc360ce367,ConnectWise,ScreenConnect.ClientSetup.exe,exe,2026-10-06 05:13:38,MalwareBazaar
SHA-256,9f5f8f8511aef45edbad68759852dde0c88cec07d2bcb0ac537121bc360ce367,9f5f8f8511aef45edbad68759852dde0c88cec07d2bcb0ac537121bc360ce367,ConnectWise,ScreenConnect.ClientSetup.exe,exe,2026-10-06 05:13:38,MalwareBazaar
SHA3-384,12d499d1be18ee79bdc46d259c89701db0be2feeb0086a48b2b16ed836f09384346b7902fe55c727aa193423742d315b,9f5f8f8511aef45edbad68759852dde0c88cec07d2bcb0ac537121bc360ce367,ConnectWise,ScreenConnect.ClientSetup.exe,exe,2026-10-06 05:13:38,MalwareBazaar
IMPHASH,9771ee6344923fa220489ab01239bdfd,9f5f8f8511aef45edbad68759852dde0c88cec07d2bcb0ac537121bc360ce367,ConnectWise,ScreenConnect.ClientSetup.exe,exe,2026-10-06 05:13:38,MalwareBazaar
TLSH,T1F146E111B3D695B6D1BF0678D87A52A96734BC049312CBBF5394B93D2E32BC04E32366,9f5f8f8511aef45edbad68759852dde0c88cec07d2bcb0ac537121bc360ce367,ConnectWise,ScreenConnect.ClientSetup.exe,exe,2026-10-06 05:13:38,MalwareBazaar
SSDEEP,98304:DzIus6efPUIdoaxcp8wy5c3trGOlkQ5DUOgJ9zl:DhfefPtHxcp9ym3nltDUJV,9f5f8f8511aef45edbad68759852dde0c88cec07d2bcb0ac537121bc360ce367,ConnectWise,ScreenConnect.ClientSetup.exe,exe,2026-10-06 05:13:38,MalwareBazaar
MD5,c0c6f6e0731a319cc92f90ca789dcc3d,e5c9ed91eb09773e30971c76bdff83f08be5ca5ae251ccb6addc72192a0b1529,ConnectWise,support.client.exe,exe,2026-10-06 05:13:36,MalwareBazaar
SHA-1,6dcdc64f2485722a41c40695daaf6892c2c9f7e8,e5c9ed91eb09773e30971c76bdff83f08be5ca5ae251ccb6addc72192a0b1529,ConnectWise,support.client.exe,exe,2026-10-06 05:13:36,MalwareBazaar
SHA-256,e5c9ed91eb09773e30971c76bdff83f08be5ca5ae251ccb6addc72192a0b1529,e5c9ed91eb09773e30971c76bdff83f08be5ca5ae251ccb6addc72192a0b1529,ConnectWise,support.client.exe,exe,2026-10-06 05:13:36,MalwareBazaar
SHA3-384,d05b3fa979708519bff2abfd16c8eeb2fdcb6f6c462888919db2fbdadebe57cb9ac3e776ca134d4e915d0a955a86f017,e5c9ed91eb09773e30971c76bdff83f08be5ca5ae251ccb6addc72192a0b1529,ConnectWise,support.client.exe,exe,2026-10-06 05:13:36,MalwareBazaar
IMPHASH,c2fe6927e1db8cf00400dbef9e5d35be,e5c9ed91eb09773e30971c76bdff83f08be5ca5ae251ccb6addc72192a0b1529,ConnectWise,support.client.exe,exe,2026-10-06 05:13:36,MalwareBazaar
TLSH,T13E647D11B9C48432C673383147B4E2B28DBDB8302D655B8F57A81D7A9F741D0EA29B6F,e5c9ed91eb09773e30971c76bdff83f08be5ca5ae251ccb6addc72192a0b1529,ConnectWise,support.client.exe,exe,2026-10-06 05:13:36,MalwareBazaar
SSDEEP,6144:amlfAgiw7Op5ryNkS7Z12wvtGVG3iVt8eZ1u2J/xFji9:p1iw7gryNkSV1hy1Z1u2JLu9,e5c9ed91eb09773e30971c76bdff83f08be5ca5ae251ccb6addc72192a0b1529,ConnectWise,support.client.exe,exe,2026-10-06 05:13:36,MalwareBazaar
MD5,852faedb0c41e199182939f654df20f4,45ac99a83d99879ba0cba10fce2f81f772f67e44ef3df726b4c074c2d7a5f230,Mirai,iran.arc,elf,2026-10-06 05:09:25,MalwareBazaar
SHA-1,bf35efde7fae9705235bc2c86817874cd93dc9ba,45ac99a83d99879ba0cba10fce2f81f772f67e44ef3df726b4c074c2d7a5f230,Mirai,iran.arc,elf,2026-10-06 05:09:25,MalwareBazaar
SHA-256,45ac99a83d99879ba0cba10fce2f81f772f67e44ef3df726b4c074c2d7a5f230,45ac99a83d99879ba0cba10fce2f81f772f67e44ef3df726b4c074c2d7a5f230,Mirai,iran.arc,elf,2026-10-06 05:09:25,MalwareBazaar
SHA3-384,08e25dc2bb8915259ab3ad25eeb08ca53764ea9db93c8e256fea22237a0aa46596b0bb3d90826f12ee9d05672d0fa9b1,45ac99a83d99879ba0cba10fce2f81f772f67e44ef3df726b4c074c2d7a5f230,Mirai,iran.arc,elf,2026-10-06 05:09:25,MalwareBazaar
TLSH,T169F3AF67B34B5050C4E44AF41BCF5BAD292721008E7B99E77C6E723A6A775CB28073E1,45ac99a83d99879ba0cba10fce2f81f772f67e44ef3df726b4c074c2d7a5f230,Mirai,iran.arc,elf,2026-10-06 05:09:25,MalwareBazaar
SSDEEP,3072:+xv5yfUhfN8RtoZnGhTNLhs7LTT+RCQX3XqbpygZCBrWOG4u5Ztq:+pEfUhfW3oMJLi7L+B3a9FCBrY4wtq,45ac99a83d99879ba0cba10fce2f81f772f67e44ef3df726b4c074c2d7a5f230,Mirai,iran.arc,elf,2026-10-06 05:09:25,MalwareBazaar
MD5,57a4d68b2c8b181aed6552b2a0b8968e,064885cd57b8afdb893b0fe5020543a81f6de69c4aab59598cfb943330814d89,Mirai,cat.sh,sh,2026-10-06 05:09:24,MalwareBazaar
SHA-1,24d29a05cdb2a478391c8e9d9fa6a341833b9f05,064885cd57b8afdb893b0fe5020543a81f6de69c4aab59598cfb943330814d89,Mirai,cat.sh,sh,2026-10-06 05:09:24,MalwareBazaar
SHA-256,064885cd57b8afdb893b0fe5020543a81f6de69c4aab59598cfb943330814d89,064885cd57b8afdb893b0fe5020543a81f6de69c4aab59598cfb943330814d89,Mirai,cat.sh,sh,2026-10-06 05:09:24,MalwareBazaar
SHA3-384,51f6447b731b09c52f04453fb0a402b3c36109a7edc751159d4d4f652a4f9ce80f0769e2175331afc9e0ba0baa3b8d7e,064885cd57b8afdb893b0fe5020543a81f6de69c4aab59598cfb943330814d89,Mirai,cat.sh,sh,2026-10-06 05:09:24,MalwareBazaar
TLSH,T1C93157C931706E718D8CCF4AB0E146E65647E5C9B2930AF2E4423DB9B9DDF40B415A35,064885cd57b8afdb893b0fe5020543a81f6de69c4aab59598cfb943330814d89,Mirai,cat.sh,sh,2026-10-06 05:09:24,MalwareBazaar
SSDEEP,12:5kfH0dt6h1NaKj/6lODOqUDUAfaMGfK1/k1ZNVbmVb1LBqNN0XN0KvtIz2e77XQz:+fEcFFNDyRuKJkVgc2X2MtKgCXcD,064885cd57b8afdb893b0fe5020543a81f6de69c4aab59598cfb943330814d89,Mirai,cat.sh,sh,2026-10-06 05:09:24,MalwareBazaar
MD5,d899a9c034976c6efde6d6f83fc7fb29,2d536e73ce5be5ecf4eba0c94c14fe9ed7272eab92fea0f9948c113830ad9fc5,Mirai,telnet.sh,sh,2026-10-06 05:09:23,MalwareBazaar
SHA-1,cc054a1cd6b05374fcbefe032caac8ac54ec5630,2d536e73ce5be5ecf4eba0c94c14fe9ed7272eab92fea0f9948c113830ad9fc5,Mirai,telnet.sh,sh,2026-10-06 05:09:23,MalwareBazaar
SHA-256,2d536e73ce5be5ecf4eba0c94c14fe9ed7272eab92fea0f9948c113830ad9fc5,2d536e73ce5be5ecf4eba0c94c14fe9ed7272eab92fea0f9948c113830ad9fc5,Mirai,telnet.sh,sh,2026-10-06 05:09:23,MalwareBazaar
SHA3-384,52c920ba0bd67c97911ef16ebaa5c883b611ed8cdac08117d3c2e511c6f3daa81545aab4164282fb5ef04a1e94dbc5b0,2d536e73ce5be5ecf4eba0c94c14fe9ed7272eab92fea0f9948c113830ad9fc5,Mirai,telnet.sh,sh,2026-10-06 05:09:23,MalwareBazaar
TLSH,T1A931038D22B07E71CD4DCF0AB0E542D6A647D5C8A2930AF2E4C23CB179D9F80B855A36,2d536e73ce5be5ecf4eba0c94c14fe9ed7272eab92fea0f9948c113830ad9fc5,Mirai,telnet.sh,sh,2026-10-06 05:09:23,MalwareBazaar
SSDEEP,12:5kfH0dthNaKG6lODOmJGfaiK1/k1YTVbmVb1LB9N0XN0Kvth2e77ZLB0CXwlv+CX:+fEtFwDzJ+KJkkgz2X2MtJZhe,2d536e73ce5be5ecf4eba0c94c14fe9ed7272eab92fea0f9948c113830ad9fc5,Mirai,telnet.sh,sh,2026-10-06 05:09:23,MalwareBazaar
MD5,cabc0156e6ebeb0e9abb2926ca999311,8f4c0563e9fd8901e1c6282740685c4521b877bb0e2bdfd792510672e2b007c9,Mirai,iran.aarch64,elf,2026-10-06 05:09:22,MalwareBazaar
SHA-1,2df58cdc0b3d45fddb86a79dd5e13de5a3c743f8,8f4c0563e9fd8901e1c6282740685c4521b877bb0e2bdfd792510672e2b007c9,Mirai,iran.aarch64,elf,2026-10-06 05:09:22,MalwareBazaar
SHA-256,8f4c0563e9fd8901e1c6282740685c4521b877bb0e2bdfd792510672e2b007c9,8f4c0563e9fd8901e1c6282740685c4521b877bb0e2bdfd792510672e2b007c9,Mirai,iran.aarch64,elf,2026-10-06 05:09:22,MalwareBazaar
SHA3-384,b9bbc41ddf7dccc8d97880f94b6d8ef92988179125492ceea8d1ae350569ae5c0b3af1252f5e2a64d08d11641480c6d1,8f4c0563e9fd8901e1c6282740685c4521b877bb0e2bdfd792510672e2b007c9,Mirai,iran.aarch64,elf,2026-10-06 05:09:22,MalwareBazaar
TLSH,T191246BA8BA0F6C01F2C3D3F8DE8C87E13A1735E3C7768971791212EDDAA39D95990512,8f4c0563e9fd8901e1c6282740685c4521b877bb0e2bdfd792510672e2b007c9,Mirai,iran.aarch64,elf,2026-10-06 05:09:22,MalwareBazaar
SSDEEP,3072:MwS1OScpwRz0maXCvz9P+HyC37HbKG9P9nKMhSzboqN3y:vuOScKRz0mayvhPIyu7HWwnKbzboq,8f4c0563e9fd8901e1c6282740685c4521b877bb0e2bdfd792510672e2b007c9,Mirai,iran.aarch64,elf,2026-10-06 05:09:22,MalwareBazaar
MD5,83bc1d1c89bbf9995bce4f2cb58ed2bb,1bb4fbf5df215757d7a6b1f9601515ec4e12a41c4d695e17898793db2e5b38a8,Mirai,iran.sh4,elf,2026-10-06 05:09:22,MalwareBazaar
SHA-1,8cad03474f2a12f1798f9c52ea2ce206d3d24b2d,1bb4fbf5df215757d7a6b1f9601515ec4e12a41c4d695e17898793db2e5b38a8,Mirai,iran.sh4,elf,2026-10-06 05:09:22,MalwareBazaar
SHA-256,1bb4fbf5df215757d7a6b1f9601515ec4e12a41c4d695e17898793db2e5b38a8,1bb4fbf5df215757d7a6b1f9601515ec4e12a41c4d695e17898793db2e5b38a8,Mirai,iran.sh4,elf,2026-10-06 05:09:22,MalwareBazaar
SHA3-384,d5fcf4f6592a2316eaa511f75097d106402b95935918a5f9d70b0329cc22a41dbf3d2ac18e3a3d1fa956cc6dd25d5a28,1bb4fbf5df215757d7a6b1f9601515ec4e12a41c4d695e17898793db2e5b38a8,Mirai,iran.sh4,elf,2026-10-06 05:09:22,MalwareBazaar
TLSH,T142D35BB3D825AF58C564E6B1B0318F781B939A6082471FBE19B7C6748087DCDF6163B8,1bb4fbf5df215757d7a6b1f9601515ec4e12a41c4d695e17898793db2e5b38a8,Mirai,iran.sh4,elf,2026-10-06 05:09:22,MalwareBazaar
SSDEEP,3072:5WbCJEddQ29RHrmP71xmbdspxYNWtrcVhQTv5:5WRjQuRHrmjebmo4trkQD5,1bb4fbf5df215757d7a6b1f9601515ec4e12a41c4d695e17898793db2e5b38a8,Mirai,iran.sh4,elf,2026-10-06 05:09:22,MalwareBazaar
MD5,5ab2d2fc9951294d511ce3b633524ffe,209844df102aea0ebb0c185029f2eaf8f89e9309bfdc1127594b1761519f89a6,Mirai,iran.armv4l,elf,2026-10-06 05:09:21,MalwareBazaar
SHA-1,af8e5c65894cdce3cca110d96f9573941d6704a4,209844df102aea0ebb0c185029f2eaf8f89e9309bfdc1127594b1761519f89a6,Mirai,iran.armv4l,elf,2026-10-06 05:09:21,MalwareBazaar
SHA-256,209844df102aea0ebb0c185029f2eaf8f89e9309bfdc1127594b1761519f89a6,209844df102aea0ebb0c185029f2eaf8f89e9309bfdc1127594b1761519f89a6,Mirai,iran.armv4l,elf,2026-10-06 05:09:21,MalwareBazaar
SHA3-384,7460d72788f16b7fa883d9b9d48f49f5bff6b52db6cc10bca1c936d981f6666145732ef068729057e041f3fcbef97cfd,209844df102aea0ebb0c185029f2eaf8f89e9309bfdc1127594b1761519f89a6,Mirai,iran.armv4l,elf,2026-10-06 05:09:21,MalwareBazaar
TLSH,T1CBF30745BD518B16C6D262BBFF4D428C7B2A1768D3EE31039D295F60378B96B0E3B142,209844df102aea0ebb0c185029f2eaf8f89e9309bfdc1127594b1761519f89a6,Mirai,iran.armv4l,elf,2026-10-06 05:09:21,MalwareBazaar
TELFHASH,t1af310428dfe919dc27d5454651dfb16e2f9e38481b052c41c25e6fcf81929e5b02c43a,209844df102aea0ebb0c185029f2eaf8f89e9309bfdc1127594b1761519f89a6,Mirai,iran.armv4l,elf,2026-10-06 05:09:21,MalwareBazaar
SSDEEP,3072:smpaNJnxpejYLmzYqNyB6wvk4JX1DRextqziQnS:smpaNJnxpejZVwB6wvxJX1teH+iQnS,209844df102aea0ebb0c185029f2eaf8f89e9309bfdc1127594b1761519f89a6,Mirai,iran.armv4l,elf,2026-10-06 05:09:21,MalwareBazaar
MD5,224bee7695185602e54729e98bcb952c,6ace19d81500192e18a25f9b42068e116c20f541ae51f49a1ac2638605081963,Mirai,iran.m68k,elf,2026-10-06 05:09:21,MalwareBazaar
SHA-1,003ed343574769de532285fc08b5719c69c51035,6ace19d81500192e18a25f9b42068e116c20f541ae51f49a1ac2638605081963,Mirai,iran.m68k,elf,2026-10-06 05:09:21,MalwareBazaar
SHA-256,6ace19d81500192e18a25f9b42068e116c20f541ae51f49a1ac2638605081963,6ace19d81500192e18a25f9b42068e116c20f541ae51f49a1ac2638605081963,Mirai,iran.m68k,elf,2026-10-06 05:09:21,MalwareBazaar
SHA3-384,3d8f716fa4ac81fcfd12afa3e2b9ca3c4a752a19c451f3dc3a7b7a3998f44988291fb3c5bcc3dc2ccf2fad66213b01bf,6ace19d81500192e18a25f9b42068e116c20f541ae51f49a1ac2638605081963,Mirai,iran.m68k,elf,2026-10-06 05:09:21,MalwareBazaar
TLSH,T1520429C7FD00DDBAF809E33748130809B130BBA254925A777257356FED3A295197BE8A,6ace19d81500192e18a25f9b42068e116c20f541ae51f49a1ac2638605081963,Mirai,iran.m68k,elf,2026-10-06 05:09:21,MalwareBazaar
SSDEEP,3072:T1ThtmVqwyJ3XjRcirf200yvcKd34FSkGD52RVRf4grVpjbiNLEy5cKNKB:Fwgx4yvjd34F7GD8V4g2LLPNKB,6ace19d81500192e18a25f9b42068e116c20f541ae51f49a1ac2638605081963,Mirai,iran.m68k,elf,2026-10-06 05:09:21,MalwareBazaar
MD5,81034c4932e93dad81b0303d6f1d181e,b22e4c920695bb35526ff1173f8a8344190576228af1791d941c54ca60fc01e3,Mirai,iran.armv6l,elf,2026-10-06 05:09:21,MalwareBazaar
SHA-1,4aef02ee98f4e517cff80ece28b90c2a0caab841,b22e4c920695bb35526ff1173f8a8344190576228af1791d941c54ca60fc01e3,Mirai,iran.armv6l,elf,2026-10-06 05:09:21,MalwareBazaar
SHA-256,b22e4c920695bb35526ff1173f8a8344190576228af1791d941c54ca60fc01e3,b22e4c920695bb35526ff1173f8a8344190576228af1791d941c54ca60fc01e3,Mirai,iran.armv6l,elf,2026-10-06 05:09:21,MalwareBazaar
SHA3-384,41a8a318a883ef92692e0c602ae57e9380948e7e700c868708c1c8401faaec94cc561fd7b6d9287bb2c9340032748ec6,b22e4c920695bb35526ff1173f8a8344190576228af1791d941c54ca60fc01e3,Mirai,iran.armv6l,elf,2026-10-06 05:09:21,MalwareBazaar
TLSH,T1EEF31A56F9819B11C5C156BAFF0E528D73231B78E3DE72129E246B347B8A87B0E3B015,b22e4c920695bb35526ff1173f8a8344190576228af1791d941c54ca60fc01e3,Mirai,iran.armv6l,elf,2026-10-06 05:09:21,MalwareBazaar
TELFHASH,t1fd214539ef4548dde7e66575909f75356ac834e12f1124618d6ee70e47138c1343e826,b22e4c920695bb35526ff1173f8a8344190576228af1791d941c54ca60fc01e3,Mirai,iran.armv6l,elf,2026-10-06 05:09:21,MalwareBazaar
SSDEEP,3072:Oo0R0M1GwnMVyH8VMFU79wfmPtK93ura4hCG3yx67uk6nD2c62+hLz:Oo0R0M1GwnMVW+MFwCOPtU3oaKCMl7uu,b22e4c920695bb35526ff1173f8a8344190576228af1791d941c54ca60fc01e3,Mirai,iran.armv6l,elf,2026-10-06 05:09:21,MalwareBazaar
MD5,2be8d6396c1563f1e61f8a8e6107581f,4d980590fdc794458e66ecde82b683e0b2b057811de970befa53c8ccb5c44b05,Mirai,iran.powerpc,elf,2026-10-06 05:09:21,MalwareBazaar
SHA-1,c3dad37d3b2336e8b800d5a3f373d7604a97352b,4d980590fdc794458e66ecde82b683e0b2b057811de970befa53c8ccb5c44b05,Mirai,iran.powerpc,elf,2026-10-06 05:09:21,MalwareBazaar
SHA-256,4d980590fdc794458e66ecde82b683e0b2b057811de970befa53c8ccb5c44b05,4d980590fdc794458e66ecde82b683e0b2b057811de970befa53c8ccb5c44b05,Mirai,iran.powerpc,elf,2026-10-06 05:09:21,MalwareBazaar
SHA3-384,7c19f3b5879e4c5d6f4f3e30d9cc5c9f61efce7fc620800cb83fb9f5a8a9389e5856bd21b8fc94f7f2e80e7df1776386,4d980590fdc794458e66ecde82b683e0b2b057811de970befa53c8ccb5c44b05,Mirai,iran.powerpc,elf,2026-10-06 05:09:21,MalwareBazaar
TLSH,T1A5F33B06B30D0947E2672EF43B3B27D1D3DF9A9121F4E744251FAA8A9172D32158ADCE,4d980590fdc794458e66ecde82b683e0b2b057811de970befa53c8ccb5c44b05,Mirai,iran.powerpc,elf,2026-10-06 05:09:21,MalwareBazaar
SSDEEP,3072:0v9PHxzwpHQxWFrctE3u6LVFq3tpvx6GIW:01PHkQxArcmu6LV03XwGIW,4d980590fdc794458e66ecde82b683e0b2b057811de970befa53c8ccb5c44b05,Mirai,iran.powerpc,elf,2026-10-06 05:09:21,MalwareBazaar
MD5,f8b45c0ff231a7bec1ff3a2dc4ea7b38,6b2171ad66224954ed1845a46ea6aa8f047304957f3e8e514bdeee6abf5139e8,Mirai,iran.armv7l,elf,2026-10-06 05:09:20,MalwareBazaar
SHA-1,51e386536b8d0311fef5e5d9d3a93301cc4395df,6b2171ad66224954ed1845a46ea6aa8f047304957f3e8e514bdeee6abf5139e8,Mirai,iran.armv7l,elf,2026-10-06 05:09:20,MalwareBazaar
SHA-256,6b2171ad66224954ed1845a46ea6aa8f047304957f3e8e514bdeee6abf5139e8,6b2171ad66224954ed1845a46ea6aa8f047304957f3e8e514bdeee6abf5139e8,Mirai,iran.armv7l,elf,2026-10-06 05:09:20,MalwareBazaar
SHA3-384,fe7ffc6eb22ec1da3b765c7c1b82530dcb5c8e4e95974af02ca597119cdb1cbd96129e470d3d3000f8aa87c6b85b90b2,6b2171ad66224954ed1845a46ea6aa8f047304957f3e8e514bdeee6abf5139e8,Mirai,iran.armv7l,elf,2026-10-06 05:09:20,MalwareBazaar
TLSH,T10FE30749ED42AB00D5D636FAFE4E428973535B6CE3FE71129E245B2127CA92B0F7B101,6b2171ad66224954ed1845a46ea6aa8f047304957f3e8e514bdeee6abf5139e8,Mirai,iran.armv7l,elf,2026-10-06 05:09:20,MalwareBazaar
TELFHASH,t1f6212004df984eaca7f480b9d1a8ba2b76dd3155391024678a7d9c8f9d136c3f428c0f,6b2171ad66224954ed1845a46ea6aa8f047304957f3e8e514bdeee6abf5139e8,Mirai,iran.armv7l,elf,2026-10-06 05:09:20,MalwareBazaar
SSDEEP,3072:6nZpD+/4jw0P0GmyvC/frevbzQpgMCa5bo0nIQc0r9vI2mmCULXJWcVq0:6nZpD+/4jw0PtfvCazzQvCalfnIQc0rJ,6b2171ad66224954ed1845a46ea6aa8f047304957f3e8e514bdeee6abf5139e8,Mirai,iran.armv7l,elf,2026-10-06 05:09:20,MalwareBazaar
MD5,86821726e7ac79e6f6ae202498166a51,7e47c19f82d8a932da2ec9bd42d7b815a05bf4be9ae0e512544fdbfce5f930b8,Mirai,iran.armv5l,elf,2026-10-06 05:09:20,MalwareBazaar
SHA-1,4eda7fb07bce6ae74ee055e42f17c63e8347f263,7e47c19f82d8a932da2ec9bd42d7b815a05bf4be9ae0e512544fdbfce5f930b8,Mirai,iran.armv5l,elf,2026-10-06 05:09:20,MalwareBazaar
SHA-256,7e47c19f82d8a932da2ec9bd42d7b815a05bf4be9ae0e512544fdbfce5f930b8,7e47c19f82d8a932da2ec9bd42d7b815a05bf4be9ae0e512544fdbfce5f930b8,Mirai,iran.armv5l,elf,2026-10-06 05:09:20,MalwareBazaar
SHA3-384,de4b0865cfff063452236f64bcc6e345379d2d5c58e3ff36ede1783990c4c53ce7fef3e811a7fa99a0f31bdcbfaad447,7e47c19f82d8a932da2ec9bd42d7b815a05bf4be9ae0e512544fdbfce5f930b8,Mirai,iran.armv5l,elf,2026-10-06 05:09:20,MalwareBazaar
TLSH,T173E30845FC518B16C6C662BBFF4E428D772A5768D3EE320399256F20378B96B0E3B141,7e47c19f82d8a932da2ec9bd42d7b815a05bf4be9ae0e512544fdbfce5f930b8,Mirai,iran.armv5l,elf,2026-10-06 05:09:20,MalwareBazaar
TELFHASH,t14311dc21ea9c0cd92bd5646941bf346f1a6a30c03b0d2883aa7d9ecfc4838eaa115d19,7e47c19f82d8a932da2ec9bd42d7b815a05bf4be9ae0e512544fdbfce5f930b8,Mirai,iran.armv5l,elf,2026-10-06 05:09:20,MalwareBazaar
SSDEEP,3072:3OtstuCDxzd93OBDZf9Qq94cZwiSXUtgKh8J7/8ZMEh+8:3+stuCDxzd9WFfDCcZwiAUtgKqJIZHhD,7e47c19f82d8a932da2ec9bd42d7b815a05bf4be9ae0e512544fdbfce5f930b8,Mirai,iran.armv5l,elf,2026-10-06 05:09:20,MalwareBazaar
MD5,1b7b383a457eb3c0f8811ed4d52a0bf1,e09fe1bcfefb15f916979a7bb04a1a570ed999e2e751f7d80266502727e2b6b2,Mirai,iran.i486,elf,2026-10-06 05:09:19,MalwareBazaar
SHA-1,0db3ade910d8a8d7ddd157e7f06f64bebc395e56,e09fe1bcfefb15f916979a7bb04a1a570ed999e2e751f7d80266502727e2b6b2,Mirai,iran.i486,elf,2026-10-06 05:09:19,MalwareBazaar
SHA-256,e09fe1bcfefb15f916979a7bb04a1a570ed999e2e751f7d80266502727e2b6b2,e09fe1bcfefb15f916979a7bb04a1a570ed999e2e751f7d80266502727e2b6b2,Mirai,iran.i486,elf,2026-10-06 05:09:19,MalwareBazaar
SHA3-384,793d650c19f008d1b56503cbd858edde8397a7cf87f103efcfdc36df48d57f99f47399a31896fa1a648b0e3da3a28297,e09fe1bcfefb15f916979a7bb04a1a570ed999e2e751f7d80266502727e2b6b2,Mirai,iran.i486,elf,2026-10-06 05:09:19,MalwareBazaar
TLSH,T15AA34C86FB93E0F0D94605B1111FF77D9634EE625024DE5AEBD4BEB2AD32602921B31C,e09fe1bcfefb15f916979a7bb04a1a570ed999e2e751f7d80266502727e2b6b2,Mirai,iran.i486,elf,2026-10-06 05:09:19,MalwareBazaar
TELFHASH,t1be41e7fa5aed19dc97d08900e28e6fa15e0ca63f341137f647f16019236378156a7c3d,e09fe1bcfefb15f916979a7bb04a1a570ed999e2e751f7d80266502727e2b6b2,Mirai,iran.i486,elf,2026-10-06 05:09:19,MalwareBazaar
SSDEEP,1536:rw1BTbdc0hDtZx6O/0c3Ra/oLDQ9VPJU3310vntiZvnwl7/4qKU7ysY7r:qq09tZxac3A/oLDYiClSCBY,e09fe1bcfefb15f916979a7bb04a1a570ed999e2e751f7d80266502727e2b6b2,Mirai,iran.i486,elf,2026-10-06 05:09:19,MalwareBazaar
MD5,b5644a585e5a60a66f4fee4ba04b7a80,7bd6aa495ec7595c0576d069e8274e2372f218b6e79ee71c9100cf5c541b24ed,Mirai,iran.x86_64,elf,2026-10-06 05:09:19,MalwareBazaar
SHA-1,7ee327a4dafc6acddade26bc5238aa60d6cccae0,7bd6aa495ec7595c0576d069e8274e2372f218b6e79ee71c9100cf5c541b24ed,Mirai,iran.x86_64,elf,2026-10-06 05:09:19,MalwareBazaar
SHA-256,7bd6aa495ec7595c0576d069e8274e2372f218b6e79ee71c9100cf5c541b24ed,7bd6aa495ec7595c0576d069e8274e2372f218b6e79ee71c9100cf5c541b24ed,Mirai,iran.x86_64,elf,2026-10-06 05:09:19,MalwareBazaar
SHA3-384,8bb1b2e522c481ee4b51d41d433818b1067fbeeb244a7fd4845a187454af6beea759e64a3d3348941a22d85f5781ae44,7bd6aa495ec7595c0576d069e8274e2372f218b6e79ee71c9100cf5c541b24ed,Mirai,iran.x86_64,elf,2026-10-06 05:09:19,MalwareBazaar
TLSH,T165F35B0274D0D4FEC8E5C2B84BEFE136DA32B4595174761F23C8AE262E5DF212B6D650,7bd6aa495ec7595c0576d069e8274e2372f218b6e79ee71c9100cf5c541b24ed,Mirai,iran.x86_64,elf,2026-10-06 05:09:19,MalwareBazaar
TELFHASH,t1f951de703ca63a5c61ebe726b30ae95dad750d600ce371f5dd7368eace023844da3062,7bd6aa495ec7595c0576d069e8274e2372f218b6e79ee71c9100cf5c541b24ed,Mirai,iran.x86_64,elf,2026-10-06 05:09:19,MalwareBazaar
SSDEEP,3072:wQUpH4VklB1Amd10qb8ODAhv4y1jFg+SVKKE:wZpfYOB25dHKE,7bd6aa495ec7595c0576d069e8274e2372f218b6e79ee71c9100cf5c541b24ed,Mirai,iran.x86_64,elf,2026-10-06 05:09:19,MalwareBazaar
MD5,c34cb4f60e26936f39cd106294004d84,db7c621508dc94d87dd16652572d353bb66065be6da254a428dbbf28d77e21df,Mirai,iran.mipsrouter,elf,2026-10-06 05:09:19,MalwareBazaar
SHA-1,5fd7879b6fdf1267ad414a59ee1b318ca61cdd58,db7c621508dc94d87dd16652572d353bb66065be6da254a428dbbf28d77e21df,Mirai,iran.mipsrouter,elf,2026-10-06 05:09:19,MalwareBazaar
SHA-256,db7c621508dc94d87dd16652572d353bb66065be6da254a428dbbf28d77e21df,db7c621508dc94d87dd16652572d353bb66065be6da254a428dbbf28d77e21df,Mirai,iran.mipsrouter,elf,2026-10-06 05:09:19,MalwareBazaar
SHA3-384,4da7b634ecde63da5c815cc4841a39db4f45c8e8ef7a8821ffad04216aa23f6ec651ac27c5f8ef87f5d197ad28825dfb,db7c621508dc94d87dd16652572d353bb66065be6da254a428dbbf28d77e21df,Mirai,iran.mipsrouter,elf,2026-10-06 05:09:19,MalwareBazaar
TLSH,T19434B91A3E228FBEF268C77047F34A31976976D627E2D684E26CD5101F1438D681FB68,db7c621508dc94d87dd16652572d353bb66065be6da254a428dbbf28d77e21df,Mirai,iran.mipsrouter,elf,2026-10-06 05:09:19,MalwareBazaar
TELFHASH,t1f6714048a83d45e99f235c2968696bf70957f12a32e2bb18ff16cdc0045e42df658e0f,db7c621508dc94d87dd16652572d353bb66065be6da254a428dbbf28d77e21df,Mirai,iran.mipsrouter,elf,2026-10-06 05:09:19,MalwareBazaar
SSDEEP,6144:p0n4F842iQbY1dplvtKMf1p1J8JG8WYkQsxNenndQ:VF84s+vf1p1J8JG8WYkQsxNenndQ,db7c621508dc94d87dd16652572d353bb66065be6da254a428dbbf28d77e21df,Mirai,iran.mipsrouter,elf,2026-10-06 05:09:19,MalwareBazaar
MD5,2fcd9362dba6897f1cc497b5b0c45997,47ae5b0371a638ce7dddcbec7869fc6fa2e67e546bb1e814f19e87a518233461,Mirai,iran.mips,elf,2026-10-06 05:09:18,MalwareBazaar
SHA-1,63b33b09589101a34fddfde7b4fda44fd61e3f79,47ae5b0371a638ce7dddcbec7869fc6fa2e67e546bb1e814f19e87a518233461,Mirai,iran.mips,elf,2026-10-06 05:09:18,MalwareBazaar
SHA-256,47ae5b0371a638ce7dddcbec7869fc6fa2e67e546bb1e814f19e87a518233461,47ae5b0371a638ce7dddcbec7869fc6fa2e67e546bb1e814f19e87a518233461,Mirai,iran.mips,elf,2026-10-06 05:09:18,MalwareBazaar
SHA3-384,96ee1f39f3b931979f7e0c910a09fef417bad0b530ec3594bad5f1814dc97101c699a4f8692da4e253d792eefedd7adf,47ae5b0371a638ce7dddcbec7869fc6fa2e67e546bb1e814f19e87a518233461,Mirai,iran.mips,elf,2026-10-06 05:09:18,MalwareBazaar
TLSH,T19024955E6A328F7DF368873447B74A35975D22D627E1DA84E2ACC1041F2434E681FFA8,47ae5b0371a638ce7dddcbec7869fc6fa2e67e546bb1e814f19e87a518233461,Mirai,iran.mips,elf,2026-10-06 05:09:18,MalwareBazaar
TELFHASH,t15741811c097813b0a7796c5e499dff76d6a330de7f262c238e50e86aa769b835d11c0c,47ae5b0371a638ce7dddcbec7869fc6fa2e67e546bb1e814f19e87a518233461,Mirai,iran.mips,elf,2026-10-06 05:09:18,MalwareBazaar
SSDEEP,3072:sPvQ7inW06qBVrDuQ5SPkCekMcJXs9op/rziTKom:sw7inW06I1DA81qJQ2/r4Kom,47ae5b0371a638ce7dddcbec7869fc6fa2e67e546bb1e814f19e87a518233461,Mirai,iran.mips,elf,2026-10-06 05:09:18,MalwareBazaar
MD5,1d1c2f42bea51a900ea4e4026ff2654b,b2238267cad870db41151a195b2f05870ed72aeda6650a8b9d727b52f2c3ae56,Mirai,iran.mipsel,elf,2026-10-06 05:09:18,MalwareBazaar
SHA-1,3f4cc818c04b90f0ba9d6c3331937cf1eca7658f,b2238267cad870db41151a195b2f05870ed72aeda6650a8b9d727b52f2c3ae56,Mirai,iran.mipsel,elf,2026-10-06 05:09:18,MalwareBazaar
SHA-256,b2238267cad870db41151a195b2f05870ed72aeda6650a8b9d727b52f2c3ae56,b2238267cad870db41151a195b2f05870ed72aeda6650a8b9d727b52f2c3ae56,Mirai,iran.mipsel,elf,2026-10-06 05:09:18,MalwareBazaar
SHA3-384,1632f497ac7345cbf168ee008e725501355301f2d8cb855b5d6213b8f185ae26ea28e35443f7b7d183d665da39a60fd2,b2238267cad870db41151a195b2f05870ed72aeda6650a8b9d727b52f2c3ae56,Mirai,iran.mipsel,elf,2026-10-06 05:09:18,MalwareBazaar
TLSH,T14624C60AAF610FFBD8AFDD3746E90B0635CC650722A83B3A3674D924F54A54B49D3C68,b2238267cad870db41151a195b2f05870ed72aeda6650a8b9d727b52f2c3ae56,Mirai,iran.mipsel,elf,2026-10-06 05:09:18,MalwareBazaar
SSDEEP,3072:PY/6gT7DbU28Mn0NawZ5aMBjv+7GYNRvO1:PYND1f08wZ5Fj6GY3vO,b2238267cad870db41151a195b2f05870ed72aeda6650a8b9d727b52f2c3ae56,Mirai,iran.mipsel,elf,2026-10-06 05:09:18,MalwareBazaar
MD5,146ae7630bbc909111381453901ee154,07474aa7445ca8caa4540636ba6a51544432f4735e391a48d22eae7be70abcc1,unknown,mipsel,elf,2026-10-06 05:09:16,MalwareBazaar
SHA-1,96987d370c6391bf155e87c22533c2406ed8bc38,07474aa7445ca8caa4540636ba6a51544432f4735e391a48d22eae7be70abcc1,unknown,mipsel,elf,2026-10-06 05:09:16,MalwareBazaar
SHA-256,07474aa7445ca8caa4540636ba6a51544432f4735e391a48d22eae7be70abcc1,07474aa7445ca8caa4540636ba6a51544432f4735e391a48d22eae7be70abcc1,unknown,mipsel,elf,2026-10-06 05:09:16,MalwareBazaar
SHA3-384,5553e4e67050d7b4351f1b49698a99a5a15badef7bcd9a4a258d92624db7336b1cb5f35e23bb668b8ab2502a781e4322,07474aa7445ca8caa4540636ba6a51544432f4735e391a48d22eae7be70abcc1,unknown,mipsel,elf,2026-10-06 05:09:16,MalwareBazaar
TLSH,T1CE93E803BF01DFA7C85FDD7206B98B1124CCB8A766B5372A3270DE6CB6165874993CA4,07474aa7445ca8caa4540636ba6a51544432f4735e391a48d22eae7be70abcc1,unknown,mipsel,elf,2026-10-06 05:09:16,MalwareBazaar
SSDEEP,1536:6kpwpK/CX2Xf5ih7Fe28snrPlSZcGc1LBZPREwivPR2t0BQ50YNagbaPpJ:6kpwpK/CX2Xf5ih7FjSZFc73EAg6Naia,07474aa7445ca8caa4540636ba6a51544432f4735e391a48d22eae7be70abcc1,unknown,mipsel,elf,2026-10-06 05:09:16,MalwareBazaar
MD5,42709e8fa9d67494d2dd8135a9e26b8a,95aff8f144f665a442574864787b4f7f81988631946e9a8405abc7cc1116cac5,Mirai,iran.sparc,elf,2026-10-06 05:09:16,MalwareBazaar
SHA-1,323e07180bc82779e4850536e8dccea1ef394954,95aff8f144f665a442574864787b4f7f81988631946e9a8405abc7cc1116cac5,Mirai,iran.sparc,elf,2026-10-06 05:09:16,MalwareBazaar
SHA-256,95aff8f144f665a442574864787b4f7f81988631946e9a8405abc7cc1116cac5,95aff8f144f665a442574864787b4f7f81988631946e9a8405abc7cc1116cac5,Mirai,iran.sparc,elf,2026-10-06 05:09:16,MalwareBazaar
SHA3-384,661323fef7b2341475e1d6304a6cff05f4dfa644937f62126e192940d0b3a21fa1ee4de453912a5ff9d59d2adf2f62e9,95aff8f144f665a442574864787b4f7f81988631946e9a8405abc7cc1116cac5,Mirai,iran.sparc,elf,2026-10-06 05:09:16,MalwareBazaar
TLSH,T15B135D328679491BC2C0E77B11A79372E0F62B845190974F7E5A0D8EFE5A340677B3E2,95aff8f144f665a442574864787b4f7f81988631946e9a8405abc7cc1116cac5,Mirai,iran.sparc,elf,2026-10-06 05:09:16,MalwareBazaar
TELFHASH,t18bf0c984fa7e8a1e45e30570d8781ba0a193562340728722dfa4c9c4d83f056f10dd0e,95aff8f144f665a442574864787b4f7f81988631946e9a8405abc7cc1116cac5,Mirai,iran.sparc,elf,2026-10-06 05:09:16,MalwareBazaar
SSDEEP,768:t6jQLYeiLEKRBTMjONrElzbFjUDK1JviVIoX4M+DoIwS3ZhP3XRcqPbM+svy:BEbMjOU1hKIoDI9JhPnmqL,95aff8f144f665a442574864787b4f7f81988631946e9a8405abc7cc1116cac5,Mirai,iran.sparc,elf,2026-10-06 05:09:16,MalwareBazaar
MD5,e2764c614e18921b1be36505386aa8fe,4c9b06eee97e5d2776529a4df589821d977990946ae28027c87ef67c02a40112,unknown,mips,elf,2026-10-06 05:09:13,MalwareBazaar
SHA-1,da69d97ea1c326839321d5bbc650312be80fd1ea,4c9b06eee97e5d2776529a4df589821d977990946ae28027c87ef67c02a40112,unknown,mips,elf,2026-10-06 05:09:13,MalwareBazaar
SHA-256,4c9b06eee97e5d2776529a4df589821d977990946ae28027c87ef67c02a40112,4c9b06eee97e5d2776529a4df589821d977990946ae28027c87ef67c02a40112,unknown,mips,elf,2026-10-06 05:09:13,MalwareBazaar
SHA3-384,bafcb9a05cff5610496d038299380cc28d5f0ab04e534bc13f2585fbad99238c5713e23b9bc24f8a6d45db0ba0b03a17,4c9b06eee97e5d2776529a4df589821d977990946ae28027c87ef67c02a40112,unknown,mips,elf,2026-10-06 05:09:13,MalwareBazaar
TLSH,T15CF2870FF291DA3CC4C3E2346ACBA570A570B474AF32610F369523BB25A57984E79F16,4c9b06eee97e5d2776529a4df589821d977990946ae28027c87ef67c02a40112,unknown,mips,elf,2026-10-06 05:09:13,MalwareBazaar
TELFHASH,t191e0ab4cea7d0b6d44f39c20ccae1e5460076a21247b9b20ef68dec0643e500fa0899d,4c9b06eee97e5d2776529a4df589821d977990946ae28027c87ef67c02a40112,unknown,mips,elf,2026-10-06 05:09:13,MalwareBazaar
SSDEEP,768:RWpU3VLD7zrjbTLD7zrjbTLD7zrjOm+WuGe2Om+WuGe2Om+WuGe2Om+WuGe25Bpg:R0dP0oDMee3TQ7,4c9b06eee97e5d2776529a4df589821d977990946ae28027c87ef67c02a40112,unknown,mips,elf,2026-10-06 05:09:13,MalwareBazaar
MD5,33b1e34001d090e52f1c7ec298ed490a,3636e185712543510af17ce5bce6c586fb2e6514a657111ef48b4df173724f26,unknown,eclipse.armv4l,elf,2026-10-06 05:08:37,MalwareBazaar
SHA-1,8765416dabc24e29d05311da8fb479411ab3a573,3636e185712543510af17ce5bce6c586fb2e6514a657111ef48b4df173724f26,unknown,eclipse.armv4l,elf,2026-10-06 05:08:37,MalwareBazaar
SHA-256,3636e185712543510af17ce5bce6c586fb2e6514a657111ef48b4df173724f26,3636e185712543510af17ce5bce6c586fb2e6514a657111ef48b4df173724f26,unknown,eclipse.armv4l,elf,2026-10-06 05:08:37,MalwareBazaar
SHA3-384,9029839c89e1c38f57c64da6de0483214eb4999f1eaabfe259f7e4f0b82e4c2489bc52225329b764e7e6a6191156c0cf,3636e185712543510af17ce5bce6c586fb2e6514a657111ef48b4df173724f26,unknown,eclipse.armv4l,elf,2026-10-06 05:08:37,MalwareBazaar
TLSH,T114C43A52B9419F53C6C16ABBFF5E834833136B78D2EE710299156F74A3DB8860F3A142,3636e185712543510af17ce5bce6c586fb2e6514a657111ef48b4df173724f26,unknown,eclipse.armv4l,elf,2026-10-06 05:08:37,MalwareBazaar
TELFHASH,t1c9e026e37a9208e045a0220a00dc21789c055ccd98d58e2b39efdc8c4a35d004f13c69,3636e185712543510af17ce5bce6c586fb2e6514a657111ef48b4df173724f26,unknown,eclipse.armv4l,elf,2026-10-06 05:08:37,MalwareBazaar
SSDEEP,12288:mwGCb7jzq8JDTLfskxcWuUBc9mcYFjZrNrA6LHK7AIXR+Q:VO89UkaYFjZZLx,3636e185712543510af17ce5bce6c586fb2e6514a657111ef48b4df173724f26,unknown,eclipse.armv4l,elf,2026-10-06 05:08:37,MalwareBazaar
MD5,0146414eaf2187529debb4266eae3b5f,77fc6f910dd038d6130155905536e42f01febf66977781551740ec28c49a99c3,Mirai,eclipse.armv6l,elf,2026-10-06 05:08:34,MalwareBazaar
SHA-1,14e34752da3bd82a1a4a8de363e349439948baae,77fc6f910dd038d6130155905536e42f01febf66977781551740ec28c49a99c3,Mirai,eclipse.armv6l,elf,2026-10-06 05:08:34,MalwareBazaar
SHA-256,77fc6f910dd038d6130155905536e42f01febf66977781551740ec28c49a99c3,77fc6f910dd038d6130155905536e42f01febf66977781551740ec28c49a99c3,Mirai,eclipse.armv6l,elf,2026-10-06 05:08:34,MalwareBazaar
SHA3-384,12239cf78d3d55b3a416714c78447440909ed938e097853a56bf98bcc5804a51c707c9dca082b6e23b66228a0ca3e139,77fc6f910dd038d6130155905536e42f01febf66977781551740ec28c49a99c3,Mirai,eclipse.armv6l,elf,2026-10-06 05:08:34,MalwareBazaar
TLSH,T10AC42966B8418B81D5C16ABEFF5E834933131F38E2DE72029D186F74A7D789A0F3A505,77fc6f910dd038d6130155905536e42f01febf66977781551740ec28c49a99c3,Mirai,eclipse.armv6l,elf,2026-10-06 05:08:34,MalwareBazaar
SSDEEP,12288:dz4DdmQfarFj0vqRXbfHFkM4AKQmfjG3DrWfrDwDayd07CCR:dzUjsQS+2qGXqcO7z,77fc6f910dd038d6130155905536e42f01febf66977781551740ec28c49a99c3,Mirai,eclipse.armv6l,elf,2026-10-06 05:08:34,MalwareBazaar
MD5,40997165b9d4a65d4aa37ee0e0b782ed,591e135c571321fed659c2d5a763a4685333e2b1bccd35d19e51a1196878c01f,Mirai,kworker,elf,2026-10-06 05:08:32,MalwareBazaar
SHA-1,708e6977cf5429979fc61dc786dd0e94a40fe3ab,591e135c571321fed659c2d5a763a4685333e2b1bccd35d19e51a1196878c01f,Mirai,kworker,elf,2026-10-06 05:08:32,MalwareBazaar
SHA-256,591e135c571321fed659c2d5a763a4685333e2b1bccd35d19e51a1196878c01f,591e135c571321fed659c2d5a763a4685333e2b1bccd35d19e51a1196878c01f,Mirai,kworker,elf,2026-10-06 05:08:32,MalwareBazaar
SHA3-384,a897304015cb4f35be210a600a7078bbd2ba18dc86d08284b055e0e7fce52e3d4301a6253d56413d2aff1d5a52d33e0d,591e135c571321fed659c2d5a763a4685333e2b1bccd35d19e51a1196878c01f,Mirai,kworker,elf,2026-10-06 05:08:32,MalwareBazaar
TLSH,T1B9F3F8CCE865476FC6D327BAF649528F33321B78938BF32159A7EAB41BC17481938191,591e135c571321fed659c2d5a763a4685333e2b1bccd35d19e51a1196878c01f,Mirai,kworker,elf,2026-10-06 05:08:32,MalwareBazaar
TELFHASH,t12221310362bd8b296bb64924ac7c03f119551a23b2813f70ff5ec2c0553704aa965d9f,591e135c571321fed659c2d5a763a4685333e2b1bccd35d19e51a1196878c01f,Mirai,kworker,elf,2026-10-06 05:08:32,MalwareBazaar
SSDEEP,3072:GVIjgRsJGMPeuQ8oGM+AL1r9PDv1ZpYZsW1zmLmS44hzkj0ILngGMuDqc7wbEHKg:Z+bEHzqa4J+acdRmRrI+Wm+WusQ6zy5/,591e135c571321fed659c2d5a763a4685333e2b1bccd35d19e51a1196878c01f,Mirai,kworker,elf,2026-10-06 05:08:32,MalwareBazaar
MD5,0e6ea7209119a2de5763af56d8206c27,c6f9260c9b1cebcaef47a7a944f656c9d8abfbbfe73cc7e9c0ea4eb0343e5a54,unknown,client.exe,exe,2026-10-06 05:03:41,MalwareBazaar
SHA-1,a0ac68db0d77b084742eddb99f69c38ce30a50d9,c6f9260c9b1cebcaef47a7a944f656c9d8abfbbfe73cc7e9c0ea4eb0343e5a54,unknown,client.exe,exe,2026-10-06 05:03:41,MalwareBazaar
SHA-256,c6f9260c9b1cebcaef47a7a944f656c9d8abfbbfe73cc7e9c0ea4eb0343e5a54,c6f9260c9b1cebcaef47a7a944f656c9d8abfbbfe73cc7e9c0ea4eb0343e5a54,unknown,client.exe,exe,2026-10-06 05:03:41,MalwareBazaar
SHA3-384,a4dbcafbaf988f7b66bd999503ee7635b8abf3b267cec4dfb76d876db696843c892940596cc0f5d30b774e4e4ea4c7bc,c6f9260c9b1cebcaef47a7a944f656c9d8abfbbfe73cc7e9c0ea4eb0343e5a54,unknown,client.exe,exe,2026-10-06 05:03:41,MalwareBazaar
IMPHASH,dcaf48c1f10b0efa0a4472200f3850ed,c6f9260c9b1cebcaef47a7a944f656c9d8abfbbfe73cc7e9c0ea4eb0343e5a54,unknown,client.exe,exe,2026-10-06 05:03:41,MalwareBazaar
TLSH,T19B7733C476C508C7F64B433EDCD265A68AEAFAB91725C11B8BB8C1421D672E4ED3D321,c6f9260c9b1cebcaef47a7a944f656c9d8abfbbfe73cc7e9c0ea4eb0343e5a54,unknown,client.exe,exe,2026-10-06 05:03:41,MalwareBazaar
SSDEEP,786432:qY0W0b4QL0wFlUR1OHYcW8+3nGCnkvqaV+sEbnFiVxvi2nRyeYB+fMNtpHf4:qYxhQL0wEW3WN3nGCnkSaV+BbnYk/Nta,c6f9260c9b1cebcaef47a7a944f656c9d8abfbbfe73cc7e9c0ea4eb0343e5a54,unknown,client.exe,exe,2026-10-06 05:03:41,MalwareBazaar
ICON-DHASH,c6c2ccc4f4e0e0f8,c6f9260c9b1cebcaef47a7a944f656c9d8abfbbfe73cc7e9c0ea4eb0343e5a54,unknown,client.exe,exe,2026-10-06 05:03:41,MalwareBazaar
MD5,c7f9cdf79bcb0d7770ae9f8ebe2698f5,3c0ce274aea0d1a8ccb9e352fc281ef502e6078e4a6df7cf305b3c6e3b2e553b,Mirai,eclipse.armv7l,elf,2026-10-06 05:03:17,MalwareBazaar
SHA-1,07c64f9fa41dde7c10cbb89d6c1252aa7663e8a2,3c0ce274aea0d1a8ccb9e352fc281ef502e6078e4a6df7cf305b3c6e3b2e553b,Mirai,eclipse.armv7l,elf,2026-10-06 05:03:17,MalwareBazaar
SHA-256,3c0ce274aea0d1a8ccb9e352fc281ef502e6078e4a6df7cf305b3c6e3b2e553b,3c0ce274aea0d1a8ccb9e352fc281ef502e6078e4a6df7cf305b3c6e3b2e553b,Mirai,eclipse.armv7l,elf,2026-10-06 05:03:17,MalwareBazaar
SHA3-384,598f644336f9e56d1a5ad3175b74d951e86d936189b178f64f9577ea3afe94cbe3b7924b0a8f39cb4c65e238fa0c7f97,3c0ce274aea0d1a8ccb9e352fc281ef502e6078e4a6df7cf305b3c6e3b2e553b,Mirai,eclipse.armv7l,elf,2026-10-06 05:03:17,MalwareBazaar
TLSH,T1D6C41966B9419B41D5C12ABEFF5E834933131F78E2EE72019D146F34A7DB88A0F3A506,3c0ce274aea0d1a8ccb9e352fc281ef502e6078e4a6df7cf305b3c6e3b2e553b,Mirai,eclipse.armv7l,elf,2026-10-06 05:03:17,MalwareBazaar
SSDEEP,12288:35UYwgZH1rFGJ2RegfQYWknAhbM9AFagbIqKhMp3B6Kao8+BhJ3fWP:35nZ6QJYvHbp/k,3c0ce274aea0d1a8ccb9e352fc281ef502e6078e4a6df7cf305b3c6e3b2e553b,Mirai,eclipse.armv7l,elf,2026-10-06 05:03:17,MalwareBazaar
MD5,3aa5350b772818d00d2c535817ae52b3,d32953f35a7f27e058dd352e9b20f829ee7681bc3d47da2cfa486e93d37ede79,Mirai,gnome,elf,2026-10-06 05:03:15,MalwareBazaar
SHA-1,9cadb708a3c2c888f9d285149b73bbfe9991ae80,d32953f35a7f27e058dd352e9b20f829ee7681bc3d47da2cfa486e93d37ede79,Mirai,gnome,elf,2026-10-06 05:03:15,MalwareBazaar
SHA-256,d32953f35a7f27e058dd352e9b20f829ee7681bc3d47da2cfa486e93d37ede79,d32953f35a7f27e058dd352e9b20f829ee7681bc3d47da2cfa486e93d37ede79,Mirai,gnome,elf,2026-10-06 05:03:15,MalwareBazaar
SHA3-384,b086249cdfae8c3a94b02ebe66e8fcae63bbfdff3c00c96866c252065f10f374ed8e906e31d2b1dc13b57e7fc0058fdc,d32953f35a7f27e058dd352e9b20f829ee7681bc3d47da2cfa486e93d37ede79,Mirai,gnome,elf,2026-10-06 05:03:15,MalwareBazaar
TLSH,T1550474BDFA11BB6EE268873187F26FB2C39521B22691D341E1EED6185E7118C085F7D0,d32953f35a7f27e058dd352e9b20f829ee7681bc3d47da2cfa486e93d37ede79,Mirai,gnome,elf,2026-10-06 05:03:15,MalwareBazaar
TELFHASH,t119212e42627e8e293ff249249cac07b129566522b2807f70ef6ec2c01537009b969d9f,d32953f35a7f27e058dd352e9b20f829ee7681bc3d47da2cfa486e93d37ede79,Mirai,gnome,elf,2026-10-06 05:03:15,MalwareBazaar
SSDEEP,3072:841/Wq0K/xbI8hUYrNcR1EqeJqJUx7DbpSIeZ8tjTl5:31us9BBrJqJMDbpSIeZ8tjTl5,d32953f35a7f27e058dd352e9b20f829ee7681bc3d47da2cfa486e93d37ede79,Mirai,gnome,elf,2026-10-06 05:03:15,MalwareBazaar
MD5,46d37ea1f617db55b02aa8f4729576c6,707fc73c91ebe386a4443125a3f8a43d2523910922a46e352ce33977e59b0f2b,Mirai,dbg,elf,2026-10-06 05:00:25,MalwareBazaar
SHA-1,954a7cddbbbcc53439cf8700d596a26fde0dafb9,707fc73c91ebe386a4443125a3f8a43d2523910922a46e352ce33977e59b0f2b,Mirai,dbg,elf,2026-10-06 05:00:25,MalwareBazaar
SHA-256,707fc73c91ebe386a4443125a3f8a43d2523910922a46e352ce33977e59b0f2b,707fc73c91ebe386a4443125a3f8a43d2523910922a46e352ce33977e59b0f2b,Mirai,dbg,elf,2026-10-06 05:00:25,MalwareBazaar
SHA3-384,9bc0768708c8cabbf4c13480618d3ffc3e2d709a808c20b8d129f18583ec25a51733519e977e667894217a5f3459b8b7,707fc73c91ebe386a4443125a3f8a43d2523910922a46e352ce33977e59b0f2b,Mirai,dbg,elf,2026-10-06 05:00:25,MalwareBazaar
TLSH,T156356B2AA2B2E17CD007D13057EFC6A15530B17526322D7F36C5AA313DB6DE16369B32,707fc73c91ebe386a4443125a3f8a43d2523910922a46e352ce33977e59b0f2b,Mirai,dbg,elf,2026-10-06 05:00:25,MalwareBazaar
TELFHASH,t1e8d1bc701bf938f062a7de10b352f4798d77147aa6ec36b01b62acd4ef54e810d66827,707fc73c91ebe386a4443125a3f8a43d2523910922a46e352ce33977e59b0f2b,Mirai,dbg,elf,2026-10-06 05:00:25,MalwareBazaar
SSDEEP,12288:pxSMaafnlGS2x93AgwYM5deHzHkLNgXZLX/UELviFMVVCpDtQ6PCayTVKIAHX:7Sx8l2xBAgwYGLNgXpvUELKLpZQ6kKI,707fc73c91ebe386a4443125a3f8a43d2523910922a46e352ce33977e59b0f2b,Mirai,dbg,elf,2026-10-06 05:00:25,MalwareBazaar
MD5,cd44fdd1585f6be07433627dbf3aa5f2,c76e92a033cbe870d282303a146c11a4dce6741169f892cbd482be21a7411cf8,ConnectWise,ScreenConnect.ClientSetup.exe,exe,2026-10-06 04:54:16,MalwareBazaar
SHA-1,31148865f30bd59de756a9b41925659929c1f54b,c76e92a033cbe870d282303a146c11a4dce6741169f892cbd482be21a7411cf8,ConnectWise,ScreenConnect.ClientSetup.exe,exe,2026-10-06 04:54:16,MalwareBazaar
SHA-256,c76e92a033cbe870d282303a146c11a4dce6741169f892cbd482be21a7411cf8,c76e92a033cbe870d282303a146c11a4dce6741169f892cbd482be21a7411cf8,ConnectWise,ScreenConnect.ClientSetup.exe,exe,2026-10-06 04:54:16,MalwareBazaar
SHA3-384,593e96cf178e8a36e119931be82b2ef19f2df3ac3b1fd46b704a5e26b3029d4e62405e41b221509261657f454e34b06b,c76e92a033cbe870d282303a146c11a4dce6741169f892cbd482be21a7411cf8,ConnectWise,ScreenConnect.ClientSetup.exe,exe,2026-10-06 04:54:16,MalwareBazaar
IMPHASH,9771ee6344923fa220489ab01239bdfd,c76e92a033cbe870d282303a146c11a4dce6741169f892cbd482be21a7411cf8,ConnectWise,ScreenConnect.ClientSetup.exe,exe,2026-10-06 04:54:16,MalwareBazaar
TLSH,T1C646E111B3D995B9D4BF063CD87A82A99A74BC044712C7EF53D4BD2D2D32BC05A323A6,c76e92a033cbe870d282303a146c11a4dce6741169f892cbd482be21a7411cf8,ConnectWise,ScreenConnect.ClientSetup.exe,exe,2026-10-06 04:54:16,MalwareBazaar
SSDEEP,49152:kEEL5cx5xTkYJkGYYpT0+TFiH7efP8Q1yJJ4ZD1F5z97oL1YbGQ+okRPGHpRPqM8:tEs6efPNwJ4t1h0cG5FGJRPxow8O,c76e92a033cbe870d282303a146c11a4dce6741169f892cbd482be21a7411cf8,ConnectWise,ScreenConnect.ClientSetup.exe,exe,2026-10-06 04:54:16,MalwareBazaar
MD5,fdc1fc279a15ba9f8e02f1eb46616475,9dfc2d34a92b8d415ba77712e5f681b08f2a566229042ac3e076b2bb79c5c1ce,ConnectWise,support.client.exe,exe,2026-10-06 04:54:15,MalwareBazaar
SHA-1,c47df50e3377271cd7b005f2392ed5d39111c009,9dfc2d34a92b8d415ba77712e5f681b08f2a566229042ac3e076b2bb79c5c1ce,ConnectWise,support.client.exe,exe,2026-10-06 04:54:15,MalwareBazaar
SHA-256,9dfc2d34a92b8d415ba77712e5f681b08f2a566229042ac3e076b2bb79c5c1ce,9dfc2d34a92b8d415ba77712e5f681b08f2a566229042ac3e076b2bb79c5c1ce,ConnectWise,support.client.exe,exe,2026-10-06 04:54:15,MalwareBazaar
SHA3-384,612a2fc10b325405ed6c6b759a973a25351ad0d2452667e9de0d3342ae91103a2de01b2e01b3a8b0107233c34e71fafa,9dfc2d34a92b8d415ba77712e5f681b08f2a566229042ac3e076b2bb79c5c1ce,ConnectWise,support.client.exe,exe,2026-10-06 04:54:15,MalwareBazaar
IMPHASH,37d5c89163970dd3cc69230538a1b72b,9dfc2d34a92b8d415ba77712e5f681b08f2a566229042ac3e076b2bb79c5c1ce,ConnectWise,support.client.exe,exe,2026-10-06 04:54:15,MalwareBazaar
TLSH,T18D836C43B5D18476E9720E3118B1D9B45A3FBE110E648EAF3398426E0F351D19E3AE7B,9dfc2d34a92b8d415ba77712e5f681b08f2a566229042ac3e076b2bb79c5c1ce,ConnectWise,support.client.exe,exe,2026-10-06 04:54:15,MalwareBazaar
SSDEEP,1536:qxoG6KpY6Qi3yj2wyq4HwiMO10HVLCJRpsWr6cdaWPBJYYR7SJE:4enkyfPAwiMq0RqRfbaWZJYYRa,9dfc2d34a92b8d415ba77712e5f681b08f2a566229042ac3e076b2bb79c5c1ce,ConnectWise,support.client.exe,exe,2026-10-06 04:54:15,MalwareBazaar
MD5,3da3c77545498bcaf0d6fe67e86ab53e,d519f610b614473e4440c2a5480c62cdf7273c16e907dc3a3779bdbbeffdd931,ValleyRAT,instdoload.1.3.09.exe,exe,2026-10-06 04:53:22,MalwareBazaar
SHA-1,53f50d3189f78d50f902c64188052231d78f08e4,d519f610b614473e4440c2a5480c62cdf7273c16e907dc3a3779bdbbeffdd931,ValleyRAT,instdoload.1.3.09.exe,exe,2026-10-06 04:53:22,MalwareBazaar
SHA-256,d519f610b614473e4440c2a5480c62cdf7273c16e907dc3a3779bdbbeffdd931,d519f610b614473e4440c2a5480c62cdf7273c16e907dc3a3779bdbbeffdd931,ValleyRAT,instdoload.1.3.09.exe,exe,2026-10-06 04:53:22,MalwareBazaar
SHA3-384,507c64e8a7455c740d58bf42fee4738bcf7b10cac5c3992f6a7c8e7883bcdb6720313643f65078004524239f433d6b8a,d519f610b614473e4440c2a5480c62cdf7273c16e907dc3a3779bdbbeffdd931,ValleyRAT,instdoload.1.3.09.exe,exe,2026-10-06 04:53:22,MalwareBazaar
IMPHASH,e611cb40dae30a74fa3f15a0e816a66a,d519f610b614473e4440c2a5480c62cdf7273c16e907dc3a3779bdbbeffdd931,ValleyRAT,instdoload.1.3.09.exe,exe,2026-10-06 04:53:22,MalwareBazaar
TLSH,T19A972C02B6468CC6F54852F45897FAA423FDFCB48AD5C31732E4671EAF9E28C0E83595,d519f610b614473e4440c2a5480c62cdf7273c16e907dc3a3779bdbbeffdd931,ValleyRAT,instdoload.1.3.09.exe,exe,2026-10-06 04:53:22,MalwareBazaar
SSDEEP,49152:+F335nW2J++1hhWugAx8z/TdqRD4a85Ejr9CbHd5nYeWgRF:45L3XLgAm9EHUvF,d519f610b614473e4440c2a5480c62cdf7273c16e907dc3a3779bdbbeffdd931,ValleyRAT,instdoload.1.3.09.exe,exe,2026-10-06 04:53:22,MalwareBazaar
ICON-DHASH,a2838983a27464b4,d519f610b614473e4440c2a5480c62cdf7273c16e907dc3a3779bdbbeffdd931,ValleyRAT,instdoload.1.3.09.exe,exe,2026-10-06 04:53:22,MalwareBazaar
MD5,17461c93abf833a9514ee410f1fbafb1,cb84fa7a6ec4de958b6af34c155a709773378e299fe82d0edd02c80b8debe66e,ConnectWise,ScreenConnect.ClientSetup.exe,exe,2026-10-06 04:52:40,MalwareBazaar
SHA-1,bc892516aabd7b0ce5a216c6075aad7da2a2b736,cb84fa7a6ec4de958b6af34c155a709773378e299fe82d0edd02c80b8debe66e,ConnectWise,ScreenConnect.ClientSetup.exe,exe,2026-10-06 04:52:40,MalwareBazaar
SHA-256,cb84fa7a6ec4de958b6af34c155a709773378e299fe82d0edd02c80b8debe66e,cb84fa7a6ec4de958b6af34c155a709773378e299fe82d0edd02c80b8debe66e,ConnectWise,ScreenConnect.ClientSetup.exe,exe,2026-10-06 04:52:40,MalwareBazaar
SHA3-384,b4c9e0afee28021316976bc8562614c379477def126caded64f908657f60d9d3133740c99479a34da7a19120c8ede29f,cb84fa7a6ec4de958b6af34c155a709773378e299fe82d0edd02c80b8debe66e,ConnectWise,ScreenConnect.ClientSetup.exe,exe,2026-10-06 04:52:40,MalwareBazaar
IMPHASH,9771ee6344923fa220489ab01239bdfd,cb84fa7a6ec4de958b6af34c155a709773378e299fe82d0edd02c80b8debe66e,ConnectWise,ScreenConnect.ClientSetup.exe,exe,2026-10-06 04:52:40,MalwareBazaar
TLSH,T1A946F141B3D695B5D0BF0638D87A42A65634BC108712CBFF57A4BD296D32BC08E7237A,cb84fa7a6ec4de958b6af34c155a709773378e299fe82d0edd02c80b8debe66e,ConnectWise,ScreenConnect.ClientSetup.exe,exe,2026-10-06 04:52:40,MalwareBazaar
SSDEEP,49152:mfRBDtJkGYYpT0+TFiH7efP3nrGLq7FVsLBe+1GVxrKlsuwGenGwfZVkVjOi8if0:iqs6efP3rn/TYGVxz3GBwRVkGuyXOM,cb84fa7a6ec4de958b6af34c155a709773378e299fe82d0edd02c80b8debe66e,ConnectWise,ScreenConnect.ClientSetup.exe,exe,2026-10-06 04:52:40,MalwareBazaar
MD5,b11a75c9d60e50866ba0d84af1a155c6,8abf8eccfa8a562200bf833e1900995a22b259b854fa1db2908d957f66243ac2,ConnectWise,support.client.exe,exe,2026-10-06 04:52:33,MalwareBazaar
SHA-1,e8dd5f0906fca19559908d27f0ed3c55fdfdfbed,8abf8eccfa8a562200bf833e1900995a22b259b854fa1db2908d957f66243ac2,ConnectWise,support.client.exe,exe,2026-10-06 04:52:33,MalwareBazaar
SHA-256,8abf8eccfa8a562200bf833e1900995a22b259b854fa1db2908d957f66243ac2,8abf8eccfa8a562200bf833e1900995a22b259b854fa1db2908d957f66243ac2,ConnectWise,support.client.exe,exe,2026-10-06 04:52:33,MalwareBazaar
SHA3-384,f29c8cd6feb0e2c80d566cfce5215d8b2807bc4b2ed2d765be1d85a1a99a56d0e75bfd0e4684a99454d5bf833b52f155,8abf8eccfa8a562200bf833e1900995a22b259b854fa1db2908d957f66243ac2,ConnectWise,support.client.exe,exe,2026-10-06 04:52:33,MalwareBazaar
IMPHASH,c2fe6927e1db8cf00400dbef9e5d35be,8abf8eccfa8a562200bf833e1900995a22b259b854fa1db2908d957f66243ac2,ConnectWise,support.client.exe,exe,2026-10-06 04:52:33,MalwareBazaar
TLSH,T166646C11B9C48432C673383107B9E2B28DBDB8301D655B8F57A81D7A9F741D0EA29B6F,8abf8eccfa8a562200bf833e1900995a22b259b854fa1db2908d957f66243ac2,ConnectWise,support.client.exe,exe,2026-10-06 04:52:33,MalwareBazaar
SSDEEP,6144:dmlfAgiw7Op5ryNkS7Z12wvtGVG3iVt8eZ1u2J/xFti99d:Y1iw7gryNkSV1hy1Z1u2JLI9z,8abf8eccfa8a562200bf833e1900995a22b259b854fa1db2908d957f66243ac2,ConnectWise,support.client.exe,exe,2026-10-06 04:52:33,MalwareBazaar
MD5,935ce08748c7a78cbf64a8d0e5341061,a0cede6f584d24707449eb5fd9a35ea0d380e9bcaa6c37c99a65bc90a3dbb9ac,ValleyRAT,instdoload.1.3.02.exe,exe,2026-10-06 04:51:26,MalwareBazaar
SHA-1,6828e3c3e1e0681e128034abf876164fd3e4df3e,a0cede6f584d24707449eb5fd9a35ea0d380e9bcaa6c37c99a65bc90a3dbb9ac,ValleyRAT,instdoload.1.3.02.exe,exe,2026-10-06 04:51:26,MalwareBazaar
SHA-256,a0cede6f584d24707449eb5fd9a35ea0d380e9bcaa6c37c99a65bc90a3dbb9ac,a0cede6f584d24707449eb5fd9a35ea0d380e9bcaa6c37c99a65bc90a3dbb9ac,ValleyRAT,instdoload.1.3.02.exe,exe,2026-10-06 04:51:26,MalwareBazaar
SHA3-384,415294f98d4b257e3c271b2a631ecbfee7d93bfefe0c31f6d586bc5acbdcc050cc6b4eeb1660fcd9d7cb3847ba377d02,a0cede6f584d24707449eb5fd9a35ea0d380e9bcaa6c37c99a65bc90a3dbb9ac,ValleyRAT,instdoload.1.3.02.exe,exe,2026-10-06 04:51:26,MalwareBazaar
IMPHASH,e611cb40dae30a74fa3f15a0e816a66a,a0cede6f584d24707449eb5fd9a35ea0d380e9bcaa6c37c99a65bc90a3dbb9ac,ValleyRAT,instdoload.1.3.02.exe,exe,2026-10-06 04:51:26,MalwareBazaar
TLSH,T1AA972C02B6468CC6F54852F45897FAA423FDFCB48AD5C31732E4671EAF9E28C0E83595,a0cede6f584d24707449eb5fd9a35ea0d380e9bcaa6c37c99a65bc90a3dbb9ac,ValleyRAT,instdoload.1.3.02.exe,exe,2026-10-06 04:51:26,MalwareBazaar
SSDEEP,49152:1F335nW2J++1hhWugAx8z/TdqRD4a85Ejr9CbHd5nYeWgR9:T5L3XLgAm9EHUv9,a0cede6f584d24707449eb5fd9a35ea0d380e9bcaa6c37c99a65bc90a3dbb9ac,ValleyRAT,instdoload.1.3.02.exe,exe,2026-10-06 04:51:26,MalwareBazaar
ICON-DHASH,a2838983a27464b4,a0cede6f584d24707449eb5fd9a35ea0d380e9bcaa6c37c99a65bc90a3dbb9ac,ValleyRAT,instdoload.1.3.02.exe,exe,2026-10-06 04:51:26,MalwareBazaar
MD5,7e3841913e2fd4e3ecf9d382dcd7becd,29792faf57cf4db368909f5675077599094a4fba753261f43b419c49621a4db8,Tofsee,21.exe,exe,2026-10-06 04:46:13,MalwareBazaar
SHA-1,7466081bbe7d75d12a4f011e728be8aaf5a7fe7b,29792faf57cf4db368909f5675077599094a4fba753261f43b419c49621a4db8,Tofsee,21.exe,exe,2026-10-06 04:46:13,MalwareBazaar
SHA-256,29792faf57cf4db368909f5675077599094a4fba753261f43b419c49621a4db8,29792faf57cf4db368909f5675077599094a4fba753261f43b419c49621a4db8,Tofsee,21.exe,exe,2026-10-06 04:46:13,MalwareBazaar
SHA3-384,c21afe9981daabebbd0a5bf964200bd7f31ee034582054118f7a84fa7d7e0dbc825c5bb014461f7f6c53707a043f5bea,29792faf57cf4db368909f5675077599094a4fba753261f43b419c49621a4db8,Tofsee,21.exe,exe,2026-10-06 04:46:13,MalwareBazaar
IMPHASH,88016fcdef7f227c62171d0afad9aae4,29792faf57cf4db368909f5675077599094a4fba753261f43b419c49621a4db8,Tofsee,21.exe,exe,2026-10-06 04:46:13,MalwareBazaar
TLSH,T1B2E6013BA28B653EE06E5B367AB2A210543B7E6165524C46DEF0F44CCF3D1701E3E686,29792faf57cf4db368909f5675077599094a4fba753261f43b419c49621a4db8,Tofsee,21.exe,exe,2026-10-06 04:46:13,MalwareBazaar
SSDEEP,98304:55OhGa+gsPfX5ReT2vNnMiYY4PKQdJAmMeMHf:zBfX5RO2lMiYl3d7yH,29792faf57cf4db368909f5675077599094a4fba753261f43b419c49621a4db8,Tofsee,21.exe,exe,2026-10-06 04:46:13,MalwareBazaar
ICON-DHASH,e1c2d2e3a392b233,29792faf57cf4db368909f5675077599094a4fba753261f43b419c49621a4db8,Tofsee,21.exe,exe,2026-10-06 04:46:13,MalwareBazaar
MD5,6fc94f5c2f03ec2a0bc4ba1c35b37b0c,be6251b0a4cf2d5f0d2eac02caaf5fe1def80a215561d355a44528f32d881cf5,unknown,kla.sh,sh,2026-10-06 04:40:47,MalwareBazaar
SHA-1,7bff6b70a1e5fcc2ba221854999bf4b17ea23352,be6251b0a4cf2d5f0d2eac02caaf5fe1def80a215561d355a44528f32d881cf5,unknown,kla.sh,sh,2026-10-06 04:40:47,MalwareBazaar
SHA-256,be6251b0a4cf2d5f0d2eac02caaf5fe1def80a215561d355a44528f32d881cf5,be6251b0a4cf2d5f0d2eac02caaf5fe1def80a215561d355a44528f32d881cf5,unknown,kla.sh,sh,2026-10-06 04:40:47,MalwareBazaar
SHA3-384,827c8f1b0b93bcc360625f6454ff62746920708da88d0d71f2c27c0ad3a635452f8c8924808a39bb3ab333c15b95ea32,be6251b0a4cf2d5f0d2eac02caaf5fe1def80a215561d355a44528f32d881cf5,unknown,kla.sh,sh,2026-10-06 04:40:47,MalwareBazaar
TLSH,T10E41CCF3F9B49C31F429842CFB4EA2E579935D7F41E0A85A84AB7911AE5C01A60DDF30,be6251b0a4cf2d5f0d2eac02caaf5fe1def80a215561d355a44528f32d881cf5,unknown,kla.sh,sh,2026-10-06 04:40:47,MalwareBazaar
SSDEEP,48:H6vdV+SAWS6T16TO6TjE6Ta6TWRQTFjoTsiAGWK94nmpJL3EOnTGwQHJKm:H6vmLWS+laERvSoMGWK2UJo26pz,be6251b0a4cf2d5f0d2eac02caaf5fe1def80a215561d355a44528f32d881cf5,unknown,kla.sh,sh,2026-10-06 04:40:47,MalwareBazaar
MD5,920e467bba1b7de0d7f1a9ae351a7553,3d3209f6ec6be23b20da485ec727a2af2d16ab20258a50f6d01cc43fec207b01,Mirai,sora.spc,elf,2026-10-06 04:39:32,MalwareBazaar
SHA-1,59be1f53025a67b2e18f44bb0ad9fbc2f61ee9f0,3d3209f6ec6be23b20da485ec727a2af2d16ab20258a50f6d01cc43fec207b01,Mirai,sora.spc,elf,2026-10-06 04:39:32,MalwareBazaar
SHA-256,3d3209f6ec6be23b20da485ec727a2af2d16ab20258a50f6d01cc43fec207b01,3d3209f6ec6be23b20da485ec727a2af2d16ab20258a50f6d01cc43fec207b01,Mirai,sora.spc,elf,2026-10-06 04:39:32,MalwareBazaar
SHA3-384,f3823edea6cd0d298adda3bf1d34b3b058cb2894287a1236448bc77042daa1f700daf94a013366917e10ef5dd08a6ccc,3d3209f6ec6be23b20da485ec727a2af2d16ab20258a50f6d01cc43fec207b01,Mirai,sora.spc,elf,2026-10-06 04:39:32,MalwareBazaar
TLSH,T14C732A26B97A1E26C0D4B57E60FB8B11F5E1278E26B4C50A7D720E5EEF147006502BF7,3d3209f6ec6be23b20da485ec727a2af2d16ab20258a50f6d01cc43fec207b01,Mirai,sora.spc,elf,2026-10-06 04:39:32,MalwareBazaar
SSDEEP,1536:hD/B6f6UD5hAS7mo0DCCAXpSKV6v3G78nN9Wu:927jqCt8v3GI/J,3d3209f6ec6be23b20da485ec727a2af2d16ab20258a50f6d01cc43fec207b01,Mirai,sora.spc,elf,2026-10-06 04:39:32,MalwareBazaar
MD5,f459b0dc8ce299ff67f8ee2786d56163,06a21fa074360b9bb5079efe2d02a8e3722e99988c069a1b6e477d11da870177,Mirai,bin,sh,2026-10-06 04:39:29,MalwareBazaar
SHA-1,959e1908f6a2dfa87cdccb61ccc693e80ed3ac3f,06a21fa074360b9bb5079efe2d02a8e3722e99988c069a1b6e477d11da870177,Mirai,bin,sh,2026-10-06 04:39:29,MalwareBazaar
SHA-256,06a21fa074360b9bb5079efe2d02a8e3722e99988c069a1b6e477d11da870177,06a21fa074360b9bb5079efe2d02a8e3722e99988c069a1b6e477d11da870177,Mirai,bin,sh,2026-10-06 04:39:29,MalwareBazaar
SHA3-384,e634dafa9054eba7d1605499ac592dc642304369711836620dcf955a7a4f548d6993d0c2864e7fc0522b7c32e0b4dc3f,06a21fa074360b9bb5079efe2d02a8e3722e99988c069a1b6e477d11da870177,Mirai,bin,sh,2026-10-06 04:39:29,MalwareBazaar
TLSH,T1CC417185B3806532BFF29E5675F6D804B090A0A3DFC92E41D5EDB8E9C98CF08B490B53,06a21fa074360b9bb5079efe2d02a8e3722e99988c069a1b6e477d11da870177,Mirai,bin,sh,2026-10-06 04:39:29,MalwareBazaar
SSDEEP,48:vp2fRpZTRpJO/Rp06oRpjHRpOPRpNvRp5hRp8DRplhe:v6lw0nux/sQ,06a21fa074360b9bb5079efe2d02a8e3722e99988c069a1b6e477d11da870177,Mirai,bin,sh,2026-10-06 04:39:29,MalwareBazaar
