type,value,sha256,malware_family,file_name,file_type,first_seen,source
MD5,a44f85bfafe3d8011148c51f38f604e8,9a5f306198f54047e7be608395869dc6d6dfc30757a04035c3c422f8c1a3495d,unknown,file,exe,2026-07-29 03:41:25,MalwareBazaar
SHA-1,38dab750a3a216aca66f4ae05e8c0a8e43dd2b77,9a5f306198f54047e7be608395869dc6d6dfc30757a04035c3c422f8c1a3495d,unknown,file,exe,2026-07-29 03:41:25,MalwareBazaar
SHA-256,9a5f306198f54047e7be608395869dc6d6dfc30757a04035c3c422f8c1a3495d,9a5f306198f54047e7be608395869dc6d6dfc30757a04035c3c422f8c1a3495d,unknown,file,exe,2026-07-29 03:41:25,MalwareBazaar
SHA3-384,120009674c6365857da1a99eaa08634cf74374b6e44495bb9248392c028e7be05446eb571923e8337d37d712ab769ce2,9a5f306198f54047e7be608395869dc6d6dfc30757a04035c3c422f8c1a3495d,unknown,file,exe,2026-07-29 03:41:25,MalwareBazaar
IMPHASH,dfba23467fe5a12366e7fde987218cb0,9a5f306198f54047e7be608395869dc6d6dfc30757a04035c3c422f8c1a3495d,unknown,file,exe,2026-07-29 03:41:25,MalwareBazaar
TLSH,T1B8823B0FB8424316E1E110B4967696BBD9B9AC7633C414EBF7D44AEE0A686C1FC3210F,9a5f306198f54047e7be608395869dc6d6dfc30757a04035c3c422f8c1a3495d,unknown,file,exe,2026-07-29 03:41:25,MalwareBazaar
SSDEEP,384:A+ZbmcmhzwEUaUu94gXTP+av8U9c+q4P:K5UaF9Ka0U11,9a5f306198f54047e7be608395869dc6d6dfc30757a04035c3c422f8c1a3495d,unknown,file,exe,2026-07-29 03:41:25,MalwareBazaar
MD5,fc76a69330918c7327b4990c7747ea67,3f09145757282e6a59cd69319ac3b9da3265022a1d4f92a1646f8ddbaad89333,unknown,請求書.JS,js,2026-07-29 03:39:55,MalwareBazaar
SHA-256,3f09145757282e6a59cd69319ac3b9da3265022a1d4f92a1646f8ddbaad89333,3f09145757282e6a59cd69319ac3b9da3265022a1d4f92a1646f8ddbaad89333,unknown,請求書.JS,js,2026-07-29 03:39:55,MalwareBazaar
MD5,d2183f36851773f9cd4fdbc79e3eb1ef,4a6450f5a3676568e1d3d993d1c6f908af7ca07c41887bf48d1ae9672fc58512,RemcosRAT,7556TH364640.vbs,vbs,2026-07-29 03:06:00,MalwareBazaar
SHA-1,b20254344d0df6cf8bf08a8e3c55a0c041cefded,4a6450f5a3676568e1d3d993d1c6f908af7ca07c41887bf48d1ae9672fc58512,RemcosRAT,7556TH364640.vbs,vbs,2026-07-29 03:06:00,MalwareBazaar
SHA-256,4a6450f5a3676568e1d3d993d1c6f908af7ca07c41887bf48d1ae9672fc58512,4a6450f5a3676568e1d3d993d1c6f908af7ca07c41887bf48d1ae9672fc58512,RemcosRAT,7556TH364640.vbs,vbs,2026-07-29 03:06:00,MalwareBazaar
SHA3-384,33d0b7aead0243ae610fac1503f12b4c8f856c32f983fea7b61f035ec481b64758e1c6fd03a77fdbb3580f5e9b9c00f6,4a6450f5a3676568e1d3d993d1c6f908af7ca07c41887bf48d1ae9672fc58512,RemcosRAT,7556TH364640.vbs,vbs,2026-07-29 03:06:00,MalwareBazaar
TLSH,T1DD441720DCD80B3A0E5707DDFE510A65C9FDC5298627D0ECEA9E171E50125ACEBBF268,4a6450f5a3676568e1d3d993d1c6f908af7ca07c41887bf48d1ae9672fc58512,RemcosRAT,7556TH364640.vbs,vbs,2026-07-29 03:06:00,MalwareBazaar
SSDEEP,6144:FupSvRhXaMj2WSUYVrNpX+ChnQ+4U9RggxYsTQ:i1Mj2WinpzO+ZYT,4a6450f5a3676568e1d3d993d1c6f908af7ca07c41887bf48d1ae9672fc58512,RemcosRAT,7556TH364640.vbs,vbs,2026-07-29 03:06:00,MalwareBazaar
MD5,1c469916e01f1764882d32285e439344,44df3b2362cac083812b2069678032b4b2dd91589023f9bae4fbd3746a23b1f9,unknown,default.dat,exe,2026-07-29 02:52:32,MalwareBazaar
SHA-1,6169ac3ced1b02027325a3ac80577ce536572bfb,44df3b2362cac083812b2069678032b4b2dd91589023f9bae4fbd3746a23b1f9,unknown,default.dat,exe,2026-07-29 02:52:32,MalwareBazaar
SHA-256,44df3b2362cac083812b2069678032b4b2dd91589023f9bae4fbd3746a23b1f9,44df3b2362cac083812b2069678032b4b2dd91589023f9bae4fbd3746a23b1f9,unknown,default.dat,exe,2026-07-29 02:52:32,MalwareBazaar
SHA3-384,1feaa3ea7c8a2a8573e3038bb8ca1cd4e5da7fa200f640e47d14fcdf6c68de16c8b7237e1bef5eef3b7b2ceeeb407d10,44df3b2362cac083812b2069678032b4b2dd91589023f9bae4fbd3746a23b1f9,unknown,default.dat,exe,2026-07-29 02:52:32,MalwareBazaar
IMPHASH,dcaf48c1f10b0efa0a4472200f3850ed,44df3b2362cac083812b2069678032b4b2dd91589023f9bae4fbd3746a23b1f9,unknown,default.dat,exe,2026-07-29 02:52:32,MalwareBazaar
TLSH,T19CE633487ED001EEE9F3C138AEE15299D6B678B40BB3C9CF17A463A95D1B1E0453E247,44df3b2362cac083812b2069678032b4b2dd91589023f9bae4fbd3746a23b1f9,unknown,default.dat,exe,2026-07-29 02:52:32,MalwareBazaar
SSDEEP,393216:kHMb7T1cSqhKqmWtCHxUSwXMCHWUjXQcuI3/PGTAI:ksb7T1XEK5WtCHqBXMb8XFH/O7,44df3b2362cac083812b2069678032b4b2dd91589023f9bae4fbd3746a23b1f9,unknown,default.dat,exe,2026-07-29 02:52:32,MalwareBazaar
ICON-DHASH,f0d88ea29ac6f4f0,44df3b2362cac083812b2069678032b4b2dd91589023f9bae4fbd3746a23b1f9,unknown,default.dat,exe,2026-07-29 02:52:32,MalwareBazaar
MD5,a74be2b7ab2e316dbd6df0e295255c0b,cf8b604d9e3f1dc4470ad1e5cdf8922a3a84021b08ee8b0700b76ea63e0781fb,unknown,file,exe,2026-07-29 02:52:24,MalwareBazaar
SHA-1,460e33b14cceb514393ca54fe3abb8eb33808b15,cf8b604d9e3f1dc4470ad1e5cdf8922a3a84021b08ee8b0700b76ea63e0781fb,unknown,file,exe,2026-07-29 02:52:24,MalwareBazaar
SHA-256,cf8b604d9e3f1dc4470ad1e5cdf8922a3a84021b08ee8b0700b76ea63e0781fb,cf8b604d9e3f1dc4470ad1e5cdf8922a3a84021b08ee8b0700b76ea63e0781fb,unknown,file,exe,2026-07-29 02:52:24,MalwareBazaar
SHA3-384,d5ed0607f40ca64b9a432572a9cc848c98861bee76410cded106dfc654c11d7ecb777936cb2d909c56cf1fbeb7d28d03,cf8b604d9e3f1dc4470ad1e5cdf8922a3a84021b08ee8b0700b76ea63e0781fb,unknown,file,exe,2026-07-29 02:52:24,MalwareBazaar
IMPHASH,dfba23467fe5a12366e7fde987218cb0,cf8b604d9e3f1dc4470ad1e5cdf8922a3a84021b08ee8b0700b76ea63e0781fb,unknown,file,exe,2026-07-29 02:52:24,MalwareBazaar
TLSH,T179823A0FB8424216E1D110B4957596BBD9B99C7633C418DBFBD44AEE1A686C1FC3250F,cf8b604d9e3f1dc4470ad1e5cdf8922a3a84021b08ee8b0700b76ea63e0781fb,unknown,file,exe,2026-07-29 02:52:24,MalwareBazaar
SSDEEP,192:AW26SkQzngjoWLsmBDTlIUqRQQPcleSMv9fKUSiu9zwfge+VOgbOOqmEd6FQv9P6:ANZbmsmBTQU0Vu94gXTPuav8U9c+w4P,cf8b604d9e3f1dc4470ad1e5cdf8922a3a84021b08ee8b0700b76ea63e0781fb,unknown,file,exe,2026-07-29 02:52:24,MalwareBazaar
MD5,17cfec542adc8dadd3e2ddc86e209327,6d785f191a10799f38e08cfc5563bd559729ec74efe2aa242c4542fd853f90d1,Mirai,arm,elf,2026-07-29 02:02:52,MalwareBazaar
SHA-1,a1e333da3fb3406aeef2588d00f219431fb6ffab,6d785f191a10799f38e08cfc5563bd559729ec74efe2aa242c4542fd853f90d1,Mirai,arm,elf,2026-07-29 02:02:52,MalwareBazaar
SHA-256,6d785f191a10799f38e08cfc5563bd559729ec74efe2aa242c4542fd853f90d1,6d785f191a10799f38e08cfc5563bd559729ec74efe2aa242c4542fd853f90d1,Mirai,arm,elf,2026-07-29 02:02:52,MalwareBazaar
SHA3-384,3f2d17b9225a319a1695987764dd0872b1eff94b943ce380c4379133baf776259cf90280fa2c5c2ce14492fc8bf10144,6d785f191a10799f38e08cfc5563bd559729ec74efe2aa242c4542fd853f90d1,Mirai,arm,elf,2026-07-29 02:02:52,MalwareBazaar
TLSH,T163F30845FC519B13C6C612BBFB6E428D372A17A8D3EE32039D215F61378A85B0E3B546,6d785f191a10799f38e08cfc5563bd559729ec74efe2aa242c4542fd853f90d1,Mirai,arm,elf,2026-07-29 02:02:52,MalwareBazaar
SSDEEP,1536:9nG9tcj712jNwLGa3MRA+j4de2ozs4V/QHTDy2atbqE0kFGhz30lmdwyw+GrU+78:9ngONT3c8dem4uHfZaLw1/WPzrnq,6d785f191a10799f38e08cfc5563bd559729ec74efe2aa242c4542fd853f90d1,Mirai,arm,elf,2026-07-29 02:02:52,MalwareBazaar
MD5,616d444d5d09d06f7a2c79d9e04d517d,336ff5d2c361e594327c54a8a5398bc0255f152d175f99bf3a9efd621c51a3b0,Mirai,arm6,elf,2026-07-29 02:01:07,MalwareBazaar
SHA-1,8eccb26b2367a367160ab29637830cb2ecc00b0a,336ff5d2c361e594327c54a8a5398bc0255f152d175f99bf3a9efd621c51a3b0,Mirai,arm6,elf,2026-07-29 02:01:07,MalwareBazaar
SHA-256,336ff5d2c361e594327c54a8a5398bc0255f152d175f99bf3a9efd621c51a3b0,336ff5d2c361e594327c54a8a5398bc0255f152d175f99bf3a9efd621c51a3b0,Mirai,arm6,elf,2026-07-29 02:01:07,MalwareBazaar
SHA3-384,971507d4ba388fafd8344ca5b187cfda590b0e16f773d72917abee91f4330b568e2ff4a9847c29ba1748120155ca2071,336ff5d2c361e594327c54a8a5398bc0255f152d175f99bf3a9efd621c51a3b0,Mirai,arm6,elf,2026-07-29 02:01:07,MalwareBazaar
TLSH,T184042A56F8818B15C5C612BAFA2D524A37171778E3DF7203AD106F647B8B87B0F3A906,336ff5d2c361e594327c54a8a5398bc0255f152d175f99bf3a9efd621c51a3b0,Mirai,arm6,elf,2026-07-29 02:01:07,MalwareBazaar
TELFHASH,t1b3f04694ab5462ed76e1034183a4756eafaa702d1e323850e1994e0e1ba1dc9653bc29,336ff5d2c361e594327c54a8a5398bc0255f152d175f99bf3a9efd621c51a3b0,Mirai,arm6,elf,2026-07-29 02:01:07,MalwareBazaar
SSDEEP,3072:W+HeB+EYnNXOQ9EoKcXj5aMXRpVpbLbInh5KWZO:rHeB+EYN+Q9EkXNaMhpVmh5KW4,336ff5d2c361e594327c54a8a5398bc0255f152d175f99bf3a9efd621c51a3b0,Mirai,arm6,elf,2026-07-29 02:01:07,MalwareBazaar
MD5,fef8fcd25ca8007f5cd5d3eed991c1c0,eae10853be098476c31a1cb7d37c3b2dbc7ef80d73ce9d64306962eca8be8cc2,Mirai,x86_64,elf,2026-07-29 01:59:30,MalwareBazaar
SHA-1,0744720e7bc8ba5cd65c050f641fce7af1c28464,eae10853be098476c31a1cb7d37c3b2dbc7ef80d73ce9d64306962eca8be8cc2,Mirai,x86_64,elf,2026-07-29 01:59:30,MalwareBazaar
SHA-256,eae10853be098476c31a1cb7d37c3b2dbc7ef80d73ce9d64306962eca8be8cc2,eae10853be098476c31a1cb7d37c3b2dbc7ef80d73ce9d64306962eca8be8cc2,Mirai,x86_64,elf,2026-07-29 01:59:30,MalwareBazaar
SHA3-384,33676e46c5132d5077d5627249cf66431c50135256b160bc00a1cf0e91cd736584cd8b6d4df5b0b6645e6d7d6cd258b1,eae10853be098476c31a1cb7d37c3b2dbc7ef80d73ce9d64306962eca8be8cc2,Mirai,x86_64,elf,2026-07-29 01:59:30,MalwareBazaar
TLSH,T17F044956B9C188FEC4D9D1780BFAF437E931F0AD526CB25727C4AE261E4DE204B2CA45,eae10853be098476c31a1cb7d37c3b2dbc7ef80d73ce9d64306962eca8be8cc2,Mirai,x86_64,elf,2026-07-29 01:59:30,MalwareBazaar
TELFHASH,t18951cb743c8f7a9c61d3a31ab30eed59fc3205111de274d5ae2b6ae5ce067880d634a2,eae10853be098476c31a1cb7d37c3b2dbc7ef80d73ce9d64306962eca8be8cc2,Mirai,x86_64,elf,2026-07-29 01:59:30,MalwareBazaar
SSDEEP,3072:Vw/DeklbF3a9sFuWS1ZVquHa1Uz1V6Dr1TkqdXxhbO/csFA/4:VwbeklbF3+FWItAgVOTdBjYA/4,eae10853be098476c31a1cb7d37c3b2dbc7ef80d73ce9d64306962eca8be8cc2,Mirai,x86_64,elf,2026-07-29 01:59:30,MalwareBazaar
MD5,97e9bd358da99b670578c833bf2fe245,c74820349ce06caf983178ef5ad7c8748afb1078caa98d66d1bb325a6f99d414,unknown,lil,sh,2026-07-29 01:52:31,MalwareBazaar
SHA-1,9d53153124d4888f69d32e0b2a34d73fc4202e29,c74820349ce06caf983178ef5ad7c8748afb1078caa98d66d1bb325a6f99d414,unknown,lil,sh,2026-07-29 01:52:31,MalwareBazaar
SHA-256,c74820349ce06caf983178ef5ad7c8748afb1078caa98d66d1bb325a6f99d414,c74820349ce06caf983178ef5ad7c8748afb1078caa98d66d1bb325a6f99d414,unknown,lil,sh,2026-07-29 01:52:31,MalwareBazaar
SHA3-384,86bd7f9978eb467a0f235fde1f91cbf99d19315fe9cc2610f48a52a20d2f590703a965f69797a668d788a2f40bc27a1c,c74820349ce06caf983178ef5ad7c8748afb1078caa98d66d1bb325a6f99d414,unknown,lil,sh,2026-07-29 01:52:31,MalwareBazaar
TLSH,T13E01AFCAD26498404099C41D769F1154F831C3CA198BCBA4BF9CB43D9B54F10B036F88,c74820349ce06caf983178ef5ad7c8748afb1078caa98d66d1bb325a6f99d414,unknown,lil,sh,2026-07-29 01:52:31,MalwareBazaar
SSDEEP,24:kXCKysE2hi0ziQvZoha7FCrJBkDW31EuX:e9Qp+Ms7QDCS1EuX,c74820349ce06caf983178ef5ad7c8748afb1078caa98d66d1bb325a6f99d414,unknown,lil,sh,2026-07-29 01:52:31,MalwareBazaar
MD5,734ea4993da57f44368650260febf468,7d6f5eb4bc8cdea4b40f7a3f659c50b35020602abdd8e8a2e2fc31732330a92a,Mirai,arc,elf,2026-07-29 01:50:32,MalwareBazaar
SHA-1,f3213afec77a01847857e9b01278c844e4bb4e06,7d6f5eb4bc8cdea4b40f7a3f659c50b35020602abdd8e8a2e2fc31732330a92a,Mirai,arc,elf,2026-07-29 01:50:32,MalwareBazaar
SHA-256,7d6f5eb4bc8cdea4b40f7a3f659c50b35020602abdd8e8a2e2fc31732330a92a,7d6f5eb4bc8cdea4b40f7a3f659c50b35020602abdd8e8a2e2fc31732330a92a,Mirai,arc,elf,2026-07-29 01:50:32,MalwareBazaar
SHA3-384,672b5255247d90ad0ead2afe5f09719fd40e46f628a8330597c8ef97bad3222f1ab776d91b4c37ad6b65157c2188cb9f,7d6f5eb4bc8cdea4b40f7a3f659c50b35020602abdd8e8a2e2fc31732330a92a,Mirai,arc,elf,2026-07-29 01:50:32,MalwareBazaar
TLSH,T120E3BE9BBA8B0090C44701F0278F4BEEAB6315859FAFC2E76D69B53B083D1DB9516B50,7d6f5eb4bc8cdea4b40f7a3f659c50b35020602abdd8e8a2e2fc31732330a92a,Mirai,arc,elf,2026-07-29 01:50:32,MalwareBazaar
SSDEEP,1536:gVVaAFrSKjNLdqmK8jdfObjZAPxlKkNFap5nrRIgTKa10FHiqJ2O/LWSG7:gVkitN8/8jdmbFAPx13aKgTflOq,7d6f5eb4bc8cdea4b40f7a3f659c50b35020602abdd8e8a2e2fc31732330a92a,Mirai,arc,elf,2026-07-29 01:50:32,MalwareBazaar
MD5,682b9aca0ad2123c253d8324633cf648,96aa9b5fcc9f02bf0879ae9b1e088b3f8dc978ec323da003b194fb660acd0713,unknown,file,exe,2026-07-29 01:48:45,MalwareBazaar
SHA-1,f05a7689454b9a1ae949f8177eaf6c1d682b8d57,96aa9b5fcc9f02bf0879ae9b1e088b3f8dc978ec323da003b194fb660acd0713,unknown,file,exe,2026-07-29 01:48:45,MalwareBazaar
SHA-256,96aa9b5fcc9f02bf0879ae9b1e088b3f8dc978ec323da003b194fb660acd0713,96aa9b5fcc9f02bf0879ae9b1e088b3f8dc978ec323da003b194fb660acd0713,unknown,file,exe,2026-07-29 01:48:45,MalwareBazaar
SHA3-384,66b6c447da3d20b32f136cd7c66160932da372323c9a950f88d497ecc58364b51ec568a8def7d5a2a48e707519da0842,96aa9b5fcc9f02bf0879ae9b1e088b3f8dc978ec323da003b194fb660acd0713,unknown,file,exe,2026-07-29 01:48:45,MalwareBazaar
IMPHASH,dfba23467fe5a12366e7fde987218cb0,96aa9b5fcc9f02bf0879ae9b1e088b3f8dc978ec323da003b194fb660acd0713,unknown,file,exe,2026-07-29 01:48:45,MalwareBazaar
TLSH,T13B823B0FB9424316E1E110B4966596BFD9B9AC7633C414EBF7D44AEE0A686C1FC3610F,96aa9b5fcc9f02bf0879ae9b1e088b3f8dc978ec323da003b194fb660acd0713,unknown,file,exe,2026-07-29 01:48:45,MalwareBazaar
SSDEEP,384:AZZbmcmhzcEUaUu94gXTP+av8U9c+z4P:l9UaF9Ka0U1+,96aa9b5fcc9f02bf0879ae9b1e088b3f8dc978ec323da003b194fb660acd0713,unknown,file,exe,2026-07-29 01:48:45,MalwareBazaar
MD5,9452ccef2ed2f38e61bf4f1838c5fa13,9c9dcacd3a247c7860113f842cf920b8cfa205431c5f1e40747c774ba13069d7,AgentTesla,Revised PI.js,js,2026-07-29 01:37:26,MalwareBazaar
SHA-1,288348b56571068fb11a0579de46e84d3097f2da,9c9dcacd3a247c7860113f842cf920b8cfa205431c5f1e40747c774ba13069d7,AgentTesla,Revised PI.js,js,2026-07-29 01:37:26,MalwareBazaar
SHA-256,9c9dcacd3a247c7860113f842cf920b8cfa205431c5f1e40747c774ba13069d7,9c9dcacd3a247c7860113f842cf920b8cfa205431c5f1e40747c774ba13069d7,AgentTesla,Revised PI.js,js,2026-07-29 01:37:26,MalwareBazaar
SHA3-384,828babbfb86f52fbcb68fcf6bfa6101955ee79ce78df12b12e0e7718731e5251ec6f2bb7a9c77272179cfdef6543cac4,9c9dcacd3a247c7860113f842cf920b8cfa205431c5f1e40747c774ba13069d7,AgentTesla,Revised PI.js,js,2026-07-29 01:37:26,MalwareBazaar
TLSH,T198750AB7872A13408B74D270463A8A74FDA886A10B8B5C46303DADC4AF7B1D5C75FAF5,9c9dcacd3a247c7860113f842cf920b8cfa205431c5f1e40747c774ba13069d7,AgentTesla,Revised PI.js,js,2026-07-29 01:37:26,MalwareBazaar
SSDEEP,768:4ddddddddddddddddddddddddddddddddddddddddddddddddddddddddddddddv:EfDFdO/b67,9c9dcacd3a247c7860113f842cf920b8cfa205431c5f1e40747c774ba13069d7,AgentTesla,Revised PI.js,js,2026-07-29 01:37:26,MalwareBazaar
MD5,67965bd0cd526b0ac5862e5ec90b6084,441cb0179c91c4c36cbd05b75c6b9b8bd4a668518bceb7ba028a0b077d2a14eb,unknown,Installer.msi,msi,2026-07-29 01:35:35,MalwareBazaar
SHA-1,666851917aaddb876ecb24818c5a6029da0e868f,441cb0179c91c4c36cbd05b75c6b9b8bd4a668518bceb7ba028a0b077d2a14eb,unknown,Installer.msi,msi,2026-07-29 01:35:35,MalwareBazaar
SHA-256,441cb0179c91c4c36cbd05b75c6b9b8bd4a668518bceb7ba028a0b077d2a14eb,441cb0179c91c4c36cbd05b75c6b9b8bd4a668518bceb7ba028a0b077d2a14eb,unknown,Installer.msi,msi,2026-07-29 01:35:35,MalwareBazaar
SHA3-384,aa3d6500589349d8c08a86a89f595e93528918f4ad44015eee8b26735eed184dfc6a6f5a7ef7ea88fc2abc8fd0db9e64,441cb0179c91c4c36cbd05b75c6b9b8bd4a668518bceb7ba028a0b077d2a14eb,unknown,Installer.msi,msi,2026-07-29 01:35:35,MalwareBazaar
TLSH,T1CA2733A62C262E83CA5466BB23531342AF310DB33B1247412D7DE92D1CBD1FA5B5D39B,441cb0179c91c4c36cbd05b75c6b9b8bd4a668518bceb7ba028a0b077d2a14eb,unknown,Installer.msi,msi,2026-07-29 01:35:35,MalwareBazaar
SSDEEP,393216:5jcQb0kS3gllQv87upa4GCAKUd2Cu3et11G+ahvcThiY:5akpC06ZA7dpIeRTUY,441cb0179c91c4c36cbd05b75c6b9b8bd4a668518bceb7ba028a0b077d2a14eb,unknown,Installer.msi,msi,2026-07-29 01:35:35,MalwareBazaar
MD5,c78f84e27a9d0e544c00e1c3a4fb5798,f47db0bc0f9accb6cf4c033d81ceb1f79065c54616f90df4647ec0cb2d6f2ac0,Mirai,m68k,elf,2026-07-29 01:34:30,MalwareBazaar
SHA-1,58d8cb699d5da0ea10acdb829c1fb29d6eb587d3,f47db0bc0f9accb6cf4c033d81ceb1f79065c54616f90df4647ec0cb2d6f2ac0,Mirai,m68k,elf,2026-07-29 01:34:30,MalwareBazaar
SHA-256,f47db0bc0f9accb6cf4c033d81ceb1f79065c54616f90df4647ec0cb2d6f2ac0,f47db0bc0f9accb6cf4c033d81ceb1f79065c54616f90df4647ec0cb2d6f2ac0,Mirai,m68k,elf,2026-07-29 01:34:30,MalwareBazaar
SHA3-384,7a0ed99a6c7220836c297eb27ada37ca8651626325073aa7a81a164b704c02cd915d3459f88fc4818f9cdc279376bc3d,f47db0bc0f9accb6cf4c033d81ceb1f79065c54616f90df4647ec0cb2d6f2ac0,Mirai,m68k,elf,2026-07-29 01:34:30,MalwareBazaar
TLSH,T1FC144AC7F801CDBEF80BF3764857040975B0B79164935A3B63A779ABAC3A0D52923D86,f47db0bc0f9accb6cf4c033d81ceb1f79065c54616f90df4647ec0cb2d6f2ac0,Mirai,m68k,elf,2026-07-29 01:34:30,MalwareBazaar
SSDEEP,3072:LXKHbrDEmBRai/26mT84H/ImMSV8jbiTL52lKy3Qcaafg:jK7Xwi/26mQ4wmMUL5y3iMg,f47db0bc0f9accb6cf4c033d81ceb1f79065c54616f90df4647ec0cb2d6f2ac0,Mirai,m68k,elf,2026-07-29 01:34:30,MalwareBazaar
MD5,276e9e960593b4a8a547c88c572f15fc,a046184ae4efc3f09a283a3c24d1533a191d05dc843c78534c3f129ceaa9946e,unknown,wr.php,sh,2026-07-29 01:27:38,MalwareBazaar
SHA-1,846df1a2e8606cd4d41f419f60f2a9b4d5a6e478,a046184ae4efc3f09a283a3c24d1533a191d05dc843c78534c3f129ceaa9946e,unknown,wr.php,sh,2026-07-29 01:27:38,MalwareBazaar
SHA-256,a046184ae4efc3f09a283a3c24d1533a191d05dc843c78534c3f129ceaa9946e,a046184ae4efc3f09a283a3c24d1533a191d05dc843c78534c3f129ceaa9946e,unknown,wr.php,sh,2026-07-29 01:27:38,MalwareBazaar
SHA3-384,2c56aebafed76b7cc1385d242b932fa80f26925b2a47498171cf3a12c3be91bb8623188097f0b92512579daf3860234a,a046184ae4efc3f09a283a3c24d1533a191d05dc843c78534c3f129ceaa9946e,unknown,wr.php,sh,2026-07-29 01:27:38,MalwareBazaar
TLSH,T1F2C27C966A867C44BEC94A3E4CBD2B0D6DF5C3D1324942AC3D8B3C719C15FACC618B1A,a046184ae4efc3f09a283a3c24d1533a191d05dc843c78534c3f129ceaa9946e,unknown,wr.php,sh,2026-07-29 01:27:38,MalwareBazaar
SSDEEP,768:c8vCB+25j6es8Rs69FYpMSUpi+20qUpi+20YQX:c8l25Jssd2QX,a046184ae4efc3f09a283a3c24d1533a191d05dc843c78534c3f129ceaa9946e,unknown,wr.php,sh,2026-07-29 01:27:38,MalwareBazaar
MD5,8a0fed1a5a5ed0c161ca63b92dda3bdb,79df12fb0a083f52bf77cffe998c9be6e9f588b7f918af11435fc5629c1d82b6,Mirai,ppc,elf,2026-07-29 01:23:33,MalwareBazaar
SHA-1,f204f8e410bd99c14b8a7660e157103fda2fefac,79df12fb0a083f52bf77cffe998c9be6e9f588b7f918af11435fc5629c1d82b6,Mirai,ppc,elf,2026-07-29 01:23:33,MalwareBazaar
SHA-256,79df12fb0a083f52bf77cffe998c9be6e9f588b7f918af11435fc5629c1d82b6,79df12fb0a083f52bf77cffe998c9be6e9f588b7f918af11435fc5629c1d82b6,Mirai,ppc,elf,2026-07-29 01:23:33,MalwareBazaar
SHA3-384,b506df470b767e20f96239c4d99276e14470668ddd57a3b421c9aebdd6994d50af87be0d601e261b117e24b8adb0a78e,79df12fb0a083f52bf77cffe998c9be6e9f588b7f918af11435fc5629c1d82b6,Mirai,ppc,elf,2026-07-29 01:23:33,MalwareBazaar
TLSH,T1F3043A02732C0D03D1A32EB03B3F27E097EF999221A4B541295F6F9E9175E326945ECE,79df12fb0a083f52bf77cffe998c9be6e9f588b7f918af11435fc5629c1d82b6,Mirai,ppc,elf,2026-07-29 01:23:33,MalwareBazaar
SSDEEP,3072:8pK5PKdRpSMKN5FZXJx6qPSPYV7zxgzVu2:gMP0qXxBPSPk3xgZu2,79df12fb0a083f52bf77cffe998c9be6e9f588b7f918af11435fc5629c1d82b6,Mirai,ppc,elf,2026-07-29 01:23:33,MalwareBazaar
MD5,f11e121f524d11eb1bbd8eff4f6399eb,af03598bef65613ab2c8a64fed066b9fd384d92da2fda23893b80ad5887812dc,unknown,p,sh,2026-07-29 01:09:33,MalwareBazaar
SHA-1,2cd5e21ec078bdac860ccc25e72f5caef05a0ec7,af03598bef65613ab2c8a64fed066b9fd384d92da2fda23893b80ad5887812dc,unknown,p,sh,2026-07-29 01:09:33,MalwareBazaar
SHA-256,af03598bef65613ab2c8a64fed066b9fd384d92da2fda23893b80ad5887812dc,af03598bef65613ab2c8a64fed066b9fd384d92da2fda23893b80ad5887812dc,unknown,p,sh,2026-07-29 01:09:33,MalwareBazaar
SHA3-384,72c5a66faf61ff5bca3389f53287ed3590cd48fdaa734f16a436705e5979f38102cc4673c2528f6a5418eb02cd0a0565,af03598bef65613ab2c8a64fed066b9fd384d92da2fda23893b80ad5887812dc,unknown,p,sh,2026-07-29 01:09:33,MalwareBazaar
TLSH,T150016FCAE250D5504059C55EA69F5290B421C3CA4A8B4BA47FDCA43DAB5CF14B037E58,af03598bef65613ab2c8a64fed066b9fd384d92da2fda23893b80ad5887812dc,unknown,p,sh,2026-07-29 01:09:33,MalwareBazaar
SSDEEP,12:dOXOsYxcysE+vhCFN0zvy/RQvZowHka7ChsTBQCXbl8CNWs1CdXs01CdaauD:kXCKysE2hi0ziQvZoha7FOmakWwu1Ea7,af03598bef65613ab2c8a64fed066b9fd384d92da2fda23893b80ad5887812dc,unknown,p,sh,2026-07-29 01:09:33,MalwareBazaar
MD5,c39c5267c9ac48b45112f668febd042f,f2b628567c9194272993484fc7b706d0ebf036e30fddab42cf0ef95310782b17,Mirai,mips,elf,2026-07-29 01:05:38,MalwareBazaar
SHA-1,93057b9981cfed30ab46f974eff0782db5918074,f2b628567c9194272993484fc7b706d0ebf036e30fddab42cf0ef95310782b17,Mirai,mips,elf,2026-07-29 01:05:38,MalwareBazaar
SHA-256,f2b628567c9194272993484fc7b706d0ebf036e30fddab42cf0ef95310782b17,f2b628567c9194272993484fc7b706d0ebf036e30fddab42cf0ef95310782b17,Mirai,mips,elf,2026-07-29 01:05:38,MalwareBazaar
SHA3-384,a58e92c1d30fb5584b66116c6735c61160a6e54cb9df42e0ef7fd44289bd3e1d779dcb94d3e81ac7980d81ef777728be,f2b628567c9194272993484fc7b706d0ebf036e30fddab42cf0ef95310782b17,Mirai,mips,elf,2026-07-29 01:05:38,MalwareBazaar
TLSH,T1AF24D81F6E229F7EF6A9873547B78E24AB5933D613D1D541E1ACC1001E6038E642FFA8,f2b628567c9194272993484fc7b706d0ebf036e30fddab42cf0ef95310782b17,Mirai,mips,elf,2026-07-29 01:05:38,MalwareBazaar
TELFHASH,t1e441b0180a7817a0a3756c99459dff76d2a330db7e172d338e11e86eab69f839d10c0c,f2b628567c9194272993484fc7b706d0ebf036e30fddab42cf0ef95310782b17,Mirai,mips,elf,2026-07-29 01:05:38,MalwareBazaar
SSDEEP,3072:YzUX7ipxr9v+oDajycYJbKSP/IFtxQO0PxMG2a/Yl8c34joE:YIO7r9v+oDajsGSQtWvyGfYlh3y9,f2b628567c9194272993484fc7b706d0ebf036e30fddab42cf0ef95310782b17,Mirai,mips,elf,2026-07-29 01:05:38,MalwareBazaar
MD5,2c735bfeb6d34be3b8cd6008476541d0,30cf8b82a53fff20b564597e56123ddeb16a87441a8b94f621e52c3213aeaa2c,CoinMiner,file,exe,2026-07-29 01:00:20,MalwareBazaar
SHA-1,513401f23f65a63d0e7754118b56edb06c9ad676,30cf8b82a53fff20b564597e56123ddeb16a87441a8b94f621e52c3213aeaa2c,CoinMiner,file,exe,2026-07-29 01:00:20,MalwareBazaar
SHA-256,30cf8b82a53fff20b564597e56123ddeb16a87441a8b94f621e52c3213aeaa2c,30cf8b82a53fff20b564597e56123ddeb16a87441a8b94f621e52c3213aeaa2c,CoinMiner,file,exe,2026-07-29 01:00:20,MalwareBazaar
SHA3-384,951254eaa1651f3da42a1b044ec7690057886acb59da67a2c0f51ce6084814e7cbd0ccbf17e0f23cb90456f09905a2f1,30cf8b82a53fff20b564597e56123ddeb16a87441a8b94f621e52c3213aeaa2c,CoinMiner,file,exe,2026-07-29 01:00:20,MalwareBazaar
IMPHASH,42cf01d41ef6dc0627982490afc9cddd,30cf8b82a53fff20b564597e56123ddeb16a87441a8b94f621e52c3213aeaa2c,CoinMiner,file,exe,2026-07-29 01:00:20,MalwareBazaar
TLSH,T18C220A197E8A0332E3A048F45479824B543E5533E787E3EFF373959A4A963448850EBF,30cf8b82a53fff20b564597e56123ddeb16a87441a8b94f621e52c3213aeaa2c,CoinMiner,file,exe,2026-07-29 01:00:20,MalwareBazaar
SSDEEP,96:CYdFo2Yz/J4h/wQBDB2dyaVDL1x+ZQ75ZTMwmmpPFJxGE9mZ2FFhxC7tCEmJe:CmoFeJBDBgx+e75tpPFJxTEZmFhSm,30cf8b82a53fff20b564597e56123ddeb16a87441a8b94f621e52c3213aeaa2c,CoinMiner,file,exe,2026-07-29 01:00:20,MalwareBazaar
MD5,75a490fa24ac602f41a42cb1315da15f,3788186a5d8e95fdcd9f6386bf85939b865cdd50c2ea28708e673af164aa61ee,unknown,wr.php,sh,2026-07-29 00:57:00,MalwareBazaar
SHA-1,740fd6cb284df2a27e3fe4d3c7730326b52c0aee,3788186a5d8e95fdcd9f6386bf85939b865cdd50c2ea28708e673af164aa61ee,unknown,wr.php,sh,2026-07-29 00:57:00,MalwareBazaar
SHA-256,3788186a5d8e95fdcd9f6386bf85939b865cdd50c2ea28708e673af164aa61ee,3788186a5d8e95fdcd9f6386bf85939b865cdd50c2ea28708e673af164aa61ee,unknown,wr.php,sh,2026-07-29 00:57:00,MalwareBazaar
SHA3-384,88f600873a0a878d93bf3a93d4d7767e02c22603d50357f6e89c5caf8c176aafaf37d407facbbfb0e410d18db924c145,3788186a5d8e95fdcd9f6386bf85939b865cdd50c2ea28708e673af164aa61ee,unknown,wr.php,sh,2026-07-29 00:57:00,MalwareBazaar
TLSH,T1AAC27D966A867C44BEC94A3E4CBD2B1D6DF5C3D1324942AC3D8A3C71DC11F9CD618B1A,3788186a5d8e95fdcd9f6386bf85939b865cdd50c2ea28708e673af164aa61ee,unknown,wr.php,sh,2026-07-29 00:57:00,MalwareBazaar
SSDEEP,768:lx8vCB+25j6es8RG9FYpMSUpi+20qUpi+20YQX:lx8l25Jwd2QX,3788186a5d8e95fdcd9f6386bf85939b865cdd50c2ea28708e673af164aa61ee,unknown,wr.php,sh,2026-07-29 00:57:00,MalwareBazaar
MD5,68f0d5f1d26379b7937b55d78d8bbc1e,b8ba5580699a6e79742e679b4f8bc293fa903e31410a4a2bad0271731bb3c887,Mirai,sh4,elf,2026-07-29 00:56:59,MalwareBazaar
SHA-1,ab8d7dfc80e3e08a6de971f21d6cd2476a4a9148,b8ba5580699a6e79742e679b4f8bc293fa903e31410a4a2bad0271731bb3c887,Mirai,sh4,elf,2026-07-29 00:56:59,MalwareBazaar
SHA-256,b8ba5580699a6e79742e679b4f8bc293fa903e31410a4a2bad0271731bb3c887,b8ba5580699a6e79742e679b4f8bc293fa903e31410a4a2bad0271731bb3c887,Mirai,sh4,elf,2026-07-29 00:56:59,MalwareBazaar
SHA3-384,38b91a97ef105ff5b2850dab55ce53708330ed5a0d10419815067c666c0fcc5268b68e07655c06a142e433fa5986c6ae,b8ba5580699a6e79742e679b4f8bc293fa903e31410a4a2bad0271731bb3c887,Mirai,sh4,elf,2026-07-29 00:56:59,MalwareBazaar
TLSH,T143E39DB3E4356E68C1628574B0348FB42B63A99992431FFB65B6C27410C7D9EFA1C3B4,b8ba5580699a6e79742e679b4f8bc293fa903e31410a4a2bad0271731bb3c887,Mirai,sh4,elf,2026-07-29 00:56:59,MalwareBazaar
SSDEEP,1536:3aA0ggGZzqiH8NtJqC6EKp7cWDRz1eCWDeWp7+J07EEa10rb9EJ/2:3VgCeiH8Ntsrrpvz1eteWFn7EBr2,b8ba5580699a6e79742e679b4f8bc293fa903e31410a4a2bad0271731bb3c887,Mirai,sh4,elf,2026-07-29 00:56:59,MalwareBazaar
MD5,9bad6907be1e22a4cd2eb198d921ef57,46eb8bc5b1f257520507bb81b2d010ea9d5a56b1843c0168953f3662b53d7a15,unknown,default.dat,exe,2026-07-29 00:52:32,MalwareBazaar
SHA-1,23637b17c84bcf8ab0763673ec6935fccaac9048,46eb8bc5b1f257520507bb81b2d010ea9d5a56b1843c0168953f3662b53d7a15,unknown,default.dat,exe,2026-07-29 00:52:32,MalwareBazaar
SHA-256,46eb8bc5b1f257520507bb81b2d010ea9d5a56b1843c0168953f3662b53d7a15,46eb8bc5b1f257520507bb81b2d010ea9d5a56b1843c0168953f3662b53d7a15,unknown,default.dat,exe,2026-07-29 00:52:32,MalwareBazaar
SHA3-384,47358ad41b224f14e8b41d793e2f88c7e490ef9266a07a3b0fcc75c9d2cb94a50b1ac8639f7232d052f98e4eef2c21f2,46eb8bc5b1f257520507bb81b2d010ea9d5a56b1843c0168953f3662b53d7a15,unknown,default.dat,exe,2026-07-29 00:52:32,MalwareBazaar
IMPHASH,dcaf48c1f10b0efa0a4472200f3850ed,46eb8bc5b1f257520507bb81b2d010ea9d5a56b1843c0168953f3662b53d7a15,unknown,default.dat,exe,2026-07-29 00:52:32,MalwareBazaar
TLSH,T1E7E6338896E012EED9F3413CEED26654F12978711B32C9DF5F4893A53EA71908C3D62B,46eb8bc5b1f257520507bb81b2d010ea9d5a56b1843c0168953f3662b53d7a15,unknown,default.dat,exe,2026-07-29 00:52:32,MalwareBazaar
SSDEEP,393216:ZhIt98Pj+d5YOXuo7VnANqXMCHWUjXJcuI3/PGTAI:ZIU+d5Vj7ZwqXMb8X+H/O7,46eb8bc5b1f257520507bb81b2d010ea9d5a56b1843c0168953f3662b53d7a15,unknown,default.dat,exe,2026-07-29 00:52:32,MalwareBazaar
ICON-DHASH,50f8d0f0e0e8f0b0,46eb8bc5b1f257520507bb81b2d010ea9d5a56b1843c0168953f3662b53d7a15,unknown,default.dat,exe,2026-07-29 00:52:32,MalwareBazaar
MD5,44bbbb4ae98a461f7326543e0c0a4947,403cf85efeba8cc0e48dcb4fb7b22fa830426d4ac26d613d1e637ef64009581c,unknown,k.php,sh,2026-07-29 00:52:29,MalwareBazaar
SHA-1,76f80956191acb8aa809e89b6dc49274707c1758,403cf85efeba8cc0e48dcb4fb7b22fa830426d4ac26d613d1e637ef64009581c,unknown,k.php,sh,2026-07-29 00:52:29,MalwareBazaar
SHA-256,403cf85efeba8cc0e48dcb4fb7b22fa830426d4ac26d613d1e637ef64009581c,403cf85efeba8cc0e48dcb4fb7b22fa830426d4ac26d613d1e637ef64009581c,unknown,k.php,sh,2026-07-29 00:52:29,MalwareBazaar
SHA3-384,1949a1837b2478a2bc25e1453c2bafc0b57bb54899537c5fc22829d1dbb06f4805ec37433b838b382a80cd63ff8f3d1c,403cf85efeba8cc0e48dcb4fb7b22fa830426d4ac26d613d1e637ef64009581c,unknown,k.php,sh,2026-07-29 00:52:29,MalwareBazaar
TLSH,T1B3235C651A857C14AA98C4361D7F2F0CB9AD43E6320492EE7FCF3CF28C5A6AD910572D,403cf85efeba8cc0e48dcb4fb7b22fa830426d4ac26d613d1e637ef64009581c,unknown,k.php,sh,2026-07-29 00:52:29,MalwareBazaar
SSDEEP,768:u6Utd8/R9GKYpr9GKYp82fkR4nnA9GKYpr9GKYp82fkR4nnS:ycr,403cf85efeba8cc0e48dcb4fb7b22fa830426d4ac26d613d1e637ef64009581c,unknown,k.php,sh,2026-07-29 00:52:29,MalwareBazaar
MD5,669c31a8a3cd23c84de699bff9f93270,e2f44b25a44109cea9ed49bb14fd4038da41912a75ccd2496194359af0eb1b41,Mirai,x86,elf,2026-07-29 00:50:55,MalwareBazaar
SHA-1,0a4d9f9d36987fee3f545abbb3a5f39aec8d0731,e2f44b25a44109cea9ed49bb14fd4038da41912a75ccd2496194359af0eb1b41,Mirai,x86,elf,2026-07-29 00:50:55,MalwareBazaar
SHA-256,e2f44b25a44109cea9ed49bb14fd4038da41912a75ccd2496194359af0eb1b41,e2f44b25a44109cea9ed49bb14fd4038da41912a75ccd2496194359af0eb1b41,Mirai,x86,elf,2026-07-29 00:50:55,MalwareBazaar
SHA3-384,66aff01ba76cd8e0c40a040e256ccbb4e514fc2a3e385ab4601c11782301f5857db165292ee9a12f5ee1273a72f24e7b,e2f44b25a44109cea9ed49bb14fd4038da41912a75ccd2496194359af0eb1b41,Mirai,x86,elf,2026-07-29 00:50:55,MalwareBazaar
TLSH,T1CCD36CC5F343E6F6D80604725027E736CA3692A6252DEE83D7A8DF76ECB1501C916E8C,e2f44b25a44109cea9ed49bb14fd4038da41912a75ccd2496194359af0eb1b41,Mirai,x86,elf,2026-07-29 00:50:55,MalwareBazaar
TELFHASH,t1d95117f96a7e1ce8abc09801e24e5f316d5d977b246036f605f3d87532abd82417ac38,e2f44b25a44109cea9ed49bb14fd4038da41912a75ccd2496194359af0eb1b41,Mirai,x86,elf,2026-07-29 00:50:55,MalwareBazaar
SSDEEP,1536:gvY+4cf9+gfLxGchrEMXV/BT4zkqeCrRPx2yO1K6E2SSx8KomX8jfHmWxLkb9EJO:ynf9+YLxT3NCMEF4yoK6T7x8VmX8PZ1,e2f44b25a44109cea9ed49bb14fd4038da41912a75ccd2496194359af0eb1b41,Mirai,x86,elf,2026-07-29 00:50:55,MalwareBazaar
MD5,61442f20e71092e3a7a91893ce9c9b34,92d27e98374b36575b4c12c8ab050c55befef8a27401a97dd2493d40469981fd,unknown,MV_CHRYSANTHI_S_VSL_DESCRIPTIONpdf.js,js,2026-07-29 00:46:33,MalwareBazaar
SHA-1,3fbc56b3deb26fcfef0276b2cbdebcc5f472ece7,92d27e98374b36575b4c12c8ab050c55befef8a27401a97dd2493d40469981fd,unknown,MV_CHRYSANTHI_S_VSL_DESCRIPTIONpdf.js,js,2026-07-29 00:46:33,MalwareBazaar
SHA-256,92d27e98374b36575b4c12c8ab050c55befef8a27401a97dd2493d40469981fd,92d27e98374b36575b4c12c8ab050c55befef8a27401a97dd2493d40469981fd,unknown,MV_CHRYSANTHI_S_VSL_DESCRIPTIONpdf.js,js,2026-07-29 00:46:33,MalwareBazaar
SHA3-384,84e55153ff74f335945287b114f515d9dc67f8cb2c9a0138bd10a7e433c8f1e008fde064c71f2be478868bcc6c8d570d,92d27e98374b36575b4c12c8ab050c55befef8a27401a97dd2493d40469981fd,unknown,MV_CHRYSANTHI_S_VSL_DESCRIPTIONpdf.js,js,2026-07-29 00:46:33,MalwareBazaar
TLSH,T1E4F51AB132DE6B06AE0D7719984C4F18431AC0299F63F48570DF97C5474F98A6AA8CBF,92d27e98374b36575b4c12c8ab050c55befef8a27401a97dd2493d40469981fd,unknown,MV_CHRYSANTHI_S_VSL_DESCRIPTIONpdf.js,js,2026-07-29 00:46:33,MalwareBazaar
SSDEEP,12288:hYdB/HsX1uHnSvylUWM8fX6jiKz+c6nkv/WtuelYK7AWQNlvkANSBYbmeMXotu3c:hQfyZR2elT9RMqUAl5S146o,92d27e98374b36575b4c12c8ab050c55befef8a27401a97dd2493d40469981fd,unknown,MV_CHRYSANTHI_S_VSL_DESCRIPTIONpdf.js,js,2026-07-29 00:46:33,MalwareBazaar
MD5,8fe7e99183aba55c587dedaa70861c41,777e17fa8a709873f33cdbf7793948ae2f1c84dd7524c2f1fd911d4c14c372cd,Mirai,spc,elf,2026-07-29 00:44:54,MalwareBazaar
SHA-1,705eacd9669c15d16c4f09ba2c24eeec5bc384bb,777e17fa8a709873f33cdbf7793948ae2f1c84dd7524c2f1fd911d4c14c372cd,Mirai,spc,elf,2026-07-29 00:44:54,MalwareBazaar
SHA-256,777e17fa8a709873f33cdbf7793948ae2f1c84dd7524c2f1fd911d4c14c372cd,777e17fa8a709873f33cdbf7793948ae2f1c84dd7524c2f1fd911d4c14c372cd,Mirai,spc,elf,2026-07-29 00:44:54,MalwareBazaar
SHA3-384,0d3a26c749227f95def7076afdafb382d12edfacb9e4283cc6a5071e1b5eacad861b07e18961cd4c63c4f16313e8c49e,777e17fa8a709873f33cdbf7793948ae2f1c84dd7524c2f1fd911d4c14c372cd,Mirai,spc,elf,2026-07-29 00:44:54,MalwareBazaar
TLSH,T18F634B2731356913C0E0E6FA11B7C762B2961BD91388D3CEBE630D5FAE263405966DF4,777e17fa8a709873f33cdbf7793948ae2f1c84dd7524c2f1fd911d4c14c372cd,Mirai,spc,elf,2026-07-29 00:44:54,MalwareBazaar
TELFHASH,t17ae02b00bc69de1959d75974dcdd07a45501615350665b118f14dbe4c43f114960c99e,777e17fa8a709873f33cdbf7793948ae2f1c84dd7524c2f1fd911d4c14c372cd,Mirai,spc,elf,2026-07-29 00:44:54,MalwareBazaar
SSDEEP,1536:5TIb9b1T9nVnE4+b2nFw7HM/3zoBZ+/jcqZfiV09bdUJ1:5TS9b+4HFb5Aqon,777e17fa8a709873f33cdbf7793948ae2f1c84dd7524c2f1fd911d4c14c372cd,Mirai,spc,elf,2026-07-29 00:44:54,MalwareBazaar
MD5,3283f939a1ee7b1b9d418555990d299c,9b5a9954e031bf017324e3cbe578cb7f0148d428ee0172003846bc9486543aa4,Mirai,mpsl,elf,2026-07-29 00:40:27,MalwareBazaar
SHA-1,d389c6a125b4f0efae980debe688402fb1ec4933,9b5a9954e031bf017324e3cbe578cb7f0148d428ee0172003846bc9486543aa4,Mirai,mpsl,elf,2026-07-29 00:40:27,MalwareBazaar
SHA-256,9b5a9954e031bf017324e3cbe578cb7f0148d428ee0172003846bc9486543aa4,9b5a9954e031bf017324e3cbe578cb7f0148d428ee0172003846bc9486543aa4,Mirai,mpsl,elf,2026-07-29 00:40:27,MalwareBazaar
SHA3-384,e09710dec24b4ed8f14526e5ff4831093fe6b20816c4a7cef6f6b3a8ee8d6e9152bb83572c1b30f0f49c8c70b1947d96,9b5a9954e031bf017324e3cbe578cb7f0148d428ee0172003846bc9486543aa4,Mirai,mpsl,elf,2026-07-29 00:40:27,MalwareBazaar
TLSH,T15124E90A6F510EBBD8AFCD3706E9070129CC955B22A43B357674C918F54EA4F5AE3CB8,9b5a9954e031bf017324e3cbe578cb7f0148d428ee0172003846bc9486543aa4,Mirai,mpsl,elf,2026-07-29 00:40:27,MalwareBazaar
SSDEEP,3072:sgXHOxgYRsJtAaTcPVCFkqvTfEqwnLrBfN4+DH:sgXHOx1sTAaTbZT5wHBlz,9b5a9954e031bf017324e3cbe578cb7f0148d428ee0172003846bc9486543aa4,Mirai,mpsl,elf,2026-07-29 00:40:27,MalwareBazaar
MD5,8fcec564fdae661e05b257376d996671,543dcff189a5f2fa7beeb6863e78edd31d74226196687185ad3e655c3ea034de,unknown,file,exe,2026-07-29 00:36:07,MalwareBazaar
SHA-1,ad6ed7c361ebc42a297df23b4a3452ee5b24f2cc,543dcff189a5f2fa7beeb6863e78edd31d74226196687185ad3e655c3ea034de,unknown,file,exe,2026-07-29 00:36:07,MalwareBazaar
SHA-256,543dcff189a5f2fa7beeb6863e78edd31d74226196687185ad3e655c3ea034de,543dcff189a5f2fa7beeb6863e78edd31d74226196687185ad3e655c3ea034de,unknown,file,exe,2026-07-29 00:36:07,MalwareBazaar
SHA3-384,f72a7a7b04181d1c9a8aefc38f9deb25327b3c2541f5ddba6ca9207da41e4e112752f66cbbc850b0e9824e2138a82bc7,543dcff189a5f2fa7beeb6863e78edd31d74226196687185ad3e655c3ea034de,unknown,file,exe,2026-07-29 00:36:07,MalwareBazaar
IMPHASH,3537f9c463b968f2d94efe8dfe27133f,543dcff189a5f2fa7beeb6863e78edd31d74226196687185ad3e655c3ea034de,unknown,file,exe,2026-07-29 00:36:07,MalwareBazaar
TLSH,T1DB623C0AB4808035EBE144B4827F526645BDACB623C4F9CBF7E064CA5EB46E1F43616F,543dcff189a5f2fa7beeb6863e78edd31d74226196687185ad3e655c3ea034de,unknown,file,exe,2026-07-29 00:36:07,MalwareBazaar
SSDEEP,192:AWbsGnjXgjk8LMRI+4NJTMVJFeIFFBKUSfEzQ0XFd1gJxTmv8U9cth89ik:AqSMqcUlEHryav8U9cyX,543dcff189a5f2fa7beeb6863e78edd31d74226196687185ad3e655c3ea034de,unknown,file,exe,2026-07-29 00:36:07,MalwareBazaar
MD5,71592b8af339e0c56af960954953773d,41c0e8e47dfa4844066f4b76f2fe979694320bce1c4f7a9bb5e20a07b618b98c,Mirai,arm7,elf,2026-07-29 00:29:31,MalwareBazaar
SHA-1,1f68cd9d23ee65fc2138f703d279b575f5436825,41c0e8e47dfa4844066f4b76f2fe979694320bce1c4f7a9bb5e20a07b618b98c,Mirai,arm7,elf,2026-07-29 00:29:31,MalwareBazaar
SHA-256,41c0e8e47dfa4844066f4b76f2fe979694320bce1c4f7a9bb5e20a07b618b98c,41c0e8e47dfa4844066f4b76f2fe979694320bce1c4f7a9bb5e20a07b618b98c,Mirai,arm7,elf,2026-07-29 00:29:31,MalwareBazaar
SHA3-384,8e6ea25d25556b75de01cb42e7c26b5b39a6847603c41f0edc853a882f14ac85cb253b72f7aa8033c36a6ce1d40ca494,41c0e8e47dfa4844066f4b76f2fe979694320bce1c4f7a9bb5e20a07b618b98c,Mirai,arm7,elf,2026-07-29 00:29:31,MalwareBazaar
TLSH,T14D144B46E6818E17C0D717B9B6AF8201333257A5D3DB73069A14AFF83F8765A0F27906,41c0e8e47dfa4844066f4b76f2fe979694320bce1c4f7a9bb5e20a07b618b98c,Mirai,arm7,elf,2026-07-29 00:29:31,MalwareBazaar
TELFHASH,t1d74134e1423b86045a67ff9c9cddab65316e8a1a9346ff73ef1184ac900705a9520c9f,41c0e8e47dfa4844066f4b76f2fe979694320bce1c4f7a9bb5e20a07b618b98c,Mirai,arm7,elf,2026-07-29 00:29:31,MalwareBazaar
SSDEEP,6144:ch/9I0YkaqbYaWl40V5SnLEZLGZn+zcIM/9RxvmvwciztsR:mlI0YfqbYaWl40V51y5x/ZvmvLiztsR,41c0e8e47dfa4844066f4b76f2fe979694320bce1c4f7a9bb5e20a07b618b98c,Mirai,arm7,elf,2026-07-29 00:29:31,MalwareBazaar
MD5,924e0875019486184fc6de7c9b94a186,c4e659790c6a66c5ffc8a091edc4ea823258a6c684d8e50d147371e88d8b5775,Mirai,arm5,elf,2026-07-29 00:25:41,MalwareBazaar
SHA-1,9d1998de836e414d53e8bd59800ed900b2839e9a,c4e659790c6a66c5ffc8a091edc4ea823258a6c684d8e50d147371e88d8b5775,Mirai,arm5,elf,2026-07-29 00:25:41,MalwareBazaar
SHA-256,c4e659790c6a66c5ffc8a091edc4ea823258a6c684d8e50d147371e88d8b5775,c4e659790c6a66c5ffc8a091edc4ea823258a6c684d8e50d147371e88d8b5775,Mirai,arm5,elf,2026-07-29 00:25:41,MalwareBazaar
SHA3-384,a774a3c3d7ac628b7ed96edffe848fad6094a39b8fcb73ca63c56920ba2f81f5e3c2f3e1c3fb5ecacd32ad929882eb78,c4e659790c6a66c5ffc8a091edc4ea823258a6c684d8e50d147371e88d8b5775,Mirai,arm5,elf,2026-07-29 00:25:41,MalwareBazaar
TLSH,T1C3631985FC825B1AC2C117BAA5BE668D3320A3F4D3CE3127DD224B213BC951F5936E85,c4e659790c6a66c5ffc8a091edc4ea823258a6c684d8e50d147371e88d8b5775,Mirai,arm5,elf,2026-07-29 00:25:41,MalwareBazaar
TELFHASH,t17ae02b00bc69de1959d75974dcdd07a45501615350665b118f14dbe4c43f114960c99e,c4e659790c6a66c5ffc8a091edc4ea823258a6c684d8e50d147371e88d8b5775,Mirai,arm5,elf,2026-07-29 00:25:41,MalwareBazaar
SSDEEP,1536:z5V+/ftpZtPZRmF5YiDQR+jKplQJa10rb9EJ:zX+n3LWfkmC24,c4e659790c6a66c5ffc8a091edc4ea823258a6c684d8e50d147371e88d8b5775,Mirai,arm5,elf,2026-07-29 00:25:41,MalwareBazaar
MD5,71c1763d06711bf697faee183da0b531,ea1da54f1c5b56aeed6fb6d138027f295c54713205b24d10371e8f0f42326ff1,Mirai,x86,elf,2026-07-29 00:23:31,MalwareBazaar
SHA-1,b6f389d7dd72db88f1619c13b5c48e03a0123c42,ea1da54f1c5b56aeed6fb6d138027f295c54713205b24d10371e8f0f42326ff1,Mirai,x86,elf,2026-07-29 00:23:31,MalwareBazaar
SHA-256,ea1da54f1c5b56aeed6fb6d138027f295c54713205b24d10371e8f0f42326ff1,ea1da54f1c5b56aeed6fb6d138027f295c54713205b24d10371e8f0f42326ff1,Mirai,x86,elf,2026-07-29 00:23:31,MalwareBazaar
SHA3-384,57dcab8aad3979e235c0a99b7bfedf88101d225c561d07941bab5f3ed055f29a716314c2e1f0e4fe64e50122339b77f1,ea1da54f1c5b56aeed6fb6d138027f295c54713205b24d10371e8f0f42326ff1,Mirai,x86,elf,2026-07-29 00:23:31,MalwareBazaar
TLSH,T15B836CC8F753E0F0DD1B0570054FB72A8A75AE529124DE6EDB987E326D32B13621B62C,ea1da54f1c5b56aeed6fb6d138027f295c54713205b24d10371e8f0f42326ff1,Mirai,x86,elf,2026-07-29 00:23:31,MalwareBazaar
TELFHASH,t1984139bb0eba08e8b3c55806974a5b514e2dd63b3110779782b1aa5433d3fe1c376c38,ea1da54f1c5b56aeed6fb6d138027f295c54713205b24d10371e8f0f42326ff1,Mirai,x86,elf,2026-07-29 00:23:31,MalwareBazaar
SSDEEP,1536:UovA8vFuKT7ajKm6p9KgJK/a8xuAWE6wkKgb85HUP31QGtNQcezr:UiAFk7ajKmY9Kg9+uf31uA23,ea1da54f1c5b56aeed6fb6d138027f295c54713205b24d10371e8f0f42326ff1,Mirai,x86,elf,2026-07-29 00:23:31,MalwareBazaar
MD5,c816233843df005e0e0d954f40b35397,6c37739ac0fa9f67869f6c1ecdc939d5b05ad783b85d12f661c432f528ba7389,unknown,setting.xml,unknown,2026-07-29 00:23:30,MalwareBazaar
SHA-256,6c37739ac0fa9f67869f6c1ecdc939d5b05ad783b85d12f661c432f528ba7389,6c37739ac0fa9f67869f6c1ecdc939d5b05ad783b85d12f661c432f528ba7389,unknown,setting.xml,unknown,2026-07-29 00:23:30,MalwareBazaar
MD5,c57f426fd8099b5a14b1415a2394b92f,ab074ae168e50392c6981f6bf426900642c684b13f72b4de681e0b9b4cd1a55d,Phorpiex,file,exe,2026-07-29 00:11:54,MalwareBazaar
SHA-1,0e1bdba547ebff6804278358fc98fa8e2f867b8d,ab074ae168e50392c6981f6bf426900642c684b13f72b4de681e0b9b4cd1a55d,Phorpiex,file,exe,2026-07-29 00:11:54,MalwareBazaar
SHA-256,ab074ae168e50392c6981f6bf426900642c684b13f72b4de681e0b9b4cd1a55d,ab074ae168e50392c6981f6bf426900642c684b13f72b4de681e0b9b4cd1a55d,Phorpiex,file,exe,2026-07-29 00:11:54,MalwareBazaar
SHA3-384,243709d2d79aff6cb1c56da019fceea9eedd3b2fc5948ab3ec5195b582816ec1eb9f43b2ad60c616158f821c9965b35b,ab074ae168e50392c6981f6bf426900642c684b13f72b4de681e0b9b4cd1a55d,Phorpiex,file,exe,2026-07-29 00:11:54,MalwareBazaar
IMPHASH,3537f9c463b968f2d94efe8dfe27133f,ab074ae168e50392c6981f6bf426900642c684b13f72b4de681e0b9b4cd1a55d,Phorpiex,file,exe,2026-07-29 00:11:54,MalwareBazaar
TLSH,T110624C0BA4808035EBF14474927F526648FEACB623C5F9DBF7E0648A4AB46E1F43116F,ab074ae168e50392c6981f6bf426900642c684b13f72b4de681e0b9b4cd1a55d,Phorpiex,file,exe,2026-07-29 00:11:54,MalwareBazaar
SSDEEP,192:AWtsGnjXgjk8LcRI+IdJDMBIfeF5oIV1BKUSfEzQ0X1d1gJxTmv8U9cth19ik:AUScqpferoFEH7yav8U9cfX,ab074ae168e50392c6981f6bf426900642c684b13f72b4de681e0b9b4cd1a55d,Phorpiex,file,exe,2026-07-29 00:11:54,MalwareBazaar
MD5,2542513d55514d50c332445af112dab5,52d4cc210d5031b02c2e06f3978ec2b042e69946995381d4dfc999f57f0f0887,Phorpiex,file,exe,2026-07-29 00:03:25,MalwareBazaar
SHA-1,3dae016fe5a9fd62184d3f6d0f0ec4e986532c3c,52d4cc210d5031b02c2e06f3978ec2b042e69946995381d4dfc999f57f0f0887,Phorpiex,file,exe,2026-07-29 00:03:25,MalwareBazaar
SHA-256,52d4cc210d5031b02c2e06f3978ec2b042e69946995381d4dfc999f57f0f0887,52d4cc210d5031b02c2e06f3978ec2b042e69946995381d4dfc999f57f0f0887,Phorpiex,file,exe,2026-07-29 00:03:25,MalwareBazaar
SHA3-384,0343336d07aec2c9df785fddb4737249e93fb1756b55db67eefccc1ee5db433a00b18ae0458c219292ce5dbbbd41c902,52d4cc210d5031b02c2e06f3978ec2b042e69946995381d4dfc999f57f0f0887,Phorpiex,file,exe,2026-07-29 00:03:25,MalwareBazaar
IMPHASH,3537f9c463b968f2d94efe8dfe27133f,52d4cc210d5031b02c2e06f3978ec2b042e69946995381d4dfc999f57f0f0887,Phorpiex,file,exe,2026-07-29 00:03:25,MalwareBazaar
TLSH,T153624C0BA4808035EBF14474927F526648FEACB623C5F9DBF7E0648A4AB46E1F43116F,52d4cc210d5031b02c2e06f3978ec2b042e69946995381d4dfc999f57f0f0887,Phorpiex,file,exe,2026-07-29 00:03:25,MalwareBazaar
SSDEEP,192:AWssGnjXgjk8LcRI+IdJDMBIfeF5oIV1BKUSfEzQ0X1d1gJxTmv8U9cth69ik:ARScqpferoFEH7yav8U9ccX,52d4cc210d5031b02c2e06f3978ec2b042e69946995381d4dfc999f57f0f0887,Phorpiex,file,exe,2026-07-29 00:03:25,MalwareBazaar
MD5,d4a15cdf5b5324ab79e610ced133da8b,30793394a8638778432c95d8c121b00f7a4c64226588d1a5d2538bd62f3b187b,Phorpiex,file,exe,2026-07-29 00:01:42,MalwareBazaar
SHA-1,6558d352c7dcce247b385127d29e7e280db5a5d6,30793394a8638778432c95d8c121b00f7a4c64226588d1a5d2538bd62f3b187b,Phorpiex,file,exe,2026-07-29 00:01:42,MalwareBazaar
SHA-256,30793394a8638778432c95d8c121b00f7a4c64226588d1a5d2538bd62f3b187b,30793394a8638778432c95d8c121b00f7a4c64226588d1a5d2538bd62f3b187b,Phorpiex,file,exe,2026-07-29 00:01:42,MalwareBazaar
SHA3-384,b34963417ac028c4a44254e4fff3682162c388311fc3f734e1f8ef314519d7086a003ff99a7f5887267b70e765901003,30793394a8638778432c95d8c121b00f7a4c64226588d1a5d2538bd62f3b187b,Phorpiex,file,exe,2026-07-29 00:01:42,MalwareBazaar
IMPHASH,3537f9c463b968f2d94efe8dfe27133f,30793394a8638778432c95d8c121b00f7a4c64226588d1a5d2538bd62f3b187b,Phorpiex,file,exe,2026-07-29 00:01:42,MalwareBazaar
TLSH,T18A624B0BA4808035EBF14474927F526644FEACB623C1F9DBF7E0688A4AB46E1F43116F,30793394a8638778432c95d8c121b00f7a4c64226588d1a5d2538bd62f3b187b,Phorpiex,file,exe,2026-07-29 00:01:42,MalwareBazaar
SSDEEP,192:AW5sGnjXgjk8LcRI+IdJDMBIfeF5oIV1BKUSfEzQ0X1d1gJxTmv8U9cthY9ik:AgScqpferoFEH7yav8U9cOX,30793394a8638778432c95d8c121b00f7a4c64226588d1a5d2538bd62f3b187b,Phorpiex,file,exe,2026-07-29 00:01:42,MalwareBazaar
MD5,7c9f13ca5fa8bfbba357389bf208552f,d273b3948f88184ed005c3947fa2a4021e8e6e0c8a91bbe05d43693ede8a4023,unknown,d273b3948f88184ed005c3947fa2a4021e8e6e0c8a91bbe05d43693ede8a4023,unknown,2026-07-29 00:00:12,MalwareBazaar
SHA-256,d273b3948f88184ed005c3947fa2a4021e8e6e0c8a91bbe05d43693ede8a4023,d273b3948f88184ed005c3947fa2a4021e8e6e0c8a91bbe05d43693ede8a4023,unknown,d273b3948f88184ed005c3947fa2a4021e8e6e0c8a91bbe05d43693ede8a4023,unknown,2026-07-29 00:00:12,MalwareBazaar
MD5,2fc1254ae188c5a5f04ee8eaec1b19a6,5180b1ff84229f3034fec1de2534600cb07999a71bff2bf6319199a38320a187,unknown,default.dat,exe,2026-07-28 23:52:34,MalwareBazaar
SHA-1,f746e8decca83830a611619532c1f9760cc1b11e,5180b1ff84229f3034fec1de2534600cb07999a71bff2bf6319199a38320a187,unknown,default.dat,exe,2026-07-28 23:52:34,MalwareBazaar
SHA-256,5180b1ff84229f3034fec1de2534600cb07999a71bff2bf6319199a38320a187,5180b1ff84229f3034fec1de2534600cb07999a71bff2bf6319199a38320a187,unknown,default.dat,exe,2026-07-28 23:52:34,MalwareBazaar
SHA3-384,aac3dedcfe4b8463ea241a096ba3695ad8da2623159269ea053bb622b2670dcdc4384fc28fd71260c286c3608dff1523,5180b1ff84229f3034fec1de2534600cb07999a71bff2bf6319199a38320a187,unknown,default.dat,exe,2026-07-28 23:52:34,MalwareBazaar
IMPHASH,dcaf48c1f10b0efa0a4472200f3850ed,5180b1ff84229f3034fec1de2534600cb07999a71bff2bf6319199a38320a187,unknown,default.dat,exe,2026-07-28 23:52:34,MalwareBazaar
TLSH,T13EE6339806E112EFED63927CC9E265B0D19678760731C6DB6BA823F16E472D08D3D713,5180b1ff84229f3034fec1de2534600cb07999a71bff2bf6319199a38320a187,unknown,default.dat,exe,2026-07-28 23:52:34,MalwareBazaar
SSDEEP,393216:NgLSWPmHsNW1afFW3Dnj7XMCHWUjXPcuI3/PGTAI:NgLS6mHs3FgnvXMb8XEH/O7,5180b1ff84229f3034fec1de2534600cb07999a71bff2bf6319199a38320a187,unknown,default.dat,exe,2026-07-28 23:52:34,MalwareBazaar
ICON-DHASH,7471d4d8c8e47130,5180b1ff84229f3034fec1de2534600cb07999a71bff2bf6319199a38320a187,unknown,default.dat,exe,2026-07-28 23:52:34,MalwareBazaar
MD5,f33d1d9e1ab34026cea3f95862f0798a,84b4c113491f67bf4a0c16629f003325575dd34de7120b4f94541544a1498da0,Phorpiex,file,exe,2026-07-28 23:35:08,MalwareBazaar
SHA-1,36837d1116f2f06cb43d1d0958cba70fcdc3f4fe,84b4c113491f67bf4a0c16629f003325575dd34de7120b4f94541544a1498da0,Phorpiex,file,exe,2026-07-28 23:35:08,MalwareBazaar
SHA-256,84b4c113491f67bf4a0c16629f003325575dd34de7120b4f94541544a1498da0,84b4c113491f67bf4a0c16629f003325575dd34de7120b4f94541544a1498da0,Phorpiex,file,exe,2026-07-28 23:35:08,MalwareBazaar
SHA3-384,68db87fddc592e16aa0a6ea1a02f33280fe5f1ef270c9b138813c3424d4aade4a695862a238867aaf9e649b77def5dc7,84b4c113491f67bf4a0c16629f003325575dd34de7120b4f94541544a1498da0,Phorpiex,file,exe,2026-07-28 23:35:08,MalwareBazaar
IMPHASH,3537f9c463b968f2d94efe8dfe27133f,84b4c113491f67bf4a0c16629f003325575dd34de7120b4f94541544a1498da0,Phorpiex,file,exe,2026-07-28 23:35:08,MalwareBazaar
TLSH,T17D623A0AA4818035EAE04075927F526649FEADB623C4F9D7F7E0A8C94DB4BD1F43116F,84b4c113491f67bf4a0c16629f003325575dd34de7120b4f94541544a1498da0,Phorpiex,file,exe,2026-07-28 23:35:08,MalwareBazaar
SSDEEP,192:AWRsGnjXgjk8LcRI+Q1RDMRYfV/F5oIVUBKUSftzQFBrfgJxTmv8U9cthDO9ik:AkScCRfV/ro6toB0av8U9ccX,84b4c113491f67bf4a0c16629f003325575dd34de7120b4f94541544a1498da0,Phorpiex,file,exe,2026-07-28 23:35:08,MalwareBazaar
MD5,ca789369076efaafc596f836d928abdd,21bf44a654a0059f7bb974ffe6252db63e998d5f95937454d45da4d700267471,unknown,yea8hw1uN1NGD0za.exe,exe,2026-07-28 23:03:47,MalwareBazaar
SHA-1,e6d3f4d33263f731a78b914227ee9d12422830e8,21bf44a654a0059f7bb974ffe6252db63e998d5f95937454d45da4d700267471,unknown,yea8hw1uN1NGD0za.exe,exe,2026-07-28 23:03:47,MalwareBazaar
SHA-256,21bf44a654a0059f7bb974ffe6252db63e998d5f95937454d45da4d700267471,21bf44a654a0059f7bb974ffe6252db63e998d5f95937454d45da4d700267471,unknown,yea8hw1uN1NGD0za.exe,exe,2026-07-28 23:03:47,MalwareBazaar
SHA3-384,36822fc7235e1464440879a3b41ff17ca4af4eded25cdda90071b275006c682d38f9ce74fd6d4309621f3466e8188585,21bf44a654a0059f7bb974ffe6252db63e998d5f95937454d45da4d700267471,unknown,yea8hw1uN1NGD0za.exe,exe,2026-07-28 23:03:47,MalwareBazaar
IMPHASH,d7a140ad86093e229082e6f8b7493b94,21bf44a654a0059f7bb974ffe6252db63e998d5f95937454d45da4d700267471,unknown,yea8hw1uN1NGD0za.exe,exe,2026-07-28 23:03:47,MalwareBazaar
TLSH,T1BC06121DE38D52DCD223D134CBA69232E6B5B85A0761BDDF169AC2192FB39D01F3A311,21bf44a654a0059f7bb974ffe6252db63e998d5f95937454d45da4d700267471,unknown,yea8hw1uN1NGD0za.exe,exe,2026-07-28 23:03:47,MalwareBazaar
SSDEEP,98304:wuQgRnUx/PdELDYwWCLK2ZCouvZ4NTLCmAI:wEiVmYtXUoAL4,21bf44a654a0059f7bb974ffe6252db63e998d5f95937454d45da4d700267471,unknown,yea8hw1uN1NGD0za.exe,exe,2026-07-28 23:03:47,MalwareBazaar
MD5,e1c9c724efe90addefa31262586c8662,045ada423b20079a8d1175a47077c1933b06a7e7963eab4dff8d4bb11702c2a4,unknown,file,exe,2026-07-28 23:00:35,MalwareBazaar
SHA-1,d39a7f528748d1b7b1517bc4dfc7d797a9188d38,045ada423b20079a8d1175a47077c1933b06a7e7963eab4dff8d4bb11702c2a4,unknown,file,exe,2026-07-28 23:00:35,MalwareBazaar
SHA-256,045ada423b20079a8d1175a47077c1933b06a7e7963eab4dff8d4bb11702c2a4,045ada423b20079a8d1175a47077c1933b06a7e7963eab4dff8d4bb11702c2a4,unknown,file,exe,2026-07-28 23:00:35,MalwareBazaar
SHA3-384,b21be53910c270c5d75de49a8f4428ed2b2875c32015ba5598eb67d082593940628dffded8c62f5990dbe2faedc1d297,045ada423b20079a8d1175a47077c1933b06a7e7963eab4dff8d4bb11702c2a4,unknown,file,exe,2026-07-28 23:00:35,MalwareBazaar
IMPHASH,dfba23467fe5a12366e7fde987218cb0,045ada423b20079a8d1175a47077c1933b06a7e7963eab4dff8d4bb11702c2a4,unknown,file,exe,2026-07-28 23:00:35,MalwareBazaar
TLSH,T191823B0FB9424316E1E110B49665967BD9B9AC7637C414EBFBD44AEE0A686C1FC3210F,045ada423b20079a8d1175a47077c1933b06a7e7963eab4dff8d4bb11702c2a4,unknown,file,exe,2026-07-28 23:00:35,MalwareBazaar
SSDEEP,384:AHZbmcmhzcEUaUu94gXFP+av8U9c+h4P:P9UaF9Qa0U10,045ada423b20079a8d1175a47077c1933b06a7e7963eab4dff8d4bb11702c2a4,unknown,file,exe,2026-07-28 23:00:35,MalwareBazaar
MD5,95ab435432ad8bb2853d3fa8782acec2,1441e39c7dd359145a88309bcf004282ce178df47635b5be6b48dd0e2ccb58a0,unknown,default.dat,exe,2026-07-28 22:52:31,MalwareBazaar
SHA-1,9dfb638fe8b4300ae278ee5f32ecbbbdb4f93895,1441e39c7dd359145a88309bcf004282ce178df47635b5be6b48dd0e2ccb58a0,unknown,default.dat,exe,2026-07-28 22:52:31,MalwareBazaar
SHA-256,1441e39c7dd359145a88309bcf004282ce178df47635b5be6b48dd0e2ccb58a0,1441e39c7dd359145a88309bcf004282ce178df47635b5be6b48dd0e2ccb58a0,unknown,default.dat,exe,2026-07-28 22:52:31,MalwareBazaar
SHA3-384,0a69addeb14138d045ff42357159430f6d69f600498a775f31d0ee4cd7b3aa2d71afbba14ad0a633b5001266496ff739,1441e39c7dd359145a88309bcf004282ce178df47635b5be6b48dd0e2ccb58a0,unknown,default.dat,exe,2026-07-28 22:52:31,MalwareBazaar
IMPHASH,dcaf48c1f10b0efa0a4472200f3850ed,1441e39c7dd359145a88309bcf004282ce178df47635b5be6b48dd0e2ccb58a0,unknown,default.dat,exe,2026-07-28 22:52:31,MalwareBazaar
TLSH,T1D1E63348F2D025FEE773423DEEE64599E0AEB8510772C9DB576887906E672E04C38363,1441e39c7dd359145a88309bcf004282ce178df47635b5be6b48dd0e2ccb58a0,unknown,default.dat,exe,2026-07-28 22:52:31,MalwareBazaar
SSDEEP,393216:lvj9alSt4ErJiN7oYE777LdnXMCHWUjXBcuI3/PGTAI:lvYlSt/K7oYE777LtXMb8XWH/O7,1441e39c7dd359145a88309bcf004282ce178df47635b5be6b48dd0e2ccb58a0,unknown,default.dat,exe,2026-07-28 22:52:31,MalwareBazaar
ICON-DHASH,b2f0e8cccce8f1b2,1441e39c7dd359145a88309bcf004282ce178df47635b5be6b48dd0e2ccb58a0,unknown,default.dat,exe,2026-07-28 22:52:31,MalwareBazaar
MD5,916ebb290ff86445cca2622aeb723949,0663b7b3bc56e8c2554fdb91b92d3ed648fb3cc45dde224eb869f8222ce795b0,unknown,0663b7b3bc56e8c2554fdb91b92d3ed648fb3cc45dde224eb869f8222ce795b0,unknown,2026-07-28 22:30:32,MalwareBazaar
SHA-256,0663b7b3bc56e8c2554fdb91b92d3ed648fb3cc45dde224eb869f8222ce795b0,0663b7b3bc56e8c2554fdb91b92d3ed648fb3cc45dde224eb869f8222ce795b0,unknown,0663b7b3bc56e8c2554fdb91b92d3ed648fb3cc45dde224eb869f8222ce795b0,unknown,2026-07-28 22:30:32,MalwareBazaar
MD5,0ef44458a9e859c23bad9df6bca69073,27c74bd229840f70bb35cf28c00756d6fda16b0371789df00dd718c901041131,unknown,file,exe,2026-07-28 22:07:13,MalwareBazaar
SHA-1,4182de78b83ea32b64e219842f60fb9b76275d94,27c74bd229840f70bb35cf28c00756d6fda16b0371789df00dd718c901041131,unknown,file,exe,2026-07-28 22:07:13,MalwareBazaar
SHA-256,27c74bd229840f70bb35cf28c00756d6fda16b0371789df00dd718c901041131,27c74bd229840f70bb35cf28c00756d6fda16b0371789df00dd718c901041131,unknown,file,exe,2026-07-28 22:07:13,MalwareBazaar
SHA3-384,64f398180eaa8c6f10ca81f886b02e9df6de84ed8f419ba36ed735d26ee7b5605f886e378eb1516eb3f62801133a3bbf,27c74bd229840f70bb35cf28c00756d6fda16b0371789df00dd718c901041131,unknown,file,exe,2026-07-28 22:07:13,MalwareBazaar
IMPHASH,3537f9c463b968f2d94efe8dfe27133f,27c74bd229840f70bb35cf28c00756d6fda16b0371789df00dd718c901041131,unknown,file,exe,2026-07-28 22:07:13,MalwareBazaar
TLSH,T1B9624C0AB4808035EBE144B4827F526644BDACB623C4F9CBF7E0648A5EB46E1F43216F,27c74bd229840f70bb35cf28c00756d6fda16b0371789df00dd718c901041131,unknown,file,exe,2026-07-28 22:07:13,MalwareBazaar
SSDEEP,192:AW1sGnjXgjk8LMRI+4NJTMVJFeIFFBKUSfEzQ0XFd1gJxTmv8U9cth89ik:AgSMqcUlEHryav8U9cyX,27c74bd229840f70bb35cf28c00756d6fda16b0371789df00dd718c901041131,unknown,file,exe,2026-07-28 22:07:13,MalwareBazaar
MD5,e1e7b8463782585cae61d8c6dc011323,44c62e465a3ad8c8fe0f851466427f132722d21c416220c37f1c87a95ecd45ae,unknown,44c62e465a3ad8c8fe0f851466427f132722d21c416220c37f1c87a95ecd45ae,elf,2026-07-28 22:03:18,MalwareBazaar
SHA-1,1a4f8b913a8c334ed755219a1feb558ddb292568,44c62e465a3ad8c8fe0f851466427f132722d21c416220c37f1c87a95ecd45ae,unknown,44c62e465a3ad8c8fe0f851466427f132722d21c416220c37f1c87a95ecd45ae,elf,2026-07-28 22:03:18,MalwareBazaar
SHA-256,44c62e465a3ad8c8fe0f851466427f132722d21c416220c37f1c87a95ecd45ae,44c62e465a3ad8c8fe0f851466427f132722d21c416220c37f1c87a95ecd45ae,unknown,44c62e465a3ad8c8fe0f851466427f132722d21c416220c37f1c87a95ecd45ae,elf,2026-07-28 22:03:18,MalwareBazaar
SHA3-384,feb1d8d04fa2ffd6fb356369a8f9a3cf323b0f368dd908efe5269c5affd65943c9f290eb679abad297ff93589ace31da,44c62e465a3ad8c8fe0f851466427f132722d21c416220c37f1c87a95ecd45ae,unknown,44c62e465a3ad8c8fe0f851466427f132722d21c416220c37f1c87a95ecd45ae,elf,2026-07-28 22:03:18,MalwareBazaar
TLSH,T1BB17BE77814338E9E5A98CB4D51025426DAC388B5738A3C7BAC471F667EA7E48E3D730,44c62e465a3ad8c8fe0f851466427f132722d21c416220c37f1c87a95ecd45ae,unknown,44c62e465a3ad8c8fe0f851466427f132722d21c416220c37f1c87a95ecd45ae,elf,2026-07-28 22:03:18,MalwareBazaar
SSDEEP,49152:c8nxDgC7g9rb/TBvO90dL3BmAFd4A64nsfJ7QQzjFHWkMNRCdQqzB0dSyG2VjMQQ:cqYUQuVDt0TZEL,44c62e465a3ad8c8fe0f851466427f132722d21c416220c37f1c87a95ecd45ae,unknown,44c62e465a3ad8c8fe0f851466427f132722d21c416220c37f1c87a95ecd45ae,elf,2026-07-28 22:03:18,MalwareBazaar
MD5,1d7dcb19327ba5cd1893d4469f3c8d56,362d59aeb45ccaa8f46889a6760d9fdd4bf1a1849548483a4ed164d232458868,unknown,default.dat,exe,2026-07-28 21:52:30,MalwareBazaar
SHA-1,0d5ca6501cd3d83943bd80bf6c70112e75d456cd,362d59aeb45ccaa8f46889a6760d9fdd4bf1a1849548483a4ed164d232458868,unknown,default.dat,exe,2026-07-28 21:52:30,MalwareBazaar
SHA-256,362d59aeb45ccaa8f46889a6760d9fdd4bf1a1849548483a4ed164d232458868,362d59aeb45ccaa8f46889a6760d9fdd4bf1a1849548483a4ed164d232458868,unknown,default.dat,exe,2026-07-28 21:52:30,MalwareBazaar
SHA3-384,ccb1fa9f53d6ecb5acd101f7081394a40b1f5ced6729ebb926cd14bf167b789c1b27579e538c35526793c73cd2fe57ec,362d59aeb45ccaa8f46889a6760d9fdd4bf1a1849548483a4ed164d232458868,unknown,default.dat,exe,2026-07-28 21:52:30,MalwareBazaar
IMPHASH,dcaf48c1f10b0efa0a4472200f3850ed,362d59aeb45ccaa8f46889a6760d9fdd4bf1a1849548483a4ed164d232458868,unknown,default.dat,exe,2026-07-28 21:52:30,MalwareBazaar
TLSH,T1DBE63304E5D151EDDAF3113DBCE19A96D26978B11B32CACF4BB862B22D171D08C7EA43,362d59aeb45ccaa8f46889a6760d9fdd4bf1a1849548483a4ed164d232458868,unknown,default.dat,exe,2026-07-28 21:52:30,MalwareBazaar
SSDEEP,393216:2g1+ML7gSQJp6bxPTyHcGXMCHWUjXKcuI3/PGTAI:2goM8UPTy8GXMb8XnH/O7,362d59aeb45ccaa8f46889a6760d9fdd4bf1a1849548483a4ed164d232458868,unknown,default.dat,exe,2026-07-28 21:52:30,MalwareBazaar
ICON-DHASH,e86864e1d8e8ec4a,362d59aeb45ccaa8f46889a6760d9fdd4bf1a1849548483a4ed164d232458868,unknown,default.dat,exe,2026-07-28 21:52:30,MalwareBazaar
MD5,6f620f266c74d2bd871f50ea4b7fa2ee,460210f3fd4047499e12f4e4fcbbf556f2a1957f1ef276238aaa152554a02b37,CoinMiner,file,exe,2026-07-28 21:25:21,MalwareBazaar
SHA-1,e8d952715fc718968bc810f43a683f3d56c7c3fd,460210f3fd4047499e12f4e4fcbbf556f2a1957f1ef276238aaa152554a02b37,CoinMiner,file,exe,2026-07-28 21:25:21,MalwareBazaar
SHA-256,460210f3fd4047499e12f4e4fcbbf556f2a1957f1ef276238aaa152554a02b37,460210f3fd4047499e12f4e4fcbbf556f2a1957f1ef276238aaa152554a02b37,CoinMiner,file,exe,2026-07-28 21:25:21,MalwareBazaar
SHA3-384,b36aecdba23be659ee461a974abee86cf17487693e02792e68ed7d5a043df81cb8f7a674db90d484dc8da419f2d366a0,460210f3fd4047499e12f4e4fcbbf556f2a1957f1ef276238aaa152554a02b37,CoinMiner,file,exe,2026-07-28 21:25:21,MalwareBazaar
IMPHASH,42cf01d41ef6dc0627982490afc9cddd,460210f3fd4047499e12f4e4fcbbf556f2a1957f1ef276238aaa152554a02b37,CoinMiner,file,exe,2026-07-28 21:25:21,MalwareBazaar
TLSH,T1BA32900E2E470321EE5008B4F576464A542D1EE3B342FBEBE672E1DB4AD5E4584C1AAF,460210f3fd4047499e12f4e4fcbbf556f2a1957f1ef276238aaa152554a02b37,CoinMiner,file,exe,2026-07-28 21:25:21,MalwareBazaar
SSDEEP,192:FoNSkS5B3lxSHO8K5hHPFJxTEZmFhqer:FoslsuPLPFwZA,460210f3fd4047499e12f4e4fcbbf556f2a1957f1ef276238aaa152554a02b37,CoinMiner,file,exe,2026-07-28 21:25:21,MalwareBazaar
MD5,561b4d321e756c05752571b54bce8a65,4fc548d4267d30acd658a3a43e30b4924dade9371cf6448cb1ae9e374f7dd69a,unknown,communigatepro.tar,tar,2026-07-28 21:12:11,MalwareBazaar
SHA-1,d9f554eb2d81ab6293235c42e19d4113f91b7725,4fc548d4267d30acd658a3a43e30b4924dade9371cf6448cb1ae9e374f7dd69a,unknown,communigatepro.tar,tar,2026-07-28 21:12:11,MalwareBazaar
SHA-256,4fc548d4267d30acd658a3a43e30b4924dade9371cf6448cb1ae9e374f7dd69a,4fc548d4267d30acd658a3a43e30b4924dade9371cf6448cb1ae9e374f7dd69a,unknown,communigatepro.tar,tar,2026-07-28 21:12:11,MalwareBazaar
SHA3-384,1f29bb381dad26e714d6e22f6290220211e9c3119d09818861e5be59d22f7366a44f5b891853e15eca61cfada47a81a3,4fc548d4267d30acd658a3a43e30b4924dade9371cf6448cb1ae9e374f7dd69a,unknown,communigatepro.tar,tar,2026-07-28 21:12:11,MalwareBazaar
TLSH,T1E2542B71B0C4589DE8C9C97C44E9760A0B3D7D1F8AE928AB371CEE25A7043C1BF15A67,4fc548d4267d30acd658a3a43e30b4924dade9371cf6448cb1ae9e374f7dd69a,unknown,communigatepro.tar,tar,2026-07-28 21:12:11,MalwareBazaar
SSDEEP,6144:oNJX3NAbLf8KTloA8rEQ4FLyj2Un161ajwC+57v5:oN28KlFLM16,4fc548d4267d30acd658a3a43e30b4924dade9371cf6448cb1ae9e374f7dd69a,unknown,communigatepro.tar,tar,2026-07-28 21:12:11,MalwareBazaar
MD5,cb0c82265258d1996b059f941b9d529a,a8d04c3d4a97c48d33d9e14009bb3765f22242d51d9a6c9cabdaaa0bb7b22270,unknown,CGP_Заполненный_опросный_лист_по_внедрению_CommuniGate_Pro_Деловые_Линии_2026.zip,zip,2026-07-28 21:09:35,MalwareBazaar
SHA-1,9cc4a2bc84540b8218167b250c2422ec07b22624,a8d04c3d4a97c48d33d9e14009bb3765f22242d51d9a6c9cabdaaa0bb7b22270,unknown,CGP_Заполненный_опросный_лист_по_внедрению_CommuniGate_Pro_Деловые_Линии_2026.zip,zip,2026-07-28 21:09:35,MalwareBazaar
SHA-256,a8d04c3d4a97c48d33d9e14009bb3765f22242d51d9a6c9cabdaaa0bb7b22270,a8d04c3d4a97c48d33d9e14009bb3765f22242d51d9a6c9cabdaaa0bb7b22270,unknown,CGP_Заполненный_опросный_лист_по_внедрению_CommuniGate_Pro_Деловые_Линии_2026.zip,zip,2026-07-28 21:09:35,MalwareBazaar
SHA3-384,45e50b7feee9f92d8028af5525aa52c56ae698d7faccfa2452bf09a58e9deeea1db6374841a2e119d8fee1d5fdcbfc6e,a8d04c3d4a97c48d33d9e14009bb3765f22242d51d9a6c9cabdaaa0bb7b22270,unknown,CGP_Заполненный_опросный_лист_по_внедрению_CommuniGate_Pro_Деловые_Линии_2026.zip,zip,2026-07-28 21:09:35,MalwareBazaar
TLSH,T18FD2E16D6C035C0C89517436F69C6D8694A1FCD829791358FEE8B0835EE70BDB18277E,a8d04c3d4a97c48d33d9e14009bb3765f22242d51d9a6c9cabdaaa0bb7b22270,unknown,CGP_Заполненный_опросный_лист_по_внедрению_CommuniGate_Pro_Деловые_Линии_2026.zip,zip,2026-07-28 21:09:35,MalwareBazaar
SSDEEP,768:/CTUty+CFmYiyzFy0ZR3XQ6UyO9iqGMXHgNDWYPCHJ0jL:wUs7tiMy0LQ6U/kjMXUgJoL,a8d04c3d4a97c48d33d9e14009bb3765f22242d51d9a6c9cabdaaa0bb7b22270,unknown,CGP_Заполненный_опросный_лист_по_внедрению_CommuniGate_Pro_Деловые_Линии_2026.zip,zip,2026-07-28 21:09:35,MalwareBazaar
MD5,bc653443c459d8c85afa87334ca17851,8ac348ba6ce78dc9e0003c0568be8341e736563504c1956ad9b30d556b564070,Mirai,qme1,elf,2026-07-28 21:09:32,MalwareBazaar
SHA-1,8c601c76666d8ab9c2f71b49e851440b937ed486,8ac348ba6ce78dc9e0003c0568be8341e736563504c1956ad9b30d556b564070,Mirai,qme1,elf,2026-07-28 21:09:32,MalwareBazaar
SHA-256,8ac348ba6ce78dc9e0003c0568be8341e736563504c1956ad9b30d556b564070,8ac348ba6ce78dc9e0003c0568be8341e736563504c1956ad9b30d556b564070,Mirai,qme1,elf,2026-07-28 21:09:32,MalwareBazaar
SHA3-384,814be80f302ef8948ddd0e1f740c58a27e28314cdf37f6f04b6d7b56a6e0a30ddf55a2a640fe8e451f442bea8473435d,8ac348ba6ce78dc9e0003c0568be8341e736563504c1956ad9b30d556b564070,Mirai,qme1,elf,2026-07-28 21:09:32,MalwareBazaar
TLSH,T16DA3D81F3F619FACF3A9823497B74B30AA5C63D122E1C684D5ACD5042E3434E594F7AA,8ac348ba6ce78dc9e0003c0568be8341e736563504c1956ad9b30d556b564070,Mirai,qme1,elf,2026-07-28 21:09:32,MalwareBazaar
TELFHASH,t11631e519487812f4d3610d9d6eeefb31e0a170df29261e378f22ed5aee1d8428d10c1d,8ac348ba6ce78dc9e0003c0568be8341e736563504c1956ad9b30d556b564070,Mirai,qme1,elf,2026-07-28 21:09:32,MalwareBazaar
SSDEEP,1536:XfFZ8BcQlFGINSH7Ei9N15HUd/W8x7Q8puFgACbPaR0F/LX6:9oFGIYH73H1Gd/HbuFg/u,8ac348ba6ce78dc9e0003c0568be8341e736563504c1956ad9b30d556b564070,Mirai,qme1,elf,2026-07-28 21:09:32,MalwareBazaar
MD5,39126c3e430e2e8d42034b125201971e,00bd53b28e21671f2bbbe4aff588c4ce7a41f357bb69c920f3b8227cd27d24cf,Mirai,5FF,elf,2026-07-28 21:09:31,MalwareBazaar
SHA-1,2a2441a37c815d46536beec79e5f36bb3ee6d457,00bd53b28e21671f2bbbe4aff588c4ce7a41f357bb69c920f3b8227cd27d24cf,Mirai,5FF,elf,2026-07-28 21:09:31,MalwareBazaar
SHA-256,00bd53b28e21671f2bbbe4aff588c4ce7a41f357bb69c920f3b8227cd27d24cf,00bd53b28e21671f2bbbe4aff588c4ce7a41f357bb69c920f3b8227cd27d24cf,Mirai,5FF,elf,2026-07-28 21:09:31,MalwareBazaar
SHA3-384,8d2bc6e8a6d8f5d0fa26f444a4e36559c84a691c2880ef5f13d8f6db65e5558641ca66370374c2515d46d5d89f9bc2b7,00bd53b28e21671f2bbbe4aff588c4ce7a41f357bb69c920f3b8227cd27d24cf,Mirai,5FF,elf,2026-07-28 21:09:31,MalwareBazaar
TLSH,T105632A6BB9919F15C5C0167AFE1D534D33132BBCE3DEB213EE042B642B8B56B0E2A445,00bd53b28e21671f2bbbe4aff588c4ce7a41f357bb69c920f3b8227cd27d24cf,Mirai,5FF,elf,2026-07-28 21:09:31,MalwareBazaar
TELFHASH,t135f08b29ce5c0add9be0c14188ff370455e0b1b27b006607eefc8f998111682729b41c,00bd53b28e21671f2bbbe4aff588c4ce7a41f357bb69c920f3b8227cd27d24cf,Mirai,5FF,elf,2026-07-28 21:09:31,MalwareBazaar
SSDEEP,1536:xtnrrlWcNjqc7kBWvHpIcqAAqxtoDAWMiT8alJ1xEOilN:vrTjtnIfAXxtU18alJ1nW,00bd53b28e21671f2bbbe4aff588c4ce7a41f357bb69c920f3b8227cd27d24cf,Mirai,5FF,elf,2026-07-28 21:09:31,MalwareBazaar
MD5,14993e1b390800b0ac04e9d47b800c87,f53377f1c4282703ee09bb8123cc93932f5eb282936551b1379ba91e8df1228a,WSHRAT,ORDER-270728-200878.PDF..vbs,vbs,2026-07-28 21:05:08,MalwareBazaar
SHA-1,64a928fbab046e707c9a10473887ecff6eb70a60,f53377f1c4282703ee09bb8123cc93932f5eb282936551b1379ba91e8df1228a,WSHRAT,ORDER-270728-200878.PDF..vbs,vbs,2026-07-28 21:05:08,MalwareBazaar
SHA-256,f53377f1c4282703ee09bb8123cc93932f5eb282936551b1379ba91e8df1228a,f53377f1c4282703ee09bb8123cc93932f5eb282936551b1379ba91e8df1228a,WSHRAT,ORDER-270728-200878.PDF..vbs,vbs,2026-07-28 21:05:08,MalwareBazaar
SHA3-384,d8b0dd02354a5eb820bbd8e4c9bf65badf3dfe7a31422ba0b628e1636fefb7d62ad6588498d20d20c79a59820158d62c,f53377f1c4282703ee09bb8123cc93932f5eb282936551b1379ba91e8df1228a,WSHRAT,ORDER-270728-200878.PDF..vbs,vbs,2026-07-28 21:05:08,MalwareBazaar
TLSH,T1D394E53C83D3D4DAA0CBA76EF653A3C64A14E36365D16A70AE6273B0647044D7C8D2ED,f53377f1c4282703ee09bb8123cc93932f5eb282936551b1379ba91e8df1228a,WSHRAT,ORDER-270728-200878.PDF..vbs,vbs,2026-07-28 21:05:08,MalwareBazaar
SSDEEP,12288:j8veDAHhRfukVFB/MlLOMPzr9b4i0Z/6ZQC8Z99B+rdD6yMcGhvPoxMWAyGMWnNW:j8veDAHhRfukVFB/MlLOMPzr9b4i0Z/g,f53377f1c4282703ee09bb8123cc93932f5eb282936551b1379ba91e8df1228a,WSHRAT,ORDER-270728-200878.PDF..vbs,vbs,2026-07-28 21:05:08,MalwareBazaar
MD5,cee0e495adc06bbac4be33544bd393ca,e95766d2d9dcc598cada3c33133935fda7d54d245d8a46fc05be47986e036fff,njrat,CEE0E495ADC06BBAC4BE33544BD393CA.exe,exe,2026-07-28 21:05:05,MalwareBazaar
SHA-1,b65b3aba7086a8db3b452f171782af7eab4cbeb5,e95766d2d9dcc598cada3c33133935fda7d54d245d8a46fc05be47986e036fff,njrat,CEE0E495ADC06BBAC4BE33544BD393CA.exe,exe,2026-07-28 21:05:05,MalwareBazaar
SHA-256,e95766d2d9dcc598cada3c33133935fda7d54d245d8a46fc05be47986e036fff,e95766d2d9dcc598cada3c33133935fda7d54d245d8a46fc05be47986e036fff,njrat,CEE0E495ADC06BBAC4BE33544BD393CA.exe,exe,2026-07-28 21:05:05,MalwareBazaar
SHA3-384,54514132ca547db7b21d1259e927b24faff347d495348f1ac2b391b101b3c226bc13ad1296cf5a650059bc2854845bbd,e95766d2d9dcc598cada3c33133935fda7d54d245d8a46fc05be47986e036fff,njrat,CEE0E495ADC06BBAC4BE33544BD393CA.exe,exe,2026-07-28 21:05:05,MalwareBazaar
IMPHASH,f34d5f2d4577ed6d9ceec516c1f5a744,e95766d2d9dcc598cada3c33133935fda7d54d245d8a46fc05be47986e036fff,njrat,CEE0E495ADC06BBAC4BE33544BD393CA.exe,exe,2026-07-28 21:05:05,MalwareBazaar
TLSH,T176447317AB79AC0BC25CC6309CB6E278A5EC2E67DC1CC708ABC19D5F762718E8D0465D,e95766d2d9dcc598cada3c33133935fda7d54d245d8a46fc05be47986e036fff,njrat,CEE0E495ADC06BBAC4BE33544BD393CA.exe,exe,2026-07-28 21:05:05,MalwareBazaar
SSDEEP,3072:xMDnk5ELWDhwsNMDzXExI3pmUHLB2VsgyxTOao8oY0h6:xMwwWvMDrtgSTXLV0,e95766d2d9dcc598cada3c33133935fda7d54d245d8a46fc05be47986e036fff,njrat,CEE0E495ADC06BBAC4BE33544BD393CA.exe,exe,2026-07-28 21:05:05,MalwareBazaar
ICON-DHASH,cc866b687131a6cc,e95766d2d9dcc598cada3c33133935fda7d54d245d8a46fc05be47986e036fff,njrat,CEE0E495ADC06BBAC4BE33544BD393CA.exe,exe,2026-07-28 21:05:05,MalwareBazaar
MD5,bbb84eeb69eaba4ccb0abba05e62bc00,03dfc82a8c47cd17e2c443d5121b5a19c3355afd69ed08dee1210250f628282f,unknown,bhatta.exe,exe,2026-07-28 20:52:41,MalwareBazaar
SHA-1,c12985bed4baa647ba28a4143426cd78e92b5eeb,03dfc82a8c47cd17e2c443d5121b5a19c3355afd69ed08dee1210250f628282f,unknown,bhatta.exe,exe,2026-07-28 20:52:41,MalwareBazaar
SHA-256,03dfc82a8c47cd17e2c443d5121b5a19c3355afd69ed08dee1210250f628282f,03dfc82a8c47cd17e2c443d5121b5a19c3355afd69ed08dee1210250f628282f,unknown,bhatta.exe,exe,2026-07-28 20:52:41,MalwareBazaar
SHA3-384,dbc525db505bc1352229bad5c86751b35aeb29734697fe68b6b9227068c8f89cf5486b4454f55e832cd6e4e66b6d037a,03dfc82a8c47cd17e2c443d5121b5a19c3355afd69ed08dee1210250f628282f,unknown,bhatta.exe,exe,2026-07-28 20:52:41,MalwareBazaar
IMPHASH,d42595b695fc008ef2c56aabd8efd68e,03dfc82a8c47cd17e2c443d5121b5a19c3355afd69ed08dee1210250f628282f,unknown,bhatta.exe,exe,2026-07-28 20:52:41,MalwareBazaar
TLSH,T1C4B66B47FC9118FAC0AAA33189A35A527775BC182B3627DB2E60B7782F727D08D35714,03dfc82a8c47cd17e2c443d5121b5a19c3355afd69ed08dee1210250f628282f,unknown,bhatta.exe,exe,2026-07-28 20:52:41,MalwareBazaar
SSDEEP,49152:LooAYY44HBu/mcpb65YyQpYJhWNqqZUk2ZZ9sNj9Mkgoogc8:Li6H3ywxN+a,03dfc82a8c47cd17e2c443d5121b5a19c3355afd69ed08dee1210250f628282f,unknown,bhatta.exe,exe,2026-07-28 20:52:41,MalwareBazaar
MD5,416574c8aa11daaf9c463308b444a21f,33180419d2e3b1763ef0e67e1a98d9964c16efa97ea164242d098d8d1eaf172a,unknown,default.dat,exe,2026-07-28 20:52:29,MalwareBazaar
SHA-1,3ff5ca5530132c7747ecf9a3e7d7873da0cf2e3c,33180419d2e3b1763ef0e67e1a98d9964c16efa97ea164242d098d8d1eaf172a,unknown,default.dat,exe,2026-07-28 20:52:29,MalwareBazaar
SHA-256,33180419d2e3b1763ef0e67e1a98d9964c16efa97ea164242d098d8d1eaf172a,33180419d2e3b1763ef0e67e1a98d9964c16efa97ea164242d098d8d1eaf172a,unknown,default.dat,exe,2026-07-28 20:52:29,MalwareBazaar
SHA3-384,a692c8de616d92efba40ccc080755259cec6a117209d1956e8351a8c1c375504b1a184fcbd6a3d645744a4309f9cc524,33180419d2e3b1763ef0e67e1a98d9964c16efa97ea164242d098d8d1eaf172a,unknown,default.dat,exe,2026-07-28 20:52:29,MalwareBazaar
IMPHASH,dcaf48c1f10b0efa0a4472200f3850ed,33180419d2e3b1763ef0e67e1a98d9964c16efa97ea164242d098d8d1eaf172a,unknown,default.dat,exe,2026-07-28 20:52:29,MalwareBazaar
TLSH,T12CE6331896D012FDE5B3213CAEE281AAE5B874B51772CADF47D893A16E271E04C3D743,33180419d2e3b1763ef0e67e1a98d9964c16efa97ea164242d098d8d1eaf172a,unknown,default.dat,exe,2026-07-28 20:52:29,MalwareBazaar
SSDEEP,393216:On+M8ULqWXwZjpGkjd1aS1NSVs7TOfEXMCHWUjXfcuI3/PGTAI:SCWXmGkjjXHHUEXMb8X0H/O7,33180419d2e3b1763ef0e67e1a98d9964c16efa97ea164242d098d8d1eaf172a,unknown,default.dat,exe,2026-07-28 20:52:29,MalwareBazaar
ICON-DHASH,71f0d4d8c8e4f070,33180419d2e3b1763ef0e67e1a98d9964c16efa97ea164242d098d8d1eaf172a,unknown,default.dat,exe,2026-07-28 20:52:29,MalwareBazaar
MD5,41409ad703019aea6d370fcca8c0cb87,0c77c688c8e96f308e67772abeb7de9bfed680d186301daf720338fc7780ea6a,Mirai,LFt3,elf,2026-07-28 20:44:29,MalwareBazaar
SHA-1,0f72e46291b324cc7f2d06b5c8549a43e4f05b0d,0c77c688c8e96f308e67772abeb7de9bfed680d186301daf720338fc7780ea6a,Mirai,LFt3,elf,2026-07-28 20:44:29,MalwareBazaar
SHA-256,0c77c688c8e96f308e67772abeb7de9bfed680d186301daf720338fc7780ea6a,0c77c688c8e96f308e67772abeb7de9bfed680d186301daf720338fc7780ea6a,Mirai,LFt3,elf,2026-07-28 20:44:29,MalwareBazaar
SHA3-384,be095148b91e6ffd5d121bc5137d6c6889d9dd4c309bfc0ae7536ad5459ac04f8fcf8e48b22e97dc43653a50c1f0b67a,0c77c688c8e96f308e67772abeb7de9bfed680d186301daf720338fc7780ea6a,Mirai,LFt3,elf,2026-07-28 20:44:29,MalwareBazaar
TLSH,T1AA83185AFD819F15D5D526BAFF1E534A33536BBCE3EE7102DE102B24278A91B0F2A401,0c77c688c8e96f308e67772abeb7de9bfed680d186301daf720338fc7780ea6a,Mirai,LFt3,elf,2026-07-28 20:44:29,MalwareBazaar
TELFHASH,t166f081a0075d0dcd07f4c604c7ee57291c71b45e37004907bee9ef0745e21d3725921a,0c77c688c8e96f308e67772abeb7de9bfed680d186301daf720338fc7780ea6a,Mirai,LFt3,elf,2026-07-28 20:44:29,MalwareBazaar
SSDEEP,1536:fZntNY3Ls5zEXFGfBC41fvNWsWaRZPdVCJkGGI05wdllcie4vLrkE:vNY7uEVmvws5RRdVCJkGGRgM4v3L,0c77c688c8e96f308e67772abeb7de9bfed680d186301daf720338fc7780ea6a,Mirai,LFt3,elf,2026-07-28 20:44:29,MalwareBazaar
MD5,1bc85fa0861e29220ac221302bcd4fe5,6c1abc6c731f272e22deabeeb92b6378fdc32507a1fac93271b45a2a577aa88c,Formbook,Quotation.JS,js,2026-07-28 20:44:18,MalwareBazaar
SHA-1,f04d5be78e3d6f33e12a53f1dbb17033a51e2116,6c1abc6c731f272e22deabeeb92b6378fdc32507a1fac93271b45a2a577aa88c,Formbook,Quotation.JS,js,2026-07-28 20:44:18,MalwareBazaar
SHA-256,6c1abc6c731f272e22deabeeb92b6378fdc32507a1fac93271b45a2a577aa88c,6c1abc6c731f272e22deabeeb92b6378fdc32507a1fac93271b45a2a577aa88c,Formbook,Quotation.JS,js,2026-07-28 20:44:18,MalwareBazaar
SHA3-384,d17e92521f680547c438f3fa65474b354d1a54d8cdcdc3d0704b11906a1e43f280c585a4b7507556ed66b849837e1689,6c1abc6c731f272e22deabeeb92b6378fdc32507a1fac93271b45a2a577aa88c,Formbook,Quotation.JS,js,2026-07-28 20:44:18,MalwareBazaar
TLSH,T1A716E8974F544A9D55ACC76CC96EEB484B7D120B033CAE0E3BB938D4DE56FAB104C09A,6c1abc6c731f272e22deabeeb92b6378fdc32507a1fac93271b45a2a577aa88c,Formbook,Quotation.JS,js,2026-07-28 20:44:18,MalwareBazaar
SSDEEP,98304:CMq69t2ynXIkZt/n4Ynab8USlsH7dX65iAM83i4M8BFdz7:kqII4oab8US+dKXzi+z7,6c1abc6c731f272e22deabeeb92b6378fdc32507a1fac93271b45a2a577aa88c,Formbook,Quotation.JS,js,2026-07-28 20:44:18,MalwareBazaar
MD5,a770c365f35ac9783c24514853a5d733,6436c0d5db9dfda7cb951774c4c466c47c5c0df446178b229e75c58139161a81,unknown,9ff72d21-8502-4a6a-b740-c41133dd8265,unknown,2026-07-28 20:43:45,MalwareBazaar
SHA-256,6436c0d5db9dfda7cb951774c4c466c47c5c0df446178b229e75c58139161a81,6436c0d5db9dfda7cb951774c4c466c47c5c0df446178b229e75c58139161a81,unknown,9ff72d21-8502-4a6a-b740-c41133dd8265,unknown,2026-07-28 20:43:45,MalwareBazaar
MD5,c71ad53df2819f5cef21166aa022cbb3,194b02279c7aa385261c8badb611011aed5677311dbdb96d26e7b5951205d354,Mirai,Lrtt,elf,2026-07-28 20:42:56,MalwareBazaar
SHA-1,45c49ad92fe0ca3e2f4331886a9a2ff5babd8fbc,194b02279c7aa385261c8badb611011aed5677311dbdb96d26e7b5951205d354,Mirai,Lrtt,elf,2026-07-28 20:42:56,MalwareBazaar
SHA-256,194b02279c7aa385261c8badb611011aed5677311dbdb96d26e7b5951205d354,194b02279c7aa385261c8badb611011aed5677311dbdb96d26e7b5951205d354,Mirai,Lrtt,elf,2026-07-28 20:42:56,MalwareBazaar
SHA3-384,64460b85456ee1e49dd049e0388250b8dd12468c350ea6853948a335e7866a10b0d3f5f0ae5b053094e606cf9259c68f,194b02279c7aa385261c8badb611011aed5677311dbdb96d26e7b5951205d354,Mirai,Lrtt,elf,2026-07-28 20:42:56,MalwareBazaar
TLSH,T177633B66B9419F16C2C16677FF1EC389332763E8E3DA7203DD142F69338B42A0E2A551,194b02279c7aa385261c8badb611011aed5677311dbdb96d26e7b5951205d354,Mirai,Lrtt,elf,2026-07-28 20:42:56,MalwareBazaar
TELFHASH,t1b8f0e135448b28dc79e8c144c2df43538d5432792200561c36ecde438493d53b22dc1d,194b02279c7aa385261c8badb611011aed5677311dbdb96d26e7b5951205d354,Mirai,Lrtt,elf,2026-07-28 20:42:56,MalwareBazaar
SSDEEP,1536:R32EjYaoQeTvjCZc6QY0dKkhrUBT+JmR94YAoZcom1FvEoX3xWSBM:R32EjYa7eTGUOkhUB6JE9Ea/QFvEA31M,194b02279c7aa385261c8badb611011aed5677311dbdb96d26e7b5951205d354,Mirai,Lrtt,elf,2026-07-28 20:42:56,MalwareBazaar
MD5,ede604f1401d7e455a118127ea175266,77755cc0490521af6f766826172706f091c6963af70e5e23cecd9567a72cd336,Mirai,LrHq,elf,2026-07-28 20:42:55,MalwareBazaar
SHA-1,b84a50caa282ace91b3a567d8d0386fb67576e95,77755cc0490521af6f766826172706f091c6963af70e5e23cecd9567a72cd336,Mirai,LrHq,elf,2026-07-28 20:42:55,MalwareBazaar
SHA-256,77755cc0490521af6f766826172706f091c6963af70e5e23cecd9567a72cd336,77755cc0490521af6f766826172706f091c6963af70e5e23cecd9567a72cd336,Mirai,LrHq,elf,2026-07-28 20:42:55,MalwareBazaar
SHA3-384,cabb1e5826ec3aa49e33590247c736fb351c71e009fef53c05ffb6142248e04d105805292b30e6b2267583fd4842f4ed,77755cc0490521af6f766826172706f091c6963af70e5e23cecd9567a72cd336,Mirai,LrHq,elf,2026-07-28 20:42:55,MalwareBazaar
TLSH,T10DA3E94AAF651DB7D81BCD3705AD0B4235CCAA0771683B763934C928F64A54F8AE3CB4,77755cc0490521af6f766826172706f091c6963af70e5e23cecd9567a72cd336,Mirai,LrHq,elf,2026-07-28 20:42:55,MalwareBazaar
SSDEEP,1536:FyerkQ52P0oXGBiNlwVf4SF8836992xPfTuJ5+U4pyU0tcmY5y/b:UIwP0oXciNl2889/yR,77755cc0490521af6f766826172706f091c6963af70e5e23cecd9567a72cd336,Mirai,LrHq,elf,2026-07-28 20:42:55,MalwareBazaar
MD5,dc23b8b8afcffbf1798d09ebf443af85,0605015c8428fb4efc98e0abd8af027c7a01f2e87471dbc7e4389a3c6e5844c4,RustyStealer,file,exe,2026-07-28 20:38:37,MalwareBazaar
SHA-1,a7793c7102527152dc5972d13adb21969fe49e7a,0605015c8428fb4efc98e0abd8af027c7a01f2e87471dbc7e4389a3c6e5844c4,RustyStealer,file,exe,2026-07-28 20:38:37,MalwareBazaar
SHA-256,0605015c8428fb4efc98e0abd8af027c7a01f2e87471dbc7e4389a3c6e5844c4,0605015c8428fb4efc98e0abd8af027c7a01f2e87471dbc7e4389a3c6e5844c4,RustyStealer,file,exe,2026-07-28 20:38:37,MalwareBazaar
SHA3-384,b1ea09866ec4e878b6a59e4af6519be746cf40d4cda11d9f67f7cfa3ac68687f2dccea3b769157ec0a919355cbcb3a8b,0605015c8428fb4efc98e0abd8af027c7a01f2e87471dbc7e4389a3c6e5844c4,RustyStealer,file,exe,2026-07-28 20:38:37,MalwareBazaar
IMPHASH,b949039b6ebe4372b35d3494c33e4a51,0605015c8428fb4efc98e0abd8af027c7a01f2e87471dbc7e4389a3c6e5844c4,RustyStealer,file,exe,2026-07-28 20:38:37,MalwareBazaar
TLSH,T1E925BE53B291A27DD15BC0B4835AC9B6B536B0C90631BDBF21E4D7343E9AE920F1CB19,0605015c8428fb4efc98e0abd8af027c7a01f2e87471dbc7e4389a3c6e5844c4,RustyStealer,file,exe,2026-07-28 20:38:37,MalwareBazaar
SSDEEP,12288:/4yljr5bCTpu7BIopiE1uLwpQk4ls9dJW76G3L6m442wOyITRMc08SdhccB:DASBnsE1e2QZuyT3L6mt5ONTRb08Yh,0605015c8428fb4efc98e0abd8af027c7a01f2e87471dbc7e4389a3c6e5844c4,RustyStealer,file,exe,2026-07-28 20:38:37,MalwareBazaar
MD5,28954d2e39f29e67359abbcc02a3bd91,ad87c521a094b77faf0cb2c0da769b619dbdb567039eee489fcfdb13a23ce124,unknown,kol.js,js,2026-07-28 20:33:58,MalwareBazaar
SHA-1,72c6da777889c4a4801dc7a313a1b951e77a9372,ad87c521a094b77faf0cb2c0da769b619dbdb567039eee489fcfdb13a23ce124,unknown,kol.js,js,2026-07-28 20:33:58,MalwareBazaar
SHA-256,ad87c521a094b77faf0cb2c0da769b619dbdb567039eee489fcfdb13a23ce124,ad87c521a094b77faf0cb2c0da769b619dbdb567039eee489fcfdb13a23ce124,unknown,kol.js,js,2026-07-28 20:33:58,MalwareBazaar
SHA3-384,eb82a40bf2a248ee7846b72930362b522a239b180bd563d1ea32a7709c07f7ed67975de3f5ce88d80e1a5e58cfcfe44c,ad87c521a094b77faf0cb2c0da769b619dbdb567039eee489fcfdb13a23ce124,unknown,kol.js,js,2026-07-28 20:33:58,MalwareBazaar
TLSH,T102E0C2456A14D0D0986667D2565D82D881B806822C15F2ABFE508BC65E7B67043D4D8B,ad87c521a094b77faf0cb2c0da769b619dbdb567039eee489fcfdb13a23ce124,unknown,kol.js,js,2026-07-28 20:33:58,MalwareBazaar
SSDEEP,6:hFqrTFILwCfLKzd+2iN7yeHdxRRMes2/eQSAqoUF045:rqrGEGKAHNJHdxRps2/eQSAnUFX5,ad87c521a094b77faf0cb2c0da769b619dbdb567039eee489fcfdb13a23ce124,unknown,kol.js,js,2026-07-28 20:33:58,MalwareBazaar
MD5,a5b72f88f042c0215aefcfc88f003343,9fba3a68221cc6d7ca5a0f14881e0ce7e1c201009901e715e9f49aa2c5447da1,unknown,wr.php,sh,2026-07-28 20:32:30,MalwareBazaar
SHA-1,5cc353e77e2c62a9ca916a5aed3faaceb360f24d,9fba3a68221cc6d7ca5a0f14881e0ce7e1c201009901e715e9f49aa2c5447da1,unknown,wr.php,sh,2026-07-28 20:32:30,MalwareBazaar
SHA-256,9fba3a68221cc6d7ca5a0f14881e0ce7e1c201009901e715e9f49aa2c5447da1,9fba3a68221cc6d7ca5a0f14881e0ce7e1c201009901e715e9f49aa2c5447da1,unknown,wr.php,sh,2026-07-28 20:32:30,MalwareBazaar
SHA3-384,210c4eeacb3b61daf0a724d6ef2d7aaaba8d78dd8fd8de4c4377346bb28436a1b53042c9efaeb50cd429c54cb72dcc5c,9fba3a68221cc6d7ca5a0f14881e0ce7e1c201009901e715e9f49aa2c5447da1,unknown,wr.php,sh,2026-07-28 20:32:30,MalwareBazaar
TLSH,T110C27D966A867C44BEC94A3E4CBD2B1D6DF5C3D1324942AC3D8B3C719C12F9CD618B1A,9fba3a68221cc6d7ca5a0f14881e0ce7e1c201009901e715e9f49aa2c5447da1,unknown,wr.php,sh,2026-07-28 20:32:30,MalwareBazaar
SSDEEP,768:eeY8vCB+25j6es8RD9FYpMSUpi+20qUpi+20YQX:o8l25JFd2QX,9fba3a68221cc6d7ca5a0f14881e0ce7e1c201009901e715e9f49aa2c5447da1,unknown,wr.php,sh,2026-07-28 20:32:30,MalwareBazaar
MD5,832b8c806e8ada7badc460b765395652,ad402539ef20003f7fce7cb87a0549f04d78c8c066c26c2cba032ee329705ed2,unknown,Purchase_Order_28_07_2026.js,js,2026-07-28 20:31:26,MalwareBazaar
SHA-1,776afd118b27365c7de155e835d6c205c8f0bc00,ad402539ef20003f7fce7cb87a0549f04d78c8c066c26c2cba032ee329705ed2,unknown,Purchase_Order_28_07_2026.js,js,2026-07-28 20:31:26,MalwareBazaar
SHA-256,ad402539ef20003f7fce7cb87a0549f04d78c8c066c26c2cba032ee329705ed2,ad402539ef20003f7fce7cb87a0549f04d78c8c066c26c2cba032ee329705ed2,unknown,Purchase_Order_28_07_2026.js,js,2026-07-28 20:31:26,MalwareBazaar
SHA3-384,c013ca500c41d8dbe5d6ea1c6a4f6e0f03ef495f1bbe558dd616da4c350f54d53ad2d3936730df1e60243c6bb4d56bda,ad402539ef20003f7fce7cb87a0549f04d78c8c066c26c2cba032ee329705ed2,unknown,Purchase_Order_28_07_2026.js,js,2026-07-28 20:31:26,MalwareBazaar
TLSH,T121955C45EFA2AB3455472F82115331CE3BA11FB498518361FBA8654B3646EEFF87A330,ad402539ef20003f7fce7cb87a0549f04d78c8c066c26c2cba032ee329705ed2,unknown,Purchase_Order_28_07_2026.js,js,2026-07-28 20:31:26,MalwareBazaar
SSDEEP,24576:p/eWxpB4YWJ4yqnAGvW19Hsuk8BRjTM637ZV4NN1tTqW35bUmtu9TYiW4lkijGvh:p1zaNEFOj42iN1t4moYt9guwU+Q,ad402539ef20003f7fce7cb87a0549f04d78c8c066c26c2cba032ee329705ed2,unknown,Purchase_Order_28_07_2026.js,js,2026-07-28 20:31:26,MalwareBazaar
MD5,cd4e18657cb4ccf267b1c2f5a7b548aa,350e280370d76945e1b4d460009d97d6976fcc4e33c966d73c78d4b520b50874,PythonStealer,New_Specification_Of_Industrial_Power_Generator_and_Quantities_Needed_For_Each.zip,zip,2026-07-28 20:25:07,MalwareBazaar
SHA-1,86cfdf3f47b77909ad4288ba2176e066a86982ef,350e280370d76945e1b4d460009d97d6976fcc4e33c966d73c78d4b520b50874,PythonStealer,New_Specification_Of_Industrial_Power_Generator_and_Quantities_Needed_For_Each.zip,zip,2026-07-28 20:25:07,MalwareBazaar
SHA-256,350e280370d76945e1b4d460009d97d6976fcc4e33c966d73c78d4b520b50874,350e280370d76945e1b4d460009d97d6976fcc4e33c966d73c78d4b520b50874,PythonStealer,New_Specification_Of_Industrial_Power_Generator_and_Quantities_Needed_For_Each.zip,zip,2026-07-28 20:25:07,MalwareBazaar
SHA3-384,1cedc6ccb034a2daf66b6bf85b8ece98e2ec932078a42e41f4bdb65a77ac6ef01b927a35bda55e33f2acb42caaafb619,350e280370d76945e1b4d460009d97d6976fcc4e33c966d73c78d4b520b50874,PythonStealer,New_Specification_Of_Industrial_Power_Generator_and_Quantities_Needed_For_Each.zip,zip,2026-07-28 20:25:07,MalwareBazaar
TLSH,T1D096336B692179C641CFBB715C206F425BB921B11CBF854A3D9FCA27EB080BD78297D0,350e280370d76945e1b4d460009d97d6976fcc4e33c966d73c78d4b520b50874,PythonStealer,New_Specification_Of_Industrial_Power_Generator_and_Quantities_Needed_For_Each.zip,zip,2026-07-28 20:25:07,MalwareBazaar
SSDEEP,196608:qP/2RiSqhv9KDyT1VRZU+CktN9iBtAB/oB76qZXW6znj:y+0SmWQ5ZUqOBgOdXtj,350e280370d76945e1b4d460009d97d6976fcc4e33c966d73c78d4b520b50874,PythonStealer,New_Specification_Of_Industrial_Power_Generator_and_Quantities_Needed_For_Each.zip,zip,2026-07-28 20:25:07,MalwareBazaar
MD5,2e4077197293253a06bdd46ce433b505,7539c48603f670a8a14c59391c1bbc01371635b89ea06f2f68cf273ac709f8bb,unknown,payload(1).exe,exe,2026-07-28 20:21:45,MalwareBazaar
SHA-1,c57ef42c52efa15f8f9ec2cf14e1d6d94d925c9e,7539c48603f670a8a14c59391c1bbc01371635b89ea06f2f68cf273ac709f8bb,unknown,payload(1).exe,exe,2026-07-28 20:21:45,MalwareBazaar
SHA-256,7539c48603f670a8a14c59391c1bbc01371635b89ea06f2f68cf273ac709f8bb,7539c48603f670a8a14c59391c1bbc01371635b89ea06f2f68cf273ac709f8bb,unknown,payload(1).exe,exe,2026-07-28 20:21:45,MalwareBazaar
SHA3-384,150bc03650d99d6b7f14476d512431ea90630e2750abb55fdc425c8900c6da39bf1b549f39648ae68a4f7e823b79ff6b,7539c48603f670a8a14c59391c1bbc01371635b89ea06f2f68cf273ac709f8bb,unknown,payload(1).exe,exe,2026-07-28 20:21:45,MalwareBazaar
IMPHASH,49b533d8c0ce90df0101f35a2c0af7d4,7539c48603f670a8a14c59391c1bbc01371635b89ea06f2f68cf273ac709f8bb,unknown,payload(1).exe,exe,2026-07-28 20:21:45,MalwareBazaar
TLSH,T14AA58D56E2B360ECC66BC171875BEA67F674742C41207E7B9990C7302E72F50271AF2A,7539c48603f670a8a14c59391c1bbc01371635b89ea06f2f68cf273ac709f8bb,unknown,payload(1).exe,exe,2026-07-28 20:21:45,MalwareBazaar
SSDEEP,49152:EBkjNIR9hbVDy/mqtP3G3c/3eWJrePHfR:qhb+osv,7539c48603f670a8a14c59391c1bbc01371635b89ea06f2f68cf273ac709f8bb,unknown,payload(1).exe,exe,2026-07-28 20:21:45,MalwareBazaar
MD5,fe0fdf14f854f154d45ea5afd572e851,d02fb84cea88610da9c7d84902c64e2e11d66795ef56ed8a5e4f77d19c294175,unknown,wr.php,sh,2026-07-28 20:20:30,MalwareBazaar
SHA-1,8714ebae8ae100d40d526d00ec9e6c1cec1caa80,d02fb84cea88610da9c7d84902c64e2e11d66795ef56ed8a5e4f77d19c294175,unknown,wr.php,sh,2026-07-28 20:20:30,MalwareBazaar
SHA-256,d02fb84cea88610da9c7d84902c64e2e11d66795ef56ed8a5e4f77d19c294175,d02fb84cea88610da9c7d84902c64e2e11d66795ef56ed8a5e4f77d19c294175,unknown,wr.php,sh,2026-07-28 20:20:30,MalwareBazaar
SHA3-384,98a2d61b6fb6dd46ae7987b1f7c6076e666c94ab430955d7829f585e4953f9c4ad9f3a8f42cb9044c42ee8222fe3292e,d02fb84cea88610da9c7d84902c64e2e11d66795ef56ed8a5e4f77d19c294175,unknown,wr.php,sh,2026-07-28 20:20:30,MalwareBazaar
TLSH,T190C28D956A867C44BDC98A3E4CBE2B0D6DF5C3D1324942AC3D8B3C719C15F9CD618B2A,d02fb84cea88610da9c7d84902c64e2e11d66795ef56ed8a5e4f77d19c294175,unknown,wr.php,sh,2026-07-28 20:20:30,MalwareBazaar
SSDEEP,768:vr8vCB+25j6es8Rd9FYpMSUpi+20qUpi+20YQX:T8l25JLd2QX,d02fb84cea88610da9c7d84902c64e2e11d66795ef56ed8a5e4f77d19c294175,unknown,wr.php,sh,2026-07-28 20:20:30,MalwareBazaar
MD5,1eea14a025deda739b2d66985ee8d7bd,1a569dd1087367b863590e8e1a6e8755a368473d86ebd3213b9be3ed971668e5,unknown,payload.exe,exe,2026-07-28 20:20:28,MalwareBazaar
SHA-1,205a898f45c962893751fb40e40678ec51fde2c5,1a569dd1087367b863590e8e1a6e8755a368473d86ebd3213b9be3ed971668e5,unknown,payload.exe,exe,2026-07-28 20:20:28,MalwareBazaar
SHA-256,1a569dd1087367b863590e8e1a6e8755a368473d86ebd3213b9be3ed971668e5,1a569dd1087367b863590e8e1a6e8755a368473d86ebd3213b9be3ed971668e5,unknown,payload.exe,exe,2026-07-28 20:20:28,MalwareBazaar
SHA3-384,108acfe75201159fe792018f74f8c87973d4833b76331f8718a0bbfcbf33a732056773464d1692715508a3b4d9a01354,1a569dd1087367b863590e8e1a6e8755a368473d86ebd3213b9be3ed971668e5,unknown,payload.exe,exe,2026-07-28 20:20:28,MalwareBazaar
IMPHASH,e5288f788faa45e831987b5d5eeb91cd,1a569dd1087367b863590e8e1a6e8755a368473d86ebd3213b9be3ed971668e5,unknown,payload.exe,exe,2026-07-28 20:20:28,MalwareBazaar
TLSH,T146A59D56E27360ECC66BC1708B5BEA67F674742C41207E7B9990C7302E72F50671AF2A,1a569dd1087367b863590e8e1a6e8755a368473d86ebd3213b9be3ed971668e5,unknown,payload.exe,exe,2026-07-28 20:20:28,MalwareBazaar
SSDEEP,49152:rmNkvLkwZbfxcQvMb96IlAl8eDdX7nPHa0o:BbfIdPei,1a569dd1087367b863590e8e1a6e8755a368473d86ebd3213b9be3ed971668e5,unknown,payload.exe,exe,2026-07-28 20:20:28,MalwareBazaar
MD5,dc8656d5372f7aaef67d2c8ecdc1a20c,668c0851af5a3a1f685f3e632e4cce3f71aed73808deefe4c5b59bf40088d4fa,unknown,version.dll,exe,2026-07-28 20:20:10,MalwareBazaar
SHA-1,f857f8c6e71d93e73f9846a793005338313b1380,668c0851af5a3a1f685f3e632e4cce3f71aed73808deefe4c5b59bf40088d4fa,unknown,version.dll,exe,2026-07-28 20:20:10,MalwareBazaar
SHA-256,668c0851af5a3a1f685f3e632e4cce3f71aed73808deefe4c5b59bf40088d4fa,668c0851af5a3a1f685f3e632e4cce3f71aed73808deefe4c5b59bf40088d4fa,unknown,version.dll,exe,2026-07-28 20:20:10,MalwareBazaar
SHA3-384,5ad504d272dbe0d82c43993c45c66ac8780dde200bc3ca9f6e1ba6088f7cdc3fb4de820ccee47cf396a65251afe53ebe,668c0851af5a3a1f685f3e632e4cce3f71aed73808deefe4c5b59bf40088d4fa,unknown,version.dll,exe,2026-07-28 20:20:10,MalwareBazaar
IMPHASH,d4434b8b9fc94456394b657184fed035,668c0851af5a3a1f685f3e632e4cce3f71aed73808deefe4c5b59bf40088d4fa,unknown,version.dll,exe,2026-07-28 20:20:10,MalwareBazaar
TLSH,T1F292E74FEA8A18ECCDE7E2B8D4E71B31E9B179180569B77F0714C0766D22E45E5BC220,668c0851af5a3a1f685f3e632e4cce3f71aed73808deefe4c5b59bf40088d4fa,unknown,version.dll,exe,2026-07-28 20:20:10,MalwareBazaar
SSDEEP,384:QSf/S2y46GmxTIicuVPR8F7RmckVPxIiTDTjUlW8EBW:QS3ohGmxTIicuVPR+RmckVPxIiTLyE,668c0851af5a3a1f685f3e632e4cce3f71aed73808deefe4c5b59bf40088d4fa,unknown,version.dll,exe,2026-07-28 20:20:10,MalwareBazaar
MD5,1fbe2ded02e88e4d9318c068437e4358,a1a91d9cd396186c4fde28e050f88aa68062b05195aaea091e7b3a1ca7539893,unknown,dropper-msvc-x64-no-bait-noselfdel.exe,exe,2026-07-28 20:19:55,MalwareBazaar
SHA-1,b936c514f6fbb82ecddbf281f52ebfee2f0c4f6d,a1a91d9cd396186c4fde28e050f88aa68062b05195aaea091e7b3a1ca7539893,unknown,dropper-msvc-x64-no-bait-noselfdel.exe,exe,2026-07-28 20:19:55,MalwareBazaar
SHA-256,a1a91d9cd396186c4fde28e050f88aa68062b05195aaea091e7b3a1ca7539893,a1a91d9cd396186c4fde28e050f88aa68062b05195aaea091e7b3a1ca7539893,unknown,dropper-msvc-x64-no-bait-noselfdel.exe,exe,2026-07-28 20:19:55,MalwareBazaar
SHA3-384,572032947abbcbfd8a7490a770988c8cdc1bd4b7fec72359182627f814482ccee5483c4db570d0c51f2b75e8c87e463a,a1a91d9cd396186c4fde28e050f88aa68062b05195aaea091e7b3a1ca7539893,unknown,dropper-msvc-x64-no-bait-noselfdel.exe,exe,2026-07-28 20:19:55,MalwareBazaar
IMPHASH,f2646023aecc478287007e824cca1e49,a1a91d9cd396186c4fde28e050f88aa68062b05195aaea091e7b3a1ca7539893,unknown,dropper-msvc-x64-no-bait-noselfdel.exe,exe,2026-07-28 20:19:55,MalwareBazaar
TLSH,T1D0565B17F26611EDC07EC174834AA232FA71784947357AEF4AD09B212F62FE05B7A709,a1a91d9cd396186c4fde28e050f88aa68062b05195aaea091e7b3a1ca7539893,unknown,dropper-msvc-x64-no-bait-noselfdel.exe,exe,2026-07-28 20:19:55,MalwareBazaar
SSDEEP,98304:0kerL0AbCfxzGkVsF09zk7ZWAvXk/Fw/qBmT+LLNFgZ:sL0AbXfvUqyNa,a1a91d9cd396186c4fde28e050f88aa68062b05195aaea091e7b3a1ca7539893,unknown,dropper-msvc-x64-no-bait-noselfdel.exe,exe,2026-07-28 20:19:55,MalwareBazaar
ICON-DHASH,74e4d4d4ecf4d4d4,a1a91d9cd396186c4fde28e050f88aa68062b05195aaea091e7b3a1ca7539893,unknown,dropper-msvc-x64-no-bait-noselfdel.exe,exe,2026-07-28 20:19:55,MalwareBazaar
MD5,da8f88f7e94164bba3dd736ec9093a09,46effa2a273d465e4a4bb96c0519ca0b5ac51ff141f8affcf9c9803c1689aa1e,unknown,k.php,sh,2026-07-28 20:17:02,MalwareBazaar
SHA-1,c1acba9705f23da7f8b00a619db667100583692f,46effa2a273d465e4a4bb96c0519ca0b5ac51ff141f8affcf9c9803c1689aa1e,unknown,k.php,sh,2026-07-28 20:17:02,MalwareBazaar
SHA-256,46effa2a273d465e4a4bb96c0519ca0b5ac51ff141f8affcf9c9803c1689aa1e,46effa2a273d465e4a4bb96c0519ca0b5ac51ff141f8affcf9c9803c1689aa1e,unknown,k.php,sh,2026-07-28 20:17:02,MalwareBazaar
SHA3-384,992c384329c3bb5ed4502ff8fe51d29ae9cfec60fac7bf964536557e8749799a3718dae10d267f15f4ab32eb82296e6e,46effa2a273d465e4a4bb96c0519ca0b5ac51ff141f8affcf9c9803c1689aa1e,unknown,k.php,sh,2026-07-28 20:17:02,MalwareBazaar
TLSH,T1F2235C6516857C24AE98C4361C7E2F0CB9AD43E6324452EE7FCB3CF68C4A6ADD109B1D,46effa2a273d465e4a4bb96c0519ca0b5ac51ff141f8affcf9c9803c1689aa1e,unknown,k.php,sh,2026-07-28 20:17:02,MalwareBazaar
SSDEEP,768:Bn+O9GKYpr9GKYp82fkR4nnA9GKYpr9GKYp82fkR4nnS:J+bcr,46effa2a273d465e4a4bb96c0519ca0b5ac51ff141f8affcf9c9803c1689aa1e,unknown,k.php,sh,2026-07-28 20:17:02,MalwareBazaar
MD5,7931fe21f24ec88d27bb4037cdd423b9,beeb2032f9a69f24e399a12568a2bbc5d184bb5461264e9ce7abf1298f77d003,Mirai,m68k,elf,2026-07-28 20:13:54,MalwareBazaar
SHA-1,a40bc12cf0af76b69866b27d9ba421a6aa4e3745,beeb2032f9a69f24e399a12568a2bbc5d184bb5461264e9ce7abf1298f77d003,Mirai,m68k,elf,2026-07-28 20:13:54,MalwareBazaar
SHA-256,beeb2032f9a69f24e399a12568a2bbc5d184bb5461264e9ce7abf1298f77d003,beeb2032f9a69f24e399a12568a2bbc5d184bb5461264e9ce7abf1298f77d003,Mirai,m68k,elf,2026-07-28 20:13:54,MalwareBazaar
SHA3-384,8433ddaf966f6b3f3e1e8b2835136b7edfea733ec2c905c20b65618c2c4ff5dfde4b4f4c5bfae0700cf94b38b14d6fb5,beeb2032f9a69f24e399a12568a2bbc5d184bb5461264e9ce7abf1298f77d003,Mirai,m68k,elf,2026-07-28 20:13:54,MalwareBazaar
TLSH,T150A35E9BF401EE7DF80BD5BA04674A0AF630E3E11B930B366397BD57ED351A50826E81,beeb2032f9a69f24e399a12568a2bbc5d184bb5461264e9ce7abf1298f77d003,Mirai,m68k,elf,2026-07-28 20:13:54,MalwareBazaar
SSDEEP,1536:iPhR5NUppD0SKDTh7BN8H9/oRLfZAufjW1t0NPtwCkw8:ipqfoS+7BsKLhzvNPtwCkw8,beeb2032f9a69f24e399a12568a2bbc5d184bb5461264e9ce7abf1298f77d003,Mirai,m68k,elf,2026-07-28 20:13:54,MalwareBazaar
MD5,90889c8219f16e46b4fd3d6f4f6e9a7c,4be16b2978b746c0eb0533f91a5de765f783ccd1bfd914deb921e90d7301d2ea,Mirai,x86_64,elf,2026-07-28 20:13:53,MalwareBazaar
SHA-1,8a1b05490faf66c97f18793ba48dbce2e2b1886b,4be16b2978b746c0eb0533f91a5de765f783ccd1bfd914deb921e90d7301d2ea,Mirai,x86_64,elf,2026-07-28 20:13:53,MalwareBazaar
SHA-256,4be16b2978b746c0eb0533f91a5de765f783ccd1bfd914deb921e90d7301d2ea,4be16b2978b746c0eb0533f91a5de765f783ccd1bfd914deb921e90d7301d2ea,Mirai,x86_64,elf,2026-07-28 20:13:53,MalwareBazaar
SHA3-384,b2c34360f18ee4d08fff9b096939bbfaffa7c624cb6527321930f5cd56647515fba3c72be8f0833ebba4287a5cb1d7f3,4be16b2978b746c0eb0533f91a5de765f783ccd1bfd914deb921e90d7301d2ea,Mirai,x86_64,elf,2026-07-28 20:13:53,MalwareBazaar
TLSH,T187932A03B58090FCC5C6C1344B7FA636EA72F1ED1275B69A37E4EF222D4AE211E2D954,4be16b2978b746c0eb0533f91a5de765f783ccd1bfd914deb921e90d7301d2ea,Mirai,x86_64,elf,2026-07-28 20:13:53,MalwareBazaar
TELFHASH,t142216b316da91890a1f3e337b307f1d5a9221e1025f235e4dd77acd6cfa67864c72052,4be16b2978b746c0eb0533f91a5de765f783ccd1bfd914deb921e90d7301d2ea,Mirai,x86_64,elf,2026-07-28 20:13:53,MalwareBazaar
SSDEEP,1536:KPvjFFjrKGGg17rsyCcpUu1v/43WL4vwi252xPSUUN4J+LDR:KvjLrKGG4syfImLviNxpUN48LD,4be16b2978b746c0eb0533f91a5de765f783ccd1bfd914deb921e90d7301d2ea,Mirai,x86_64,elf,2026-07-28 20:13:53,MalwareBazaar
MD5,9deecb8f9c95ae0696c0758f8fd986fe,ded67d13db4b33119436c67e94142e5e903ac5c7dbad6e98274914dc0f8d6182,Mirai,m68k,elf,2026-07-28 20:13:51,MalwareBazaar
SHA-1,77698accd857c188a127aac8088429e6290c0e4a,ded67d13db4b33119436c67e94142e5e903ac5c7dbad6e98274914dc0f8d6182,Mirai,m68k,elf,2026-07-28 20:13:51,MalwareBazaar
SHA-256,ded67d13db4b33119436c67e94142e5e903ac5c7dbad6e98274914dc0f8d6182,ded67d13db4b33119436c67e94142e5e903ac5c7dbad6e98274914dc0f8d6182,Mirai,m68k,elf,2026-07-28 20:13:51,MalwareBazaar
SHA3-384,03455cac5f1de8de0f8898b51b81f8cf8509277d8d8216e19237dafaa100b2575ee7dd28fdf982297519754858095e47,ded67d13db4b33119436c67e94142e5e903ac5c7dbad6e98274914dc0f8d6182,Mirai,m68k,elf,2026-07-28 20:13:51,MalwareBazaar
TLSH,T157532B9AF801CE7DF85BD77B4457090AB532B3D112831B3623A7B997BC731A81D22E85,ded67d13db4b33119436c67e94142e5e903ac5c7dbad6e98274914dc0f8d6182,Mirai,m68k,elf,2026-07-28 20:13:51,MalwareBazaar
SSDEEP,1536:m7Eg48H4K+3a38/yph8Ci+HaJEc7DnbaNmMaW8YOi:m7E98Yl3a48h8mHwEcfSv8YOi,ded67d13db4b33119436c67e94142e5e903ac5c7dbad6e98274914dc0f8d6182,Mirai,m68k,elf,2026-07-28 20:13:51,MalwareBazaar
MD5,8b32ae34689885f625ffb4d96d5d8d88,64904cd80ec7985ef0cefcb50e2c44fb5da42317c856f69b4a11d992f6631a58,Mirai,mips,elf,2026-07-28 20:02:39,MalwareBazaar
SHA-1,526456bbf0f4721ce3a410069a3e67bf41a132b0,64904cd80ec7985ef0cefcb50e2c44fb5da42317c856f69b4a11d992f6631a58,Mirai,mips,elf,2026-07-28 20:02:39,MalwareBazaar
SHA-256,64904cd80ec7985ef0cefcb50e2c44fb5da42317c856f69b4a11d992f6631a58,64904cd80ec7985ef0cefcb50e2c44fb5da42317c856f69b4a11d992f6631a58,Mirai,mips,elf,2026-07-28 20:02:39,MalwareBazaar
SHA3-384,83dc73de310159e554991fff7405c9223c987d3f958b01b4ac023c287b2c393a78b245d10650c7f35cad7a156c784e9e,64904cd80ec7985ef0cefcb50e2c44fb5da42317c856f69b4a11d992f6631a58,Mirai,mips,elf,2026-07-28 20:02:39,MalwareBazaar
TLSH,T15214945E2E228F7DF678C33447F74A20976D73DA26E1D684D2ACD1052F2025E641FBA8,64904cd80ec7985ef0cefcb50e2c44fb5da42317c856f69b4a11d992f6631a58,Mirai,mips,elf,2026-07-28 20:02:39,MalwareBazaar
TELFHASH,t126418c180e7417f0a3355d9e19ddfb76e6a330da7e162d338f21e85aab699834e10c0c,64904cd80ec7985ef0cefcb50e2c44fb5da42317c856f69b4a11d992f6631a58,Mirai,mips,elf,2026-07-28 20:02:39,MalwareBazaar
SSDEEP,3072:ZviBF3ROK55Moi/1Y4U9SOAKMKDRq7ig+nzW661DRh82LUlvFiElzK1STphnuqSK:ZviBZ37wYlvFHlkSTeqS5Y,64904cd80ec7985ef0cefcb50e2c44fb5da42317c856f69b4a11d992f6631a58,Mirai,mips,elf,2026-07-28 20:02:39,MalwareBazaar
MD5,219b5d691744d7a98c8b4df067b0b136,f4c32b3f9a949e5a17ff0b8ad130ba5ca15e5d9a037c7a97dcc68a6b4c3212f7,unknown,default.dat,exe,2026-07-28 19:52:31,MalwareBazaar
SHA-1,8587723e626cb2b73b27e79c8828abe8d5bc1996,f4c32b3f9a949e5a17ff0b8ad130ba5ca15e5d9a037c7a97dcc68a6b4c3212f7,unknown,default.dat,exe,2026-07-28 19:52:31,MalwareBazaar
SHA-256,f4c32b3f9a949e5a17ff0b8ad130ba5ca15e5d9a037c7a97dcc68a6b4c3212f7,f4c32b3f9a949e5a17ff0b8ad130ba5ca15e5d9a037c7a97dcc68a6b4c3212f7,unknown,default.dat,exe,2026-07-28 19:52:31,MalwareBazaar
SHA3-384,67af4751f4049119a67c4f7fd84cbf803385cd36bbe35a86543228aabb683a873cb616cd745b25e8199be334c09c586a,f4c32b3f9a949e5a17ff0b8ad130ba5ca15e5d9a037c7a97dcc68a6b4c3212f7,unknown,default.dat,exe,2026-07-28 19:52:31,MalwareBazaar
IMPHASH,dcaf48c1f10b0efa0a4472200f3850ed,f4c32b3f9a949e5a17ff0b8ad130ba5ca15e5d9a037c7a97dcc68a6b4c3212f7,unknown,default.dat,exe,2026-07-28 19:52:31,MalwareBazaar
TLSH,T140E63348B7E492EEF5B3843CBCA160A5D5A4F8734732C5DB4B6883B2AD172E04939753,f4c32b3f9a949e5a17ff0b8ad130ba5ca15e5d9a037c7a97dcc68a6b4c3212f7,unknown,default.dat,exe,2026-07-28 19:52:31,MalwareBazaar
SSDEEP,393216:ELZKsRWVOpGJEst1yGXMCHWUjX6cuI3/PGTAI:ErWVOpGuI1TXMb8X3H/O7,f4c32b3f9a949e5a17ff0b8ad130ba5ca15e5d9a037c7a97dcc68a6b4c3212f7,unknown,default.dat,exe,2026-07-28 19:52:31,MalwareBazaar
ICON-DHASH,f0f89ca69ac6f0f0,f4c32b3f9a949e5a17ff0b8ad130ba5ca15e5d9a037c7a97dcc68a6b4c3212f7,unknown,default.dat,exe,2026-07-28 19:52:31,MalwareBazaar
MD5,2a31dc14cab9edf5821a97fe6ad9161c,3d4c5602c640bf6f7787546e82e65c5436a08f90f19089c4f185e0e12132abcd,unknown,k.php,sh,2026-07-28 19:42:50,MalwareBazaar
SHA-1,8f4784412679f8394cbb042446e3d230993c0f39,3d4c5602c640bf6f7787546e82e65c5436a08f90f19089c4f185e0e12132abcd,unknown,k.php,sh,2026-07-28 19:42:50,MalwareBazaar
SHA-256,3d4c5602c640bf6f7787546e82e65c5436a08f90f19089c4f185e0e12132abcd,3d4c5602c640bf6f7787546e82e65c5436a08f90f19089c4f185e0e12132abcd,unknown,k.php,sh,2026-07-28 19:42:50,MalwareBazaar
SHA3-384,0f749c01710dce7b5bdf4effa55e76f982d6dfc400e6e91bef29e765279277b6114ebb1a1394db17effee7809ba1c3a6,3d4c5602c640bf6f7787546e82e65c5436a08f90f19089c4f185e0e12132abcd,unknown,k.php,sh,2026-07-28 19:42:50,MalwareBazaar
TLSH,T18A236C651A857C149E98C4371D7E2F0CB9AD43E6320852DE7FCB3CF68C8AA9D920971D,3d4c5602c640bf6f7787546e82e65c5436a08f90f19089c4f185e0e12132abcd,unknown,k.php,sh,2026-07-28 19:42:50,MalwareBazaar
SSDEEP,768:dVEJVIhtMU9GKYpr9GKYp82fkR4nnA9GKYpr9GKYp82fkR4nnS:zEJ2MZcr,3d4c5602c640bf6f7787546e82e65c5436a08f90f19089c4f185e0e12132abcd,unknown,k.php,sh,2026-07-28 19:42:50,MalwareBazaar
MD5,f292983ded309e0e62f53a013fc27f2c,5823135e1fae078b8bb4d256f6cb03140f04f4c8293103a5cb08e07535bfae2b,unknown,Notice from Tax Departmen.dmg,unknown,2026-07-28 19:41:12,MalwareBazaar
SHA-256,5823135e1fae078b8bb4d256f6cb03140f04f4c8293103a5cb08e07535bfae2b,5823135e1fae078b8bb4d256f6cb03140f04f4c8293103a5cb08e07535bfae2b,unknown,Notice from Tax Departmen.dmg,unknown,2026-07-28 19:41:12,MalwareBazaar
MD5,e1b655657e09f8d882fce9ca90139fb7,606f4256012f37e7e120966888e6a7bad12abb004e135c4f663bc73e124699ea,unknown,5.msi,msi,2026-07-28 19:36:35,MalwareBazaar
SHA-1,5846dbbce0d4df103d0d0fb19a3230f8a87b0d65,606f4256012f37e7e120966888e6a7bad12abb004e135c4f663bc73e124699ea,unknown,5.msi,msi,2026-07-28 19:36:35,MalwareBazaar
SHA-256,606f4256012f37e7e120966888e6a7bad12abb004e135c4f663bc73e124699ea,606f4256012f37e7e120966888e6a7bad12abb004e135c4f663bc73e124699ea,unknown,5.msi,msi,2026-07-28 19:36:35,MalwareBazaar
SHA3-384,9bfcb7736eff599bd48642984811ae677c30f73419088b830c5d363316c66ce3fe4f4e635af8754f686090c47c50cb80,606f4256012f37e7e120966888e6a7bad12abb004e135c4f663bc73e124699ea,unknown,5.msi,msi,2026-07-28 19:36:35,MalwareBazaar
TLSH,T130571285F6518879FA5F0231A6FABF08547BFCEA13D4624934E8B118A3E3ED90D520D7,606f4256012f37e7e120966888e6a7bad12abb004e135c4f663bc73e124699ea,unknown,5.msi,msi,2026-07-28 19:36:35,MalwareBazaar
SSDEEP,393216:Pp1s7O5Sz3ds708J/LrRQLJg3g9DGH0bpZlJjfFx3O1lP1ICVmTovfYwOv4QS0V:v1qNgBQL+3g9DGHWjdxyICVo,606f4256012f37e7e120966888e6a7bad12abb004e135c4f663bc73e124699ea,unknown,5.msi,msi,2026-07-28 19:36:35,MalwareBazaar
MD5,28abf9601234e3e8a372878eafcf589e,309373483b37a15cf1f6372a918418681c4fbc549cc128429c672e8d837dbf88,unknown,OTBank_Payment_28_07_2026_440802.pdf.js,js,2026-07-28 19:32:59,MalwareBazaar
SHA-1,2061168b948a71fe6b2f5f55621f4e27fd3e07dc,309373483b37a15cf1f6372a918418681c4fbc549cc128429c672e8d837dbf88,unknown,OTBank_Payment_28_07_2026_440802.pdf.js,js,2026-07-28 19:32:59,MalwareBazaar
SHA-256,309373483b37a15cf1f6372a918418681c4fbc549cc128429c672e8d837dbf88,309373483b37a15cf1f6372a918418681c4fbc549cc128429c672e8d837dbf88,unknown,OTBank_Payment_28_07_2026_440802.pdf.js,js,2026-07-28 19:32:59,MalwareBazaar
SHA3-384,de37294655fa39512b6c232f72a4656fdfa0ab8b167fca576ec125f135a8d45d233e13ad1aa80b04279c09d04abc401c,309373483b37a15cf1f6372a918418681c4fbc549cc128429c672e8d837dbf88,unknown,OTBank_Payment_28_07_2026_440802.pdf.js,js,2026-07-28 19:32:59,MalwareBazaar
TLSH,T117668389EEF722419D4370394BAF1042F1B9AA0B544DDD40B90EE3705FB162925EEBF9,309373483b37a15cf1f6372a918418681c4fbc549cc128429c672e8d837dbf88,unknown,OTBank_Payment_28_07_2026_440802.pdf.js,js,2026-07-28 19:32:59,MalwareBazaar
SSDEEP,49152:SdBawcWYI3hJhdOQ2t8X7xfN3jVR4E0oRADEWm:SdB0W3db0E0RDEWm,309373483b37a15cf1f6372a918418681c4fbc549cc128429c672e8d837dbf88,unknown,OTBank_Payment_28_07_2026_440802.pdf.js,js,2026-07-28 19:32:59,MalwareBazaar
MD5,599c16f5fbabf462caab4456efd51609,ed714a097ff6169e1a9935c9b8b7e09afffc45aab659cac9c3bed8a146f83851,Mirai,arm7,elf,2026-07-28 19:22:32,MalwareBazaar
SHA-1,7c6dbeff47c93357ff9803f22d570cc162d6af69,ed714a097ff6169e1a9935c9b8b7e09afffc45aab659cac9c3bed8a146f83851,Mirai,arm7,elf,2026-07-28 19:22:32,MalwareBazaar
SHA-256,ed714a097ff6169e1a9935c9b8b7e09afffc45aab659cac9c3bed8a146f83851,ed714a097ff6169e1a9935c9b8b7e09afffc45aab659cac9c3bed8a146f83851,Mirai,arm7,elf,2026-07-28 19:22:32,MalwareBazaar
SHA3-384,335c1cff1919f7f0f58e0eedc0db85582b12f3a1b813d40e25ad4097152f0b6b173eef2766fefd6a7c8d90c9645d0dbc,ed714a097ff6169e1a9935c9b8b7e09afffc45aab659cac9c3bed8a146f83851,Mirai,arm7,elf,2026-07-28 19:22:32,MalwareBazaar
TLSH,T130831959FD80AF15E5D625BAFF0E514933634B6CE3EE72029E245B2523CA91B0F3B406,ed714a097ff6169e1a9935c9b8b7e09afffc45aab659cac9c3bed8a146f83851,Mirai,arm7,elf,2026-07-28 19:22:32,MalwareBazaar
TELFHASH,t19fb092302e1d6b8c12e4d7d229b2e0840424a4a5058c1778a9e9280a41a76a21155238,ed714a097ff6169e1a9935c9b8b7e09afffc45aab659cac9c3bed8a146f83851,Mirai,arm7,elf,2026-07-28 19:22:32,MalwareBazaar
SSDEEP,1536:UdnPNbbcPF14nuoFska9A5+mpiMwq5o82lkuIiY7ooBk12oZWYAcRN:M3cPWuoFska9AcmoMwqmG7ooBk12owUN,ed714a097ff6169e1a9935c9b8b7e09afffc45aab659cac9c3bed8a146f83851,Mirai,arm7,elf,2026-07-28 19:22:32,MalwareBazaar
MD5,700fb7e2c6a2ff13cd27e08a18703423,47f9779b48eeda53a846a2460456c738ad752ad0e02483231d927930f3f37dce,WannaCry,47f9779b48eeda53a846a2460456c738ad752ad0e02483231d927930f3f37dce,exe,2026-07-28 19:15:22,MalwareBazaar
SHA-1,19cdc7a8624c614cb8c06dc4f439fe86f9e6a515,47f9779b48eeda53a846a2460456c738ad752ad0e02483231d927930f3f37dce,WannaCry,47f9779b48eeda53a846a2460456c738ad752ad0e02483231d927930f3f37dce,exe,2026-07-28 19:15:22,MalwareBazaar
SHA-256,47f9779b48eeda53a846a2460456c738ad752ad0e02483231d927930f3f37dce,47f9779b48eeda53a846a2460456c738ad752ad0e02483231d927930f3f37dce,WannaCry,47f9779b48eeda53a846a2460456c738ad752ad0e02483231d927930f3f37dce,exe,2026-07-28 19:15:22,MalwareBazaar
SHA3-384,8662cc61f7a1bdd5e118a3c4a2a31397253e3639739bf82e14d87fe05f10dcfc7fe3f4d08abc60319d5825a81be2f2d4,47f9779b48eeda53a846a2460456c738ad752ad0e02483231d927930f3f37dce,WannaCry,47f9779b48eeda53a846a2460456c738ad752ad0e02483231d927930f3f37dce,exe,2026-07-28 19:15:22,MalwareBazaar
IMPHASH,0cdadfa1098d845dd3b4cf92625b5f04,47f9779b48eeda53a846a2460456c738ad752ad0e02483231d927930f3f37dce,WannaCry,47f9779b48eeda53a846a2460456c738ad752ad0e02483231d927930f3f37dce,exe,2026-07-28 19:15:22,MalwareBazaar
TLSH,T14336239631FC80B8D206157484F79E12F3B2BC6922BA6A4F9F8049752E23B57F724753,47f9779b48eeda53a846a2460456c738ad752ad0e02483231d927930f3f37dce,WannaCry,47f9779b48eeda53a846a2460456c738ad752ad0e02483231d927930f3f37dce,exe,2026-07-28 19:15:22,MalwareBazaar
SSDEEP,49152:jnsnRMSPbcBVQejduNRx+TSqTdX1HkQo6SAARdhnv:DMRPoBhpcRxcSUDk36SAEdhv,47f9779b48eeda53a846a2460456c738ad752ad0e02483231d927930f3f37dce,WannaCry,47f9779b48eeda53a846a2460456c738ad752ad0e02483231d927930f3f37dce,exe,2026-07-28 19:15:22,MalwareBazaar
MD5,2316fec3153c834239670393bc6fc3fb,d81fc15c5209b18130b08a9d7182a78aa3f6184ffb79cabd7dce4cf5a3d3cab4,Mirai,arm5,elf,2026-07-28 19:12:33,MalwareBazaar
SHA-1,daa41c82789618e1bb1a18774024f4db7c4e34c3,d81fc15c5209b18130b08a9d7182a78aa3f6184ffb79cabd7dce4cf5a3d3cab4,Mirai,arm5,elf,2026-07-28 19:12:33,MalwareBazaar
SHA-256,d81fc15c5209b18130b08a9d7182a78aa3f6184ffb79cabd7dce4cf5a3d3cab4,d81fc15c5209b18130b08a9d7182a78aa3f6184ffb79cabd7dce4cf5a3d3cab4,Mirai,arm5,elf,2026-07-28 19:12:33,MalwareBazaar
SHA3-384,197f7d18dea196c6e5555f77cfb3dda20a3e0c97bf39587b2f0ecb22678d70e65749080c68c0a46382059c7447d17f3a,d81fc15c5209b18130b08a9d7182a78aa3f6184ffb79cabd7dce4cf5a3d3cab4,Mirai,arm5,elf,2026-07-28 19:12:33,MalwareBazaar
TLSH,T15DE30849F8519F22C6C615BBFF4E828C772617A8D3EE72039D156F25378B85A0E3B142,d81fc15c5209b18130b08a9d7182a78aa3f6184ffb79cabd7dce4cf5a3d3cab4,Mirai,arm5,elf,2026-07-28 19:12:33,MalwareBazaar
TELFHASH,t197d01235871204f9d1835551422d109709fd305e5562348695fd6b5590a67c275de523,d81fc15c5209b18130b08a9d7182a78aa3f6184ffb79cabd7dce4cf5a3d3cab4,Mirai,arm5,elf,2026-07-28 19:12:33,MalwareBazaar
SSDEEP,3072:UDNgbcaYDekl2LQ4vVdYoHcSjsJshPknugs:UDNOgDmQ4vLZcQYshFgs,d81fc15c5209b18130b08a9d7182a78aa3f6184ffb79cabd7dce4cf5a3d3cab4,Mirai,arm5,elf,2026-07-28 19:12:33,MalwareBazaar
MD5,55f97dd27d007bc1af1ffca99dc2c6f9,aa64bf1471d43b21cc0b6f761473ed2903439364e5495656b67fb9e747910bb9,Mirai,mips,elf,2026-07-28 19:06:38,MalwareBazaar
SHA-1,c26ede663049aae3c012376527850958f227cba0,aa64bf1471d43b21cc0b6f761473ed2903439364e5495656b67fb9e747910bb9,Mirai,mips,elf,2026-07-28 19:06:38,MalwareBazaar
SHA-256,aa64bf1471d43b21cc0b6f761473ed2903439364e5495656b67fb9e747910bb9,aa64bf1471d43b21cc0b6f761473ed2903439364e5495656b67fb9e747910bb9,Mirai,mips,elf,2026-07-28 19:06:38,MalwareBazaar
SHA3-384,fa31af94eb63de580e3edb5d16bf5e65e4775e115a0835471705875b42f26ba7bf1d4e9a8ed5d06ef2decba46429717c,aa64bf1471d43b21cc0b6f761473ed2903439364e5495656b67fb9e747910bb9,Mirai,mips,elf,2026-07-28 19:06:38,MalwareBazaar
TLSH,T14CF3985A2E228FADF678873047F74A34976923DA23E1D684E1ACC1141F6435E641FBBC,aa64bf1471d43b21cc0b6f761473ed2903439364e5495656b67fb9e747910bb9,Mirai,mips,elf,2026-07-28 19:06:38,MalwareBazaar
TELFHASH,t1a341a2180e7817f0a3356c5d09ddfb3ad6a730da7e262c338e51e86ae7699835d10c0c,aa64bf1471d43b21cc0b6f761473ed2903439364e5495656b67fb9e747910bb9,Mirai,mips,elf,2026-07-28 19:06:38,MalwareBazaar
SSDEEP,3072:F1RCBE/uJ/n9d5S/voXNA4jKeAWt23rm6:FvSSE/n+AXN9jKUt27m6,aa64bf1471d43b21cc0b6f761473ed2903439364e5495656b67fb9e747910bb9,Mirai,mips,elf,2026-07-28 19:06:38,MalwareBazaar
MD5,1ed7223bd26d5daf2b3120da798e7942,5f1225fee9a3329606862f1f8b2e4100f06e9b3c874cd319f763dcdd030a650c,unknown,CrossDNS_Setup.exe,exe,2026-07-28 19:01:26,MalwareBazaar
SHA-1,9effb84c10917de2eedb8b66e3e50ec1a67e2fc6,5f1225fee9a3329606862f1f8b2e4100f06e9b3c874cd319f763dcdd030a650c,unknown,CrossDNS_Setup.exe,exe,2026-07-28 19:01:26,MalwareBazaar
SHA-256,5f1225fee9a3329606862f1f8b2e4100f06e9b3c874cd319f763dcdd030a650c,5f1225fee9a3329606862f1f8b2e4100f06e9b3c874cd319f763dcdd030a650c,unknown,CrossDNS_Setup.exe,exe,2026-07-28 19:01:26,MalwareBazaar
SHA3-384,179a859056d3a5e2e20f9697f47e05a584bd7c87a3849cab339ce0cc61466ab756388f797e87e7c533673c3a9c6d6b09,5f1225fee9a3329606862f1f8b2e4100f06e9b3c874cd319f763dcdd030a650c,unknown,CrossDNS_Setup.exe,exe,2026-07-28 19:01:26,MalwareBazaar
IMPHASH,88016fcdef7f227c62171d0afad9aae4,5f1225fee9a3329606862f1f8b2e4100f06e9b3c874cd319f763dcdd030a650c,unknown,CrossDNS_Setup.exe,exe,2026-07-28 19:01:26,MalwareBazaar
TLSH,T157F5F13FB28B753EE06E5A367A76A210583B676165138C16A6F4C84CCF250B01E3F797,5f1225fee9a3329606862f1f8b2e4100f06e9b3c874cd319f763dcdd030a650c,unknown,CrossDNS_Setup.exe,exe,2026-07-28 19:01:26,MalwareBazaar
SSDEEP,49152:vuI3hANFl6Op2KHPMrp9cEYX40VK/32EgqAmlVDyn1PC:v5xANFl6S2KHEUE0440TJ/Dyn16,5f1225fee9a3329606862f1f8b2e4100f06e9b3c874cd319f763dcdd030a650c,unknown,CrossDNS_Setup.exe,exe,2026-07-28 19:01:26,MalwareBazaar
ICON-DHASH,8671698ccc69728c,5f1225fee9a3329606862f1f8b2e4100f06e9b3c874cd319f763dcdd030a650c,unknown,CrossDNS_Setup.exe,exe,2026-07-28 19:01:26,MalwareBazaar
MD5,29bc41f6124aa659725fb39fee074724,82fb67cb2438bd0265f4e06f974456a8b212b70d45f8f3fc18e04155fa45791a,unknown,file,exe,2026-07-28 18:55:17,MalwareBazaar
SHA-1,5a6aaa8ec7c2ab5e034b8d13f9ffe3f84b9b5242,82fb67cb2438bd0265f4e06f974456a8b212b70d45f8f3fc18e04155fa45791a,unknown,file,exe,2026-07-28 18:55:17,MalwareBazaar
SHA-256,82fb67cb2438bd0265f4e06f974456a8b212b70d45f8f3fc18e04155fa45791a,82fb67cb2438bd0265f4e06f974456a8b212b70d45f8f3fc18e04155fa45791a,unknown,file,exe,2026-07-28 18:55:17,MalwareBazaar
SHA3-384,1a501e98285b1e10fa73704a55a627c3cb85bb56d997daacbebf8fb8ded31059a741911488a4a6f2ccf157b1502bcd3e,82fb67cb2438bd0265f4e06f974456a8b212b70d45f8f3fc18e04155fa45791a,unknown,file,exe,2026-07-28 18:55:17,MalwareBazaar
IMPHASH,314d8821850121a2699e6f8c98b72945,82fb67cb2438bd0265f4e06f974456a8b212b70d45f8f3fc18e04155fa45791a,unknown,file,exe,2026-07-28 18:55:17,MalwareBazaar
TLSH,T104D46C0B978E29FFD1A6D0B9C14505A2A92274421F70EEDB53C19E362E366D01F3B3D6,82fb67cb2438bd0265f4e06f974456a8b212b70d45f8f3fc18e04155fa45791a,unknown,file,exe,2026-07-28 18:55:17,MalwareBazaar
SSDEEP,12288:BppbQrmufuZME7S4AQrn/pTcmbKLbKOabsDfeVYugvzs5NzQjCTI:IA+bKTgW7gvEc,82fb67cb2438bd0265f4e06f974456a8b212b70d45f8f3fc18e04155fa45791a,unknown,file,exe,2026-07-28 18:55:17,MalwareBazaar
MD5,ef4bebc790aacb3ed0ccb59844ceda52,7f4947195d352f01a517e5f472d3ae734d22b1d8a6fc5a69b42e6db42f9a11ef,unknown,wr.php,sh,2026-07-28 18:52:35,MalwareBazaar
SHA-1,cf525bddad87af6136de6a2ece8a3308f6b72ce1,7f4947195d352f01a517e5f472d3ae734d22b1d8a6fc5a69b42e6db42f9a11ef,unknown,wr.php,sh,2026-07-28 18:52:35,MalwareBazaar
SHA-256,7f4947195d352f01a517e5f472d3ae734d22b1d8a6fc5a69b42e6db42f9a11ef,7f4947195d352f01a517e5f472d3ae734d22b1d8a6fc5a69b42e6db42f9a11ef,unknown,wr.php,sh,2026-07-28 18:52:35,MalwareBazaar
SHA3-384,6d5e7cb10fb7067654f02623f08c4ca5a2c145fca253b19f4bae6b277e8948c3ac641616bbb6b0f57f95a6ea3419869b,7f4947195d352f01a517e5f472d3ae734d22b1d8a6fc5a69b42e6db42f9a11ef,unknown,wr.php,sh,2026-07-28 18:52:35,MalwareBazaar
TLSH,T158C27D956A867C44BEC98A3E4CBD2B0D6DF5C3D1324952AC3D8B3C719C12F9CD618B1A,7f4947195d352f01a517e5f472d3ae734d22b1d8a6fc5a69b42e6db42f9a11ef,unknown,wr.php,sh,2026-07-28 18:52:35,MalwareBazaar
SSDEEP,768:68vCB+25j6es8RZ9FYpMSUpi+20qUpi+20YQX:68l25J/d2QX,7f4947195d352f01a517e5f472d3ae734d22b1d8a6fc5a69b42e6db42f9a11ef,unknown,wr.php,sh,2026-07-28 18:52:35,MalwareBazaar
MD5,1795dc309add7a85887fe95758ed3ae8,0bdbb0f2361160d4c5e71ed923fde9e0133ee6927c8a02a3f491cee1b83a1982,unknown,default.dat,exe,2026-07-28 18:52:32,MalwareBazaar
SHA-1,3aa3b396a17eb6f470771407946bd2dbee22bba1,0bdbb0f2361160d4c5e71ed923fde9e0133ee6927c8a02a3f491cee1b83a1982,unknown,default.dat,exe,2026-07-28 18:52:32,MalwareBazaar
SHA-256,0bdbb0f2361160d4c5e71ed923fde9e0133ee6927c8a02a3f491cee1b83a1982,0bdbb0f2361160d4c5e71ed923fde9e0133ee6927c8a02a3f491cee1b83a1982,unknown,default.dat,exe,2026-07-28 18:52:32,MalwareBazaar
SHA3-384,aa2a369752ce167db751c7be26a01eb7e31e0f744a7de26b882116d4983448ab939b3c96256cba1a4ce5fd1fa52cce19,0bdbb0f2361160d4c5e71ed923fde9e0133ee6927c8a02a3f491cee1b83a1982,unknown,default.dat,exe,2026-07-28 18:52:32,MalwareBazaar
IMPHASH,dcaf48c1f10b0efa0a4472200f3850ed,0bdbb0f2361160d4c5e71ed923fde9e0133ee6927c8a02a3f491cee1b83a1982,unknown,default.dat,exe,2026-07-28 18:52:32,MalwareBazaar
TLSH,T1AFE6338969D502EEFEF3513CD8E1A692E9B478B60BB0C49F17849B512E133E14D3D326,0bdbb0f2361160d4c5e71ed923fde9e0133ee6927c8a02a3f491cee1b83a1982,unknown,default.dat,exe,2026-07-28 18:52:32,MalwareBazaar
SSDEEP,393216:X1WlQ7wzNJbAm+yHgFg1SEveXMCHWUjXzcuI3/PGTAI:XzcDbAm+fFgSZXMb8XwH/O7,0bdbb0f2361160d4c5e71ed923fde9e0133ee6927c8a02a3f491cee1b83a1982,unknown,default.dat,exe,2026-07-28 18:52:32,MalwareBazaar
ICON-DHASH,d4f071e8e8607130,0bdbb0f2361160d4c5e71ed923fde9e0133ee6927c8a02a3f491cee1b83a1982,unknown,default.dat,exe,2026-07-28 18:52:32,MalwareBazaar
MD5,8a1ddd54742863ba237b35a94ae97be6,7f758dd54c10e678c40fc022fa61f8ea4dd9780070c3b1f30b8dc5163cfbc7a2,Mirai,arm,elf,2026-07-28 18:50:34,MalwareBazaar
SHA-1,8cc036911a626779fa3e7e6ee9b00d9769946f2f,7f758dd54c10e678c40fc022fa61f8ea4dd9780070c3b1f30b8dc5163cfbc7a2,Mirai,arm,elf,2026-07-28 18:50:34,MalwareBazaar
SHA-256,7f758dd54c10e678c40fc022fa61f8ea4dd9780070c3b1f30b8dc5163cfbc7a2,7f758dd54c10e678c40fc022fa61f8ea4dd9780070c3b1f30b8dc5163cfbc7a2,Mirai,arm,elf,2026-07-28 18:50:34,MalwareBazaar
SHA3-384,c86b70d848c886bf0bebd64a19f40c0cb7fa5c26f20e43d5648264592f3dbe8870cfffdd33b13004b3f4a8b522847a78,7f758dd54c10e678c40fc022fa61f8ea4dd9780070c3b1f30b8dc5163cfbc7a2,Mirai,arm,elf,2026-07-28 18:50:34,MalwareBazaar
TLSH,T1D4C30845F8508B17C6C612BBFF4E428D7B2A1758E3EE720399256F25378B46B0E3B146,7f758dd54c10e678c40fc022fa61f8ea4dd9780070c3b1f30b8dc5163cfbc7a2,Mirai,arm,elf,2026-07-28 18:50:34,MalwareBazaar
TELFHASH,t1deb012b3030945dca750629b83fb6a0403dafca123d36c22ca4c6043c16f0c8ac1f060,7f758dd54c10e678c40fc022fa61f8ea4dd9780070c3b1f30b8dc5163cfbc7a2,Mirai,arm,elf,2026-07-28 18:50:34,MalwareBazaar
SSDEEP,1536:4cimfQEuBkkP4Qm2Kd84VxfNTTjg8DHOgLO1JiDpT8MlTjwyw2NiHk0VWkPMmgmh:PABbAQmG47B/g8DuI5i8ev4i,7f758dd54c10e678c40fc022fa61f8ea4dd9780070c3b1f30b8dc5163cfbc7a2,Mirai,arm,elf,2026-07-28 18:50:34,MalwareBazaar
MD5,11f63a6bdc877d4d13f3e1ede033c59f,f80e14057062c1b9b24819c8aa524c6fa7991a720bfd15e784d0d21f7a78c2b1,Mirai,arm5,elf,2026-07-28 18:46:33,MalwareBazaar
SHA-1,14905d456ef4662b56b909b131c11f6e13b5ce93,f80e14057062c1b9b24819c8aa524c6fa7991a720bfd15e784d0d21f7a78c2b1,Mirai,arm5,elf,2026-07-28 18:46:33,MalwareBazaar
SHA-256,f80e14057062c1b9b24819c8aa524c6fa7991a720bfd15e784d0d21f7a78c2b1,f80e14057062c1b9b24819c8aa524c6fa7991a720bfd15e784d0d21f7a78c2b1,Mirai,arm5,elf,2026-07-28 18:46:33,MalwareBazaar
SHA3-384,f2336a4ac596518700a42e05c2df51e1d3704f8125b300c9dbfbe39ab3f3bced7ac613c4a9053e852fe88f18212a3fa4,f80e14057062c1b9b24819c8aa524c6fa7991a720bfd15e784d0d21f7a78c2b1,Mirai,arm5,elf,2026-07-28 18:46:33,MalwareBazaar
TLSH,T14BC30745FC509B16C6C611BBFF4E428D7B2A1758E3EE720399256F24378B86B0E3B146,f80e14057062c1b9b24819c8aa524c6fa7991a720bfd15e784d0d21f7a78c2b1,Mirai,arm5,elf,2026-07-28 18:46:33,MalwareBazaar
TELFHASH,t1deb012b3030945dca750629b83fb6a0403dafca123d36c22ca4c6043c16f0c8ac1f060,f80e14057062c1b9b24819c8aa524c6fa7991a720bfd15e784d0d21f7a78c2b1,Mirai,arm5,elf,2026-07-28 18:46:33,MalwareBazaar
SSDEEP,1536:3l9m6vQ0GWkXB272F5Yr4VxhPT8j7r3t6gLOZZzqGuAMlflkKwywla+YTu+xVSLB:GfpR27t41Pwvr3ESGvGpbKf,f80e14057062c1b9b24819c8aa524c6fa7991a720bfd15e784d0d21f7a78c2b1,Mirai,arm5,elf,2026-07-28 18:46:33,MalwareBazaar
MD5,37c47550d52c28e316b3aa47d87ae7b3,839562002478702c3792ab598e9a85cf400efd128ecc496e3ab540743eabaa8b,unknown,839562002478702c3792ab598e9a85cf400efd128ecc496e3ab540743eabaa8b,unknown,2026-07-28 18:45:19,MalwareBazaar
SHA-256,839562002478702c3792ab598e9a85cf400efd128ecc496e3ab540743eabaa8b,839562002478702c3792ab598e9a85cf400efd128ecc496e3ab540743eabaa8b,unknown,839562002478702c3792ab598e9a85cf400efd128ecc496e3ab540743eabaa8b,unknown,2026-07-28 18:45:19,MalwareBazaar
MD5,4347bfbe25d3c5410d3cf3c4b6684024,fba2efd8f909afa2e76f9cbaf6dfd19487682458ee90126b06e4889feeb44592,Mirai,arm,elf,2026-07-28 18:41:32,MalwareBazaar
SHA-1,8da40e299659dfa715a813ba6d30fae0b39552df,fba2efd8f909afa2e76f9cbaf6dfd19487682458ee90126b06e4889feeb44592,Mirai,arm,elf,2026-07-28 18:41:32,MalwareBazaar
SHA-256,fba2efd8f909afa2e76f9cbaf6dfd19487682458ee90126b06e4889feeb44592,fba2efd8f909afa2e76f9cbaf6dfd19487682458ee90126b06e4889feeb44592,Mirai,arm,elf,2026-07-28 18:41:32,MalwareBazaar
SHA3-384,2e924560ac4de8ed0c7efce0203ea1dfaaf4d10572498870f5e1d9d6ab798ee9953c8a0d7832c7aeb7b211bf1b79de7f,fba2efd8f909afa2e76f9cbaf6dfd19487682458ee90126b06e4889feeb44592,Mirai,arm,elf,2026-07-28 18:41:32,MalwareBazaar
TLSH,T1C4E30949F8519F23C6C615BBFF4E828C772617A8D3EE72039D156F25368B85B0E3A142,fba2efd8f909afa2e76f9cbaf6dfd19487682458ee90126b06e4889feeb44592,Mirai,arm,elf,2026-07-28 18:41:32,MalwareBazaar
TELFHASH,t135d01231c70344e581835911422c019715fd305e59a1344696fd6f5595e77c1759a033,fba2efd8f909afa2e76f9cbaf6dfd19487682458ee90126b06e4889feeb44592,Mirai,arm,elf,2026-07-28 18:41:32,MalwareBazaar
SSDEEP,3072:xvui5u2Swe4VQn04BCfTjmtkz8/nuvhE:xvuWwow04BsTjmU82vh,fba2efd8f909afa2e76f9cbaf6dfd19487682458ee90126b06e4889feeb44592,Mirai,arm,elf,2026-07-28 18:41:32,MalwareBazaar
MD5,61bc180ce970b2604676a24b9ecc0595,c21959d86c4bc6dbb47a02fb397f1180b5cfc1ca40519d708f1cbef5561faa3e,Mirai,arm7,elf,2026-07-28 18:39:31,MalwareBazaar
SHA-1,1ee8052a83c574079b2210e63c52b295f611a25e,c21959d86c4bc6dbb47a02fb397f1180b5cfc1ca40519d708f1cbef5561faa3e,Mirai,arm7,elf,2026-07-28 18:39:31,MalwareBazaar
SHA-256,c21959d86c4bc6dbb47a02fb397f1180b5cfc1ca40519d708f1cbef5561faa3e,c21959d86c4bc6dbb47a02fb397f1180b5cfc1ca40519d708f1cbef5561faa3e,Mirai,arm7,elf,2026-07-28 18:39:31,MalwareBazaar
SHA3-384,5d6e2292eeb94111266b02e26a5f2fac05a60792d361c8b16bb9f23e19c601b6e31f3a5f377db24d51052f7ce5af7e95,c21959d86c4bc6dbb47a02fb397f1180b5cfc1ca40519d708f1cbef5561faa3e,Mirai,arm7,elf,2026-07-28 18:39:31,MalwareBazaar
TLSH,T1BFA3F65AF9819B11D4D525BEFE0F818D33235BACE3EF7212AD145B2537CA92B0E7A101,c21959d86c4bc6dbb47a02fb397f1180b5cfc1ca40519d708f1cbef5561faa3e,Mirai,arm7,elf,2026-07-28 18:39:31,MalwareBazaar
TELFHASH,t138f097f69b6916ec13e2600442ef33224b60f8920e01383b51dc9e5a80a2f0af718416,c21959d86c4bc6dbb47a02fb397f1180b5cfc1ca40519d708f1cbef5561faa3e,Mirai,arm7,elf,2026-07-28 18:39:31,MalwareBazaar
SSDEEP,3072:rnMfSQ+uEsoLsDRGYNlaseSN/UoCffwdvSaMkLPenboQ:rnMfz+JLsNG2laseSN/VCHwEaM0PioQ,c21959d86c4bc6dbb47a02fb397f1180b5cfc1ca40519d708f1cbef5561faa3e,Mirai,arm7,elf,2026-07-28 18:39:31,MalwareBazaar
MD5,fcdf3489e52fd46318c6542acb539113,facb03a4bb57c0935aa23e44d0400648abb3299d8799421d3f6ea90d8be07e14,unknown,don12089.hta,hta,2026-07-28 18:28:33,MalwareBazaar
SHA-1,6812d14be2344c3d191c7220ba0c5bdf5117a436,facb03a4bb57c0935aa23e44d0400648abb3299d8799421d3f6ea90d8be07e14,unknown,don12089.hta,hta,2026-07-28 18:28:33,MalwareBazaar
SHA-256,facb03a4bb57c0935aa23e44d0400648abb3299d8799421d3f6ea90d8be07e14,facb03a4bb57c0935aa23e44d0400648abb3299d8799421d3f6ea90d8be07e14,unknown,don12089.hta,hta,2026-07-28 18:28:33,MalwareBazaar
SHA3-384,bd90bb8eea892a880515d4e881fac3faf729d06b946d80ce61310d111e1b9ea0ae97ff7c75236d55ca96a7ed873228bb,facb03a4bb57c0935aa23e44d0400648abb3299d8799421d3f6ea90d8be07e14,unknown,don12089.hta,hta,2026-07-28 18:28:33,MalwareBazaar
TLSH,T1F93209CCFEE16270F31303CE37AB2826122461D72008C5C5FA4D9DE57F467D98627A5A,facb03a4bb57c0935aa23e44d0400648abb3299d8799421d3f6ea90d8be07e14,unknown,don12089.hta,hta,2026-07-28 18:28:33,MalwareBazaar
SSDEEP,192:sXHNsGeTHQpD+da6+888+UV7tDoj/pxz25JYb55qa5HdrI74bthOO:sXX+/DV7k/325WHqur84bTOO,facb03a4bb57c0935aa23e44d0400648abb3299d8799421d3f6ea90d8be07e14,unknown,don12089.hta,hta,2026-07-28 18:28:33,MalwareBazaar
MD5,fb37efba5d716335100469b2bd1602f0,885e45a141aaba366ed919fae0aef40f465a1703fe8d657b12d3b3acd70bb62a,unknown,images_20260727_230703.zip,zip,2026-07-28 18:27:20,MalwareBazaar
SHA-1,ebdc8ad3b579d4e17e0b849616451cb4b4c40e9c,885e45a141aaba366ed919fae0aef40f465a1703fe8d657b12d3b3acd70bb62a,unknown,images_20260727_230703.zip,zip,2026-07-28 18:27:20,MalwareBazaar
SHA-256,885e45a141aaba366ed919fae0aef40f465a1703fe8d657b12d3b3acd70bb62a,885e45a141aaba366ed919fae0aef40f465a1703fe8d657b12d3b3acd70bb62a,unknown,images_20260727_230703.zip,zip,2026-07-28 18:27:20,MalwareBazaar
SHA3-384,9f445e36116e3718c84d3b007e71ffba759238219c14167cda3c2f35bf5797678efc8cbe444d9c677034af70d9868673,885e45a141aaba366ed919fae0aef40f465a1703fe8d657b12d3b3acd70bb62a,unknown,images_20260727_230703.zip,zip,2026-07-28 18:27:20,MalwareBazaar
TLSH,T1AB02BF8086B198FF9BBB1C313F63ED97A5AD61BDDC0266D686120499324A6434FC13E0,885e45a141aaba366ed919fae0aef40f465a1703fe8d657b12d3b3acd70bb62a,unknown,images_20260727_230703.zip,zip,2026-07-28 18:27:20,MalwareBazaar
SSDEEP,192:Gtm1BsS7dSHVCTuvgL0E0/dhS7xKU9fqKxBgliMs/PSI:xsS7dSVxoV4PS739fqKx/XSI,885e45a141aaba366ed919fae0aef40f465a1703fe8d657b12d3b3acd70bb62a,unknown,images_20260727_230703.zip,zip,2026-07-28 18:27:20,MalwareBazaar
MD5,767e17fdb97580979e56222dc4ecd0e0,59d7d3a604e5c3a999f01a662faab73a65f036c2e36f7e10c58c8ccd76967861,Mirai,mpsl,elf,2026-07-28 18:26:43,MalwareBazaar
SHA-1,d7457b85642b99ac3c300f43409aad1a0aa5bb5f,59d7d3a604e5c3a999f01a662faab73a65f036c2e36f7e10c58c8ccd76967861,Mirai,mpsl,elf,2026-07-28 18:26:43,MalwareBazaar
SHA-256,59d7d3a604e5c3a999f01a662faab73a65f036c2e36f7e10c58c8ccd76967861,59d7d3a604e5c3a999f01a662faab73a65f036c2e36f7e10c58c8ccd76967861,Mirai,mpsl,elf,2026-07-28 18:26:43,MalwareBazaar
SHA3-384,b18e0300b489525dab512d5821bc70f1266ca5b66b3c26a5d15d21f9b379d161af67d34c31244118571d099130a58fea,59d7d3a604e5c3a999f01a662faab73a65f036c2e36f7e10c58c8ccd76967861,Mirai,mpsl,elf,2026-07-28 18:26:43,MalwareBazaar
TLSH,T14A14D81AAF510EFBD8ABCD3701E90B4639CC644722A43B753574D528F64A94F4AE3CB8,59d7d3a604e5c3a999f01a662faab73a65f036c2e36f7e10c58c8ccd76967861,Mirai,mpsl,elf,2026-07-28 18:26:43,MalwareBazaar
SSDEEP,3072:Y/qYyOcQS9ijdHnBBtlYAZ5Vyt8KnuWMeU:YIObS9iNnXz3kQWMe,59d7d3a604e5c3a999f01a662faab73a65f036c2e36f7e10c58c8ccd76967861,Mirai,mpsl,elf,2026-07-28 18:26:43,MalwareBazaar
MD5,2ec5a4d805472352a10492d311a80fa7,f88d9094a90f7000a3fb2cd7c981e03357ce2b39df9de5ee1d0742e619e3860f,unknown,Bank account details.vbs,vbs,2026-07-28 18:17:37,MalwareBazaar
SHA-1,da190ccb0e6cdb6b55f40532a0ee7064d31ba760,f88d9094a90f7000a3fb2cd7c981e03357ce2b39df9de5ee1d0742e619e3860f,unknown,Bank account details.vbs,vbs,2026-07-28 18:17:37,MalwareBazaar
SHA-256,f88d9094a90f7000a3fb2cd7c981e03357ce2b39df9de5ee1d0742e619e3860f,f88d9094a90f7000a3fb2cd7c981e03357ce2b39df9de5ee1d0742e619e3860f,unknown,Bank account details.vbs,vbs,2026-07-28 18:17:37,MalwareBazaar
SHA3-384,a89f92a7db40f3e528a7a603b532f250035bc0b1cdfd4db3c84cc978e6803ebc110fb707041867c31e3b71c661582e39,f88d9094a90f7000a3fb2cd7c981e03357ce2b39df9de5ee1d0742e619e3860f,unknown,Bank account details.vbs,vbs,2026-07-28 18:17:37,MalwareBazaar
TLSH,T171469F606E5859F5EF8C690E90AEAF1D83F042176A33706BFB41DF05BDDA241864B21F,f88d9094a90f7000a3fb2cd7c981e03357ce2b39df9de5ee1d0742e619e3860f,unknown,Bank account details.vbs,vbs,2026-07-28 18:17:37,MalwareBazaar
SSDEEP,24576:QYuC2NrO/LXTGqatNo3sk/mUjIo/f8YpQneRZQ5msYFFXNBYWuXT1I365ZaL47Hn:75J0r+D93O,f88d9094a90f7000a3fb2cd7c981e03357ce2b39df9de5ee1d0742e619e3860f,unknown,Bank account details.vbs,vbs,2026-07-28 18:17:37,MalwareBazaar
MD5,d017feba12f5960520155ba240beb093,376968a612e976c22025dc552cf79c6eda5af8a82136fe2dbff48fd72afaacaa,WannaCry,376968a612e976c22025dc552cf79c6eda5af8a82136fe2dbff48fd72afaacaa,exe,2026-07-28 18:15:21,MalwareBazaar
SHA-1,7ce58221e01efa4d0f3cb605530e295e62f1e662,376968a612e976c22025dc552cf79c6eda5af8a82136fe2dbff48fd72afaacaa,WannaCry,376968a612e976c22025dc552cf79c6eda5af8a82136fe2dbff48fd72afaacaa,exe,2026-07-28 18:15:21,MalwareBazaar
SHA-256,376968a612e976c22025dc552cf79c6eda5af8a82136fe2dbff48fd72afaacaa,376968a612e976c22025dc552cf79c6eda5af8a82136fe2dbff48fd72afaacaa,WannaCry,376968a612e976c22025dc552cf79c6eda5af8a82136fe2dbff48fd72afaacaa,exe,2026-07-28 18:15:21,MalwareBazaar
SHA3-384,b09f86b4bcc7430710f8149836c4a4966fac51773bfb3db319c7e726d3631d4c0de99c48d54ae15b76212321486a1900,376968a612e976c22025dc552cf79c6eda5af8a82136fe2dbff48fd72afaacaa,WannaCry,376968a612e976c22025dc552cf79c6eda5af8a82136fe2dbff48fd72afaacaa,exe,2026-07-28 18:15:21,MalwareBazaar
IMPHASH,0cdadfa1098d845dd3b4cf92625b5f04,376968a612e976c22025dc552cf79c6eda5af8a82136fe2dbff48fd72afaacaa,WannaCry,376968a612e976c22025dc552cf79c6eda5af8a82136fe2dbff48fd72afaacaa,exe,2026-07-28 18:15:21,MalwareBazaar
TLSH,T147363349317881BCD106197844B78E63F7B37C5A56FEAB0F8B40867A1E63B45BBA4703,376968a612e976c22025dc552cf79c6eda5af8a82136fe2dbff48fd72afaacaa,WannaCry,376968a612e976c22025dc552cf79c6eda5af8a82136fe2dbff48fd72afaacaa,exe,2026-07-28 18:15:21,MalwareBazaar
SSDEEP,49152:jnYnjQqMSPbcBVQej/1INRx+TSqTdX1HkQo6SAARdhE:DI8qPoBhz1aRxcSUDk36SAEdhE,376968a612e976c22025dc552cf79c6eda5af8a82136fe2dbff48fd72afaacaa,WannaCry,376968a612e976c22025dc552cf79c6eda5af8a82136fe2dbff48fd72afaacaa,exe,2026-07-28 18:15:21,MalwareBazaar
MD5,9126a8e00fe9a913ca49edb4a3224c82,6289f36d2b3589b2db489a9213ec465a55c77bc469ecee9217ba45e0c47de03b,unknown,don12089.hta,hta,2026-07-28 18:00:34,MalwareBazaar
SHA-1,69019f74d621ef7c2c34ab7806bc66c6a103ff24,6289f36d2b3589b2db489a9213ec465a55c77bc469ecee9217ba45e0c47de03b,unknown,don12089.hta,hta,2026-07-28 18:00:34,MalwareBazaar
SHA-256,6289f36d2b3589b2db489a9213ec465a55c77bc469ecee9217ba45e0c47de03b,6289f36d2b3589b2db489a9213ec465a55c77bc469ecee9217ba45e0c47de03b,unknown,don12089.hta,hta,2026-07-28 18:00:34,MalwareBazaar
SHA3-384,46b18d5f10251be4eb30a2301e8e1df27e352e412728350054950da1ba3b50002edea3466e180cda833c85e70585cbfd,6289f36d2b3589b2db489a9213ec465a55c77bc469ecee9217ba45e0c47de03b,unknown,don12089.hta,hta,2026-07-28 18:00:34,MalwareBazaar
TLSH,T1FE3209DCFEE56270F31303CE37AB2926122460D72008C5C5FA4D9DE57F467D98627A5A,6289f36d2b3589b2db489a9213ec465a55c77bc469ecee9217ba45e0c47de03b,unknown,don12089.hta,hta,2026-07-28 18:00:34,MalwareBazaar
SSDEEP,192:sXHNsGeTHQpD+da6+888+UV7tDoj/pxz25JYb55qo5Hd8I74GthOO:sXX+/DV7k/325WjqQ884GTOO,6289f36d2b3589b2db489a9213ec465a55c77bc469ecee9217ba45e0c47de03b,unknown,don12089.hta,hta,2026-07-28 18:00:34,MalwareBazaar
MD5,40ad3bd07568c98de1b82466bc3783e0,8df36a81c2a9ad02bd7fa3fdc2b9b619cbde32b9b98fadf1595d82b478eaa62a,unknown,Rivex Suite.exe,exe,2026-07-28 17:54:21,MalwareBazaar
SHA-1,1aa1ecfebe487106c58526ed99c600649c54670b,8df36a81c2a9ad02bd7fa3fdc2b9b619cbde32b9b98fadf1595d82b478eaa62a,unknown,Rivex Suite.exe,exe,2026-07-28 17:54:21,MalwareBazaar
SHA-256,8df36a81c2a9ad02bd7fa3fdc2b9b619cbde32b9b98fadf1595d82b478eaa62a,8df36a81c2a9ad02bd7fa3fdc2b9b619cbde32b9b98fadf1595d82b478eaa62a,unknown,Rivex Suite.exe,exe,2026-07-28 17:54:21,MalwareBazaar
SHA3-384,c2820afbf70957f8994a9758668b1cd660864b28586e33e4cfcf001f9683945ae62746d0b3a2e7de91a7a6e9601c0069,8df36a81c2a9ad02bd7fa3fdc2b9b619cbde32b9b98fadf1595d82b478eaa62a,unknown,Rivex Suite.exe,exe,2026-07-28 17:54:21,MalwareBazaar
IMPHASH,0c9aa527f272b1232c87f4113457d246,8df36a81c2a9ad02bd7fa3fdc2b9b619cbde32b9b98fadf1595d82b478eaa62a,unknown,Rivex Suite.exe,exe,2026-07-28 17:54:21,MalwareBazaar
TLSH,T11DD733ACD37CA478D465969DCB90D9B3C6E83621AC460DFB01B49BD0FEB0B7A264CD44,8df36a81c2a9ad02bd7fa3fdc2b9b619cbde32b9b98fadf1595d82b478eaa62a,unknown,Rivex Suite.exe,exe,2026-07-28 17:54:21,MalwareBazaar
SSDEEP,1572864:ae7I4bOC+PzyConwaxPJr89n5sAfFN5Jl1D:aeyHAVSVJJl1D,8df36a81c2a9ad02bd7fa3fdc2b9b619cbde32b9b98fadf1595d82b478eaa62a,unknown,Rivex Suite.exe,exe,2026-07-28 17:54:21,MalwareBazaar
MD5,2904c0f521b413fec9903435f6b5e3b6,e2285fd2c1e26a1d394c23a73756f71540e2b9d78486c9f4f67d1fe3a370500e,unknown,default.dat,exe,2026-07-28 17:52:33,MalwareBazaar
SHA-1,fed5adea5763161422d144116e8d2c3e31bd68a6,e2285fd2c1e26a1d394c23a73756f71540e2b9d78486c9f4f67d1fe3a370500e,unknown,default.dat,exe,2026-07-28 17:52:33,MalwareBazaar
SHA-256,e2285fd2c1e26a1d394c23a73756f71540e2b9d78486c9f4f67d1fe3a370500e,e2285fd2c1e26a1d394c23a73756f71540e2b9d78486c9f4f67d1fe3a370500e,unknown,default.dat,exe,2026-07-28 17:52:33,MalwareBazaar
SHA3-384,84e58a79e66bb8004ec362667d58c96992dbb89ce00a29ed1d6d437596b04e08b68e3751ba08d30e4e7540d03a5b43ac,e2285fd2c1e26a1d394c23a73756f71540e2b9d78486c9f4f67d1fe3a370500e,unknown,default.dat,exe,2026-07-28 17:52:33,MalwareBazaar
IMPHASH,dcaf48c1f10b0efa0a4472200f3850ed,e2285fd2c1e26a1d394c23a73756f71540e2b9d78486c9f4f67d1fe3a370500e,unknown,default.dat,exe,2026-07-28 17:52:33,MalwareBazaar
TLSH,T1DCE633083AE122EDE6B3503CC8F11956F6B674A50730C59B4BA8C3A5BE531D1493EBA7,e2285fd2c1e26a1d394c23a73756f71540e2b9d78486c9f4f67d1fe3a370500e,unknown,default.dat,exe,2026-07-28 17:52:33,MalwareBazaar
SSDEEP,393216:Q2vBe9TNkQm5yP7eKiMYxRG3+FjZSXMCHWUjX8cuI3/PGTAI:/JQNk1wTeJMRktSXMb8XpH/O7,e2285fd2c1e26a1d394c23a73756f71540e2b9d78486c9f4f67d1fe3a370500e,unknown,default.dat,exe,2026-07-28 17:52:33,MalwareBazaar
ICON-DHASH,71f8fcdccce4f070,e2285fd2c1e26a1d394c23a73756f71540e2b9d78486c9f4f67d1fe3a370500e,unknown,default.dat,exe,2026-07-28 17:52:33,MalwareBazaar
