type,value,sha256,malware_family,file_name,file_type,first_seen,source
MD5,ce5112771d0a756f2a21815f6c7f38d7,f33bbad90383d616860314f2627ae7369430cddbf48a747126c8b4e00eb06903,unknown,Aasd5XpZbsd5.zip,zip,2026-08-26 02:01:23,MalwareBazaar
SHA-1,7cb42cf84650a232cddd57727a0a465c0dd2a128,f33bbad90383d616860314f2627ae7369430cddbf48a747126c8b4e00eb06903,unknown,Aasd5XpZbsd5.zip,zip,2026-08-26 02:01:23,MalwareBazaar
SHA-256,f33bbad90383d616860314f2627ae7369430cddbf48a747126c8b4e00eb06903,f33bbad90383d616860314f2627ae7369430cddbf48a747126c8b4e00eb06903,unknown,Aasd5XpZbsd5.zip,zip,2026-08-26 02:01:23,MalwareBazaar
SHA3-384,251e0efa86dbeb0342cb65da308048fd8d3972d4e32357a979ba39badc11852b5609d0f98c61efafd75406bf2688a73e,f33bbad90383d616860314f2627ae7369430cddbf48a747126c8b4e00eb06903,unknown,Aasd5XpZbsd5.zip,zip,2026-08-26 02:01:23,MalwareBazaar
TLSH,T1E7F633ABA8AD1F3C9F482973F11371ACC52B1EBD8E595032D72EF9AF8D1280B15241D5,f33bbad90383d616860314f2627ae7369430cddbf48a747126c8b4e00eb06903,unknown,Aasd5XpZbsd5.zip,zip,2026-08-26 02:01:23,MalwareBazaar
SSDEEP,393216:AX3z4naSAGfp3F3wUrnPdB6MYEpYzokhurUn:s3z/GfsUrhTpY8A4Un,f33bbad90383d616860314f2627ae7369430cddbf48a747126c8b4e00eb06903,unknown,Aasd5XpZbsd5.zip,zip,2026-08-26 02:01:23,MalwareBazaar
MD5,1db2cbc9f0c99ec64558e694e9561bd3,aaf4e8b47462c7631297f47a6da2e589741d69417bd601b6a6d68dc0a085dce9,unknown,CNPJ7.apk,apk,2026-08-26 01:50:24,MalwareBazaar
SHA-1,4c43b5bb9dd3f3813368c3a0128af21bed63a9e6,aaf4e8b47462c7631297f47a6da2e589741d69417bd601b6a6d68dc0a085dce9,unknown,CNPJ7.apk,apk,2026-08-26 01:50:24,MalwareBazaar
SHA-256,aaf4e8b47462c7631297f47a6da2e589741d69417bd601b6a6d68dc0a085dce9,aaf4e8b47462c7631297f47a6da2e589741d69417bd601b6a6d68dc0a085dce9,unknown,CNPJ7.apk,apk,2026-08-26 01:50:24,MalwareBazaar
SHA3-384,3c08afc26a3f299794fda2b26f207c312e186c0d26685d6cec79adf0c6c413a317270eae09d43da1aea4b3cecc07f2a2,aaf4e8b47462c7631297f47a6da2e589741d69417bd601b6a6d68dc0a085dce9,unknown,CNPJ7.apk,apk,2026-08-26 01:50:24,MalwareBazaar
TLSH,T16E67F163F244699ACDE6A230E4E343D132361D154393A76A571FF136BCF31DD8A26AC2,aaf4e8b47462c7631297f47a6da2e589741d69417bd601b6a6d68dc0a085dce9,unknown,CNPJ7.apk,apk,2026-08-26 01:50:24,MalwareBazaar
SSDEEP,393216:3k4dNmSJumFMuFY7oZbmimEh//5UnIRtAW12X1v93PDy9DVr0QYQyLMJR:3k4fRHMuQHJEhEIR2gs9y9DVEIL,aaf4e8b47462c7631297f47a6da2e589741d69417bd601b6a6d68dc0a085dce9,unknown,CNPJ7.apk,apk,2026-08-26 01:50:24,MalwareBazaar
MD5,4cec393639168d9cf0ae057815d23f88,cc6e4b971695ce08fb2dae289e148b95e09cd3b807ab242fede1f0a347f2f598,unknown,fc02692a98927272e200e01eb80007cc03aedbdec8acfb68aa9730dabaa8fce1.exe,exe,2026-08-26 01:27:18,MalwareBazaar
SHA-1,62aada7aaf5949a6931de584a1c4ac650bcea90e,cc6e4b971695ce08fb2dae289e148b95e09cd3b807ab242fede1f0a347f2f598,unknown,fc02692a98927272e200e01eb80007cc03aedbdec8acfb68aa9730dabaa8fce1.exe,exe,2026-08-26 01:27:18,MalwareBazaar
SHA-256,cc6e4b971695ce08fb2dae289e148b95e09cd3b807ab242fede1f0a347f2f598,cc6e4b971695ce08fb2dae289e148b95e09cd3b807ab242fede1f0a347f2f598,unknown,fc02692a98927272e200e01eb80007cc03aedbdec8acfb68aa9730dabaa8fce1.exe,exe,2026-08-26 01:27:18,MalwareBazaar
SHA3-384,93204b6cc1a9fcafae60dd9ac9b44032dbb58c97a4e25e90b2fe69e74dfbc110f1f5aad921198bc8a8d5a4cf1933bd5c,cc6e4b971695ce08fb2dae289e148b95e09cd3b807ab242fede1f0a347f2f598,unknown,fc02692a98927272e200e01eb80007cc03aedbdec8acfb68aa9730dabaa8fce1.exe,exe,2026-08-26 01:27:18,MalwareBazaar
TLSH,T12C552E8ED8821BB5BB82F723431AD6225CF6350584739635EF45BDB58F42F20A025FE9,cc6e4b971695ce08fb2dae289e148b95e09cd3b807ab242fede1f0a347f2f598,unknown,fc02692a98927272e200e01eb80007cc03aedbdec8acfb68aa9730dabaa8fce1.exe,exe,2026-08-26 01:27:18,MalwareBazaar
SSDEEP,12288:/m1+a1vN4JI9BG73WFcUcqD1ikil9IBtoT:/1Cc1m1ikiTIB,cc6e4b971695ce08fb2dae289e148b95e09cd3b807ab242fede1f0a347f2f598,unknown,fc02692a98927272e200e01eb80007cc03aedbdec8acfb68aa9730dabaa8fce1.exe,exe,2026-08-26 01:27:18,MalwareBazaar
MD5,5e3c0f6038314b2c9edd26e890890d50,fc02692a98927272e200e01eb80007cc03aedbdec8acfb68aa9730dabaa8fce1,unknown,fc02692a98927272e200e01eb80007cc03aedbdec8acfb68aa9730dabaa8fce1.exe,exe,2026-08-26 01:26:38,MalwareBazaar
SHA-1,5ea33c0aa5d405c591812dfc44e93bba7ca858cd,fc02692a98927272e200e01eb80007cc03aedbdec8acfb68aa9730dabaa8fce1,unknown,fc02692a98927272e200e01eb80007cc03aedbdec8acfb68aa9730dabaa8fce1.exe,exe,2026-08-26 01:26:38,MalwareBazaar
SHA-256,fc02692a98927272e200e01eb80007cc03aedbdec8acfb68aa9730dabaa8fce1,fc02692a98927272e200e01eb80007cc03aedbdec8acfb68aa9730dabaa8fce1,unknown,fc02692a98927272e200e01eb80007cc03aedbdec8acfb68aa9730dabaa8fce1.exe,exe,2026-08-26 01:26:38,MalwareBazaar
SHA3-384,ac164a55ae67a588ef5c666bf4a47991e3a6e0f8d21f4e20e8ddf9f6e9be747c7fe5514b028d4de6ac1b2b9571d166ab,fc02692a98927272e200e01eb80007cc03aedbdec8acfb68aa9730dabaa8fce1,unknown,fc02692a98927272e200e01eb80007cc03aedbdec8acfb68aa9730dabaa8fce1.exe,exe,2026-08-26 01:26:38,MalwareBazaar
IMPHASH,6ed4f5f04d62b18d96b26d6db7c18840,fc02692a98927272e200e01eb80007cc03aedbdec8acfb68aa9730dabaa8fce1,unknown,fc02692a98927272e200e01eb80007cc03aedbdec8acfb68aa9730dabaa8fce1.exe,exe,2026-08-26 01:26:38,MalwareBazaar
TLSH,T100741257E815880AEDE1D571037C46A92B9E3B6C76DACB3187AF87643740F2F964243C,fc02692a98927272e200e01eb80007cc03aedbdec8acfb68aa9730dabaa8fce1,unknown,fc02692a98927272e200e01eb80007cc03aedbdec8acfb68aa9730dabaa8fce1.exe,exe,2026-08-26 01:26:38,MalwareBazaar
SSDEEP,6144:lO4IDZb8FS9lyKe2xX7FMzpMTenaulUheWckh8Y3ixkeZNfHuYEMcQ:lO4I8k9bTxZMyToZweBk/SkeZNfBEl,fc02692a98927272e200e01eb80007cc03aedbdec8acfb68aa9730dabaa8fce1,unknown,fc02692a98927272e200e01eb80007cc03aedbdec8acfb68aa9730dabaa8fce1.exe,exe,2026-08-26 01:26:38,MalwareBazaar
MD5,fb15d10dd08da685af31a45939e71584,1a6468d392019ff6b3335fb6427b7621cfa5858982a556fbd90b58c5b27541c6,unknown,1a6468d392019ff6b3335fb6427b7621cfa5858982a556fbd90b58c5b27541c6.exe,exe,2026-08-26 01:22:27,MalwareBazaar
SHA-1,c49d9ad9afab165918de5cd299b7f2daa9965f5e,1a6468d392019ff6b3335fb6427b7621cfa5858982a556fbd90b58c5b27541c6,unknown,1a6468d392019ff6b3335fb6427b7621cfa5858982a556fbd90b58c5b27541c6.exe,exe,2026-08-26 01:22:27,MalwareBazaar
SHA-256,1a6468d392019ff6b3335fb6427b7621cfa5858982a556fbd90b58c5b27541c6,1a6468d392019ff6b3335fb6427b7621cfa5858982a556fbd90b58c5b27541c6,unknown,1a6468d392019ff6b3335fb6427b7621cfa5858982a556fbd90b58c5b27541c6.exe,exe,2026-08-26 01:22:27,MalwareBazaar
SHA3-384,f3d43d945ab18793fa35b2bdaa62ce83f8f4f836c40b1088a3942b784fbb83606a685b915c6e3b870460616e0c7abaa6,1a6468d392019ff6b3335fb6427b7621cfa5858982a556fbd90b58c5b27541c6,unknown,1a6468d392019ff6b3335fb6427b7621cfa5858982a556fbd90b58c5b27541c6.exe,exe,2026-08-26 01:22:27,MalwareBazaar
IMPHASH,fe230628262faec735b6f015758b7519,1a6468d392019ff6b3335fb6427b7621cfa5858982a556fbd90b58c5b27541c6,unknown,1a6468d392019ff6b3335fb6427b7621cfa5858982a556fbd90b58c5b27541c6.exe,exe,2026-08-26 01:22:27,MalwareBazaar
TLSH,T1A2D523E979F20574C476C7B6CEC3E46D722E7B8187A09EA376CD29206E1254C6C36339,1a6468d392019ff6b3335fb6427b7621cfa5858982a556fbd90b58c5b27541c6,unknown,1a6468d392019ff6b3335fb6427b7621cfa5858982a556fbd90b58c5b27541c6.exe,exe,2026-08-26 01:22:27,MalwareBazaar
SSDEEP,49152:F1/EVXZqoxw5n/mQqi8uyQifHPIT7b8fEzwyD3DmFd/jV03W13vbTH0OP2uS2:F1/4JFxw5/X/8uyPvIHb61y3mF9Z3v3W,1a6468d392019ff6b3335fb6427b7621cfa5858982a556fbd90b58c5b27541c6,unknown,1a6468d392019ff6b3335fb6427b7621cfa5858982a556fbd90b58c5b27541c6.exe,exe,2026-08-26 01:22:27,MalwareBazaar
MD5,dcd9e924e9a72e437efaab549c158d50,dc02857e1b8947c47d537697fdd2f2caa8d96c0e8aa0384b8a033fab5468cf24,ConnectWise,dc02857e1b8947c47d537697fdd2f2caa8d96c0e8aa0384b8a033fab5468cf24.exe,exe,2026-08-26 01:22:21,MalwareBazaar
SHA-1,c14e06782c08971fb84dd3d7e44fbe3eb0801ddf,dc02857e1b8947c47d537697fdd2f2caa8d96c0e8aa0384b8a033fab5468cf24,ConnectWise,dc02857e1b8947c47d537697fdd2f2caa8d96c0e8aa0384b8a033fab5468cf24.exe,exe,2026-08-26 01:22:21,MalwareBazaar
SHA-256,dc02857e1b8947c47d537697fdd2f2caa8d96c0e8aa0384b8a033fab5468cf24,dc02857e1b8947c47d537697fdd2f2caa8d96c0e8aa0384b8a033fab5468cf24,ConnectWise,dc02857e1b8947c47d537697fdd2f2caa8d96c0e8aa0384b8a033fab5468cf24.exe,exe,2026-08-26 01:22:21,MalwareBazaar
SHA3-384,c5d6af053b896494ca5286ee9cc785eb374f416beaa509561312d15c7ff295934f544c19de5dceb03962364da5a863cc,dc02857e1b8947c47d537697fdd2f2caa8d96c0e8aa0384b8a033fab5468cf24,ConnectWise,dc02857e1b8947c47d537697fdd2f2caa8d96c0e8aa0384b8a033fab5468cf24.exe,exe,2026-08-26 01:22:21,MalwareBazaar
IMPHASH,9771ee6344923fa220489ab01239bdfd,dc02857e1b8947c47d537697fdd2f2caa8d96c0e8aa0384b8a033fab5468cf24,ConnectWise,dc02857e1b8947c47d537697fdd2f2caa8d96c0e8aa0384b8a033fab5468cf24.exe,exe,2026-08-26 01:22:21,MalwareBazaar
TLSH,T1EBD61211B3D6A5B6D0BF0639D87982A55675BC058B62C6EF53D4B92C2D32BC08E32373,dc02857e1b8947c47d537697fdd2f2caa8d96c0e8aa0384b8a033fab5468cf24,ConnectWise,dc02857e1b8947c47d537697fdd2f2caa8d96c0e8aa0384b8a033fab5468cf24.exe,exe,2026-08-26 01:22:21,MalwareBazaar
SSDEEP,393216:A2xiFxbwpacCj2xiFxbwpaD2xiFxbwpaq2xiFxbwpaF:jUFxMpJCaUFxMpxUFxMpUUFxMpy,dc02857e1b8947c47d537697fdd2f2caa8d96c0e8aa0384b8a033fab5468cf24,ConnectWise,dc02857e1b8947c47d537697fdd2f2caa8d96c0e8aa0384b8a033fab5468cf24.exe,exe,2026-08-26 01:22:21,MalwareBazaar
MD5,662a5124e4f0c32556f4ea34fdaaad25,67894fbd7e52ca06776fcf7a5704753beddac6d2e9a67bcd6b8488ae7766b77d,Mirai,bdce90157466413c3f70c0ab5f8249748fc831588c6206dc40e47af9190e124a.elf,elf,2026-08-26 01:17:17,MalwareBazaar
SHA-1,a890d31dbe743f9bf850eca43f72ed94aa919d34,67894fbd7e52ca06776fcf7a5704753beddac6d2e9a67bcd6b8488ae7766b77d,Mirai,bdce90157466413c3f70c0ab5f8249748fc831588c6206dc40e47af9190e124a.elf,elf,2026-08-26 01:17:17,MalwareBazaar
SHA-256,67894fbd7e52ca06776fcf7a5704753beddac6d2e9a67bcd6b8488ae7766b77d,67894fbd7e52ca06776fcf7a5704753beddac6d2e9a67bcd6b8488ae7766b77d,Mirai,bdce90157466413c3f70c0ab5f8249748fc831588c6206dc40e47af9190e124a.elf,elf,2026-08-26 01:17:17,MalwareBazaar
SHA3-384,2a257df4150b072ad0839a66b2aeed7bdb2ab3e1ae491ea7dd5a906dbbadb722866e494cc370578509575ba522e463c4,67894fbd7e52ca06776fcf7a5704753beddac6d2e9a67bcd6b8488ae7766b77d,Mirai,bdce90157466413c3f70c0ab5f8249748fc831588c6206dc40e47af9190e124a.elf,elf,2026-08-26 01:17:17,MalwareBazaar
TLSH,T1A4040855FD419A16CAC365BBFF4E428D372A0768D3EE72039D256F20379B96B0A3B101,67894fbd7e52ca06776fcf7a5704753beddac6d2e9a67bcd6b8488ae7766b77d,Mirai,bdce90157466413c3f70c0ab5f8249748fc831588c6206dc40e47af9190e124a.elf,elf,2026-08-26 01:17:17,MalwareBazaar
TELFHASH,t1d6211e12dfd42abcb7e8805581bf611347f870dc20111496fa9dd60fcd32ac6f82445b,67894fbd7e52ca06776fcf7a5704753beddac6d2e9a67bcd6b8488ae7766b77d,Mirai,bdce90157466413c3f70c0ab5f8249748fc831588c6206dc40e47af9190e124a.elf,elf,2026-08-26 01:17:17,MalwareBazaar
SSDEEP,3072:rWZZF3YIyoujwHdeI+w8STe6T0ii9nV0KDf2IwpR2m5gn9fSSrEwC+N4Ht:rWZgIyoujwHdT+wHe5iUVTDeIw72mOns,67894fbd7e52ca06776fcf7a5704753beddac6d2e9a67bcd6b8488ae7766b77d,Mirai,bdce90157466413c3f70c0ab5f8249748fc831588c6206dc40e47af9190e124a.elf,elf,2026-08-26 01:17:17,MalwareBazaar
MD5,47209aafceb3519e43d7dfa1fff19012,bdce90157466413c3f70c0ab5f8249748fc831588c6206dc40e47af9190e124a,Mirai,bdce90157466413c3f70c0ab5f8249748fc831588c6206dc40e47af9190e124a.elf,elf,2026-08-26 01:16:20,MalwareBazaar
SHA-1,0092bb46af93e836eacc7a7cd725bf33f749b7e4,bdce90157466413c3f70c0ab5f8249748fc831588c6206dc40e47af9190e124a,Mirai,bdce90157466413c3f70c0ab5f8249748fc831588c6206dc40e47af9190e124a.elf,elf,2026-08-26 01:16:20,MalwareBazaar
SHA-256,bdce90157466413c3f70c0ab5f8249748fc831588c6206dc40e47af9190e124a,bdce90157466413c3f70c0ab5f8249748fc831588c6206dc40e47af9190e124a,Mirai,bdce90157466413c3f70c0ab5f8249748fc831588c6206dc40e47af9190e124a.elf,elf,2026-08-26 01:16:20,MalwareBazaar
SHA3-384,2a1bc9cf52529eaa1ace9d2c935f36aefba38d9102ca16941b2683238a5c5ee5b247f71c1a2f6ef95c8ad1b62c4a926d,bdce90157466413c3f70c0ab5f8249748fc831588c6206dc40e47af9190e124a,Mirai,bdce90157466413c3f70c0ab5f8249748fc831588c6206dc40e47af9190e124a.elf,elf,2026-08-26 01:16:20,MalwareBazaar
TLSH,T16C630262E475DCF481306C18AEB514830F613DA949FD153F45AD21B764DA0BD3EBF2A8,bdce90157466413c3f70c0ab5f8249748fc831588c6206dc40e47af9190e124a,Mirai,bdce90157466413c3f70c0ab5f8249748fc831588c6206dc40e47af9190e124a.elf,elf,2026-08-26 01:16:20,MalwareBazaar
SSDEEP,1536:t/WsBGvfdPJNN9eFvclZ7x+L5D9xzYKMAVhVEdSWzPN:1Wp3NN9eFvclHYDrz3XVhidbR,bdce90157466413c3f70c0ab5f8249748fc831588c6206dc40e47af9190e124a,Mirai,bdce90157466413c3f70c0ab5f8249748fc831588c6206dc40e47af9190e124a.elf,elf,2026-08-26 01:16:20,MalwareBazaar
MD5,cddace86dbc1ef4de9bd053f480b1c8e,d10340985d49d95b4ad19f1d98b01ce9e9d31e0b348caa88ae77aca04f522153,unknown,ok,sh,2026-08-26 01:10:24,MalwareBazaar
SHA-1,7fdb5aad72eaf8854960827a630474c8f22df226,d10340985d49d95b4ad19f1d98b01ce9e9d31e0b348caa88ae77aca04f522153,unknown,ok,sh,2026-08-26 01:10:24,MalwareBazaar
SHA-256,d10340985d49d95b4ad19f1d98b01ce9e9d31e0b348caa88ae77aca04f522153,d10340985d49d95b4ad19f1d98b01ce9e9d31e0b348caa88ae77aca04f522153,unknown,ok,sh,2026-08-26 01:10:24,MalwareBazaar
SHA3-384,f408a2ba3cbd4287a34dbed381f39de2a6b2312f891ed07f427b15bc3d7b5e3dc00501809de4b7021e6d77fee2ef9838,d10340985d49d95b4ad19f1d98b01ce9e9d31e0b348caa88ae77aca04f522153,unknown,ok,sh,2026-08-26 01:10:24,MalwareBazaar
TLSH,T1E631B29A12256A721452CF5E73A3350D728EE1FB284FD7D19C580EA98A886CCF291B0D,d10340985d49d95b4ad19f1d98b01ce9e9d31e0b348caa88ae77aca04f522153,unknown,ok,sh,2026-08-26 01:10:24,MalwareBazaar
SSDEEP,12:UNlr6N0war6CJvowj6uoDNBb6BOGBV6BJcqSiDA6JINi6lQHLFSjB6FSjRzDFtHx:4vjSTMOE6JHSXBQHs9xjyhcXAC,d10340985d49d95b4ad19f1d98b01ce9e9d31e0b348caa88ae77aca04f522153,unknown,ok,sh,2026-08-26 01:10:24,MalwareBazaar
MD5,0635bb7074b691e34052ef45c0ec0f9b,736e842dca761175a060d3351f71edb076bf8b2067d2070542258782ba5c84da,SilentNet,Ravage.exe,exe,2026-08-26 00:39:25,MalwareBazaar
SHA-1,b2134c6eeead02e2e10f25aa5d870620f6744c53,736e842dca761175a060d3351f71edb076bf8b2067d2070542258782ba5c84da,SilentNet,Ravage.exe,exe,2026-08-26 00:39:25,MalwareBazaar
SHA-256,736e842dca761175a060d3351f71edb076bf8b2067d2070542258782ba5c84da,736e842dca761175a060d3351f71edb076bf8b2067d2070542258782ba5c84da,SilentNet,Ravage.exe,exe,2026-08-26 00:39:25,MalwareBazaar
SHA3-384,6df86d4f5eba3eb0c68989169fa4406e7d449d3423e56fcc14d7a2c42179ba4476ed5d544519d8bfb3c3be7547cc09f3,736e842dca761175a060d3351f71edb076bf8b2067d2070542258782ba5c84da,SilentNet,Ravage.exe,exe,2026-08-26 00:39:25,MalwareBazaar
IMPHASH,73f461c771aef77ec43d53a0c54f0c8d,736e842dca761175a060d3351f71edb076bf8b2067d2070542258782ba5c84da,SilentNet,Ravage.exe,exe,2026-08-26 00:39:25,MalwareBazaar
TLSH,T14A357C83E7A385D8C116C9B5534BF137F9627C8E4B157197ABC41E633A67BA4E22CB00,736e842dca761175a060d3351f71edb076bf8b2067d2070542258782ba5c84da,SilentNet,Ravage.exe,exe,2026-08-26 00:39:25,MalwareBazaar
SSDEEP,12288:0bs/m0E54jwaFXGc8lEBBBHGBKq2IZwD9vfqItNqdg:0bOVE5ifGPRZwpvf3fd,736e842dca761175a060d3351f71edb076bf8b2067d2070542258782ba5c84da,SilentNet,Ravage.exe,exe,2026-08-26 00:39:25,MalwareBazaar
MD5,ffc00a9c9fa0f0cbb45a683ad1b3d1bf,d1d9597444b95eaeb30845f08763a9eb4fd3d34be13ba9e1b0795c9fd7ec391a,unknown,d1d9597444b95eaeb30845f08763a9eb4fd3d34be13ba9e1b0795c9fd7ec391a,sh,2026-08-26 00:30:16,MalwareBazaar
SHA-1,0d6335038e2742f1038775d4e4fd2bfba004f069,d1d9597444b95eaeb30845f08763a9eb4fd3d34be13ba9e1b0795c9fd7ec391a,unknown,d1d9597444b95eaeb30845f08763a9eb4fd3d34be13ba9e1b0795c9fd7ec391a,sh,2026-08-26 00:30:16,MalwareBazaar
SHA-256,d1d9597444b95eaeb30845f08763a9eb4fd3d34be13ba9e1b0795c9fd7ec391a,d1d9597444b95eaeb30845f08763a9eb4fd3d34be13ba9e1b0795c9fd7ec391a,unknown,d1d9597444b95eaeb30845f08763a9eb4fd3d34be13ba9e1b0795c9fd7ec391a,sh,2026-08-26 00:30:16,MalwareBazaar
SHA3-384,824911cb2ff984414d2303efa374abfa307ef65f14870d4c91d3efac061172b0b9ce114b0fd583199fc433a52578260d,d1d9597444b95eaeb30845f08763a9eb4fd3d34be13ba9e1b0795c9fd7ec391a,unknown,d1d9597444b95eaeb30845f08763a9eb4fd3d34be13ba9e1b0795c9fd7ec391a,sh,2026-08-26 00:30:16,MalwareBazaar
TLSH,T176318C9B015016354142CD8EBBB6354CB24EA5FB2D8FC7D4D8890EAE878868CF176B4E,d1d9597444b95eaeb30845f08763a9eb4fd3d34be13ba9e1b0795c9fd7ec391a,unknown,d1d9597444b95eaeb30845f08763a9eb4fd3d34be13ba9e1b0795c9fd7ec391a,sh,2026-08-26 00:30:16,MalwareBazaar
SSDEEP,24:zvWQWjD4cCLrOOJ7ZsUYoxVvxQKHbEIxADp54vyn:zvWQWgTLyO1LLEUKp54vyn,d1d9597444b95eaeb30845f08763a9eb4fd3d34be13ba9e1b0795c9fd7ec391a,unknown,d1d9597444b95eaeb30845f08763a9eb4fd3d34be13ba9e1b0795c9fd7ec391a,sh,2026-08-26 00:30:16,MalwareBazaar
MD5,e83571d90c0dbb848624795b4bc0b467,4bbaa96f250b623409f6f7ee921a6558725fe86a7a9ca6535696dca17fdc6f62,unknown,4bbaa96f250b623409f6f7ee921a6558725fe86a7a9ca6535696dca17fdc6f62,sh,2026-08-26 00:30:12,MalwareBazaar
SHA-1,0921857754f9bf6778953eedb6be04f9b1600e7b,4bbaa96f250b623409f6f7ee921a6558725fe86a7a9ca6535696dca17fdc6f62,unknown,4bbaa96f250b623409f6f7ee921a6558725fe86a7a9ca6535696dca17fdc6f62,sh,2026-08-26 00:30:12,MalwareBazaar
SHA-256,4bbaa96f250b623409f6f7ee921a6558725fe86a7a9ca6535696dca17fdc6f62,4bbaa96f250b623409f6f7ee921a6558725fe86a7a9ca6535696dca17fdc6f62,unknown,4bbaa96f250b623409f6f7ee921a6558725fe86a7a9ca6535696dca17fdc6f62,sh,2026-08-26 00:30:12,MalwareBazaar
SHA3-384,0a6a27c75f1acb197126ad0ce3d1e8504120781209946471ac5687ccf5efb769e37b425eda5178a15e7ceecbb457c7ce,4bbaa96f250b623409f6f7ee921a6558725fe86a7a9ca6535696dca17fdc6f62,unknown,4bbaa96f250b623409f6f7ee921a6558725fe86a7a9ca6535696dca17fdc6f62,sh,2026-08-26 00:30:12,MalwareBazaar
TLSH,T1EC3165EF045516325107CE8E72B6344DB28E91EF299FC7D8E9090EAD82497CCF661F49,4bbaa96f250b623409f6f7ee921a6558725fe86a7a9ca6535696dca17fdc6f62,unknown,4bbaa96f250b623409f6f7ee921a6558725fe86a7a9ca6535696dca17fdc6f62,sh,2026-08-26 00:30:12,MalwareBazaar
SSDEEP,24:93zyxQbhbxt74YJjC0xWMaFWnF3jblClWZJ0nl55dXv:93zxbp74ataFWnF3HUc0nl5TXv,4bbaa96f250b623409f6f7ee921a6558725fe86a7a9ca6535696dca17fdc6f62,unknown,4bbaa96f250b623409f6f7ee921a6558725fe86a7a9ca6535696dca17fdc6f62,sh,2026-08-26 00:30:12,MalwareBazaar
MD5,8fefa362daa74650055d791ead1a8ba0,cae7bbc30857ad80290fb669a27bec6061a05fc6c9211d97ada2d505b06dc96a,Mirai,putita.m68k,elf,2026-08-25 23:58:34,MalwareBazaar
SHA-1,8d6dfeccf2bcf54232efd9c0b8f9d59a2d10c884,cae7bbc30857ad80290fb669a27bec6061a05fc6c9211d97ada2d505b06dc96a,Mirai,putita.m68k,elf,2026-08-25 23:58:34,MalwareBazaar
SHA-256,cae7bbc30857ad80290fb669a27bec6061a05fc6c9211d97ada2d505b06dc96a,cae7bbc30857ad80290fb669a27bec6061a05fc6c9211d97ada2d505b06dc96a,Mirai,putita.m68k,elf,2026-08-25 23:58:34,MalwareBazaar
SHA3-384,1a2b4bda7352ee54bba5901da4c2123d845408a678eadde46f4a7b0996ee70c99739d647dca00e5041c34c31be7f43da,cae7bbc30857ad80290fb669a27bec6061a05fc6c9211d97ada2d505b06dc96a,Mirai,putita.m68k,elf,2026-08-25 23:58:34,MalwareBazaar
TLSH,T1E6D37D91B10C7E6EE2C72D3EC21917175C1C9F49EC024D5140E9BA478AB75EB1E3A5CB,cae7bbc30857ad80290fb669a27bec6061a05fc6c9211d97ada2d505b06dc96a,Mirai,putita.m68k,elf,2026-08-25 23:58:34,MalwareBazaar
TELFHASH,t165d001f2a70fa282034ecbcd83d6330d851dd046012bef17fe80003e818841c252608f,cae7bbc30857ad80290fb669a27bec6061a05fc6c9211d97ada2d505b06dc96a,Mirai,putita.m68k,elf,2026-08-25 23:58:34,MalwareBazaar
SSDEEP,3072:iFqNFHc08q2GMswq9H0E+crP95NWnyGN1B+e2Z4a12vWhfLLjBXoIP:/FHcRJswlI9y1B+hq/vWhfX14IP,cae7bbc30857ad80290fb669a27bec6061a05fc6c9211d97ada2d505b06dc96a,Mirai,putita.m68k,elf,2026-08-25 23:58:34,MalwareBazaar
MD5,f6f2269e6397e76e64ce58b17fb149ce,ebbb9c3cc42ab9028336da01176293ede39a3f611829728d1a86e4b08d67263d,unknown,ebbb9c3cc42ab9028336da01176293ede39a3f611829728d1a86e4b08d67263d.exe,exe,2026-08-25 23:55:38,MalwareBazaar
SHA-1,22865221e7a83a05a690d964fb89e05b8fdb0a14,ebbb9c3cc42ab9028336da01176293ede39a3f611829728d1a86e4b08d67263d,unknown,ebbb9c3cc42ab9028336da01176293ede39a3f611829728d1a86e4b08d67263d.exe,exe,2026-08-25 23:55:38,MalwareBazaar
SHA-256,ebbb9c3cc42ab9028336da01176293ede39a3f611829728d1a86e4b08d67263d,ebbb9c3cc42ab9028336da01176293ede39a3f611829728d1a86e4b08d67263d,unknown,ebbb9c3cc42ab9028336da01176293ede39a3f611829728d1a86e4b08d67263d.exe,exe,2026-08-25 23:55:38,MalwareBazaar
SHA3-384,85b2cf1aeacb5d07041df6af2710e95ad854799f6c9f20d6bb31f8b9faf2434c751e5bd7a02db76627d395dccddfe5a8,ebbb9c3cc42ab9028336da01176293ede39a3f611829728d1a86e4b08d67263d,unknown,ebbb9c3cc42ab9028336da01176293ede39a3f611829728d1a86e4b08d67263d.exe,exe,2026-08-25 23:55:38,MalwareBazaar
IMPHASH,88016fcdef7f227c62171d0afad9aae4,ebbb9c3cc42ab9028336da01176293ede39a3f611829728d1a86e4b08d67263d,unknown,ebbb9c3cc42ab9028336da01176293ede39a3f611829728d1a86e4b08d67263d.exe,exe,2026-08-25 23:55:38,MalwareBazaar
TLSH,T162360123F2CB613AE36E5A37D976B130453B6E106C138D0A96E4E46CCF35D603E3A656,ebbb9c3cc42ab9028336da01176293ede39a3f611829728d1a86e4b08d67263d,unknown,ebbb9c3cc42ab9028336da01176293ede39a3f611829728d1a86e4b08d67263d.exe,exe,2026-08-25 23:55:38,MalwareBazaar
SSDEEP,98304:VAX72A6JXaCRG20P7FCgSrEWjq7erB1RuVJFrl/hjq/TDo:U2AeXdH6FC5BOLFl5mPo,ebbb9c3cc42ab9028336da01176293ede39a3f611829728d1a86e4b08d67263d,unknown,ebbb9c3cc42ab9028336da01176293ede39a3f611829728d1a86e4b08d67263d.exe,exe,2026-08-25 23:55:38,MalwareBazaar
ICON-DHASH,e8b0f26a69f892e8,ebbb9c3cc42ab9028336da01176293ede39a3f611829728d1a86e4b08d67263d,unknown,ebbb9c3cc42ab9028336da01176293ede39a3f611829728d1a86e4b08d67263d.exe,exe,2026-08-25 23:55:38,MalwareBazaar
MD5,b7321901326394b6d78d54a279ecf1f1,aba358640bb22278bedb810bd3bdf43a501ddf66f7d74a4903b326cb96495fe9,unknown,aba358640bb22278bedb810bd3bdf43a501ddf66f7d74a4903b326cb96495fe9.exe,exe,2026-08-25 23:30:37,MalwareBazaar
SHA-1,55f32275759730bf13349aa2b9ba1ec0e3daeee2,aba358640bb22278bedb810bd3bdf43a501ddf66f7d74a4903b326cb96495fe9,unknown,aba358640bb22278bedb810bd3bdf43a501ddf66f7d74a4903b326cb96495fe9.exe,exe,2026-08-25 23:30:37,MalwareBazaar
SHA-256,aba358640bb22278bedb810bd3bdf43a501ddf66f7d74a4903b326cb96495fe9,aba358640bb22278bedb810bd3bdf43a501ddf66f7d74a4903b326cb96495fe9,unknown,aba358640bb22278bedb810bd3bdf43a501ddf66f7d74a4903b326cb96495fe9.exe,exe,2026-08-25 23:30:37,MalwareBazaar
SHA3-384,08668bfb44f57f70f1d3f26ea52e9168dc49bd90ac70a9ecc8523418f8d3986f26aa6395cd5a8419d9788b62c11024ab,aba358640bb22278bedb810bd3bdf43a501ddf66f7d74a4903b326cb96495fe9,unknown,aba358640bb22278bedb810bd3bdf43a501ddf66f7d74a4903b326cb96495fe9.exe,exe,2026-08-25 23:30:37,MalwareBazaar
IMPHASH,58f4b17816a07f7a36dd14e504d515e6,aba358640bb22278bedb810bd3bdf43a501ddf66f7d74a4903b326cb96495fe9,unknown,aba358640bb22278bedb810bd3bdf43a501ddf66f7d74a4903b326cb96495fe9.exe,exe,2026-08-25 23:30:37,MalwareBazaar
TLSH,T198D52396A8B215B8D833C776CF83F47DB12D7B858B348E9ABACD1D008E621546D39335,aba358640bb22278bedb810bd3bdf43a501ddf66f7d74a4903b326cb96495fe9,unknown,aba358640bb22278bedb810bd3bdf43a501ddf66f7d74a4903b326cb96495fe9.exe,exe,2026-08-25 23:30:37,MalwareBazaar
SSDEEP,49152:BfIK7uYl26PJ6iJr1QFZ/8uSSGi9qk6h3OLwk0wVFlS22lDUtnw3q4hu:Z7vXIieEUX23MwRwpt21,aba358640bb22278bedb810bd3bdf43a501ddf66f7d74a4903b326cb96495fe9,unknown,aba358640bb22278bedb810bd3bdf43a501ddf66f7d74a4903b326cb96495fe9.exe,exe,2026-08-25 23:30:37,MalwareBazaar
MD5,71c51604c8a74307231e4e6b3238d0e0,7e9021ac82cbaefd4f3916d788e68b3fd9e479239511d9e2e5ca87016cb720b2,Mirai,arm,elf,2026-08-25 23:27:17,MalwareBazaar
SHA-1,278fd122e14cd70837196461c297dc66c64ac81e,7e9021ac82cbaefd4f3916d788e68b3fd9e479239511d9e2e5ca87016cb720b2,Mirai,arm,elf,2026-08-25 23:27:17,MalwareBazaar
SHA-256,7e9021ac82cbaefd4f3916d788e68b3fd9e479239511d9e2e5ca87016cb720b2,7e9021ac82cbaefd4f3916d788e68b3fd9e479239511d9e2e5ca87016cb720b2,Mirai,arm,elf,2026-08-25 23:27:17,MalwareBazaar
SHA3-384,a6b61707a8f20d6497422e6b2de0fe4c6ae67fa4c9a0309bc7d2025b6525c6978daf505a6ca58f6d716c75713332cf9b,7e9021ac82cbaefd4f3916d788e68b3fd9e479239511d9e2e5ca87016cb720b2,Mirai,arm,elf,2026-08-25 23:27:17,MalwareBazaar
TLSH,T172142896BCE29612C6C3427BFB4E418D371A635AD3DE7102BD1D5F603F8A46B0A7B181,7e9021ac82cbaefd4f3916d788e68b3fd9e479239511d9e2e5ca87016cb720b2,Mirai,arm,elf,2026-08-25 23:27:17,MalwareBazaar
TELFHASH,t1a0e07d76d52407d43bc4409211ef2137be74f44f0215140246cc7d4f5337a22b016015,7e9021ac82cbaefd4f3916d788e68b3fd9e479239511d9e2e5ca87016cb720b2,Mirai,arm,elf,2026-08-25 23:27:17,MalwareBazaar
SSDEEP,6144:GVMMemVmLo3885xDbUNVZWxA4fxaWW9xwNyEssMOgh5oNC:yMMemVmLo3885RUNVZ2A4Z1iEssMOghW,7e9021ac82cbaefd4f3916d788e68b3fd9e479239511d9e2e5ca87016cb720b2,Mirai,arm,elf,2026-08-25 23:27:17,MalwareBazaar
MD5,08ca0ab7b1b29b1b45a42a8eb757c9fd,ea4015a2296ff237aa2c88face657791d556fb38939868186881f698c485ad44,CoinMiner,ea4015a2296ff237aa2c88face657791d556fb38939868186881f698c485ad44.exe,exe,2026-08-25 23:15:38,MalwareBazaar
SHA-1,6d6713dfe2a3216dd6a9cfdb25a9429179b11607,ea4015a2296ff237aa2c88face657791d556fb38939868186881f698c485ad44,CoinMiner,ea4015a2296ff237aa2c88face657791d556fb38939868186881f698c485ad44.exe,exe,2026-08-25 23:15:38,MalwareBazaar
SHA-256,ea4015a2296ff237aa2c88face657791d556fb38939868186881f698c485ad44,ea4015a2296ff237aa2c88face657791d556fb38939868186881f698c485ad44,CoinMiner,ea4015a2296ff237aa2c88face657791d556fb38939868186881f698c485ad44.exe,exe,2026-08-25 23:15:38,MalwareBazaar
SHA3-384,f2bb0268e6099d3c33d8242b7065fa7a94d46caab79fb9657155a7e41296e781204b64a7d139862b661085c2c315883b,ea4015a2296ff237aa2c88face657791d556fb38939868186881f698c485ad44,CoinMiner,ea4015a2296ff237aa2c88face657791d556fb38939868186881f698c485ad44.exe,exe,2026-08-25 23:15:38,MalwareBazaar
IMPHASH,949ec789a5933fb6051c9013a550fb57,ea4015a2296ff237aa2c88face657791d556fb38939868186881f698c485ad44,CoinMiner,ea4015a2296ff237aa2c88face657791d556fb38939868186881f698c485ad44.exe,exe,2026-08-25 23:15:38,MalwareBazaar
TLSH,T14F36339664DAD578C0A7CB7457A2217E733E7BE909A4FD027ACC26100E57F049A3E7C2,ea4015a2296ff237aa2c88face657791d556fb38939868186881f698c485ad44,CoinMiner,ea4015a2296ff237aa2c88face657791d556fb38939868186881f698c485ad44.exe,exe,2026-08-25 23:15:38,MalwareBazaar
SSDEEP,98304:g7MfJIvwimegk6eJLGoxx4FM5EIHb3Dt7msBNdca1CJ7WK6:g7MfKv1ykBlr+MpbF9+9,ea4015a2296ff237aa2c88face657791d556fb38939868186881f698c485ad44,CoinMiner,ea4015a2296ff237aa2c88face657791d556fb38939868186881f698c485ad44.exe,exe,2026-08-25 23:15:38,MalwareBazaar
MD5,b07d4f03ef27e9b319075b7dcadfff92,0484dc1c63d66c55553ecc86cd23fabe850fa6a8569afc86948451000e350927,unknown,file,exe,2026-08-25 23:14:55,MalwareBazaar
SHA-1,94b9993c340394c8e5c04157376c81a54afb9c53,0484dc1c63d66c55553ecc86cd23fabe850fa6a8569afc86948451000e350927,unknown,file,exe,2026-08-25 23:14:55,MalwareBazaar
SHA-256,0484dc1c63d66c55553ecc86cd23fabe850fa6a8569afc86948451000e350927,0484dc1c63d66c55553ecc86cd23fabe850fa6a8569afc86948451000e350927,unknown,file,exe,2026-08-25 23:14:55,MalwareBazaar
SHA3-384,36e2bb46f6de1a8dacd86c4cca6f535bdc549348abb59e4767d9ad27d45d70f7491b967d1f6d845c154cd3abf7590b39,0484dc1c63d66c55553ecc86cd23fabe850fa6a8569afc86948451000e350927,unknown,file,exe,2026-08-25 23:14:55,MalwareBazaar
IMPHASH,90e3122a4db20145ce7aae68c04cb760,0484dc1c63d66c55553ecc86cd23fabe850fa6a8569afc86948451000e350927,unknown,file,exe,2026-08-25 23:14:55,MalwareBazaar
TLSH,T1EB563395ACB36942C6E37078866B5817FF96EB85DE49052138E942C7BC48BFDC3E121C,0484dc1c63d66c55553ecc86cd23fabe850fa6a8569afc86948451000e350927,unknown,file,exe,2026-08-25 23:14:55,MalwareBazaar
SSDEEP,98304:VVctOhwwdm60qKgNGdwlBK1d2YRnon6swnWltQGPXQpUOpjrbqltKR2yWqtnYTvy:Pct+bU60q5Gdk4d2YinJwnW/XEpjUKR9,0484dc1c63d66c55553ecc86cd23fabe850fa6a8569afc86948451000e350927,unknown,file,exe,2026-08-25 23:14:55,MalwareBazaar
ICON-DHASH,30f0f0e8e8f0f030,0484dc1c63d66c55553ecc86cd23fabe850fa6a8569afc86948451000e350927,unknown,file,exe,2026-08-25 23:14:55,MalwareBazaar
MD5,92917a222a904a29e937433bd0440f00,9f95d0c61e08c7f2de608fac68b15349d8cae6d9e33c1976290c121190c1a30b,unknown,file,exe,2026-08-25 22:59:25,MalwareBazaar
SHA-1,35dca678399b9129108fc583e575d593b6132825,9f95d0c61e08c7f2de608fac68b15349d8cae6d9e33c1976290c121190c1a30b,unknown,file,exe,2026-08-25 22:59:25,MalwareBazaar
SHA-256,9f95d0c61e08c7f2de608fac68b15349d8cae6d9e33c1976290c121190c1a30b,9f95d0c61e08c7f2de608fac68b15349d8cae6d9e33c1976290c121190c1a30b,unknown,file,exe,2026-08-25 22:59:25,MalwareBazaar
SHA3-384,a8d430f3e17ec03a92cf8db91e22bd797f4a63c22dd5e7850bb7a32b298a751c101cdab5a06e1096efd69d9f87eddf85,9f95d0c61e08c7f2de608fac68b15349d8cae6d9e33c1976290c121190c1a30b,unknown,file,exe,2026-08-25 22:59:25,MalwareBazaar
IMPHASH,f38e87823ace3828d51794670d1973a2,9f95d0c61e08c7f2de608fac68b15349d8cae6d9e33c1976290c121190c1a30b,unknown,file,exe,2026-08-25 22:59:25,MalwareBazaar
TLSH,T143E36C1BB7A530F5E0B78374C8610A46E7B2B83507619B9F07A447362F272D19E3EB61,9f95d0c61e08c7f2de608fac68b15349d8cae6d9e33c1976290c121190c1a30b,unknown,file,exe,2026-08-25 22:59:25,MalwareBazaar
SSDEEP,3072:bK17nDSctHyqK/7yF6P4Er/0SPRpgggC3:q7DSGHI+6P4EM8grI,9f95d0c61e08c7f2de608fac68b15349d8cae6d9e33c1976290c121190c1a30b,unknown,file,exe,2026-08-25 22:59:25,MalwareBazaar
MD5,f194946d286c1f5778bf5bcc4feb80fa,6c7fc234ac22ff244dfd220abdf1de3e987a4e785f65dd5a0bff1c639521a10b,unknown,333.mp4,unknown,2026-08-25 22:54:23,MalwareBazaar
SHA-256,6c7fc234ac22ff244dfd220abdf1de3e987a4e785f65dd5a0bff1c639521a10b,6c7fc234ac22ff244dfd220abdf1de3e987a4e785f65dd5a0bff1c639521a10b,unknown,333.mp4,unknown,2026-08-25 22:54:23,MalwareBazaar
MD5,0bf67dad9ba857181782e4bc1c7edf00,677c58be0bb7fc7acae4e47856b27eab1b8d1742034d7ba0f0d378c6b0c90f36,Mirai,079773c24b5ec1a11017b52b079b0620b475d8c78bc03310f5a94dcf0c97b869.elf,elf,2026-08-25 22:46:21,MalwareBazaar
SHA-1,110a0056cf2e4ad43210da149f2fa03bc412e86c,677c58be0bb7fc7acae4e47856b27eab1b8d1742034d7ba0f0d378c6b0c90f36,Mirai,079773c24b5ec1a11017b52b079b0620b475d8c78bc03310f5a94dcf0c97b869.elf,elf,2026-08-25 22:46:21,MalwareBazaar
SHA-256,677c58be0bb7fc7acae4e47856b27eab1b8d1742034d7ba0f0d378c6b0c90f36,677c58be0bb7fc7acae4e47856b27eab1b8d1742034d7ba0f0d378c6b0c90f36,Mirai,079773c24b5ec1a11017b52b079b0620b475d8c78bc03310f5a94dcf0c97b869.elf,elf,2026-08-25 22:46:21,MalwareBazaar
SHA3-384,f7a2d4941bff639d7c3c321479c3670675a6d14c1b0b143415d77796d863eb8d2ca96940f3833d78351b794d3cdcda09,677c58be0bb7fc7acae4e47856b27eab1b8d1742034d7ba0f0d378c6b0c90f36,Mirai,079773c24b5ec1a11017b52b079b0620b475d8c78bc03310f5a94dcf0c97b869.elf,elf,2026-08-25 22:46:21,MalwareBazaar
TLSH,T180140856E9819B16D5C215BAFF0E128D33131B78E3EE72139E246F34778A87B0E3A505,677c58be0bb7fc7acae4e47856b27eab1b8d1742034d7ba0f0d378c6b0c90f36,Mirai,079773c24b5ec1a11017b52b079b0620b475d8c78bc03310f5a94dcf0c97b869.elf,elf,2026-08-25 22:46:21,MalwareBazaar
TELFHASH,t1e0f0ac62efa412fcd7c44881c166bd365aee3189430138a1828caecfbc07de6f01843b,677c58be0bb7fc7acae4e47856b27eab1b8d1742034d7ba0f0d378c6b0c90f36,Mirai,079773c24b5ec1a11017b52b079b0620b475d8c78bc03310f5a94dcf0c97b869.elf,elf,2026-08-25 22:46:21,MalwareBazaar
SSDEEP,3072:cozfYCr1pMUJbdiFjbHEYLeK5Q6mQzFk04AtWOHm0SamJ06FD/R4wKGalZW1/VqR:cozfzpMUJbdiZE8eK5OIFdtFmDaT6FFS,677c58be0bb7fc7acae4e47856b27eab1b8d1742034d7ba0f0d378c6b0c90f36,Mirai,079773c24b5ec1a11017b52b079b0620b475d8c78bc03310f5a94dcf0c97b869.elf,elf,2026-08-25 22:46:21,MalwareBazaar
MD5,5644e07d151d4aafbe77cdc21d9f2fe3,53b6ea73b3e5be8a53f1f52c5b7bf2fc61e4a88107f7647df05508e21cf03936,Mirai,6d1980264ad50a9b13c9e2cf632118a686004f6c806d53023b200ade50eefc42.elf,elf,2026-08-25 22:46:18,MalwareBazaar
SHA-1,34a0ce9526f380847ad7f4bf7278d2aaaeb97f16,53b6ea73b3e5be8a53f1f52c5b7bf2fc61e4a88107f7647df05508e21cf03936,Mirai,6d1980264ad50a9b13c9e2cf632118a686004f6c806d53023b200ade50eefc42.elf,elf,2026-08-25 22:46:18,MalwareBazaar
SHA-256,53b6ea73b3e5be8a53f1f52c5b7bf2fc61e4a88107f7647df05508e21cf03936,53b6ea73b3e5be8a53f1f52c5b7bf2fc61e4a88107f7647df05508e21cf03936,Mirai,6d1980264ad50a9b13c9e2cf632118a686004f6c806d53023b200ade50eefc42.elf,elf,2026-08-25 22:46:18,MalwareBazaar
SHA3-384,cf4b0777823fdc1819a612a5acb42e7c7d726998f318c9a8f9fd232d4047f4eb29ffde12fa80ec7231ecac37bb0264a9,53b6ea73b3e5be8a53f1f52c5b7bf2fc61e4a88107f7647df05508e21cf03936,Mirai,6d1980264ad50a9b13c9e2cf632118a686004f6c806d53023b200ade50eefc42.elf,elf,2026-08-25 22:46:18,MalwareBazaar
TLSH,T13934E90AAB660EFBE86FDD3706E90B0525CCA40722A83F797274D514F54B64B49E3C78,53b6ea73b3e5be8a53f1f52c5b7bf2fc61e4a88107f7647df05508e21cf03936,Mirai,6d1980264ad50a9b13c9e2cf632118a686004f6c806d53023b200ade50eefc42.elf,elf,2026-08-25 22:46:18,MalwareBazaar
SSDEEP,3072:ORYEjGa/jqEe+57MdQuKQLyakPnUCp4IjsV04H29mx:sdbqi7M8QLyvUBIjsV0V9m,53b6ea73b3e5be8a53f1f52c5b7bf2fc61e4a88107f7647df05508e21cf03936,Mirai,6d1980264ad50a9b13c9e2cf632118a686004f6c806d53023b200ade50eefc42.elf,elf,2026-08-25 22:46:18,MalwareBazaar
MD5,a47365c301951c9fe6a9ace9fbfcba35,079773c24b5ec1a11017b52b079b0620b475d8c78bc03310f5a94dcf0c97b869,Mirai,079773c24b5ec1a11017b52b079b0620b475d8c78bc03310f5a94dcf0c97b869.elf,elf,2026-08-25 22:46:01,MalwareBazaar
SHA-1,b17de009ea6108e4e023c356f0029968aee02b9e,079773c24b5ec1a11017b52b079b0620b475d8c78bc03310f5a94dcf0c97b869,Mirai,079773c24b5ec1a11017b52b079b0620b475d8c78bc03310f5a94dcf0c97b869.elf,elf,2026-08-25 22:46:01,MalwareBazaar
SHA-256,079773c24b5ec1a11017b52b079b0620b475d8c78bc03310f5a94dcf0c97b869,079773c24b5ec1a11017b52b079b0620b475d8c78bc03310f5a94dcf0c97b869,Mirai,079773c24b5ec1a11017b52b079b0620b475d8c78bc03310f5a94dcf0c97b869.elf,elf,2026-08-25 22:46:01,MalwareBazaar
SHA3-384,4b4af3273ea68faa275447c68249274f938407f7df16fc0f047a89e873ac9110ddb1d5daba80e0b7fd2101cc26c77581,079773c24b5ec1a11017b52b079b0620b475d8c78bc03310f5a94dcf0c97b869,Mirai,079773c24b5ec1a11017b52b079b0620b475d8c78bc03310f5a94dcf0c97b869.elf,elf,2026-08-25 22:46:01,MalwareBazaar
TLSH,T13D7302E0BDDD68B2EE8219F9CC5BAD4571D01B75C905FABD13800271EB8716AEC39286,079773c24b5ec1a11017b52b079b0620b475d8c78bc03310f5a94dcf0c97b869,Mirai,079773c24b5ec1a11017b52b079b0620b475d8c78bc03310f5a94dcf0c97b869.elf,elf,2026-08-25 22:46:01,MalwareBazaar
SSDEEP,1536:/VKsPBsY8jGDpkceW2plI6IrQ2Co0CXuzpbNmjLi:IsPBR8jBcePg6IrQ2/juzpJmjLi,079773c24b5ec1a11017b52b079b0620b475d8c78bc03310f5a94dcf0c97b869,Mirai,079773c24b5ec1a11017b52b079b0620b475d8c78bc03310f5a94dcf0c97b869.elf,elf,2026-08-25 22:46:01,MalwareBazaar
MD5,e1658143dbd923b8619c06930637f729,f671079505d427051ffd07feb8a7d9662c857c2a8b547e341e1823ad0673ad6a,Mirai,f671079505d427051ffd07feb8a7d9662c857c2a8b547e341e1823ad0673ad6a.elf,elf,2026-08-25 22:45:56,MalwareBazaar
SHA-1,e83d6fd193a885c3d5d8810739e4b3e2ea30e016,f671079505d427051ffd07feb8a7d9662c857c2a8b547e341e1823ad0673ad6a,Mirai,f671079505d427051ffd07feb8a7d9662c857c2a8b547e341e1823ad0673ad6a.elf,elf,2026-08-25 22:45:56,MalwareBazaar
SHA-256,f671079505d427051ffd07feb8a7d9662c857c2a8b547e341e1823ad0673ad6a,f671079505d427051ffd07feb8a7d9662c857c2a8b547e341e1823ad0673ad6a,Mirai,f671079505d427051ffd07feb8a7d9662c857c2a8b547e341e1823ad0673ad6a.elf,elf,2026-08-25 22:45:56,MalwareBazaar
SHA3-384,0a6a3edd0404e4f57bb4f1649e23e1ae55694d775a306ab64a8a274f93f48672f948b8c4f8b8888ebd4b6445cf16e1c9,f671079505d427051ffd07feb8a7d9662c857c2a8b547e341e1823ad0673ad6a,Mirai,f671079505d427051ffd07feb8a7d9662c857c2a8b547e341e1823ad0673ad6a.elf,elf,2026-08-25 22:45:56,MalwareBazaar
TLSH,T184F36B63CC296F98C925D9B0B0B0DF7A1B53A960814B5FBB54BBC2758087D8DF5093B8,f671079505d427051ffd07feb8a7d9662c857c2a8b547e341e1823ad0673ad6a,Mirai,f671079505d427051ffd07feb8a7d9662c857c2a8b547e341e1823ad0673ad6a.elf,elf,2026-08-25 22:45:56,MalwareBazaar
SSDEEP,3072:2BdfH4UI7A456yiUut7x8MzvX1FQ5IIaigWiPrv5sZFDHr:2ffj25HiUut7x/zdFKFpiPlsz/,f671079505d427051ffd07feb8a7d9662c857c2a8b547e341e1823ad0673ad6a,Mirai,f671079505d427051ffd07feb8a7d9662c857c2a8b547e341e1823ad0673ad6a.elf,elf,2026-08-25 22:45:56,MalwareBazaar
MD5,c72757b9aab3b4bae43c26d07e683d59,6437fefc7962e6ad12dd2aa700a86b26f8a2536eb8752c550f5465067d0f4261,Mirai,6437fefc7962e6ad12dd2aa700a86b26f8a2536eb8752c550f5465067d0f4261.elf,elf,2026-08-25 22:45:49,MalwareBazaar
SHA-1,a3378eebaa8b553be82a67d272c5f74dd2ac0d91,6437fefc7962e6ad12dd2aa700a86b26f8a2536eb8752c550f5465067d0f4261,Mirai,6437fefc7962e6ad12dd2aa700a86b26f8a2536eb8752c550f5465067d0f4261.elf,elf,2026-08-25 22:45:49,MalwareBazaar
SHA-256,6437fefc7962e6ad12dd2aa700a86b26f8a2536eb8752c550f5465067d0f4261,6437fefc7962e6ad12dd2aa700a86b26f8a2536eb8752c550f5465067d0f4261,Mirai,6437fefc7962e6ad12dd2aa700a86b26f8a2536eb8752c550f5465067d0f4261.elf,elf,2026-08-25 22:45:49,MalwareBazaar
SHA3-384,f24d2b5b5859f5f7f2308c4cd02eba82ff4881e6c3fef9bfc079ae53b5e2e5fcad20be767508bb7bcdcd576c112b1d0b,6437fefc7962e6ad12dd2aa700a86b26f8a2536eb8752c550f5465067d0f4261,Mirai,6437fefc7962e6ad12dd2aa700a86b26f8a2536eb8752c550f5465067d0f4261.elf,elf,2026-08-25 22:45:49,MalwareBazaar
TLSH,T12F835B23D5B9AD05CAE0B57702E703B3D1DBA7045298DA4FBDA00E6DCF1B3902D66B58,6437fefc7962e6ad12dd2aa700a86b26f8a2536eb8752c550f5465067d0f4261,Mirai,6437fefc7962e6ad12dd2aa700a86b26f8a2536eb8752c550f5465067d0f4261.elf,elf,2026-08-25 22:45:49,MalwareBazaar
TELFHASH,t10801cb05e8798a2d09e39930dd28479291538a3261a1c739ef54d6d0993e115f118e0f,6437fefc7962e6ad12dd2aa700a86b26f8a2536eb8752c550f5465067d0f4261,Mirai,6437fefc7962e6ad12dd2aa700a86b26f8a2536eb8752c550f5465067d0f4261.elf,elf,2026-08-25 22:45:49,MalwareBazaar
SSDEEP,1536:hTlEr9n4nEW/3r9n4nY9R2UQZ2KqxMin/v98MG29r+BO5WhAulHC9Z4G2U8z3d:hTlEr94Eq3r94GZQZ2KqxXtG29/fkz3d,6437fefc7962e6ad12dd2aa700a86b26f8a2536eb8752c550f5465067d0f4261,Mirai,6437fefc7962e6ad12dd2aa700a86b26f8a2536eb8752c550f5465067d0f4261.elf,elf,2026-08-25 22:45:49,MalwareBazaar
MD5,f19ed339a03d0d0b95e1c442b1cef89d,6d1980264ad50a9b13c9e2cf632118a686004f6c806d53023b200ade50eefc42,Mirai,6d1980264ad50a9b13c9e2cf632118a686004f6c806d53023b200ade50eefc42.elf,elf,2026-08-25 22:45:43,MalwareBazaar
SHA-1,8c1a18729aedb5187954a87dc948084a8280465b,6d1980264ad50a9b13c9e2cf632118a686004f6c806d53023b200ade50eefc42,Mirai,6d1980264ad50a9b13c9e2cf632118a686004f6c806d53023b200ade50eefc42.elf,elf,2026-08-25 22:45:43,MalwareBazaar
SHA-256,6d1980264ad50a9b13c9e2cf632118a686004f6c806d53023b200ade50eefc42,6d1980264ad50a9b13c9e2cf632118a686004f6c806d53023b200ade50eefc42,Mirai,6d1980264ad50a9b13c9e2cf632118a686004f6c806d53023b200ade50eefc42.elf,elf,2026-08-25 22:45:43,MalwareBazaar
SHA3-384,084e0f23a65882f1aec793dd7135f9cd2d3e507543d428e5026b5fd3061dd2363335c94e215ba6e51a6e8d9c6227049a,6d1980264ad50a9b13c9e2cf632118a686004f6c806d53023b200ade50eefc42,Mirai,6d1980264ad50a9b13c9e2cf632118a686004f6c806d53023b200ade50eefc42.elf,elf,2026-08-25 22:45:43,MalwareBazaar
TLSH,T19A73025FE0A0A86FF95E4C7DD0CA37A9E217B484B9E7EEDA13101CE4DC91E596C0185C,6d1980264ad50a9b13c9e2cf632118a686004f6c806d53023b200ade50eefc42,Mirai,6d1980264ad50a9b13c9e2cf632118a686004f6c806d53023b200ade50eefc42.elf,elf,2026-08-25 22:45:43,MalwareBazaar
SSDEEP,1536:ZY7DfJpt4okl3Ds/PQRfV+gRSJEMj5ueJRHApuBqgCmMYGUnytf6dCgaktI:2fJtklsPQn7RSJEILMeyPYGQwtSI,6d1980264ad50a9b13c9e2cf632118a686004f6c806d53023b200ade50eefc42,Mirai,6d1980264ad50a9b13c9e2cf632118a686004f6c806d53023b200ade50eefc42.elf,elf,2026-08-25 22:45:43,MalwareBazaar
MD5,3ce1e3ad517955b5c4b0355338bada7c,0398098b2c44c48a936b884b4e3fc8f85c60ec71181f7d92f1edf17712964919,Mirai,ce14241750eefd81b13122df631a1d1da55e3ebff0493bd9865a07bde883ae7e.elf,elf,2026-08-25 22:41:16,MalwareBazaar
SHA-1,c529cbc51a852cc7531277e650bf6dd72b0dc8c9,0398098b2c44c48a936b884b4e3fc8f85c60ec71181f7d92f1edf17712964919,Mirai,ce14241750eefd81b13122df631a1d1da55e3ebff0493bd9865a07bde883ae7e.elf,elf,2026-08-25 22:41:16,MalwareBazaar
SHA-256,0398098b2c44c48a936b884b4e3fc8f85c60ec71181f7d92f1edf17712964919,0398098b2c44c48a936b884b4e3fc8f85c60ec71181f7d92f1edf17712964919,Mirai,ce14241750eefd81b13122df631a1d1da55e3ebff0493bd9865a07bde883ae7e.elf,elf,2026-08-25 22:41:16,MalwareBazaar
SHA3-384,294dc9d2a4af71283749d44a2c4fa73eefef2bd372e01b3c0dd228bec53f00a3db603bf059ccb4849b490cee0463a546,0398098b2c44c48a936b884b4e3fc8f85c60ec71181f7d92f1edf17712964919,Mirai,ce14241750eefd81b13122df631a1d1da55e3ebff0493bd9865a07bde883ae7e.elf,elf,2026-08-25 22:41:16,MalwareBazaar
TLSH,T111C36C46F783E0F0DD5A06F0115BFB3A4A35DD321025DE5ADBA0FDB6AD72642A11A32C,0398098b2c44c48a936b884b4e3fc8f85c60ec71181f7d92f1edf17712964919,Mirai,ce14241750eefd81b13122df631a1d1da55e3ebff0493bd9865a07bde883ae7e.elf,elf,2026-08-25 22:41:16,MalwareBazaar
TELFHASH,t1345106b9aee51dd87be0980581cf4b70da2ce67f395039b947f22a5533b2b019176c38,0398098b2c44c48a936b884b4e3fc8f85c60ec71181f7d92f1edf17712964919,Mirai,ce14241750eefd81b13122df631a1d1da55e3ebff0493bd9865a07bde883ae7e.elf,elf,2026-08-25 22:41:16,MalwareBazaar
SSDEEP,3072:CBogAbZ5rMjAshRcmrVXUXyViquLBCOrB6Kpsbr++VM:JVLQWXwiqufcD+/,0398098b2c44c48a936b884b4e3fc8f85c60ec71181f7d92f1edf17712964919,Mirai,ce14241750eefd81b13122df631a1d1da55e3ebff0493bd9865a07bde883ae7e.elf,elf,2026-08-25 22:41:16,MalwareBazaar
MD5,8db375f9d70cc439f7d8b66b2b3a5236,ce14241750eefd81b13122df631a1d1da55e3ebff0493bd9865a07bde883ae7e,Mirai,ce14241750eefd81b13122df631a1d1da55e3ebff0493bd9865a07bde883ae7e.elf,elf,2026-08-25 22:40:41,MalwareBazaar
SHA-1,3ffdfb92ea0a6cded4f5a48e06c5115865df96f2,ce14241750eefd81b13122df631a1d1da55e3ebff0493bd9865a07bde883ae7e,Mirai,ce14241750eefd81b13122df631a1d1da55e3ebff0493bd9865a07bde883ae7e.elf,elf,2026-08-25 22:40:41,MalwareBazaar
SHA-256,ce14241750eefd81b13122df631a1d1da55e3ebff0493bd9865a07bde883ae7e,ce14241750eefd81b13122df631a1d1da55e3ebff0493bd9865a07bde883ae7e,Mirai,ce14241750eefd81b13122df631a1d1da55e3ebff0493bd9865a07bde883ae7e.elf,elf,2026-08-25 22:40:41,MalwareBazaar
SHA3-384,37376edc9b7fae5220d350b773b17d17aebc37faa3f6dac48fdc334d950bbf21cd379732aad1fd28b222943188a965da,ce14241750eefd81b13122df631a1d1da55e3ebff0493bd9865a07bde883ae7e,Mirai,ce14241750eefd81b13122df631a1d1da55e3ebff0493bd9865a07bde883ae7e.elf,elf,2026-08-25 22:40:41,MalwareBazaar
TLSH,T104530111AD9E6AC2C77342351DBA308912D19A0AB7AB5379F9D4BC23D0067B9CF248D3,ce14241750eefd81b13122df631a1d1da55e3ebff0493bd9865a07bde883ae7e,Mirai,ce14241750eefd81b13122df631a1d1da55e3ebff0493bd9865a07bde883ae7e.elf,elf,2026-08-25 22:40:41,MalwareBazaar
SSDEEP,1536:/8/hj5tq0CvCQkZ37CrbTYPzUAqGAmQedBxWQoK/osnouy8LzkkE:/8BXCvZK3WfTY4AkmRxWD2/outUkE,ce14241750eefd81b13122df631a1d1da55e3ebff0493bd9865a07bde883ae7e,Mirai,ce14241750eefd81b13122df631a1d1da55e3ebff0493bd9865a07bde883ae7e.elf,elf,2026-08-25 22:40:41,MalwareBazaar
MD5,c1146b700029c334523c2c1bdfcf0f51,cf052a2c00dce756f16d06db530723c6e9d9384063a70aeb1ee23af3cbd83b57,Mirai,putita.ppc,elf,2026-08-25 22:13:16,MalwareBazaar
SHA-1,8eccbeefb2456d3968a2927ca0f808c4bd6f48ae,cf052a2c00dce756f16d06db530723c6e9d9384063a70aeb1ee23af3cbd83b57,Mirai,putita.ppc,elf,2026-08-25 22:13:16,MalwareBazaar
SHA-256,cf052a2c00dce756f16d06db530723c6e9d9384063a70aeb1ee23af3cbd83b57,cf052a2c00dce756f16d06db530723c6e9d9384063a70aeb1ee23af3cbd83b57,Mirai,putita.ppc,elf,2026-08-25 22:13:16,MalwareBazaar
SHA3-384,7fa21a342366220483a774a83cb89c0cf0c6f62cd81019656aae320400db5f9f7aec9f3a051937c8de47915b519e10f7,cf052a2c00dce756f16d06db530723c6e9d9384063a70aeb1ee23af3cbd83b57,Mirai,putita.ppc,elf,2026-08-25 22:13:16,MalwareBazaar
TLSH,T1AB147E02FB184553C6925EB04E7B07BAD36DC9D30CBAE11D290BBB1617335FA9197B88,cf052a2c00dce756f16d06db530723c6e9d9384063a70aeb1ee23af3cbd83b57,Mirai,putita.ppc,elf,2026-08-25 22:13:16,MalwareBazaar
SSDEEP,6144:5NSp16ltvGZxO2UwkiAM2gb4JMnKdXONX+/fX:5QsZ5tC4/fX,cf052a2c00dce756f16d06db530723c6e9d9384063a70aeb1ee23af3cbd83b57,Mirai,putita.ppc,elf,2026-08-25 22:13:16,MalwareBazaar
MD5,b815b0b04c6b5e70da18f4f9394a523e,4726abf9608a8384d8448d06ea2a9c0ffc990597f770567efb4418168dfdc090,Mirai,putita.ppc,elf,2026-08-25 22:12:36,MalwareBazaar
SHA-1,405121a33a4f74da8cf431faba5d43c6d9912289,4726abf9608a8384d8448d06ea2a9c0ffc990597f770567efb4418168dfdc090,Mirai,putita.ppc,elf,2026-08-25 22:12:36,MalwareBazaar
SHA-256,4726abf9608a8384d8448d06ea2a9c0ffc990597f770567efb4418168dfdc090,4726abf9608a8384d8448d06ea2a9c0ffc990597f770567efb4418168dfdc090,Mirai,putita.ppc,elf,2026-08-25 22:12:36,MalwareBazaar
SHA3-384,909022ab296337c02c8f25f611383ff1b553db62bd23d42cba3d63257f50d040cc932ed2f49f94e5dc7c2aceb41815c8,4726abf9608a8384d8448d06ea2a9c0ffc990597f770567efb4418168dfdc090,Mirai,putita.ppc,elf,2026-08-25 22:12:36,MalwareBazaar
TLSH,T10D630213C9169E92E72F98F52847D441BB7429393A628D93BBDC7CA0B32B47311E86D4,4726abf9608a8384d8448d06ea2a9c0ffc990597f770567efb4418168dfdc090,Mirai,putita.ppc,elf,2026-08-25 22:12:36,MalwareBazaar
SSDEEP,1536:HpYhjpV8attGlBOKgUVY6xk6vk6Es2kU5Rm4u+qgw0rg0:JCqOKgU+kxk9m4u+qgwI,4726abf9608a8384d8448d06ea2a9c0ffc990597f770567efb4418168dfdc090,Mirai,putita.ppc,elf,2026-08-25 22:12:36,MalwareBazaar
MD5,c9b839ff87ede61eb21fe90c19a50449,13d253c14c9456f3056f2e1afba2ef838a0e16abff0511fa17b15ddc3c86ab94,Mirai,debug.dbg,elf,2026-08-25 22:05:29,MalwareBazaar
SHA-1,5655a95848ac1fb88928f540a36cc7781c8ff9e4,13d253c14c9456f3056f2e1afba2ef838a0e16abff0511fa17b15ddc3c86ab94,Mirai,debug.dbg,elf,2026-08-25 22:05:29,MalwareBazaar
SHA-256,13d253c14c9456f3056f2e1afba2ef838a0e16abff0511fa17b15ddc3c86ab94,13d253c14c9456f3056f2e1afba2ef838a0e16abff0511fa17b15ddc3c86ab94,Mirai,debug.dbg,elf,2026-08-25 22:05:29,MalwareBazaar
SHA3-384,723c9d1c124a02c434f39bc24c04b585171d491d0119e0dffa1cc91660594f265e90d913a1b20ea2940bdf51346b4b46,13d253c14c9456f3056f2e1afba2ef838a0e16abff0511fa17b15ddc3c86ab94,Mirai,debug.dbg,elf,2026-08-25 22:05:29,MalwareBazaar
TLSH,T194F36BC169A3D0F1EA534A7A436F93169B36D0370219D941FB2E28347F06151E7BBB9C,13d253c14c9456f3056f2e1afba2ef838a0e16abff0511fa17b15ddc3c86ab94,Mirai,debug.dbg,elf,2026-08-25 22:05:29,MalwareBazaar
TELFHASH,t14f611df56e7a08e9b780ac01e28e6f127e0d6b7b142076b644f3557532bbe4145bbc34,13d253c14c9456f3056f2e1afba2ef838a0e16abff0511fa17b15ddc3c86ab94,Mirai,debug.dbg,elf,2026-08-25 22:05:29,MalwareBazaar
SSDEEP,3072:2q7TZXJ6vhtmjul2/odRP4RPZrJS6Q7hgmGu1EssMZc/T03ImIys61X1h5oqK:LJXJ6vfmjMLgoXgmrEssMOgh5oq,13d253c14c9456f3056f2e1afba2ef838a0e16abff0511fa17b15ddc3c86ab94,Mirai,debug.dbg,elf,2026-08-25 22:05:29,MalwareBazaar
MD5,459d17755ebae6e382061cfc9ade04df,f454fb057a70c17d31188a53caa79c1a6c559d409e63e7c2d5f0025a0c8686f0,unknown,ok,sh,2026-08-25 22:02:24,MalwareBazaar
SHA-1,86dd30f039097b1b8f33537c9a8569d46a241fee,f454fb057a70c17d31188a53caa79c1a6c559d409e63e7c2d5f0025a0c8686f0,unknown,ok,sh,2026-08-25 22:02:24,MalwareBazaar
SHA-256,f454fb057a70c17d31188a53caa79c1a6c559d409e63e7c2d5f0025a0c8686f0,f454fb057a70c17d31188a53caa79c1a6c559d409e63e7c2d5f0025a0c8686f0,unknown,ok,sh,2026-08-25 22:02:24,MalwareBazaar
SHA3-384,16912c0ae64ffcb6ff239ffb10c286672353dafd1c7f67a6eb64330235635fa396602ada1a1a3d53b2026205ce33c308,f454fb057a70c17d31188a53caa79c1a6c559d409e63e7c2d5f0025a0c8686f0,unknown,ok,sh,2026-08-25 22:02:24,MalwareBazaar
TLSH,T12F31629B10141E351012CACD76B6359CB24EAAFB3D9FC7E4994C0DAD938878CF591B4A,f454fb057a70c17d31188a53caa79c1a6c559d409e63e7c2d5f0025a0c8686f0,unknown,ok,sh,2026-08-25 22:02:24,MalwareBazaar
SSDEEP,24:/hMZ4gBt0xkwSw7CkZgWqUDSZKEWuWBHmamXkdXdKR:FgwxkzBIg5UTEnGHdmENE,f454fb057a70c17d31188a53caa79c1a6c559d409e63e7c2d5f0025a0c8686f0,unknown,ok,sh,2026-08-25 22:02:24,MalwareBazaar
MD5,84f681a1ce98cf32cebc86d2ad3cc9a1,02e3fad4ff84e80b387a30498768e8bc18431ae2299bfe05b049a467bd3e3c1b,Mirai,armv7l,elf,2026-08-25 22:01:25,MalwareBazaar
SHA-1,f2753f4daac470af86252d5a6ddd075bdc9cec63,02e3fad4ff84e80b387a30498768e8bc18431ae2299bfe05b049a467bd3e3c1b,Mirai,armv7l,elf,2026-08-25 22:01:25,MalwareBazaar
SHA-256,02e3fad4ff84e80b387a30498768e8bc18431ae2299bfe05b049a467bd3e3c1b,02e3fad4ff84e80b387a30498768e8bc18431ae2299bfe05b049a467bd3e3c1b,Mirai,armv7l,elf,2026-08-25 22:01:25,MalwareBazaar
SHA3-384,7258f1c6b8588d9618606eee1133cc1f21077bfec01cc94ff33b5a03a6cbc150973f0eea5cee6dfdf956f47ef01de0d6,02e3fad4ff84e80b387a30498768e8bc18431ae2299bfe05b049a467bd3e3c1b,Mirai,armv7l,elf,2026-08-25 22:01:25,MalwareBazaar
TLSH,T13CF30759EC81AB01D9D625FAFE4E028933630778E3EE71129E245F2523CAA5F0F7B505,02e3fad4ff84e80b387a30498768e8bc18431ae2299bfe05b049a467bd3e3c1b,Mirai,armv7l,elf,2026-08-25 22:01:25,MalwareBazaar
TELFHASH,t163212611e98439ac33cc4139c4ff5335687435ec3b291d65a33eb66e5f53cd1652880a,02e3fad4ff84e80b387a30498768e8bc18431ae2299bfe05b049a467bd3e3c1b,Mirai,armv7l,elf,2026-08-25 22:01:25,MalwareBazaar
SSDEEP,3072:Nw85fxt6nZpHRRcn8XiV+oTUxw+pl/ELm3x3cHxA5+l7a2pNT7X1yvTu6Ufoxs0M:Nw8576pHRRcn8XcAxxjfh3uxWca2pxXX,02e3fad4ff84e80b387a30498768e8bc18431ae2299bfe05b049a467bd3e3c1b,Mirai,armv7l,elf,2026-08-25 22:01:25,MalwareBazaar
MD5,7fe1788c1480611ad77ec2a8d570a330,d594184a06faa8d0efe4a128989c48f00bbeeff36387c92fdc3145c3fe2ccb79,Mirai,armv7l,elf,2026-08-25 22:00:53,MalwareBazaar
SHA-1,6db19d506f141dee8862e8cec1c1554d7139bee2,d594184a06faa8d0efe4a128989c48f00bbeeff36387c92fdc3145c3fe2ccb79,Mirai,armv7l,elf,2026-08-25 22:00:53,MalwareBazaar
SHA-256,d594184a06faa8d0efe4a128989c48f00bbeeff36387c92fdc3145c3fe2ccb79,d594184a06faa8d0efe4a128989c48f00bbeeff36387c92fdc3145c3fe2ccb79,Mirai,armv7l,elf,2026-08-25 22:00:53,MalwareBazaar
SHA3-384,b50eb6558cf459b356112664d5fafd84cf42da66b289bd7a2a90e8f3481893b2637fce49719b7a34fd0954a32b59efd6,d594184a06faa8d0efe4a128989c48f00bbeeff36387c92fdc3145c3fe2ccb79,Mirai,armv7l,elf,2026-08-25 22:00:53,MalwareBazaar
TLSH,T126630260ABBEE5111770D8F2C86C0D9B72133E635B9561CA64BD92A048127C27CFF927,d594184a06faa8d0efe4a128989c48f00bbeeff36387c92fdc3145c3fe2ccb79,Mirai,armv7l,elf,2026-08-25 22:00:53,MalwareBazaar
SSDEEP,1536:df5C1jX9lXBIO4truhB6XFbMKTnOuiMSlYgJXu9eJkdKFAjpenviFGqJaLG:JY1PXBIO44hB+LTOuivX8eLFAjpenvN8,d594184a06faa8d0efe4a128989c48f00bbeeff36387c92fdc3145c3fe2ccb79,Mirai,armv7l,elf,2026-08-25 22:00:53,MalwareBazaar
MD5,e0ce31f42872f97cba1b79f41b7b96d4,18d31c7a027f8dd95e8e75bc9b2dfd25a79d7311ae55977ab8cb55b86d5dd7bf,Mirai,putita.x86,elf,2026-08-25 21:57:21,MalwareBazaar
SHA-1,3e1a445080df87e7e64b1408f6985c63be6525d6,18d31c7a027f8dd95e8e75bc9b2dfd25a79d7311ae55977ab8cb55b86d5dd7bf,Mirai,putita.x86,elf,2026-08-25 21:57:21,MalwareBazaar
SHA-256,18d31c7a027f8dd95e8e75bc9b2dfd25a79d7311ae55977ab8cb55b86d5dd7bf,18d31c7a027f8dd95e8e75bc9b2dfd25a79d7311ae55977ab8cb55b86d5dd7bf,Mirai,putita.x86,elf,2026-08-25 21:57:21,MalwareBazaar
SHA3-384,9f36cc4b84d36e631b7888ffc09cf4e92ff52f025545310d6e61028e657b8575484bd9b14b5dd16a9dc49385d94ec708,18d31c7a027f8dd95e8e75bc9b2dfd25a79d7311ae55977ab8cb55b86d5dd7bf,Mirai,putita.x86,elf,2026-08-25 21:57:21,MalwareBazaar
TLSH,T185E36C8CFA0BD1F0F5D34073512B933FA3B689291136F566FF9A6B22DC32602545926E,18d31c7a027f8dd95e8e75bc9b2dfd25a79d7311ae55977ab8cb55b86d5dd7bf,Mirai,putita.x86,elf,2026-08-25 21:57:21,MalwareBazaar
SSDEEP,3072:AHhM/cRFEMb6mSls6LF1jSGoKNJoLNq7zavITND8NfLLjBm72:ABMkRLb6vNLF1jtxSUWINkfX1m72,18d31c7a027f8dd95e8e75bc9b2dfd25a79d7311ae55977ab8cb55b86d5dd7bf,Mirai,putita.x86,elf,2026-08-25 21:57:21,MalwareBazaar
MD5,b9909d763cbaeccf8add876ea48abed2,023fc9e49bca10e5d39539a199553d7899484f329bd9b7120e63a735e1e0ef3e,Mirai,armv4l,elf,2026-08-25 21:57:18,MalwareBazaar
SHA-1,83f1764583675e7596f951b806266603e86e36b1,023fc9e49bca10e5d39539a199553d7899484f329bd9b7120e63a735e1e0ef3e,Mirai,armv4l,elf,2026-08-25 21:57:18,MalwareBazaar
SHA-256,023fc9e49bca10e5d39539a199553d7899484f329bd9b7120e63a735e1e0ef3e,023fc9e49bca10e5d39539a199553d7899484f329bd9b7120e63a735e1e0ef3e,Mirai,armv4l,elf,2026-08-25 21:57:18,MalwareBazaar
SHA3-384,7d44620a1aa3182051599dd8001f2a591aab13ed9391a3d63aa4dd762f02eb3e08533c7152b2d26218067b00ed5ff8a0,023fc9e49bca10e5d39539a199553d7899484f329bd9b7120e63a735e1e0ef3e,Mirai,armv4l,elf,2026-08-25 21:57:18,MalwareBazaar
TLSH,T1B4040855FC418A16CAC366BBFB4E428D372A0768D3EE71039D256F21379B96B0E3B141,023fc9e49bca10e5d39539a199553d7899484f329bd9b7120e63a735e1e0ef3e,Mirai,armv4l,elf,2026-08-25 21:57:18,MalwareBazaar
TELFHASH,t1e82131528b4c39adaad8452442bf901722fc31ed273434867eae9a0faa639d1f13441e,023fc9e49bca10e5d39539a199553d7899484f329bd9b7120e63a735e1e0ef3e,Mirai,armv4l,elf,2026-08-25 21:57:18,MalwareBazaar
SSDEEP,3072:RCS85aI5i02Bm7vT6Gijw8c+BlvwM11QJhmlwjTx0AI9Se2FUWGY4Hr3:RCS8J5iHBm7vNiwL+UMD8hmlwXx0v9Xb,023fc9e49bca10e5d39539a199553d7899484f329bd9b7120e63a735e1e0ef3e,Mirai,armv4l,elf,2026-08-25 21:57:18,MalwareBazaar
MD5,b0ca596808a19499109405a3e671e5ec,1f94437d559fb268a5a784f04fc95485c090e2662788aa3c61595084b13b505f,Mirai,putita.x86,elf,2026-08-25 21:56:48,MalwareBazaar
SHA-1,b5b6cb84d4937a0d6d0bbebb7478fcfe1f6eaa77,1f94437d559fb268a5a784f04fc95485c090e2662788aa3c61595084b13b505f,Mirai,putita.x86,elf,2026-08-25 21:56:48,MalwareBazaar
SHA-256,1f94437d559fb268a5a784f04fc95485c090e2662788aa3c61595084b13b505f,1f94437d559fb268a5a784f04fc95485c090e2662788aa3c61595084b13b505f,Mirai,putita.x86,elf,2026-08-25 21:56:48,MalwareBazaar
SHA3-384,ee5465044f4afe4d6b58256d825b7e1693eaa2c4fe4dd0ee4d23c6a90236837c72249fe4498fc9eb83ad7bcdc333acd4,1f94437d559fb268a5a784f04fc95485c090e2662788aa3c61595084b13b505f,Mirai,putita.x86,elf,2026-08-25 21:56:48,MalwareBazaar
TLSH,T17E630287ADE14AC0DA1FB0728930734B473E0269F2950457278E6CDB54BEFD1E193A66,1f94437d559fb268a5a784f04fc95485c090e2662788aa3c61595084b13b505f,Mirai,putita.x86,elf,2026-08-25 21:56:48,MalwareBazaar
SSDEEP,1536:rQ+RxQKoynF2rdLjZ8GhsPGS1DLAZFxwoQPC7S2uYfnUrt9PFGwYSnouy8DM2:rQwGK/0/Z8Ghc/LAZFxbS2+rtnGwNouZ,1f94437d559fb268a5a784f04fc95485c090e2662788aa3c61595084b13b505f,Mirai,putita.x86,elf,2026-08-25 21:56:48,MalwareBazaar
MD5,3ca8f68e23631c0487a17bc6e4f4c5d5,57c6a7d728e2add09333753a42e39becc210158a53205f9b8a41ae529810bd4e,Mirai,armv4l,elf,2026-08-25 21:56:46,MalwareBazaar
SHA-1,bc962e1efb13c717bf866bb64c6450f7a1157ac1,57c6a7d728e2add09333753a42e39becc210158a53205f9b8a41ae529810bd4e,Mirai,armv4l,elf,2026-08-25 21:56:46,MalwareBazaar
SHA-256,57c6a7d728e2add09333753a42e39becc210158a53205f9b8a41ae529810bd4e,57c6a7d728e2add09333753a42e39becc210158a53205f9b8a41ae529810bd4e,Mirai,armv4l,elf,2026-08-25 21:56:46,MalwareBazaar
SHA3-384,dbd0e76cdcc9d6d54298bf5cae5e8c951c2b35377bbca71cbbc3be2e30bb9838758824843785e73f545c11f5077ee3ad,57c6a7d728e2add09333753a42e39becc210158a53205f9b8a41ae529810bd4e,Mirai,armv4l,elf,2026-08-25 21:56:46,MalwareBazaar
TLSH,T18B6302B060C33873AD7ED965C52BDC16E85008BCBACDD277B218475A4AD15AEF0BB447,57c6a7d728e2add09333753a42e39becc210158a53205f9b8a41ae529810bd4e,Mirai,armv4l,elf,2026-08-25 21:56:46,MalwareBazaar
SSDEEP,1536:LjYTaQyWem+rYOdTBT5wB+dTchZRZSR02VQ4Vw8dRuwUiCzGU:vYTafWem+r1TQ+qhZRZC0EQDe8weD,57c6a7d728e2add09333753a42e39becc210158a53205f9b8a41ae529810bd4e,Mirai,armv4l,elf,2026-08-25 21:56:46,MalwareBazaar
MD5,1630708ef4928557867db5449a383e81,1b25019515f53e931ab5674c97fbe2dcb109a3e4226b9cf2b93bf4aa4ccaddc5,Mirai,putita.x86_64,elf,2026-08-25 21:56:16,MalwareBazaar
SHA-1,525243bc8bcc3efcde703586b1469e7a29317487,1b25019515f53e931ab5674c97fbe2dcb109a3e4226b9cf2b93bf4aa4ccaddc5,Mirai,putita.x86_64,elf,2026-08-25 21:56:16,MalwareBazaar
SHA-256,1b25019515f53e931ab5674c97fbe2dcb109a3e4226b9cf2b93bf4aa4ccaddc5,1b25019515f53e931ab5674c97fbe2dcb109a3e4226b9cf2b93bf4aa4ccaddc5,Mirai,putita.x86_64,elf,2026-08-25 21:56:16,MalwareBazaar
SHA3-384,232fe6a12e96462147005dfadd1df8b433dc333ea6f88ea70b7122d5ec3bfc94443fe1cbd0b891022ceb600e0a6136cc,1b25019515f53e931ab5674c97fbe2dcb109a3e4226b9cf2b93bf4aa4ccaddc5,Mirai,putita.x86_64,elf,2026-08-25 21:56:16,MalwareBazaar
TLSH,T10DC34A02B95584FDC096D53087AFE027EA32B88D23313F1E37946F256E27A652F1AB51,1b25019515f53e931ab5674c97fbe2dcb109a3e4226b9cf2b93bf4aa4ccaddc5,Mirai,putita.x86_64,elf,2026-08-25 21:56:16,MalwareBazaar
SSDEEP,1536:IRru7+xWbUeF63L9jIRCQGZ2dpYQHZuW3TGwzQLN00J3AGBQhP6bBPLLjBlMzor5:IRg+8M3JURdJrrKRAGBQuPLLjBfll,1b25019515f53e931ab5674c97fbe2dcb109a3e4226b9cf2b93bf4aa4ccaddc5,Mirai,putita.x86_64,elf,2026-08-25 21:56:16,MalwareBazaar
MD5,cee6789d9a1e821c975a0a2d1369f06e,265ff3e568105a01f8c6d52912715be58f550096b12332fdc86c7c4e80746323,unknown,265ff3e568105a01f8c6d52912715be58f550096b12332fdc86c7c4e80746323.exe,exe,2026-08-25 21:55:37,MalwareBazaar
SHA-1,0c787c22b9d79c422589661efbb6ecd65b46c3af,265ff3e568105a01f8c6d52912715be58f550096b12332fdc86c7c4e80746323,unknown,265ff3e568105a01f8c6d52912715be58f550096b12332fdc86c7c4e80746323.exe,exe,2026-08-25 21:55:37,MalwareBazaar
SHA-256,265ff3e568105a01f8c6d52912715be58f550096b12332fdc86c7c4e80746323,265ff3e568105a01f8c6d52912715be58f550096b12332fdc86c7c4e80746323,unknown,265ff3e568105a01f8c6d52912715be58f550096b12332fdc86c7c4e80746323.exe,exe,2026-08-25 21:55:37,MalwareBazaar
SHA3-384,45bd4d8a664f55c5e75760a46b2bb797d6019d77b64835833d8ab5eff5d01716ccf93a9e07e209c2e19350f3d4eecf10,265ff3e568105a01f8c6d52912715be58f550096b12332fdc86c7c4e80746323,unknown,265ff3e568105a01f8c6d52912715be58f550096b12332fdc86c7c4e80746323.exe,exe,2026-08-25 21:55:37,MalwareBazaar
TLSH,T17E43083517D242A7FCDBC231CAB4A327F4E17D867BA15A1F0324D9085F67182B5A8AD3,265ff3e568105a01f8c6d52912715be58f550096b12332fdc86c7c4e80746323,unknown,265ff3e568105a01f8c6d52912715be58f550096b12332fdc86c7c4e80746323.exe,exe,2026-08-25 21:55:37,MalwareBazaar
SSDEEP,1536:yrJPmXpYFaCPFCjax+ohiehQW8PwWTuXbpdXT84XmPMv:IPmXpOzAaxcsQ1wpFx84XmEv,265ff3e568105a01f8c6d52912715be58f550096b12332fdc86c7c4e80746323,unknown,265ff3e568105a01f8c6d52912715be58f550096b12332fdc86c7c4e80746323.exe,exe,2026-08-25 21:55:37,MalwareBazaar
MD5,156457ebb313ec1ea841b5a21013ffd6,3c7203606976f78adfa02c808e4173758999cf372ecc19d0d356e2e7c278be76,Mirai,putita.x86_64,elf,2026-08-25 21:55:30,MalwareBazaar
SHA-1,d95b523add72bcadd8908b9e055dc4f1178101d2,3c7203606976f78adfa02c808e4173758999cf372ecc19d0d356e2e7c278be76,Mirai,putita.x86_64,elf,2026-08-25 21:55:30,MalwareBazaar
SHA-256,3c7203606976f78adfa02c808e4173758999cf372ecc19d0d356e2e7c278be76,3c7203606976f78adfa02c808e4173758999cf372ecc19d0d356e2e7c278be76,Mirai,putita.x86_64,elf,2026-08-25 21:55:30,MalwareBazaar
SHA3-384,020198d4ef02868243f3006cd0a1928470d80bedfa592ee9f90cf6fe5982e240de7094c53a1cb648f59c5492b0b0b95d,3c7203606976f78adfa02c808e4173758999cf372ecc19d0d356e2e7c278be76,Mirai,putita.x86_64,elf,2026-08-25 21:55:30,MalwareBazaar
TLSH,T1226302A6A277D0FFCE7E7FB40A040B8429563E29433C917A8DE9C2FD40B9114649DB61,3c7203606976f78adfa02c808e4173758999cf372ecc19d0d356e2e7c278be76,Mirai,putita.x86_64,elf,2026-08-25 21:55:30,MalwareBazaar
SSDEEP,1536:6NZz0zqkpTKU8jYD1HTtpZ10REcl1M0I7IoTjg6wrYoW4Po4F30:6NZYukn8Ext7aSE1DI7DTwkaPvE,3c7203606976f78adfa02c808e4173758999cf372ecc19d0d356e2e7c278be76,Mirai,putita.x86_64,elf,2026-08-25 21:55:30,MalwareBazaar
MD5,b893229701e74d19a2b269a390c24629,9306bedaba887d94f7c1af4036f350a6ad4cf1228449fdb52a158691e33788b8,Mirai,spc,elf,2026-08-25 21:49:42,MalwareBazaar
SHA-1,d02eb7a9f7d18866f9b3e109726a6c0ac70daec5,9306bedaba887d94f7c1af4036f350a6ad4cf1228449fdb52a158691e33788b8,Mirai,spc,elf,2026-08-25 21:49:42,MalwareBazaar
SHA-256,9306bedaba887d94f7c1af4036f350a6ad4cf1228449fdb52a158691e33788b8,9306bedaba887d94f7c1af4036f350a6ad4cf1228449fdb52a158691e33788b8,Mirai,spc,elf,2026-08-25 21:49:42,MalwareBazaar
SHA3-384,a92b3ed848a8d2db3c5179a4a41647c410c4ca1d51d1ab6df7602dceb8b1ebf1e4cf42f44c953a6aae8a654298932d1f,9306bedaba887d94f7c1af4036f350a6ad4cf1228449fdb52a158691e33788b8,Mirai,spc,elf,2026-08-25 21:49:42,MalwareBazaar
TLSH,T17EA35B2228F36116C6D7D43F47DF0226F1A2250B1198C61BBC2E5D6E7F4229077BB6E9,9306bedaba887d94f7c1af4036f350a6ad4cf1228449fdb52a158691e33788b8,Mirai,spc,elf,2026-08-25 21:49:42,MalwareBazaar
TELFHASH,t1fef09e45fd388b198de27a74ac8803a584035217612387248f98dae4cc3e01aa748d5d,9306bedaba887d94f7c1af4036f350a6ad4cf1228449fdb52a158691e33788b8,Mirai,spc,elf,2026-08-25 21:49:42,MalwareBazaar
SSDEEP,3072:nR9mHt0BHM3U91zGBzt5u1EssMZc/T03ImIys61X1h5oCy:nRsHt0JaU9ytiEssMOgh5oCy,9306bedaba887d94f7c1af4036f350a6ad4cf1228449fdb52a158691e33788b8,Mirai,spc,elf,2026-08-25 21:49:42,MalwareBazaar
MD5,5eac859771660c6a1390a6a0575f73eb,b5de902c316598edaf6ee7592468afcf53cd73733e3f9b10996c9dedc0a3b5f7,Mirai,putita.arm7,elf,2026-08-25 21:47:17,MalwareBazaar
SHA-1,480b049045b85ef3794c3d725c6a078040f867a1,b5de902c316598edaf6ee7592468afcf53cd73733e3f9b10996c9dedc0a3b5f7,Mirai,putita.arm7,elf,2026-08-25 21:47:17,MalwareBazaar
SHA-256,b5de902c316598edaf6ee7592468afcf53cd73733e3f9b10996c9dedc0a3b5f7,b5de902c316598edaf6ee7592468afcf53cd73733e3f9b10996c9dedc0a3b5f7,Mirai,putita.arm7,elf,2026-08-25 21:47:17,MalwareBazaar
SHA3-384,6a56cad9f89172df1fa32459896619d1068e08d0749b0efb05243fa6e75934359cc805a481c1c5181301485f3d638575,b5de902c316598edaf6ee7592468afcf53cd73733e3f9b10996c9dedc0a3b5f7,Mirai,putita.arm7,elf,2026-08-25 21:47:17,MalwareBazaar
TLSH,T1FDD30A56F890DE61C6D0267AFA5E528C33531BB8C2DAB203DD209F3437EB55F0A3A546,b5de902c316598edaf6ee7592468afcf53cd73733e3f9b10996c9dedc0a3b5f7,Mirai,putita.arm7,elf,2026-08-25 21:47:17,MalwareBazaar
SSDEEP,3072:H0i+JKf2OH1USyUyiVsQ/dYMobMPV7NSNLLjkY:HIQ+OVYUT/dYMOMP7SNXIY,b5de902c316598edaf6ee7592468afcf53cd73733e3f9b10996c9dedc0a3b5f7,Mirai,putita.arm7,elf,2026-08-25 21:47:17,MalwareBazaar
MD5,831fe481886b35b4d439e8a8f757f2f2,8b18851bcddc710ef0849fa8230e28c815b6d59081b3b786568b7bc0eef773f1,Mirai,putita.arm7,elf,2026-08-25 21:46:41,MalwareBazaar
SHA-1,33b95c553635ec09f2e0fb6243137b9275a8289d,8b18851bcddc710ef0849fa8230e28c815b6d59081b3b786568b7bc0eef773f1,Mirai,putita.arm7,elf,2026-08-25 21:46:41,MalwareBazaar
SHA-256,8b18851bcddc710ef0849fa8230e28c815b6d59081b3b786568b7bc0eef773f1,8b18851bcddc710ef0849fa8230e28c815b6d59081b3b786568b7bc0eef773f1,Mirai,putita.arm7,elf,2026-08-25 21:46:41,MalwareBazaar
SHA3-384,4cc1b55caaf75c307ffedd699f14da8cfe9cafbec5ac8a14e277f1bbe13d3bceb0da11abf23bf72d2ad91966ff7904e1,8b18851bcddc710ef0849fa8230e28c815b6d59081b3b786568b7bc0eef773f1,Mirai,putita.arm7,elf,2026-08-25 21:46:41,MalwareBazaar
TLSH,T15953026D13065AA8F9F631F8A875C0124A4E1FF497BEFA25715B5BBC65B20C2362C248,8b18851bcddc710ef0849fa8230e28c815b6d59081b3b786568b7bc0eef773f1,Mirai,putita.arm7,elf,2026-08-25 21:46:41,MalwareBazaar
SSDEEP,1536:Ez6Cue95tYc3K3yTtA3JieGtfz7UttOiwif/AjLXUqBexOtFSb2ufX:y0iv6iTtCihfzbMg/OEtuP,8b18851bcddc710ef0849fa8230e28c815b6d59081b3b786568b7bc0eef773f1,Mirai,putita.arm7,elf,2026-08-25 21:46:41,MalwareBazaar
MD5,f868cab38efec9136897169ad44e0ee5,b6f906161b11079d7c95def676c01ddd95fd1bb7d377f6ac6bd664933085a0bc,Mirai,putita.mips,elf,2026-08-25 21:44:16,MalwareBazaar
SHA-1,d5bf4c6352a9fdaa680ef6050772571d3ebac314,b6f906161b11079d7c95def676c01ddd95fd1bb7d377f6ac6bd664933085a0bc,Mirai,putita.mips,elf,2026-08-25 21:44:16,MalwareBazaar
SHA-256,b6f906161b11079d7c95def676c01ddd95fd1bb7d377f6ac6bd664933085a0bc,b6f906161b11079d7c95def676c01ddd95fd1bb7d377f6ac6bd664933085a0bc,Mirai,putita.mips,elf,2026-08-25 21:44:16,MalwareBazaar
SHA3-384,4a0aade6b9f58d222816ab31bee1ad9e874605bdb53524b0d72d1c02a532424947a60d4e91e3365b45936e4db953d072,b6f906161b11079d7c95def676c01ddd95fd1bb7d377f6ac6bd664933085a0bc,Mirai,putita.mips,elf,2026-08-25 21:44:16,MalwareBazaar
TLSH,T1BD142A5A7B20DFA2D329C6300AB3879766F5269237D2C445F22DDE082E6134E685FFD4,b6f906161b11079d7c95def676c01ddd95fd1bb7d377f6ac6bd664933085a0bc,Mirai,putita.mips,elf,2026-08-25 21:44:16,MalwareBazaar
TELFHASH,t18f4163a04d3bda1adb95cca889fdab7a740f401b5318ce33ee30416e40420f9e25ad5f,b6f906161b11079d7c95def676c01ddd95fd1bb7d377f6ac6bd664933085a0bc,Mirai,putita.mips,elf,2026-08-25 21:44:16,MalwareBazaar
SSDEEP,3072:jz2B8IdZYAlKcsC6nVheD3/C+rqRv0HZMEwEkAYEzk5xTQgdMf4a1DFjj:jz2B/ZYAMTfVIPCh2OpAx68guf4AVj,b6f906161b11079d7c95def676c01ddd95fd1bb7d377f6ac6bd664933085a0bc,Mirai,putita.mips,elf,2026-08-25 21:44:16,MalwareBazaar
MD5,7e9ce437986ca028d113edeb7ae39b18,915da068a86c7958157f5e3bde3f8545ad61cd101dd25cda907871cb6c4f63c5,Mirai,putita.mips,elf,2026-08-25 21:43:32,MalwareBazaar
SHA-1,665ca399460e010529c467819e475e05b945ab6f,915da068a86c7958157f5e3bde3f8545ad61cd101dd25cda907871cb6c4f63c5,Mirai,putita.mips,elf,2026-08-25 21:43:32,MalwareBazaar
SHA-256,915da068a86c7958157f5e3bde3f8545ad61cd101dd25cda907871cb6c4f63c5,915da068a86c7958157f5e3bde3f8545ad61cd101dd25cda907871cb6c4f63c5,Mirai,putita.mips,elf,2026-08-25 21:43:32,MalwareBazaar
SHA3-384,00539d973803f0414ab7f173c28a17d02e4049b343de72b5308ca58c997448203597ddc93e08805eec7b2f7c0ce08a03,915da068a86c7958157f5e3bde3f8545ad61cd101dd25cda907871cb6c4f63c5,Mirai,putita.mips,elf,2026-08-25 21:43:32,MalwareBazaar
TLSH,T157A31238F53FEACBEBC0FD363EC0045065391096F4A2547E5248F5E682AA993B567732,915da068a86c7958157f5e3bde3f8545ad61cd101dd25cda907871cb6c4f63c5,Mirai,putita.mips,elf,2026-08-25 21:43:32,MalwareBazaar
SSDEEP,3072:oHHV5WPiyaFtzcvSkqpRXEAxjCdFP0NyW:G10KltzEgU6wc7,915da068a86c7958157f5e3bde3f8545ad61cd101dd25cda907871cb6c4f63c5,Mirai,putita.mips,elf,2026-08-25 21:43:32,MalwareBazaar
MD5,1bdeee1c431524b729e47cb248321a92,7532bde42c51869a938632486cd20040dd8506721b3698d196810b72754bae88,Mirai,mips,elf,2026-08-25 21:38:19,MalwareBazaar
SHA-1,94824b3a60efe65e6f7e9d0fecc987b544016d66,7532bde42c51869a938632486cd20040dd8506721b3698d196810b72754bae88,Mirai,mips,elf,2026-08-25 21:38:19,MalwareBazaar
SHA-256,7532bde42c51869a938632486cd20040dd8506721b3698d196810b72754bae88,7532bde42c51869a938632486cd20040dd8506721b3698d196810b72754bae88,Mirai,mips,elf,2026-08-25 21:38:19,MalwareBazaar
SHA3-384,75a39a4d16069bf79400a0aa1738a988651266e32ae038421c22bec34bb55df71015edfebc167622d50a2f130fe5f3f6,7532bde42c51869a938632486cd20040dd8506721b3698d196810b72754bae88,Mirai,mips,elf,2026-08-25 21:38:19,MalwareBazaar
TLSH,T1E434845A6E339F7DF268CB3047F74A30A79D23D626E1D684E1ACC1041E6425E941FBAC,7532bde42c51869a938632486cd20040dd8506721b3698d196810b72754bae88,Mirai,mips,elf,2026-08-25 21:38:19,MalwareBazaar
TELFHASH,t19e51a1ac087803b8f2556c4d49adfe25d9a301ef7e1a1c339a50e85de723f839c15d29,7532bde42c51869a938632486cd20040dd8506721b3698d196810b72754bae88,Mirai,mips,elf,2026-08-25 21:38:19,MalwareBazaar
SSDEEP,6144:1Yn/i7hI+pVrKE+g8feOnRGkGoUfOfphzqmlm:1Y/KpVrKE+XeOMh2fnlm,7532bde42c51869a938632486cd20040dd8506721b3698d196810b72754bae88,Mirai,mips,elf,2026-08-25 21:38:19,MalwareBazaar
MD5,4d5dbad2df1522f02534c5c5737df6b7,acf8e056e284ec144dabd9cc2bd05f374c887b76f85f1bbb02d5796d85831ef1,Mirai,aarch64,elf,2026-08-25 21:38:17,MalwareBazaar
SHA-1,4ea7b3381ae1c6430f3d48acf1cd9db873bc6f97,acf8e056e284ec144dabd9cc2bd05f374c887b76f85f1bbb02d5796d85831ef1,Mirai,aarch64,elf,2026-08-25 21:38:17,MalwareBazaar
SHA-256,acf8e056e284ec144dabd9cc2bd05f374c887b76f85f1bbb02d5796d85831ef1,acf8e056e284ec144dabd9cc2bd05f374c887b76f85f1bbb02d5796d85831ef1,Mirai,aarch64,elf,2026-08-25 21:38:17,MalwareBazaar
SHA3-384,8350f4c8578aeb67de7c4c237d46f51e59a55f106afc1c3469000b9eac980588368c0dde7a9c4e3249f73643432db333,acf8e056e284ec144dabd9cc2bd05f374c887b76f85f1bbb02d5796d85831ef1,Mirai,aarch64,elf,2026-08-25 21:38:17,MalwareBazaar
TLSH,T122345CA8BA0F6C42F2C2D3F8DE8C47F17A1775E3C72689B16D12039DCAE39D99591502,acf8e056e284ec144dabd9cc2bd05f374c887b76f85f1bbb02d5796d85831ef1,Mirai,aarch64,elf,2026-08-25 21:38:17,MalwareBazaar
SSDEEP,6144:wQBRsghNCu4dh75jc3noIVa7cVJ2prD3oq:wmea65jen6TH3o,acf8e056e284ec144dabd9cc2bd05f374c887b76f85f1bbb02d5796d85831ef1,Mirai,aarch64,elf,2026-08-25 21:38:17,MalwareBazaar
MD5,95273e58b0b19ecd3f80f2628e866719,04c01403ad7475b62702df25481eca153516ea44220edf862e52146498d1d631,Mirai,mips,elf,2026-08-25 21:37:32,MalwareBazaar
SHA-1,f9222bc408d4e0a29f93838a82f14357cdf65eeb,04c01403ad7475b62702df25481eca153516ea44220edf862e52146498d1d631,Mirai,mips,elf,2026-08-25 21:37:32,MalwareBazaar
SHA-256,04c01403ad7475b62702df25481eca153516ea44220edf862e52146498d1d631,04c01403ad7475b62702df25481eca153516ea44220edf862e52146498d1d631,Mirai,mips,elf,2026-08-25 21:37:32,MalwareBazaar
SHA3-384,d1d6ddd081839be7c1ed050bc1975c482f40e4873d1c1eb760e185977680cb2432e2041e65e25d51c7a754445eecf34f,04c01403ad7475b62702df25481eca153516ea44220edf862e52146498d1d631,Mirai,mips,elf,2026-08-25 21:37:32,MalwareBazaar
TLSH,T109730256740052DFEE2693F477E907216F340B60D2496850B6BA8597FD339EAE09C3EC,04c01403ad7475b62702df25481eca153516ea44220edf862e52146498d1d631,Mirai,mips,elf,2026-08-25 21:37:32,MalwareBazaar
SSDEEP,1536:Tx5wLUOFk+0hT5jW2JiIjHoP4+c+x1Md6aQ/uOiCNBMmdVJut:Kj0VjpiLAjM1rr/ZpMGVQt,04c01403ad7475b62702df25481eca153516ea44220edf862e52146498d1d631,Mirai,mips,elf,2026-08-25 21:37:32,MalwareBazaar
MD5,8d42df49a4c44ef0c8eefbbf479d8cda,54e5d84aee4855a9439ce57f0785d89d640e4d56976d4890feda43883bfee9c4,Mirai,aarch64,elf,2026-08-25 21:37:30,MalwareBazaar
SHA-1,cbe1757b9ae0957519841980c687d3bd39a992e9,54e5d84aee4855a9439ce57f0785d89d640e4d56976d4890feda43883bfee9c4,Mirai,aarch64,elf,2026-08-25 21:37:30,MalwareBazaar
SHA-256,54e5d84aee4855a9439ce57f0785d89d640e4d56976d4890feda43883bfee9c4,54e5d84aee4855a9439ce57f0785d89d640e4d56976d4890feda43883bfee9c4,Mirai,aarch64,elf,2026-08-25 21:37:30,MalwareBazaar
SHA3-384,03d6bae494d31fc6994462b5f43e03dcb5f9d967fe1b8d06cb7f15c4b4e240bcd187178ec93cfa075284249426e9c9e0,54e5d84aee4855a9439ce57f0785d89d640e4d56976d4890feda43883bfee9c4,Mirai,aarch64,elf,2026-08-25 21:37:30,MalwareBazaar
TLSH,T1F6A30146E781F607C6869D36659CFB60F2D02D9F0A2A3BD019E31517BF50CA2B85A8F4,54e5d84aee4855a9439ce57f0785d89d640e4d56976d4890feda43883bfee9c4,Mirai,aarch64,elf,2026-08-25 21:37:30,MalwareBazaar
SSDEEP,1536:o8sqcU6yrZ41POBv24oBquNxj+75jb+8d+l+MhyJCpEbpgxmgAzcNWvSQr9:opqD3rEOs4oBqQx67I0MEwxmgujB,54e5d84aee4855a9439ce57f0785d89d640e4d56976d4890feda43883bfee9c4,Mirai,aarch64,elf,2026-08-25 21:37:30,MalwareBazaar
MD5,ca6c0e0c28b24b1019fc31c2e4ad1372,67b35d82ffff3d8259181bd22f251686f778ffce66395c4f12d04c77f3ace44c,Mirai,powerpc,elf,2026-08-25 21:31:21,MalwareBazaar
SHA-1,a070c2a5fee160f19c331ce4280cd4cd8610b521,67b35d82ffff3d8259181bd22f251686f778ffce66395c4f12d04c77f3ace44c,Mirai,powerpc,elf,2026-08-25 21:31:21,MalwareBazaar
SHA-256,67b35d82ffff3d8259181bd22f251686f778ffce66395c4f12d04c77f3ace44c,67b35d82ffff3d8259181bd22f251686f778ffce66395c4f12d04c77f3ace44c,Mirai,powerpc,elf,2026-08-25 21:31:21,MalwareBazaar
SHA3-384,bad03b2e370f8d777db20760f6fb0685ba802e40ebd17249143620ac09d2c71cb785113a306ebb1ba0ffaead0297b47a,67b35d82ffff3d8259181bd22f251686f778ffce66395c4f12d04c77f3ace44c,Mirai,powerpc,elf,2026-08-25 21:31:21,MalwareBazaar
TLSH,T1C6044B02B31D0843D2632EF03B3B27D1C3DFAA9125F9E644295FAA8A9175D321586DDF,67b35d82ffff3d8259181bd22f251686f778ffce66395c4f12d04c77f3ace44c,Mirai,powerpc,elf,2026-08-25 21:31:21,MalwareBazaar
SSDEEP,3072:wqVd587PCDGlgx1xMLhRyFgqkx0Ydp/ZlirKwa85q8eQ4HZf:wqVdW7QMhRggqkxl/ZlirK/+JLef,67b35d82ffff3d8259181bd22f251686f778ffce66395c4f12d04c77f3ace44c,Mirai,powerpc,elf,2026-08-25 21:31:21,MalwareBazaar
MD5,96cdc545937687177a5d6d1aa4882406,be887c3115fc69c9d5698771ebfafcf68a324c880a44c350d76365794b9ba4d4,Mirai,powerpc,elf,2026-08-25 21:30:37,MalwareBazaar
SHA-1,ac9b42141d572082dbc1e6cbb68c92ff5e5f257e,be887c3115fc69c9d5698771ebfafcf68a324c880a44c350d76365794b9ba4d4,Mirai,powerpc,elf,2026-08-25 21:30:37,MalwareBazaar
SHA-256,be887c3115fc69c9d5698771ebfafcf68a324c880a44c350d76365794b9ba4d4,be887c3115fc69c9d5698771ebfafcf68a324c880a44c350d76365794b9ba4d4,Mirai,powerpc,elf,2026-08-25 21:30:37,MalwareBazaar
SHA3-384,0bd2172a6362e5439149efb139575fa4267f827e23539ce7a9820fbb31e99c8e7043e25f1c93cfd6123194e6ddd06f7b,be887c3115fc69c9d5698771ebfafcf68a324c880a44c350d76365794b9ba4d4,Mirai,powerpc,elf,2026-08-25 21:30:37,MalwareBazaar
TLSH,T10C63F272D0D40EEADF5AE0A82C664640F7B14E1AB7CBDFB5B9109E004687539254CBBA,be887c3115fc69c9d5698771ebfafcf68a324c880a44c350d76365794b9ba4d4,Mirai,powerpc,elf,2026-08-25 21:30:37,MalwareBazaar
SSDEEP,1536:hWZ/GWEsrON04oE4OcsXI2uD6D48MS3Si5i4u+qgw09C:hy/G00BcMI2uDS48pSi5i4u+qgwH,be887c3115fc69c9d5698771ebfafcf68a324c880a44c350d76365794b9ba4d4,Mirai,powerpc,elf,2026-08-25 21:30:37,MalwareBazaar
MD5,afabafa18898b872368413cea3db8907,afecb4714ccff78f49a77be2ec0b8a92e7115f5cc19a4fe8e249141d2e0362d8,Mirai,x86,elf,2026-08-25 21:30:36,MalwareBazaar
SHA-1,4433109ceb7be4e8250eda78851124a9cbae39a0,afecb4714ccff78f49a77be2ec0b8a92e7115f5cc19a4fe8e249141d2e0362d8,Mirai,x86,elf,2026-08-25 21:30:36,MalwareBazaar
SHA-256,afecb4714ccff78f49a77be2ec0b8a92e7115f5cc19a4fe8e249141d2e0362d8,afecb4714ccff78f49a77be2ec0b8a92e7115f5cc19a4fe8e249141d2e0362d8,Mirai,x86,elf,2026-08-25 21:30:36,MalwareBazaar
SHA3-384,0da257cc20f51144ad209225ffd2feea724142028315fec238ce7606866ef5c7f19f63c8a7c0ef95fb6f34bf325125fe,afecb4714ccff78f49a77be2ec0b8a92e7115f5cc19a4fe8e249141d2e0362d8,Mirai,x86,elf,2026-08-25 21:30:36,MalwareBazaar
TLSH,T144D37CC16DE3E0B1E953457A46AF931A8736D4370208DA52FB2E68387F46110E7BB79C,afecb4714ccff78f49a77be2ec0b8a92e7115f5cc19a4fe8e249141d2e0362d8,Mirai,x86,elf,2026-08-25 21:30:36,MalwareBazaar
TELFHASH,t1cf51e9fb2f7e08e9b7445c05931d6b101d4deb7b146476a245b3d815239bdc681b6c3c,afecb4714ccff78f49a77be2ec0b8a92e7115f5cc19a4fe8e249141d2e0362d8,Mirai,x86,elf,2026-08-25 21:30:36,MalwareBazaar
SSDEEP,3072:YsNY4/ARVHval+eboa/TPVHUf5kfTDG1u1EssMZc/T03ImIys61X1h5oD:64IRVirQkDGGEssMOgh5oD,afecb4714ccff78f49a77be2ec0b8a92e7115f5cc19a4fe8e249141d2e0362d8,Mirai,x86,elf,2026-08-25 21:30:36,MalwareBazaar
MD5,3075bb5c042ac43da27c4ad0f366f38c,333db99631505673075e34107d9ef805facee207e42db9fdef89caae25d8a28a,Mirai,x86_64,elf,2026-08-25 21:28:17,MalwareBazaar
SHA-1,f92e051aea422a7cc49011d80d33260a1b14ba83,333db99631505673075e34107d9ef805facee207e42db9fdef89caae25d8a28a,Mirai,x86_64,elf,2026-08-25 21:28:17,MalwareBazaar
SHA-256,333db99631505673075e34107d9ef805facee207e42db9fdef89caae25d8a28a,333db99631505673075e34107d9ef805facee207e42db9fdef89caae25d8a28a,Mirai,x86_64,elf,2026-08-25 21:28:17,MalwareBazaar
SHA3-384,180ca651ebe99d5cf462acf0620af09120468769a293841217c3f8af20e0cddf7d72a86998e7fdcd89ec1065106f48bc,333db99631505673075e34107d9ef805facee207e42db9fdef89caae25d8a28a,Mirai,x86_64,elf,2026-08-25 21:28:17,MalwareBazaar
TLSH,T167045A17B5C194FDC8DAC1744BEEA136EA72B40D2138B24F27D4AE276E4DF206B6D640,333db99631505673075e34107d9ef805facee207e42db9fdef89caae25d8a28a,Mirai,x86_64,elf,2026-08-25 21:28:17,MalwareBazaar
TELFHASH,t19661e0783e96395822d7d32ab30ae9d9fcb109211ed270e1ef677de1ce5b7880d52016,333db99631505673075e34107d9ef805facee207e42db9fdef89caae25d8a28a,Mirai,x86_64,elf,2026-08-25 21:28:17,MalwareBazaar
SSDEEP,3072:JymlsdQozynugbp8gjWzM5BBD8L1YKSTbQgvHOpn7YaRn8be6rfeVajM9sq:zsWoz5gOdS+VOEMr1rfxjM,333db99631505673075e34107d9ef805facee207e42db9fdef89caae25d8a28a,Mirai,x86_64,elf,2026-08-25 21:28:17,MalwareBazaar
MD5,716810698420bf19b6e658d3c5f2e7a2,a67d3eb948471ee21ee86c03eb76217c98a44d903109bb8d61ecab0289626352,Mirai,putita.mipsrouter,elf,2026-08-25 21:28:15,MalwareBazaar
SHA-1,d50a4ec4561af588c48f790c1921b62350975506,a67d3eb948471ee21ee86c03eb76217c98a44d903109bb8d61ecab0289626352,Mirai,putita.mipsrouter,elf,2026-08-25 21:28:15,MalwareBazaar
SHA-256,a67d3eb948471ee21ee86c03eb76217c98a44d903109bb8d61ecab0289626352,a67d3eb948471ee21ee86c03eb76217c98a44d903109bb8d61ecab0289626352,Mirai,putita.mipsrouter,elf,2026-08-25 21:28:15,MalwareBazaar
SHA3-384,217ac7e00dbe320f67df47aae6a238639c6f11b6a3b98d8839bb40acc25034786720e9fe194d38b63a9830d8d005433d,a67d3eb948471ee21ee86c03eb76217c98a44d903109bb8d61ecab0289626352,Mirai,putita.mipsrouter,elf,2026-08-25 21:28:15,MalwareBazaar
TLSH,T13A14195B7B10DFA2D228C63049B3C79766F526A326D2C585F32DDE082E2034D685FED4,a67d3eb948471ee21ee86c03eb76217c98a44d903109bb8d61ecab0289626352,Mirai,putita.mipsrouter,elf,2026-08-25 21:28:15,MalwareBazaar
TELFHASH,t1134131644d3ada0adb49cca845bdab2e741f510b5358ce33ee30416e40420f9e26ad5f,a67d3eb948471ee21ee86c03eb76217c98a44d903109bb8d61ecab0289626352,Mirai,putita.mipsrouter,elf,2026-08-25 21:28:15,MalwareBazaar
SSDEEP,3072:5CRrT2cFztUSIcC3XY/PRBxwtmN1APttuxWcmN+nSyEeYQ7a1D1Xj0crFBZ1:8RrTpztsL34DWPrQr5E1Q7AJTbP,a67d3eb948471ee21ee86c03eb76217c98a44d903109bb8d61ecab0289626352,Mirai,putita.mipsrouter,elf,2026-08-25 21:28:15,MalwareBazaar
MD5,550d5316917dd9480919fae759bac723,cc83aaa6ffc335bda7548aeabf6af25f81d5d8ed8d70fe29e99493610b1abc9f,Mirai,x86_64,elf,2026-08-25 21:27:36,MalwareBazaar
SHA-1,1d93a486e70ce9e1f06223d483585121862955b5,cc83aaa6ffc335bda7548aeabf6af25f81d5d8ed8d70fe29e99493610b1abc9f,Mirai,x86_64,elf,2026-08-25 21:27:36,MalwareBazaar
SHA-256,cc83aaa6ffc335bda7548aeabf6af25f81d5d8ed8d70fe29e99493610b1abc9f,cc83aaa6ffc335bda7548aeabf6af25f81d5d8ed8d70fe29e99493610b1abc9f,Mirai,x86_64,elf,2026-08-25 21:27:36,MalwareBazaar
SHA3-384,8bad1be715a8fbda739fad48dec6f81894056ac06c5db43e9ef606d3c735b3053f365e6dbdbf0efc884297d8a81f0627,cc83aaa6ffc335bda7548aeabf6af25f81d5d8ed8d70fe29e99493610b1abc9f,Mirai,x86_64,elf,2026-08-25 21:27:36,MalwareBazaar
TLSH,T123631277CF17D0F9D410A6F88BC16A4CBF795A351E17CA6E45B021FCC5B66CAA880188,cc83aaa6ffc335bda7548aeabf6af25f81d5d8ed8d70fe29e99493610b1abc9f,Mirai,x86_64,elf,2026-08-25 21:27:36,MalwareBazaar
SSDEEP,1536:NZZSnuabAxV6/pPzSWsMZ5w5A2SrG+33mxtdHzWL1QEDH+8:NDSjbAxVKyccBSB33QdHSBDe8,cc83aaa6ffc335bda7548aeabf6af25f81d5d8ed8d70fe29e99493610b1abc9f,Mirai,x86_64,elf,2026-08-25 21:27:36,MalwareBazaar
MD5,7ed3b64340adce134dac011ab1750e30,f403a488986b6dac214defc0ce00105994cefc11616de347df9c5e9faa6bfa56,Mirai,putita.mipsrouter,elf,2026-08-25 21:27:35,MalwareBazaar
SHA-1,726fe7dd6022302d475548de314a6af89006499e,f403a488986b6dac214defc0ce00105994cefc11616de347df9c5e9faa6bfa56,Mirai,putita.mipsrouter,elf,2026-08-25 21:27:35,MalwareBazaar
SHA-256,f403a488986b6dac214defc0ce00105994cefc11616de347df9c5e9faa6bfa56,f403a488986b6dac214defc0ce00105994cefc11616de347df9c5e9faa6bfa56,Mirai,putita.mipsrouter,elf,2026-08-25 21:27:35,MalwareBazaar
SHA3-384,663fbf1d5969c459bf1fba6bd7942bb80196ca492cad409240a1b99d1c37cfc2b95d0a0d40602a078a8fd8a1deffc0d8,f403a488986b6dac214defc0ce00105994cefc11616de347df9c5e9faa6bfa56,Mirai,putita.mipsrouter,elf,2026-08-25 21:27:35,MalwareBazaar
TLSH,T1A38302B5AE0415EEF4729FB93A0027C0937047F231D2982B3A5EE6E6C9465FD1853B4D,f403a488986b6dac214defc0ce00105994cefc11616de347df9c5e9faa6bfa56,Mirai,putita.mipsrouter,elf,2026-08-25 21:27:35,MalwareBazaar
SSDEEP,1536:At7KtDJsp2/4+Zm3VHql0pibVwSxhMAPfQjEvktyTbRPR1bV1csJI:A5KBJ02/18HqWp6V9fOEvFPzbV1k,f403a488986b6dac214defc0ce00105994cefc11616de347df9c5e9faa6bfa56,Mirai,putita.mipsrouter,elf,2026-08-25 21:27:35,MalwareBazaar
MD5,c3a02f09fa79c34761688379e7a0c3b6,1abe6dd23b0045d8f8ee25587315063673f7075b96767fd28004346db3e8d749,Mirai,putita.arm,elf,2026-08-25 21:27:19,MalwareBazaar
SHA-1,ad67519803c16b344fbfee07211500ad3946743b,1abe6dd23b0045d8f8ee25587315063673f7075b96767fd28004346db3e8d749,Mirai,putita.arm,elf,2026-08-25 21:27:19,MalwareBazaar
SHA-256,1abe6dd23b0045d8f8ee25587315063673f7075b96767fd28004346db3e8d749,1abe6dd23b0045d8f8ee25587315063673f7075b96767fd28004346db3e8d749,Mirai,putita.arm,elf,2026-08-25 21:27:19,MalwareBazaar
SHA3-384,37245f79368f30515d20dddad1af51c54e4621b5a9dc38b8d247afefa461682b181d52abd7dd375eb5075cd444e99452,1abe6dd23b0045d8f8ee25587315063673f7075b96767fd28004346db3e8d749,Mirai,putita.arm,elf,2026-08-25 21:27:19,MalwareBazaar
TLSH,T17AD3295AF890DF62C6D026BAFA5D528C33531BB8C2DAB102CD105F3537EB95E0E3A542,1abe6dd23b0045d8f8ee25587315063673f7075b96767fd28004346db3e8d749,Mirai,putita.arm,elf,2026-08-25 21:27:19,MalwareBazaar
SSDEEP,3072:TJsPFJXLVInWF4Uffwj6TybvsczXbFG7IXq/EKS65T5/4iNLLjkY:1CJXLW4Nfw2TQs+iIXq/TS6b4iNXIY,1abe6dd23b0045d8f8ee25587315063673f7075b96767fd28004346db3e8d749,Mirai,putita.arm,elf,2026-08-25 21:27:19,MalwareBazaar
MD5,8c57612116927c54c0848bec59bbf56d,5e0093897ad69a9c8c9078512a48810548c3daa0e383ca6ac66e92b3976a3d04,Mirai,putita.arm,elf,2026-08-25 21:26:19,MalwareBazaar
SHA-1,bbf1e50ae4d7a86b9d015b5a487556136cfda522,5e0093897ad69a9c8c9078512a48810548c3daa0e383ca6ac66e92b3976a3d04,Mirai,putita.arm,elf,2026-08-25 21:26:19,MalwareBazaar
SHA-256,5e0093897ad69a9c8c9078512a48810548c3daa0e383ca6ac66e92b3976a3d04,5e0093897ad69a9c8c9078512a48810548c3daa0e383ca6ac66e92b3976a3d04,Mirai,putita.arm,elf,2026-08-25 21:26:19,MalwareBazaar
SHA3-384,86b2a9da77ac2c7e6485229c69efd6e46a36c4c6783cd9f91cee5f93e743480e47eec15fa9ce28780e0cfd80d51f4fe4,5e0093897ad69a9c8c9078512a48810548c3daa0e383ca6ac66e92b3976a3d04,Mirai,putita.arm,elf,2026-08-25 21:26:19,MalwareBazaar
TLSH,T1095302F520585BEACBCC1173CA3CE2C200D39739F7E7E976181039266A4577B2939968,5e0093897ad69a9c8c9078512a48810548c3daa0e383ca6ac66e92b3976a3d04,Mirai,putita.arm,elf,2026-08-25 21:26:19,MalwareBazaar
SSDEEP,1536:eHoNxcZVwRMa3nyEWFJooPnimPgNuxRqD/+IzRdDqkDxdt4fz:gaMrDPnimI09IzRhqkDxdt4b,5e0093897ad69a9c8c9078512a48810548c3daa0e383ca6ac66e92b3976a3d04,Mirai,putita.arm,elf,2026-08-25 21:26:19,MalwareBazaar
MD5,a8e48fab8e9a7f009ead4b2bd524a10a,6b5591d2cec085683d2087267c655dc9d9bfe75b86f7c014cf956ca8722672c4,Mirai,putita.arm6,elf,2026-08-25 21:25:28,MalwareBazaar
SHA-1,a9a2506d2ad76dd6543a7fdd9ef94f96e5e46f49,6b5591d2cec085683d2087267c655dc9d9bfe75b86f7c014cf956ca8722672c4,Mirai,putita.arm6,elf,2026-08-25 21:25:28,MalwareBazaar
SHA-256,6b5591d2cec085683d2087267c655dc9d9bfe75b86f7c014cf956ca8722672c4,6b5591d2cec085683d2087267c655dc9d9bfe75b86f7c014cf956ca8722672c4,Mirai,putita.arm6,elf,2026-08-25 21:25:28,MalwareBazaar
SHA3-384,ca8f7c09bf601681a287b6b75c4a6cf188016952771379001b45865620d9dd948c8db8600a4a4d6df33cd90251bd3384,6b5591d2cec085683d2087267c655dc9d9bfe75b86f7c014cf956ca8722672c4,Mirai,putita.arm6,elf,2026-08-25 21:25:28,MalwareBazaar
TLSH,T1F5D3295AF890DF62C6D026BAFA5D528C33531BB8C2DAB102CD145F3537EB95E0E3A542,6b5591d2cec085683d2087267c655dc9d9bfe75b86f7c014cf956ca8722672c4,Mirai,putita.arm6,elf,2026-08-25 21:25:28,MalwareBazaar
SSDEEP,3072:TJofFJXLVInWF4Uffwj6TybvsczXbFG7IXq/EKS65T5/4iNLLjkY:1mJXLW4Nfw2TQs+iIXq/TS6b4iNXIY,6b5591d2cec085683d2087267c655dc9d9bfe75b86f7c014cf956ca8722672c4,Mirai,putita.arm6,elf,2026-08-25 21:25:28,MalwareBazaar
MD5,79ca8de9c9b118c11bb86558b423321f,d44926b66c423b7549793823ee63d19d6bff13ed503c8a01e7048dbeebc40e79,Mirai,putita.arm6,elf,2026-08-25 21:24:39,MalwareBazaar
SHA-1,95286912456e628270b61a216f9181d378c21c07,d44926b66c423b7549793823ee63d19d6bff13ed503c8a01e7048dbeebc40e79,Mirai,putita.arm6,elf,2026-08-25 21:24:39,MalwareBazaar
SHA-256,d44926b66c423b7549793823ee63d19d6bff13ed503c8a01e7048dbeebc40e79,d44926b66c423b7549793823ee63d19d6bff13ed503c8a01e7048dbeebc40e79,Mirai,putita.arm6,elf,2026-08-25 21:24:39,MalwareBazaar
SHA3-384,1c56148f7143706a2fc3630fdf394ef106e6f0fec819a772b5ba0a911bde45c96ff3d43f5d3ed95b48038078c8249cf3,d44926b66c423b7549793823ee63d19d6bff13ed503c8a01e7048dbeebc40e79,Mirai,putita.arm6,elf,2026-08-25 21:24:39,MalwareBazaar
TLSH,T117530251C1CDBFA9C7B53F38E5268806E272DCECDFB4385E5296B6880C2125A12D9FC5,d44926b66c423b7549793823ee63d19d6bff13ed503c8a01e7048dbeebc40e79,Mirai,putita.arm6,elf,2026-08-25 21:24:39,MalwareBazaar
SSDEEP,1536:HMOKUYuOdXn2ItywmiRHjHzE5pmcpajb19WhmVPlSpevWKG8vDjkKt0fj:sOKUYus2ItyKbzbcu1tVPlScOD8vnFtg,d44926b66c423b7549793823ee63d19d6bff13ed503c8a01e7048dbeebc40e79,Mirai,putita.arm6,elf,2026-08-25 21:24:39,MalwareBazaar
MD5,2b7482504147976501675f330dbce29d,82d75976bb4947e9da7e3e8f4bbeefa33cf4ed2eceba40a255875e74c82e81b8,unknown,Auto-Resolutorio.js,js,2026-08-25 21:24:01,MalwareBazaar
SHA-1,c000a30cfb256cb2a273cef22bc2002974e287e4,82d75976bb4947e9da7e3e8f4bbeefa33cf4ed2eceba40a255875e74c82e81b8,unknown,Auto-Resolutorio.js,js,2026-08-25 21:24:01,MalwareBazaar
SHA-256,82d75976bb4947e9da7e3e8f4bbeefa33cf4ed2eceba40a255875e74c82e81b8,82d75976bb4947e9da7e3e8f4bbeefa33cf4ed2eceba40a255875e74c82e81b8,unknown,Auto-Resolutorio.js,js,2026-08-25 21:24:01,MalwareBazaar
SHA3-384,c62579f88d1e871b8aa1dfe46c530c717216575ca3c3fc0522dd7490610e3f114050591b640cc454761029110b0ef9be,82d75976bb4947e9da7e3e8f4bbeefa33cf4ed2eceba40a255875e74c82e81b8,unknown,Auto-Resolutorio.js,js,2026-08-25 21:24:01,MalwareBazaar
TLSH,T19D74BFEE6A49DD381F8C72CD8F03685E3D6EB7C1185EB1CCA1C42127535A51BEAE0D29,82d75976bb4947e9da7e3e8f4bbeefa33cf4ed2eceba40a255875e74c82e81b8,unknown,Auto-Resolutorio.js,js,2026-08-25 21:24:01,MalwareBazaar
SSDEEP,6144:HjYuPMbdKcsBu1ZQPUtLT13fPB5DlQcsLtlHVthbJCOjcn6blBXHAUFGrkVL:rEpsBuvoWP70ttsn6J9AUFVVL,82d75976bb4947e9da7e3e8f4bbeefa33cf4ed2eceba40a255875e74c82e81b8,unknown,Auto-Resolutorio.js,js,2026-08-25 21:24:01,MalwareBazaar
MD5,6d4c167a665688a9ee444028234df4ad,30ddcc99e3c4380ca21df1c0b92e7867abe1657b42f4b86f35064ff394ae6575,Mirai,sh4,elf,2026-08-25 21:17:18,MalwareBazaar
SHA-1,d0f54512ac8d9270fd5877eacdbe151e4080e949,30ddcc99e3c4380ca21df1c0b92e7867abe1657b42f4b86f35064ff394ae6575,Mirai,sh4,elf,2026-08-25 21:17:18,MalwareBazaar
SHA-256,30ddcc99e3c4380ca21df1c0b92e7867abe1657b42f4b86f35064ff394ae6575,30ddcc99e3c4380ca21df1c0b92e7867abe1657b42f4b86f35064ff394ae6575,Mirai,sh4,elf,2026-08-25 21:17:18,MalwareBazaar
SHA3-384,7a22382b412f73d1a8e33c2e6906969d00f5968325de4202517cb6d50e21ccb28752ae2a8323b469edb919a3d31a6bf8,30ddcc99e3c4380ca21df1c0b92e7867abe1657b42f4b86f35064ff394ae6575,Mirai,sh4,elf,2026-08-25 21:17:18,MalwareBazaar
TLSH,T129F36C73CC2A6EA8C925D9B4B0B48FBD1B53A52481472FBE54ABC2758043DCDF5493B8,30ddcc99e3c4380ca21df1c0b92e7867abe1657b42f4b86f35064ff394ae6575,Mirai,sh4,elf,2026-08-25 21:17:18,MalwareBazaar
SSDEEP,3072:4GHUIhpBYUY5Z1URXZg0jXWQ9S66W9II2TidDHG:4ic5jUJZVXvn9I5idy,30ddcc99e3c4380ca21df1c0b92e7867abe1657b42f4b86f35064ff394ae6575,Mirai,sh4,elf,2026-08-25 21:17:18,MalwareBazaar
MD5,7d3b1a55c62b100d7ef7242278c2a1c3,671bc7f66ab714f660cb553bcda96f342a3f833a73ef268b4f33e08c457deae4,Mirai,i486,elf,2026-08-25 21:16:24,MalwareBazaar
SHA-1,66734c27172702649bc0e18e924364a1e5a34490,671bc7f66ab714f660cb553bcda96f342a3f833a73ef268b4f33e08c457deae4,Mirai,i486,elf,2026-08-25 21:16:24,MalwareBazaar
SHA-256,671bc7f66ab714f660cb553bcda96f342a3f833a73ef268b4f33e08c457deae4,671bc7f66ab714f660cb553bcda96f342a3f833a73ef268b4f33e08c457deae4,Mirai,i486,elf,2026-08-25 21:16:24,MalwareBazaar
SHA3-384,2044d8c05672249df8a920d5867a42f812a879c66a2125e6383862c3ba1e6a1a6eff7cbb1441c1f10e2e8151d7ff6205,671bc7f66ab714f660cb553bcda96f342a3f833a73ef268b4f33e08c457deae4,Mirai,i486,elf,2026-08-25 21:16:24,MalwareBazaar
TLSH,T18CC35C46F783E0F0DD4A06F0115BFB398A35DD321026DE5ADBA4FDB6AD72642A11632C,671bc7f66ab714f660cb553bcda96f342a3f833a73ef268b4f33e08c457deae4,Mirai,i486,elf,2026-08-25 21:16:24,MalwareBazaar
TELFHASH,t1835147b5bfe919d877d08801c1cf0771da2ce67f29403ae60bf2166533b6a116566c38,671bc7f66ab714f660cb553bcda96f342a3f833a73ef268b4f33e08c457deae4,Mirai,i486,elf,2026-08-25 21:16:24,MalwareBazaar
SSDEEP,3072:bCTf1P8ZGErfdnLmrBnzDi1ChPZBihLL6qfc7Un+V9:ItP8zfaDgChP0OunK,671bc7f66ab714f660cb553bcda96f342a3f833a73ef268b4f33e08c457deae4,Mirai,i486,elf,2026-08-25 21:16:24,MalwareBazaar
MD5,b8ba2c2e6c2dc891bf84d632a7fdad77,dd2c22752ad053325c2bce124c0984128bba7ed3148022e271f7827df65a81f6,Mirai,i486,elf,2026-08-25 21:15:32,MalwareBazaar
SHA-1,ff7d609748aa7d22f4121faac61caea4b5e37366,dd2c22752ad053325c2bce124c0984128bba7ed3148022e271f7827df65a81f6,Mirai,i486,elf,2026-08-25 21:15:32,MalwareBazaar
SHA-256,dd2c22752ad053325c2bce124c0984128bba7ed3148022e271f7827df65a81f6,dd2c22752ad053325c2bce124c0984128bba7ed3148022e271f7827df65a81f6,Mirai,i486,elf,2026-08-25 21:15:32,MalwareBazaar
SHA3-384,a95a72de3e5f5a2c23ff42889098166f998fe9dc903a7125f309ba92788dd3b01c85a8652cbb728567db29c8a2c78266,dd2c22752ad053325c2bce124c0984128bba7ed3148022e271f7827df65a81f6,Mirai,i486,elf,2026-08-25 21:15:32,MalwareBazaar
TLSH,T1B15302A9E3F817D6C58DD1363C1D394B19609C29616A58EEAA840327C48F3F87E01ADB,dd2c22752ad053325c2bce124c0984128bba7ed3148022e271f7827df65a81f6,Mirai,i486,elf,2026-08-25 21:15:32,MalwareBazaar
SSDEEP,1536:uziAgJY2C0NUdZDLdUrgKKQRnY53b0Ani1xR5Snouy8LzkkW:4CJY2FEJld4+07h5KoutUkW,dd2c22752ad053325c2bce124c0984128bba7ed3148022e271f7827df65a81f6,Mirai,i486,elf,2026-08-25 21:15:32,MalwareBazaar
MD5,3b4f5f7d230b26a7d6a25bbaf37ccb33,af1762c75e7da96ca5bc1181e2cdb343b4b4309366e16aec1fe4bc0ff39d26fa,RemusStealer,Setup.exe,exe,2026-08-25 21:12:27,MalwareBazaar
SHA-1,60c7d887184cbdbc58009b3287ee4ac0632ea473,af1762c75e7da96ca5bc1181e2cdb343b4b4309366e16aec1fe4bc0ff39d26fa,RemusStealer,Setup.exe,exe,2026-08-25 21:12:27,MalwareBazaar
SHA-256,af1762c75e7da96ca5bc1181e2cdb343b4b4309366e16aec1fe4bc0ff39d26fa,af1762c75e7da96ca5bc1181e2cdb343b4b4309366e16aec1fe4bc0ff39d26fa,RemusStealer,Setup.exe,exe,2026-08-25 21:12:27,MalwareBazaar
SHA3-384,67e275b59a6888d468c2b479412a6a009792c91e07a8185296714f78d9136aa66117f5b273349c88a680b49d6f962482,af1762c75e7da96ca5bc1181e2cdb343b4b4309366e16aec1fe4bc0ff39d26fa,RemusStealer,Setup.exe,exe,2026-08-25 21:12:27,MalwareBazaar
IMPHASH,2057790ae7855765d51bdc4142e62f9c,af1762c75e7da96ca5bc1181e2cdb343b4b4309366e16aec1fe4bc0ff39d26fa,RemusStealer,Setup.exe,exe,2026-08-25 21:12:27,MalwareBazaar
TLSH,T199F63349EBA030B5F8628174CEF7DA91EA723C46435195DB1BC878875EB76D0CF26322,af1762c75e7da96ca5bc1181e2cdb343b4b4309366e16aec1fe4bc0ff39d26fa,RemusStealer,Setup.exe,exe,2026-08-25 21:12:27,MalwareBazaar
SSDEEP,393216:GfDVmJxt3+s3kYyDrJosD7C+5dq4fLM2s2NuoIGPsP:GM9ynZDW+5dq4A2s2EckP,af1762c75e7da96ca5bc1181e2cdb343b4b4309366e16aec1fe4bc0ff39d26fa,RemusStealer,Setup.exe,exe,2026-08-25 21:12:27,MalwareBazaar
ICON-DHASH,9494b494d4aeaeac,af1762c75e7da96ca5bc1181e2cdb343b4b4309366e16aec1fe4bc0ff39d26fa,RemusStealer,Setup.exe,exe,2026-08-25 21:12:27,MalwareBazaar
MD5,c347ca26e35efda4edd8c8a3a1afd24d,2d0fd92ec27d3ca45834545d8d461e856a0d75d293b51d31232f79b25214e0f3,Mirai,putita.mipsrouter,elf,2026-08-25 21:12:21,MalwareBazaar
SHA-1,41fd133c17b6ac2aa5e6e49f038a29339516da9c,2d0fd92ec27d3ca45834545d8d461e856a0d75d293b51d31232f79b25214e0f3,Mirai,putita.mipsrouter,elf,2026-08-25 21:12:21,MalwareBazaar
SHA-256,2d0fd92ec27d3ca45834545d8d461e856a0d75d293b51d31232f79b25214e0f3,2d0fd92ec27d3ca45834545d8d461e856a0d75d293b51d31232f79b25214e0f3,Mirai,putita.mipsrouter,elf,2026-08-25 21:12:21,MalwareBazaar
SHA3-384,833fda64bd488587d0eaea35925847f635e17a3c6a5255d75e5a07eb62c6d25f9534547ac940d7c5bf719b3bed0c7ec8,2d0fd92ec27d3ca45834545d8d461e856a0d75d293b51d31232f79b25214e0f3,Mirai,putita.mipsrouter,elf,2026-08-25 21:12:21,MalwareBazaar
TLSH,T1BB14295B7B10CFA2D228C63049B3C797A6F526A726D2C585F36DDE082E2034D685FED4,2d0fd92ec27d3ca45834545d8d461e856a0d75d293b51d31232f79b25214e0f3,Mirai,putita.mipsrouter,elf,2026-08-25 21:12:21,MalwareBazaar
TELFHASH,t1134131644d3ada0adb49cca845bdab2e741f510b5358ce33ee30416e40420f9e26ad5f,2d0fd92ec27d3ca45834545d8d461e856a0d75d293b51d31232f79b25214e0f3,Mirai,putita.mipsrouter,elf,2026-08-25 21:12:21,MalwareBazaar
SSDEEP,3072:qIvIcVyv3xtMc4q3M2/pRB7OowtmbYWs1uKniAOYjmD47BRvYa1DIjALgBZ9A:qIv3yf87q3DD7WGEbRO477vYAK+7,2d0fd92ec27d3ca45834545d8d461e856a0d75d293b51d31232f79b25214e0f3,Mirai,putita.mipsrouter,elf,2026-08-25 21:12:21,MalwareBazaar
MD5,4116f5e8940f1eeda985660102f8cc18,1d70972c44664eb6f4b3f4a4fa11e44eaed32913a8cb4c02a11c27d70eef1edc,unknown,Setup.exe,exe,2026-08-25 21:11:24,MalwareBazaar
SHA-1,03aea366ce90ea9964f4387a34ee78fdff0bf8e7,1d70972c44664eb6f4b3f4a4fa11e44eaed32913a8cb4c02a11c27d70eef1edc,unknown,Setup.exe,exe,2026-08-25 21:11:24,MalwareBazaar
SHA-256,1d70972c44664eb6f4b3f4a4fa11e44eaed32913a8cb4c02a11c27d70eef1edc,1d70972c44664eb6f4b3f4a4fa11e44eaed32913a8cb4c02a11c27d70eef1edc,unknown,Setup.exe,exe,2026-08-25 21:11:24,MalwareBazaar
SHA3-384,741e3d29f6b75af6e05956e10cea15cea98236313f637c2a5433ea1f053b7fb5bb715b47a91ccb2693604129b5e050c4,1d70972c44664eb6f4b3f4a4fa11e44eaed32913a8cb4c02a11c27d70eef1edc,unknown,Setup.exe,exe,2026-08-25 21:11:24,MalwareBazaar
IMPHASH,682698ea78be8d2edcfadd8b96c3e30b,1d70972c44664eb6f4b3f4a4fa11e44eaed32913a8cb4c02a11c27d70eef1edc,unknown,Setup.exe,exe,2026-08-25 21:11:24,MalwareBazaar
TLSH,T114D49F16D6C381F1DD4255B2333FB32BBB325D178830DAFAE7E05A669832B50661F186,1d70972c44664eb6f4b3f4a4fa11e44eaed32913a8cb4c02a11c27d70eef1edc,unknown,Setup.exe,exe,2026-08-25 21:11:24,MalwareBazaar
SSDEEP,12288:HwT16s7WOPTAJ8ty4LYSap7aAVxqgvBcg/orbO3oqG:HwT1QtJ8ty4LUpeAVxzB1orwoq,1d70972c44664eb6f4b3f4a4fa11e44eaed32913a8cb4c02a11c27d70eef1edc,unknown,Setup.exe,exe,2026-08-25 21:11:24,MalwareBazaar
MD5,488d3324b6745baa2f52ea9d65900dfb,b5909f3325234e39e826c63b7424690c09800280f8b313e5ba71eee3c25ec99e,Mirai,putita.mipsrouter,elf,2026-08-25 21:11:18,MalwareBazaar
SHA-1,d83bc3a4139fc2ab51e7f049ef1ed007cfd019ab,b5909f3325234e39e826c63b7424690c09800280f8b313e5ba71eee3c25ec99e,Mirai,putita.mipsrouter,elf,2026-08-25 21:11:18,MalwareBazaar
SHA-256,b5909f3325234e39e826c63b7424690c09800280f8b313e5ba71eee3c25ec99e,b5909f3325234e39e826c63b7424690c09800280f8b313e5ba71eee3c25ec99e,Mirai,putita.mipsrouter,elf,2026-08-25 21:11:18,MalwareBazaar
SHA3-384,405cc2d2125a66993475cfdb5d20cf1314ca3f577a213c5399559d6cb4c7b42a3b2609097121ae23c05d6de4bc34eb8f,b5909f3325234e39e826c63b7424690c09800280f8b313e5ba71eee3c25ec99e,Mirai,putita.mipsrouter,elf,2026-08-25 21:11:18,MalwareBazaar
TLSH,T1FE83128844267DB5D0D268FA07B8063B5D7F06371833D19F0929B089CE674DAB871D9F,b5909f3325234e39e826c63b7424690c09800280f8b313e5ba71eee3c25ec99e,Mirai,putita.mipsrouter,elf,2026-08-25 21:11:18,MalwareBazaar
SSDEEP,1536:IZfjk7R6qr4E+qeTWLBLvXLsDflOvQxlA6N6Dt/eu7ZqAR080V1cnh:IZ7k7RTr/+q/Ls9nQt0fV1Sh,b5909f3325234e39e826c63b7424690c09800280f8b313e5ba71eee3c25ec99e,Mirai,putita.mipsrouter,elf,2026-08-25 21:11:18,MalwareBazaar
MD5,6f161f07cf638a8f70d06defa71a7588,d256d5c55de076203b3ff997ca2dca466f72d97ee5d3ae6666717cee4baa7c1b,RemusStealer,Setup.exe,exe,2026-08-25 21:10:36,MalwareBazaar
SHA-1,2dba99d0fd737f915ae421b8e550b3b09b1bda67,d256d5c55de076203b3ff997ca2dca466f72d97ee5d3ae6666717cee4baa7c1b,RemusStealer,Setup.exe,exe,2026-08-25 21:10:36,MalwareBazaar
SHA-256,d256d5c55de076203b3ff997ca2dca466f72d97ee5d3ae6666717cee4baa7c1b,d256d5c55de076203b3ff997ca2dca466f72d97ee5d3ae6666717cee4baa7c1b,RemusStealer,Setup.exe,exe,2026-08-25 21:10:36,MalwareBazaar
SHA3-384,3fe2312a0679158bf0d1d462b7854423a48be981d909d01f6567dd0e3827b7a7e47d76c36d4d6f56aaa151be05e3b4e3,d256d5c55de076203b3ff997ca2dca466f72d97ee5d3ae6666717cee4baa7c1b,RemusStealer,Setup.exe,exe,2026-08-25 21:10:36,MalwareBazaar
IMPHASH,2057790ae7855765d51bdc4142e62f9c,d256d5c55de076203b3ff997ca2dca466f72d97ee5d3ae6666717cee4baa7c1b,RemusStealer,Setup.exe,exe,2026-08-25 21:10:36,MalwareBazaar
TLSH,T17CF63359B3B430FCF552E875894AD741E7323C86677099AF0B94EA6B2F63440DA2C339,d256d5c55de076203b3ff997ca2dca466f72d97ee5d3ae6666717cee4baa7c1b,RemusStealer,Setup.exe,exe,2026-08-25 21:10:36,MalwareBazaar
SSDEEP,393216:DHEpL+z00LehEuSh31cr6JlEFH2H8ckhDS6aCy:Du/rh7Shlcr6JEWJkhDXa7,d256d5c55de076203b3ff997ca2dca466f72d97ee5d3ae6666717cee4baa7c1b,RemusStealer,Setup.exe,exe,2026-08-25 21:10:36,MalwareBazaar
ICON-DHASH,9494b494d4aeaeac,d256d5c55de076203b3ff997ca2dca466f72d97ee5d3ae6666717cee4baa7c1b,RemusStealer,Setup.exe,exe,2026-08-25 21:10:36,MalwareBazaar
MD5,1ecd4858dfaf3246e03fb0cfa7453e36,56ffd2771ef463a8b67ff3dcc8528e78b78e4a2ce9234ae941695118a73b3543,RemusStealer,Setup.exe,exe,2026-08-25 21:09:24,MalwareBazaar
SHA-1,fdcb07eb52f779eaa21514d3b0b5d04b89a95411,56ffd2771ef463a8b67ff3dcc8528e78b78e4a2ce9234ae941695118a73b3543,RemusStealer,Setup.exe,exe,2026-08-25 21:09:24,MalwareBazaar
SHA-256,56ffd2771ef463a8b67ff3dcc8528e78b78e4a2ce9234ae941695118a73b3543,56ffd2771ef463a8b67ff3dcc8528e78b78e4a2ce9234ae941695118a73b3543,RemusStealer,Setup.exe,exe,2026-08-25 21:09:24,MalwareBazaar
SHA3-384,12fec5aac702b8062920c48507c7c1eb756f29b7db8731544b05fc9589b83185445843dff2793ce6aed544f177c66062,56ffd2771ef463a8b67ff3dcc8528e78b78e4a2ce9234ae941695118a73b3543,RemusStealer,Setup.exe,exe,2026-08-25 21:09:24,MalwareBazaar
IMPHASH,2057790ae7855765d51bdc4142e62f9c,56ffd2771ef463a8b67ff3dcc8528e78b78e4a2ce9234ae941695118a73b3543,RemusStealer,Setup.exe,exe,2026-08-25 21:09:24,MalwareBazaar
TLSH,T183F63305FB9034E5F8369270CFF786E0EA317C5B03719BE617D025272AE75A0DA26B12,56ffd2771ef463a8b67ff3dcc8528e78b78e4a2ce9234ae941695118a73b3543,RemusStealer,Setup.exe,exe,2026-08-25 21:09:24,MalwareBazaar
SSDEEP,393216:HyrxVeuoF/o0bIhakmGrpuVMdZTfyKBmd/v3YVB4WcIWsBFt:HR/o0b8EQAVyTonojthN,56ffd2771ef463a8b67ff3dcc8528e78b78e4a2ce9234ae941695118a73b3543,RemusStealer,Setup.exe,exe,2026-08-25 21:09:24,MalwareBazaar
ICON-DHASH,9494b494d4aeaeac,56ffd2771ef463a8b67ff3dcc8528e78b78e4a2ce9234ae941695118a73b3543,RemusStealer,Setup.exe,exe,2026-08-25 21:09:24,MalwareBazaar
MD5,59a21de70a5c1cb3fb683abb5cb3a6b3,0e47825b38a8b078af16722ff4f49e6988cd2dd1e1faf8062934e3970d13f5eb,unknown,vywerrzo27.hta,unknown,2026-08-25 21:08:25,MalwareBazaar
SHA-256,0e47825b38a8b078af16722ff4f49e6988cd2dd1e1faf8062934e3970d13f5eb,0e47825b38a8b078af16722ff4f49e6988cd2dd1e1faf8062934e3970d13f5eb,unknown,vywerrzo27.hta,unknown,2026-08-25 21:08:25,MalwareBazaar
MD5,12bf2ed240d9d6a674600ff8af4d61b5,1b31ce2dc9f700aaf2765e44abf263f6a71a4e1630f4c57fdbbba6f6d57f5010,RemusStealer,Setup.exe,exe,2026-08-25 21:08:20,MalwareBazaar
SHA-1,537d80b6fff5419e89d0c67145128e0c98730b81,1b31ce2dc9f700aaf2765e44abf263f6a71a4e1630f4c57fdbbba6f6d57f5010,RemusStealer,Setup.exe,exe,2026-08-25 21:08:20,MalwareBazaar
SHA-256,1b31ce2dc9f700aaf2765e44abf263f6a71a4e1630f4c57fdbbba6f6d57f5010,1b31ce2dc9f700aaf2765e44abf263f6a71a4e1630f4c57fdbbba6f6d57f5010,RemusStealer,Setup.exe,exe,2026-08-25 21:08:20,MalwareBazaar
SHA3-384,3e2a2b17d075133823dc7602858a4b9906329dfb84b5707467a92fe7df818fba5d08b94405f66498b753f2c928879a65,1b31ce2dc9f700aaf2765e44abf263f6a71a4e1630f4c57fdbbba6f6d57f5010,RemusStealer,Setup.exe,exe,2026-08-25 21:08:20,MalwareBazaar
IMPHASH,2057790ae7855765d51bdc4142e62f9c,1b31ce2dc9f700aaf2765e44abf263f6a71a4e1630f4c57fdbbba6f6d57f5010,RemusStealer,Setup.exe,exe,2026-08-25 21:08:20,MalwareBazaar
TLSH,T168262305AB5034BAFC729274CFB3CAE2EA217C0B572095EB17E474570EB71D1DA2A712,1b31ce2dc9f700aaf2765e44abf263f6a71a4e1630f4c57fdbbba6f6d57f5010,RemusStealer,Setup.exe,exe,2026-08-25 21:08:20,MalwareBazaar
SSDEEP,98304:rKAIxUZKdU9+l4+muf340Sw1t2ZCHnPgfuLj6X6IRaCxA:rwxbU9+l4+mS38w1UIHPgfuiK4aC6,1b31ce2dc9f700aaf2765e44abf263f6a71a4e1630f4c57fdbbba6f6d57f5010,RemusStealer,Setup.exe,exe,2026-08-25 21:08:20,MalwareBazaar
ICON-DHASH,9494b494d4aeaeac,1b31ce2dc9f700aaf2765e44abf263f6a71a4e1630f4c57fdbbba6f6d57f5010,RemusStealer,Setup.exe,exe,2026-08-25 21:08:20,MalwareBazaar
MD5,2b9e481bef677e723f64568a395308b5,361cb8d273f677f336eb453700717d4ef85744354112a43a8d89f3e1d7126bc8,RemusStealer,Setup.exe,exe,2026-08-25 21:07:27,MalwareBazaar
SHA-1,ca894421680928f246595454fcdd79f6626859d3,361cb8d273f677f336eb453700717d4ef85744354112a43a8d89f3e1d7126bc8,RemusStealer,Setup.exe,exe,2026-08-25 21:07:27,MalwareBazaar
SHA-256,361cb8d273f677f336eb453700717d4ef85744354112a43a8d89f3e1d7126bc8,361cb8d273f677f336eb453700717d4ef85744354112a43a8d89f3e1d7126bc8,RemusStealer,Setup.exe,exe,2026-08-25 21:07:27,MalwareBazaar
SHA3-384,35e0ba7f9065f46feaae90547e1ef8066a8d0d56a0e0dd18589861bd8cbc0b9fb4fa223b0126632a52aac59abce9da22,361cb8d273f677f336eb453700717d4ef85744354112a43a8d89f3e1d7126bc8,RemusStealer,Setup.exe,exe,2026-08-25 21:07:27,MalwareBazaar
IMPHASH,2057790ae7855765d51bdc4142e62f9c,361cb8d273f677f336eb453700717d4ef85744354112a43a8d89f3e1d7126bc8,RemusStealer,Setup.exe,exe,2026-08-25 21:07:27,MalwareBazaar
TLSH,T1EEE633059B95357AF9679238CEF7CD91EA363C06032086DB279066BB1BB71D0C72BB11,361cb8d273f677f336eb453700717d4ef85744354112a43a8d89f3e1d7126bc8,RemusStealer,Setup.exe,exe,2026-08-25 21:07:27,MalwareBazaar
SSDEEP,196608:rgxbU9m7JqrUtaK9rsS7iBOwsZwdXk4hh3H14G2psoKn2ctSBSvYfSBjmVSgtjHG:UA89A2ilh3SGBV24ccYaB6VRL1u+4qa,361cb8d273f677f336eb453700717d4ef85744354112a43a8d89f3e1d7126bc8,RemusStealer,Setup.exe,exe,2026-08-25 21:07:27,MalwareBazaar
ICON-DHASH,9494b494d4aeaeac,361cb8d273f677f336eb453700717d4ef85744354112a43a8d89f3e1d7126bc8,RemusStealer,Setup.exe,exe,2026-08-25 21:07:27,MalwareBazaar
MD5,00a267d0209056a38862aa55ff209357,a248d97387d19b49b6b074d23d97e656305391aedd866d2fa0dd0477d315c074,RemusStealer,Setup.exe,exe,2026-08-25 21:06:39,MalwareBazaar
SHA-1,158db17e32560766901463bd266022a871ae6b26,a248d97387d19b49b6b074d23d97e656305391aedd866d2fa0dd0477d315c074,RemusStealer,Setup.exe,exe,2026-08-25 21:06:39,MalwareBazaar
SHA-256,a248d97387d19b49b6b074d23d97e656305391aedd866d2fa0dd0477d315c074,a248d97387d19b49b6b074d23d97e656305391aedd866d2fa0dd0477d315c074,RemusStealer,Setup.exe,exe,2026-08-25 21:06:39,MalwareBazaar
SHA3-384,868d577b66be714f7b305f2218d7327a24826b852ce5528fc5f78518c0f1e42395e80e190a3848945231573bc112cd6f,a248d97387d19b49b6b074d23d97e656305391aedd866d2fa0dd0477d315c074,RemusStealer,Setup.exe,exe,2026-08-25 21:06:39,MalwareBazaar
IMPHASH,2057790ae7855765d51bdc4142e62f9c,a248d97387d19b49b6b074d23d97e656305391aedd866d2fa0dd0477d315c074,RemusStealer,Setup.exe,exe,2026-08-25 21:06:39,MalwareBazaar
TLSH,T12D362209BBA0356AFC769234CEB3C6A1DA343807472185EB1BE4B51B1EF71D1DB2A711,a248d97387d19b49b6b074d23d97e656305391aedd866d2fa0dd0477d315c074,RemusStealer,Setup.exe,exe,2026-08-25 21:06:39,MalwareBazaar
SSDEEP,98304:rKAcxUZKdU99Myv0+IgvBDSNxcBq6O8kc+CU4QkHbAsjtN/h:rkxbU99O8586OV4Q2NJ,a248d97387d19b49b6b074d23d97e656305391aedd866d2fa0dd0477d315c074,RemusStealer,Setup.exe,exe,2026-08-25 21:06:39,MalwareBazaar
ICON-DHASH,9494b494d4aeaeac,a248d97387d19b49b6b074d23d97e656305391aedd866d2fa0dd0477d315c074,RemusStealer,Setup.exe,exe,2026-08-25 21:06:39,MalwareBazaar
MD5,374199fd7203225126bbd4ae72fddedf,9461ce465a3b0fa41aab50948190501d1574143daed369cd910de6d26b54afa1,RemusStealer,Setup.exe,exe,2026-08-25 21:05:47,MalwareBazaar
SHA-1,f3b58ba9f6709b42481c016c96c70094d6752d42,9461ce465a3b0fa41aab50948190501d1574143daed369cd910de6d26b54afa1,RemusStealer,Setup.exe,exe,2026-08-25 21:05:47,MalwareBazaar
SHA-256,9461ce465a3b0fa41aab50948190501d1574143daed369cd910de6d26b54afa1,9461ce465a3b0fa41aab50948190501d1574143daed369cd910de6d26b54afa1,RemusStealer,Setup.exe,exe,2026-08-25 21:05:47,MalwareBazaar
SHA3-384,c18c326f3ee7c4167938df582c04c620c0c6c23e419a38a5a46275ab11822204e30cd76d691c6f20e711816f9241aabd,9461ce465a3b0fa41aab50948190501d1574143daed369cd910de6d26b54afa1,RemusStealer,Setup.exe,exe,2026-08-25 21:05:47,MalwareBazaar
IMPHASH,2057790ae7855765d51bdc4142e62f9c,9461ce465a3b0fa41aab50948190501d1574143daed369cd910de6d26b54afa1,RemusStealer,Setup.exe,exe,2026-08-25 21:05:47,MalwareBazaar
TLSH,T176F63315EB9134B6EDA29235CEF7CAD1DA203C87073142DB27D0A4671EB76C1CA7A721,9461ce465a3b0fa41aab50948190501d1574143daed369cd910de6d26b54afa1,RemusStealer,Setup.exe,exe,2026-08-25 21:05:47,MalwareBazaar
SSDEEP,393216:Y6JIMy9cYrIGX5Zpdvl7CvQDNxQhZtafVK3fRx:YqIUYrIgrdRCCNxQhZT/,9461ce465a3b0fa41aab50948190501d1574143daed369cd910de6d26b54afa1,RemusStealer,Setup.exe,exe,2026-08-25 21:05:47,MalwareBazaar
ICON-DHASH,9494b494d4aeaeac,9461ce465a3b0fa41aab50948190501d1574143daed369cd910de6d26b54afa1,RemusStealer,Setup.exe,exe,2026-08-25 21:05:47,MalwareBazaar
MD5,e1321938ab2b267b3e02ecc9badb58dd,03c1a932ee59cf97ca66760fbd64d5ff7ac9598113a3aea82d2a7a9cb486c64d,Mirai,putita.mips,elf,2026-08-25 21:05:32,MalwareBazaar
SHA-1,c0093659fc51f27438a1c85c49817a9d8915ef7b,03c1a932ee59cf97ca66760fbd64d5ff7ac9598113a3aea82d2a7a9cb486c64d,Mirai,putita.mips,elf,2026-08-25 21:05:32,MalwareBazaar
SHA-256,03c1a932ee59cf97ca66760fbd64d5ff7ac9598113a3aea82d2a7a9cb486c64d,03c1a932ee59cf97ca66760fbd64d5ff7ac9598113a3aea82d2a7a9cb486c64d,Mirai,putita.mips,elf,2026-08-25 21:05:32,MalwareBazaar
SHA3-384,43e08c09252cafc9017717f34040d503ded0c46361f31f5c17afcb70f44e4931b2c1dae0aa06b40799fa03e37781f5f8,03c1a932ee59cf97ca66760fbd64d5ff7ac9598113a3aea82d2a7a9cb486c64d,Mirai,putita.mips,elf,2026-08-25 21:05:32,MalwareBazaar
TLSH,T117141A5A7B20DFA2D329C6304AB3C79766F5269236D2C445F22DCE182E2134E685FFD4,03c1a932ee59cf97ca66760fbd64d5ff7ac9598113a3aea82d2a7a9cb486c64d,Mirai,putita.mips,elf,2026-08-25 21:05:32,MalwareBazaar
TELFHASH,t18f4163a04d3bda1adb95cca889fdab7a740f401b5318ce33ee30416e40420f9e25ad5f,03c1a932ee59cf97ca66760fbd64d5ff7ac9598113a3aea82d2a7a9cb486c64d,Mirai,putita.mips,elf,2026-08-25 21:05:32,MalwareBazaar
SSDEEP,6144:vhwZ1zZTEkcVyFfZxzOmz8nYgumjAVoGXu:m/z1tFhxpaYgGI,03c1a932ee59cf97ca66760fbd64d5ff7ac9598113a3aea82d2a7a9cb486c64d,Mirai,putita.mips,elf,2026-08-25 21:05:32,MalwareBazaar
MD5,b0dedca22277d75afd198dc37e500a7a,91fa1ef98caaf8740e666935ffdcfbe93085a6a02398b5fecb188a02031b393c,Mirai,putita.mips,elf,2026-08-25 21:05:18,MalwareBazaar
SHA-1,c3dd9dbd38ea78ea27c2494f98b31db9d98b624a,91fa1ef98caaf8740e666935ffdcfbe93085a6a02398b5fecb188a02031b393c,Mirai,putita.mips,elf,2026-08-25 21:05:18,MalwareBazaar
SHA-256,91fa1ef98caaf8740e666935ffdcfbe93085a6a02398b5fecb188a02031b393c,91fa1ef98caaf8740e666935ffdcfbe93085a6a02398b5fecb188a02031b393c,Mirai,putita.mips,elf,2026-08-25 21:05:18,MalwareBazaar
SHA3-384,006ec1777273a5c51f6da0fb2245bd9aa36c4f876eee19f41825d368e577bb1f8a1b68b6d3203bd2914ea5d2d82e6ff2,91fa1ef98caaf8740e666935ffdcfbe93085a6a02398b5fecb188a02031b393c,Mirai,putita.mips,elf,2026-08-25 21:05:18,MalwareBazaar
TLSH,T134A31276CB7C1034E282A6B00FC447492652F7073637A6BDF0DAE51D29B1E638299B6C,91fa1ef98caaf8740e666935ffdcfbe93085a6a02398b5fecb188a02031b393c,Mirai,putita.mips,elf,2026-08-25 21:05:18,MalwareBazaar
SSDEEP,3072:hlx41noj9Qvj5f9ZjrkNhy4Bmal8YuYmJt:h7LhQv1Aamc7t,91fa1ef98caaf8740e666935ffdcfbe93085a6a02398b5fecb188a02031b393c,Mirai,putita.mips,elf,2026-08-25 21:05:18,MalwareBazaar
MD5,0741bde0425e06f4b6cb7ebe726ca11d,d76f26d8876a17edfa9efccfccc10a1648b08fa69dbc70756b20b13ef3918333,RemusStealer,Setup.exe,exe,2026-08-25 21:04:49,MalwareBazaar
SHA-1,2501379597d289cc13d8f410431e843aadcc9f42,d76f26d8876a17edfa9efccfccc10a1648b08fa69dbc70756b20b13ef3918333,RemusStealer,Setup.exe,exe,2026-08-25 21:04:49,MalwareBazaar
SHA-256,d76f26d8876a17edfa9efccfccc10a1648b08fa69dbc70756b20b13ef3918333,d76f26d8876a17edfa9efccfccc10a1648b08fa69dbc70756b20b13ef3918333,RemusStealer,Setup.exe,exe,2026-08-25 21:04:49,MalwareBazaar
SHA3-384,210dbae51ebc7604f89554d7475714fd1c8fd4e3626840d9fd84bf9f80eaecb0cfac3cd29772bb4704d48f9fbec90e0e,d76f26d8876a17edfa9efccfccc10a1648b08fa69dbc70756b20b13ef3918333,RemusStealer,Setup.exe,exe,2026-08-25 21:04:49,MalwareBazaar
IMPHASH,2057790ae7855765d51bdc4142e62f9c,d76f26d8876a17edfa9efccfccc10a1648b08fa69dbc70756b20b13ef3918333,RemusStealer,Setup.exe,exe,2026-08-25 21:04:49,MalwareBazaar
TLSH,T15CF6334AA79431DCF0A2E8344D5AE301E7323CC65B75D96B1BD8E94B1F621E0DA1D33A,d76f26d8876a17edfa9efccfccc10a1648b08fa69dbc70756b20b13ef3918333,RemusStealer,Setup.exe,exe,2026-08-25 21:04:49,MalwareBazaar
SSDEEP,393216:S1UQzjS89L4BUpIc7Hza+/YAEk699hzn92MYa:S1UQzjS8pTIwa+/YnkEd92MV,d76f26d8876a17edfa9efccfccc10a1648b08fa69dbc70756b20b13ef3918333,RemusStealer,Setup.exe,exe,2026-08-25 21:04:49,MalwareBazaar
ICON-DHASH,9494b494d4aeaeac,d76f26d8876a17edfa9efccfccc10a1648b08fa69dbc70756b20b13ef3918333,RemusStealer,Setup.exe,exe,2026-08-25 21:04:49,MalwareBazaar
MD5,63c07d12aeb81dc487c88352cc2381e1,2853cdaa2ab6448c1161473e3ffe9a3c8fbe6a349a3cc435705683c9932dd1af,RemusStealer,Setup.exe,exe,2026-08-25 21:03:24,MalwareBazaar
SHA-1,c0adf28c78a4b4827cf084c0674a3d091a7da024,2853cdaa2ab6448c1161473e3ffe9a3c8fbe6a349a3cc435705683c9932dd1af,RemusStealer,Setup.exe,exe,2026-08-25 21:03:24,MalwareBazaar
SHA-256,2853cdaa2ab6448c1161473e3ffe9a3c8fbe6a349a3cc435705683c9932dd1af,2853cdaa2ab6448c1161473e3ffe9a3c8fbe6a349a3cc435705683c9932dd1af,RemusStealer,Setup.exe,exe,2026-08-25 21:03:24,MalwareBazaar
SHA3-384,efe1a360080146b82c46e7ae4326f6ed5a3e3cfe6d56a85e3035bb1abde71a29ba3d11b9f0f9a705e42212be8b5a63b1,2853cdaa2ab6448c1161473e3ffe9a3c8fbe6a349a3cc435705683c9932dd1af,RemusStealer,Setup.exe,exe,2026-08-25 21:03:24,MalwareBazaar
IMPHASH,2057790ae7855765d51bdc4142e62f9c,2853cdaa2ab6448c1161473e3ffe9a3c8fbe6a349a3cc435705683c9932dd1af,RemusStealer,Setup.exe,exe,2026-08-25 21:03:24,MalwareBazaar
TLSH,T15BF6331BE79521ECF0A2E874895BC702F7767C894B31D5AA2BD8EE671F63500A42C335,2853cdaa2ab6448c1161473e3ffe9a3c8fbe6a349a3cc435705683c9932dd1af,RemusStealer,Setup.exe,exe,2026-08-25 21:03:24,MalwareBazaar
SSDEEP,393216:vVllYcsR/wb2+XT9tLF3FXCFmnvGx/hB56NN61:v9sRob9T9b31CsOx5BL1,2853cdaa2ab6448c1161473e3ffe9a3c8fbe6a349a3cc435705683c9932dd1af,RemusStealer,Setup.exe,exe,2026-08-25 21:03:24,MalwareBazaar
ICON-DHASH,9494b494d4aeaeac,2853cdaa2ab6448c1161473e3ffe9a3c8fbe6a349a3cc435705683c9932dd1af,RemusStealer,Setup.exe,exe,2026-08-25 21:03:24,MalwareBazaar
MD5,dbd97dcdc9ddb7ea844115a2314e5ed9,94eafdd65b213502396db5d9f7f6571984bd9cff62fc608b603475b28eb093d9,RemusStealer,Setup.exe,exe,2026-08-25 21:02:06,MalwareBazaar
SHA-1,39264aec89d526c2226244dc680e0fdabd47c8b9,94eafdd65b213502396db5d9f7f6571984bd9cff62fc608b603475b28eb093d9,RemusStealer,Setup.exe,exe,2026-08-25 21:02:06,MalwareBazaar
SHA-256,94eafdd65b213502396db5d9f7f6571984bd9cff62fc608b603475b28eb093d9,94eafdd65b213502396db5d9f7f6571984bd9cff62fc608b603475b28eb093d9,RemusStealer,Setup.exe,exe,2026-08-25 21:02:06,MalwareBazaar
SHA3-384,7f9ea6347c046ec690d4d4b83429c6efc26f2f5c34eb7c90b8b2e09feedea77379cd37e8ad9b5a220d9746ff8541a69e,94eafdd65b213502396db5d9f7f6571984bd9cff62fc608b603475b28eb093d9,RemusStealer,Setup.exe,exe,2026-08-25 21:02:06,MalwareBazaar
IMPHASH,2057790ae7855765d51bdc4142e62f9c,94eafdd65b213502396db5d9f7f6571984bd9cff62fc608b603475b28eb093d9,RemusStealer,Setup.exe,exe,2026-08-25 21:02:06,MalwareBazaar
TLSH,T1E0F63304E7A131AAFC77A674CBB34AE0E9257C4E036146DB2BE4745B0BBB1D1D62B311,94eafdd65b213502396db5d9f7f6571984bd9cff62fc608b603475b28eb093d9,RemusStealer,Setup.exe,exe,2026-08-25 21:02:06,MalwareBazaar
SSDEEP,196608:r9xbU90HS2XFqiRy91V470eTQmZwxJdHYAmHKno7I7ZDtgHQai1ghMJz7PWLCG08:7t7hGVXeTrwJHf0KnhSQgh+DMZwKv,94eafdd65b213502396db5d9f7f6571984bd9cff62fc608b603475b28eb093d9,RemusStealer,Setup.exe,exe,2026-08-25 21:02:06,MalwareBazaar
ICON-DHASH,9494b494d4aeaeac,94eafdd65b213502396db5d9f7f6571984bd9cff62fc608b603475b28eb093d9,RemusStealer,Setup.exe,exe,2026-08-25 21:02:06,MalwareBazaar
MD5,c6d105e76189d31b7f4fd5e445806c07,223b572c10f3b361959d74c5c59bf2868bcf63e49c0b2679f4df5528035331a4,RemusStealer,Setup.exe,exe,2026-08-25 20:59:44,MalwareBazaar
SHA-1,cbfbed8f0b8aa84edd5138dfb83566d632c87897,223b572c10f3b361959d74c5c59bf2868bcf63e49c0b2679f4df5528035331a4,RemusStealer,Setup.exe,exe,2026-08-25 20:59:44,MalwareBazaar
SHA-256,223b572c10f3b361959d74c5c59bf2868bcf63e49c0b2679f4df5528035331a4,223b572c10f3b361959d74c5c59bf2868bcf63e49c0b2679f4df5528035331a4,RemusStealer,Setup.exe,exe,2026-08-25 20:59:44,MalwareBazaar
SHA3-384,62c68265f2376c91d4d9301149506f2b9da45c10215ea4cf8a0e6854e1d09d3ef05c371c01db7421b9fadd75837790c6,223b572c10f3b361959d74c5c59bf2868bcf63e49c0b2679f4df5528035331a4,RemusStealer,Setup.exe,exe,2026-08-25 20:59:44,MalwareBazaar
IMPHASH,2057790ae7855765d51bdc4142e62f9c,223b572c10f3b361959d74c5c59bf2868bcf63e49c0b2679f4df5528035331a4,RemusStealer,Setup.exe,exe,2026-08-25 20:59:44,MalwareBazaar
TLSH,T147F63310FBA874ADF83291B8CEB7CA90DA313882135456E72BD478574FEB5D1C63AB11,223b572c10f3b361959d74c5c59bf2868bcf63e49c0b2679f4df5528035331a4,RemusStealer,Setup.exe,exe,2026-08-25 20:59:44,MalwareBazaar
SSDEEP,393216:sM0AeinHab48nvtlpYAG4Un6CFapI3nd68mvRIhGW83p/py:sMLHaMq/bo6Ci667IZ8RU,223b572c10f3b361959d74c5c59bf2868bcf63e49c0b2679f4df5528035331a4,RemusStealer,Setup.exe,exe,2026-08-25 20:59:44,MalwareBazaar
ICON-DHASH,9494b494d4aeaeac,223b572c10f3b361959d74c5c59bf2868bcf63e49c0b2679f4df5528035331a4,RemusStealer,Setup.exe,exe,2026-08-25 20:59:44,MalwareBazaar
MD5,cee61ab4bca470b8ad09d3eb83c02eae,c191cba2b5246213a4078d613e839dbdc47c9663d021afc0093f0ecc6f5a3168,unknown,stage_dll.bin,dll,2026-08-25 20:58:49,MalwareBazaar
SHA-1,ad188fc7e1147ec02d19aaae65785f34f356ab29,c191cba2b5246213a4078d613e839dbdc47c9663d021afc0093f0ecc6f5a3168,unknown,stage_dll.bin,dll,2026-08-25 20:58:49,MalwareBazaar
SHA-256,c191cba2b5246213a4078d613e839dbdc47c9663d021afc0093f0ecc6f5a3168,c191cba2b5246213a4078d613e839dbdc47c9663d021afc0093f0ecc6f5a3168,unknown,stage_dll.bin,dll,2026-08-25 20:58:49,MalwareBazaar
SHA3-384,672bf5b3c33539c7b3c9e8fc4c58065dc08647e2009fd48b77aac48d1e715a182991a4824c654c9ac10c2b744d93f94b,c191cba2b5246213a4078d613e839dbdc47c9663d021afc0093f0ecc6f5a3168,unknown,stage_dll.bin,dll,2026-08-25 20:58:49,MalwareBazaar
IMPHASH,a01602ffc02b84b44ffbaa3364e16be1,c191cba2b5246213a4078d613e839dbdc47c9663d021afc0093f0ecc6f5a3168,unknown,stage_dll.bin,dll,2026-08-25 20:58:49,MalwareBazaar
TLSH,T1E2C41937B362D15FF0E4C4B06762B76498285F330540D42BFBD1AE1D217A8AAE863767,c191cba2b5246213a4078d613e839dbdc47c9663d021afc0093f0ecc6f5a3168,unknown,stage_dll.bin,dll,2026-08-25 20:58:49,MalwareBazaar
SSDEEP,6144:dVe++mC5i1Py2dP8vkoGANputrXD7knqXCkUoyZg9QDnSJkpqljfYwKGflkJbyz+:cEs+AL8XzCkEZUVJckcwKbcy,c191cba2b5246213a4078d613e839dbdc47c9663d021afc0093f0ecc6f5a3168,unknown,stage_dll.bin,dll,2026-08-25 20:58:49,MalwareBazaar
MD5,6c8103eba76e45df3dce42d06647bc33,6b4afe2d853d455f80a3e254a9dbb0aff9fde1bbf2b188d1e0e8f4d14be29ffb,unknown,6b4afe2d853d455f80a3e254a9dbb0aff9fde1bbf2b188d1e0e8f4d14be29ffb.exe,exe,2026-08-25 20:55:47,MalwareBazaar
SHA-1,ff2b0d06990b2c0fa5d88aa6b08954e8b25f0b89,6b4afe2d853d455f80a3e254a9dbb0aff9fde1bbf2b188d1e0e8f4d14be29ffb,unknown,6b4afe2d853d455f80a3e254a9dbb0aff9fde1bbf2b188d1e0e8f4d14be29ffb.exe,exe,2026-08-25 20:55:47,MalwareBazaar
SHA-256,6b4afe2d853d455f80a3e254a9dbb0aff9fde1bbf2b188d1e0e8f4d14be29ffb,6b4afe2d853d455f80a3e254a9dbb0aff9fde1bbf2b188d1e0e8f4d14be29ffb,unknown,6b4afe2d853d455f80a3e254a9dbb0aff9fde1bbf2b188d1e0e8f4d14be29ffb.exe,exe,2026-08-25 20:55:47,MalwareBazaar
SHA3-384,ffcb31719faf68406f1d1906f01414519472d20c1945c2bee54781d06ca90639464395f5becb212c7144c5393afbcb41,6b4afe2d853d455f80a3e254a9dbb0aff9fde1bbf2b188d1e0e8f4d14be29ffb,unknown,6b4afe2d853d455f80a3e254a9dbb0aff9fde1bbf2b188d1e0e8f4d14be29ffb.exe,exe,2026-08-25 20:55:47,MalwareBazaar
IMPHASH,5a2ed47d8c6c6433dbc831d38c92042b,6b4afe2d853d455f80a3e254a9dbb0aff9fde1bbf2b188d1e0e8f4d14be29ffb,unknown,6b4afe2d853d455f80a3e254a9dbb0aff9fde1bbf2b188d1e0e8f4d14be29ffb.exe,exe,2026-08-25 20:55:47,MalwareBazaar
TLSH,T169E52285BC8635B2E076C3B743E3A0BE71287B9986219C5E36CD5B106D52C287CB7B4D,6b4afe2d853d455f80a3e254a9dbb0aff9fde1bbf2b188d1e0e8f4d14be29ffb,unknown,6b4afe2d853d455f80a3e254a9dbb0aff9fde1bbf2b188d1e0e8f4d14be29ffb.exe,exe,2026-08-25 20:55:47,MalwareBazaar
SSDEEP,49152:kutloKLzvCeCOBGnK7UiAwLiTFJi2dVUlmL7+5n5o2SPewZGiQmiwJxtxH5vDUO:TiGbGIzU4LcE8UlmL70n8jzl5,6b4afe2d853d455f80a3e254a9dbb0aff9fde1bbf2b188d1e0e8f4d14be29ffb,unknown,6b4afe2d853d455f80a3e254a9dbb0aff9fde1bbf2b188d1e0e8f4d14be29ffb.exe,exe,2026-08-25 20:55:47,MalwareBazaar
MD5,7729e7a50aa93910a1dd13f4284a256c,70a3ec7542e6de872f4eeeb0a19f8d4e77eefdd4e5f28493013c303b7589d0e5,unknown,4pi3llms81.hta,unknown,2026-08-25 20:52:31,MalwareBazaar
SHA-256,70a3ec7542e6de872f4eeeb0a19f8d4e77eefdd4e5f28493013c303b7589d0e5,70a3ec7542e6de872f4eeeb0a19f8d4e77eefdd4e5f28493013c303b7589d0e5,unknown,4pi3llms81.hta,unknown,2026-08-25 20:52:31,MalwareBazaar
MD5,3e709dd34a47de401100fda631ffded8,73438ca34020990dc5e7733e4802e223b61338e26c33ea32376d6de7e1c85ee3,Mirai,m68k,elf,2026-08-25 20:52:30,MalwareBazaar
SHA-1,1a3cef0c96539dceae21ae06c92260c3ecb85650,73438ca34020990dc5e7733e4802e223b61338e26c33ea32376d6de7e1c85ee3,Mirai,m68k,elf,2026-08-25 20:52:30,MalwareBazaar
SHA-256,73438ca34020990dc5e7733e4802e223b61338e26c33ea32376d6de7e1c85ee3,73438ca34020990dc5e7733e4802e223b61338e26c33ea32376d6de7e1c85ee3,Mirai,m68k,elf,2026-08-25 20:52:30,MalwareBazaar
SHA3-384,5b407af1dff6d0cfb4ac28f107ec6e07d367eff0c1ad575181361670daf80597f9f60a29e29458ad1a7243c82d8c7610,73438ca34020990dc5e7733e4802e223b61338e26c33ea32376d6de7e1c85ee3,Mirai,m68k,elf,2026-08-25 20:52:30,MalwareBazaar
TLSH,T1EE145AD3FC12E9B9F80BD73B89474409B130B66310819A33721F757BAF6A09456B7E86,73438ca34020990dc5e7733e4802e223b61338e26c33ea32376d6de7e1c85ee3,Mirai,m68k,elf,2026-08-25 20:52:30,MalwareBazaar
SSDEEP,6144:ElyyII1TgltwtokTLCyyfKzZEssMOgh5oHO:El9IIvDEssMOgh5oHO,73438ca34020990dc5e7733e4802e223b61338e26c33ea32376d6de7e1c85ee3,Mirai,m68k,elf,2026-08-25 20:52:30,MalwareBazaar
MD5,4d207f0210d2b15cd79f47f913b218ec,82bb90e27bfa33e74e9f0f4871e2ef16799a71f07d038d4a7ec7e82ff132cc40,unknown,PURCHASE-RFQ-SC5681.pdf,pdf,2026-08-25 20:51:00,MalwareBazaar
SHA-1,9835776ff473f19147ad4344c15141698da3a676,82bb90e27bfa33e74e9f0f4871e2ef16799a71f07d038d4a7ec7e82ff132cc40,unknown,PURCHASE-RFQ-SC5681.pdf,pdf,2026-08-25 20:51:00,MalwareBazaar
SHA-256,82bb90e27bfa33e74e9f0f4871e2ef16799a71f07d038d4a7ec7e82ff132cc40,82bb90e27bfa33e74e9f0f4871e2ef16799a71f07d038d4a7ec7e82ff132cc40,unknown,PURCHASE-RFQ-SC5681.pdf,pdf,2026-08-25 20:51:00,MalwareBazaar
SHA3-384,66ed311abfcef7ce28c4202c93d1dac75c7c6e78307f80c21d57f6b503941c6a76cc0d498e175635c40e8be83c89be43,82bb90e27bfa33e74e9f0f4871e2ef16799a71f07d038d4a7ec7e82ff132cc40,unknown,PURCHASE-RFQ-SC5681.pdf,pdf,2026-08-25 20:51:00,MalwareBazaar
TLSH,T1882523582434EF9AD7644EB61B4FBE2FB23CB013F6C50522992DC38FD6B6E518566803,82bb90e27bfa33e74e9f0f4871e2ef16799a71f07d038d4a7ec7e82ff132cc40,unknown,PURCHASE-RFQ-SC5681.pdf,pdf,2026-08-25 20:51:00,MalwareBazaar
SSDEEP,24576:kkKr6nvLC66atMioUG67pR9KRZ7JWlCtEIFPZC9KR6cbF:ievW53b67AH4YpJyW,82bb90e27bfa33e74e9f0f4871e2ef16799a71f07d038d4a7ec7e82ff132cc40,unknown,PURCHASE-RFQ-SC5681.pdf,pdf,2026-08-25 20:51:00,MalwareBazaar
MD5,040ec7ee91043828cd3c1fb0cadc3af7,a96860a8a4653e1f59620c443d05f006cc7049e0f9c216f2cb7a7e32fc21d3ff,Mirai,putita.x86,elf,2026-08-25 20:49:22,MalwareBazaar
SHA-1,27de4f3616547526bf6fa07391e76f6adfeea299,a96860a8a4653e1f59620c443d05f006cc7049e0f9c216f2cb7a7e32fc21d3ff,Mirai,putita.x86,elf,2026-08-25 20:49:22,MalwareBazaar
SHA-256,a96860a8a4653e1f59620c443d05f006cc7049e0f9c216f2cb7a7e32fc21d3ff,a96860a8a4653e1f59620c443d05f006cc7049e0f9c216f2cb7a7e32fc21d3ff,Mirai,putita.x86,elf,2026-08-25 20:49:22,MalwareBazaar
SHA3-384,5419b80c1c72db673a6b8ef2f0b9b94d56d7a6e7810013d0f8f5a7e558a0b6e45b1153a79a432f28566a57f7017f91fe,a96860a8a4653e1f59620c443d05f006cc7049e0f9c216f2cb7a7e32fc21d3ff,Mirai,putita.x86,elf,2026-08-25 20:49:22,MalwareBazaar
TLSH,T16AE36C8CFA4BD1F0F5D34073512B937F93B289290136F566FF9A6B22DC32602545A26E,a96860a8a4653e1f59620c443d05f006cc7049e0f9c216f2cb7a7e32fc21d3ff,Mirai,putita.x86,elf,2026-08-25 20:49:22,MalwareBazaar
SSDEEP,3072:eaLukR0EMb+Wc146F5tRlgcuBVI3L7Qavh0r2rJfLLjBKy1:eSukRcb+Wp6F5tT/pf/qrAfX1Ky1,a96860a8a4653e1f59620c443d05f006cc7049e0f9c216f2cb7a7e32fc21d3ff,Mirai,putita.x86,elf,2026-08-25 20:49:22,MalwareBazaar
MD5,0d283862963461444636fb7b11b901c2,e83ee79f9419395234a70b758b1295c5e73cb1be0357370a3d56e429b936f8d9,unknown,Setup.exe,exe,2026-08-25 20:48:24,MalwareBazaar
SHA-1,a471c3ed1e42ec6772500a1d7e8c694fc1803fa1,e83ee79f9419395234a70b758b1295c5e73cb1be0357370a3d56e429b936f8d9,unknown,Setup.exe,exe,2026-08-25 20:48:24,MalwareBazaar
SHA-256,e83ee79f9419395234a70b758b1295c5e73cb1be0357370a3d56e429b936f8d9,e83ee79f9419395234a70b758b1295c5e73cb1be0357370a3d56e429b936f8d9,unknown,Setup.exe,exe,2026-08-25 20:48:24,MalwareBazaar
SHA3-384,392ad3913c7284a72595c8ad7c4f1ddc4847d18ba3b61be0bd536ad5696ce7b7f0251c47efcffdc52e957d15dce783b2,e83ee79f9419395234a70b758b1295c5e73cb1be0357370a3d56e429b936f8d9,unknown,Setup.exe,exe,2026-08-25 20:48:24,MalwareBazaar
IMPHASH,0578002c9fc8279f752de56cfee7a485,e83ee79f9419395234a70b758b1295c5e73cb1be0357370a3d56e429b936f8d9,unknown,Setup.exe,exe,2026-08-25 20:48:24,MalwareBazaar
TLSH,T19C456AD1B5518076C69143724A787E7E197CADE80BA1C9CB6FD43B2FC7334C12A39A4A,e83ee79f9419395234a70b758b1295c5e73cb1be0357370a3d56e429b936f8d9,unknown,Setup.exe,exe,2026-08-25 20:48:24,MalwareBazaar
SSDEEP,24576:ZH8HmJaIgNYsfbDJvioYMhBtgRnivWNGFpGCeRKPVEO:Dpq/gRnivCGuCeRLO,e83ee79f9419395234a70b758b1295c5e73cb1be0357370a3d56e429b936f8d9,unknown,Setup.exe,exe,2026-08-25 20:48:24,MalwareBazaar
ICON-DHASH,e0d8f8c8c9fcf8e0,e83ee79f9419395234a70b758b1295c5e73cb1be0357370a3d56e429b936f8d9,unknown,Setup.exe,exe,2026-08-25 20:48:24,MalwareBazaar
MD5,b73f2187f6d57ed96434e41d558afec6,d441b20bb397bcfa6d0d62634cec198e6e83e73b57513bcadcbd9e0f785aee99,Mirai,putita.x86,elf,2026-08-25 20:48:19,MalwareBazaar
SHA-1,86a12795d82d4f98285ed4512de7c2d8528fbebc,d441b20bb397bcfa6d0d62634cec198e6e83e73b57513bcadcbd9e0f785aee99,Mirai,putita.x86,elf,2026-08-25 20:48:19,MalwareBazaar
SHA-256,d441b20bb397bcfa6d0d62634cec198e6e83e73b57513bcadcbd9e0f785aee99,d441b20bb397bcfa6d0d62634cec198e6e83e73b57513bcadcbd9e0f785aee99,Mirai,putita.x86,elf,2026-08-25 20:48:19,MalwareBazaar
SHA3-384,1f9b247163744094694914b1ff43c2e881390f16fc1b656b61b7a2263e013c9785f1e2c8160d76a2c9c366ba13bf1ec4,d441b20bb397bcfa6d0d62634cec198e6e83e73b57513bcadcbd9e0f785aee99,Mirai,putita.x86,elf,2026-08-25 20:48:19,MalwareBazaar
TLSH,T182630285E91F96B4C66A873B096ED06B0C09C70EB0B5D6A6B56CB83F600CBC52DCC357,d441b20bb397bcfa6d0d62634cec198e6e83e73b57513bcadcbd9e0f785aee99,Mirai,putita.x86,elf,2026-08-25 20:48:19,MalwareBazaar
SSDEEP,1536:CnOS41LqSJcCMi5oXs6MBwk1k66kDngEWjLch4Rzn4pMVnouy8DML:Bj2SJcCFvjk6hg9LchVpmoutDML,d441b20bb397bcfa6d0d62634cec198e6e83e73b57513bcadcbd9e0f785aee99,Mirai,putita.x86,elf,2026-08-25 20:48:19,MalwareBazaar
MD5,fb00385861d33e61ea6d639824a05690,81deca370910eea773c0ebd4e8602930dd15e901c815db1689863b55ace711f2,RemusStealer,Setup.exe,exe,2026-08-25 20:47:13,MalwareBazaar
SHA-1,ddb171ccb6f361ee91cb77adb9a5e83871eed77e,81deca370910eea773c0ebd4e8602930dd15e901c815db1689863b55ace711f2,RemusStealer,Setup.exe,exe,2026-08-25 20:47:13,MalwareBazaar
SHA-256,81deca370910eea773c0ebd4e8602930dd15e901c815db1689863b55ace711f2,81deca370910eea773c0ebd4e8602930dd15e901c815db1689863b55ace711f2,RemusStealer,Setup.exe,exe,2026-08-25 20:47:13,MalwareBazaar
SHA3-384,fb06677e518bfc1eaf80aba010666c316b525839f1952da5157d638237561356e6c11616172e819a8cd0b55cccdae17a,81deca370910eea773c0ebd4e8602930dd15e901c815db1689863b55ace711f2,RemusStealer,Setup.exe,exe,2026-08-25 20:47:13,MalwareBazaar
IMPHASH,2057790ae7855765d51bdc4142e62f9c,81deca370910eea773c0ebd4e8602930dd15e901c815db1689863b55ace711f2,RemusStealer,Setup.exe,exe,2026-08-25 20:47:13,MalwareBazaar
TLSH,T10BF63306B79031ECF062E474895ADB01F7357C86A730AA6627C5FE6B2F16444CA3CB76,81deca370910eea773c0ebd4e8602930dd15e901c815db1689863b55ace711f2,RemusStealer,Setup.exe,exe,2026-08-25 20:47:13,MalwareBazaar
SSDEEP,393216:JWbnOdcTeQPpgBmtesfNbrnnc9IpV3BcIk:JWbO+lgBmrJrnvp+,81deca370910eea773c0ebd4e8602930dd15e901c815db1689863b55ace711f2,RemusStealer,Setup.exe,exe,2026-08-25 20:47:13,MalwareBazaar
ICON-DHASH,9494b494d4aeaeac,81deca370910eea773c0ebd4e8602930dd15e901c815db1689863b55ace711f2,RemusStealer,Setup.exe,exe,2026-08-25 20:47:13,MalwareBazaar
MD5,4af282c5120ba917f05d354d85f28960,3120eaff8db9ffa89a9f94e88e68741f57603b0498f75a5c20e06616daade5fb,RemusStealer,Setup.exe,exe,2026-08-25 20:46:14,MalwareBazaar
SHA-1,b13017e16119359628486291f502f4fb51b9ff2f,3120eaff8db9ffa89a9f94e88e68741f57603b0498f75a5c20e06616daade5fb,RemusStealer,Setup.exe,exe,2026-08-25 20:46:14,MalwareBazaar
SHA-256,3120eaff8db9ffa89a9f94e88e68741f57603b0498f75a5c20e06616daade5fb,3120eaff8db9ffa89a9f94e88e68741f57603b0498f75a5c20e06616daade5fb,RemusStealer,Setup.exe,exe,2026-08-25 20:46:14,MalwareBazaar
SHA3-384,e0a9c9a39f1215d94be9e9d6a9b7d7274e5000824dfba721aff458f479618cf4416ece4ba87c83393329f39b37e30965,3120eaff8db9ffa89a9f94e88e68741f57603b0498f75a5c20e06616daade5fb,RemusStealer,Setup.exe,exe,2026-08-25 20:46:14,MalwareBazaar
IMPHASH,2057790ae7855765d51bdc4142e62f9c,3120eaff8db9ffa89a9f94e88e68741f57603b0498f75a5c20e06616daade5fb,RemusStealer,Setup.exe,exe,2026-08-25 20:46:14,MalwareBazaar
TLSH,T147F63309A79034EDE062C8B4859ECA11F3717C499B70D6DB17D8FBAB2F53250E92A731,3120eaff8db9ffa89a9f94e88e68741f57603b0498f75a5c20e06616daade5fb,RemusStealer,Setup.exe,exe,2026-08-25 20:46:14,MalwareBazaar
SSDEEP,196608:rJxbU9u6QQYlzVAVrkJhjfWasHMlBkWyacOBGZMvEQJm6SzCy4n9fN/N5AOJQln+:X0QQMpCrWu81yaH5mmnLfRfbGuo6UxM,3120eaff8db9ffa89a9f94e88e68741f57603b0498f75a5c20e06616daade5fb,RemusStealer,Setup.exe,exe,2026-08-25 20:46:14,MalwareBazaar
ICON-DHASH,9494b494d4aeaeac,3120eaff8db9ffa89a9f94e88e68741f57603b0498f75a5c20e06616daade5fb,RemusStealer,Setup.exe,exe,2026-08-25 20:46:14,MalwareBazaar
MD5,072bd7ab70a8bab6902a01e87029940f,95bdda0c1a9f6c321461e4e6451af8040c0afb7ac9f8c72e86e8ff2074a873f6,RemusStealer,Setup.exe,exe,2026-08-25 20:45:21,MalwareBazaar
SHA-1,9478923349c49dc48bcf395ad1523d048bfa68de,95bdda0c1a9f6c321461e4e6451af8040c0afb7ac9f8c72e86e8ff2074a873f6,RemusStealer,Setup.exe,exe,2026-08-25 20:45:21,MalwareBazaar
SHA-256,95bdda0c1a9f6c321461e4e6451af8040c0afb7ac9f8c72e86e8ff2074a873f6,95bdda0c1a9f6c321461e4e6451af8040c0afb7ac9f8c72e86e8ff2074a873f6,RemusStealer,Setup.exe,exe,2026-08-25 20:45:21,MalwareBazaar
SHA3-384,88a8370fb4e216b8af0f01b20b166e05df6f0834227541dc4194311fdd7f970ca95492dceb61c01fcbb36d1980164a13,95bdda0c1a9f6c321461e4e6451af8040c0afb7ac9f8c72e86e8ff2074a873f6,RemusStealer,Setup.exe,exe,2026-08-25 20:45:21,MalwareBazaar
IMPHASH,2057790ae7855765d51bdc4142e62f9c,95bdda0c1a9f6c321461e4e6451af8040c0afb7ac9f8c72e86e8ff2074a873f6,RemusStealer,Setup.exe,exe,2026-08-25 20:45:21,MalwareBazaar
TLSH,T12DF63316A75520FCF066D9708A8AC711E3713C8DAB70DA9727D8EE6B3F23150E528739,95bdda0c1a9f6c321461e4e6451af8040c0afb7ac9f8c72e86e8ff2074a873f6,RemusStealer,Setup.exe,exe,2026-08-25 20:45:21,MalwareBazaar
SSDEEP,393216:HJQQMpCrBGKJO2bNnsEm2zcNcXdLaGbC3gl6Zuh25T:HJGeBGKJnsGIqTbC3gl6ZH5T,95bdda0c1a9f6c321461e4e6451af8040c0afb7ac9f8c72e86e8ff2074a873f6,RemusStealer,Setup.exe,exe,2026-08-25 20:45:21,MalwareBazaar
ICON-DHASH,9494b494d4aeaeac,95bdda0c1a9f6c321461e4e6451af8040c0afb7ac9f8c72e86e8ff2074a873f6,RemusStealer,Setup.exe,exe,2026-08-25 20:45:21,MalwareBazaar
MD5,f3ac3bb5adc82794b1430929dad5f6d6,b3c023cc4dd7a59b9dbd9e0e352d82d3b8a8fba0da89a47805693c0d482c184d,RemusStealer,Setup.exe,exe,2026-08-25 20:44:08,MalwareBazaar
SHA-1,9719182a9d538417e43d34fe420baee08b723037,b3c023cc4dd7a59b9dbd9e0e352d82d3b8a8fba0da89a47805693c0d482c184d,RemusStealer,Setup.exe,exe,2026-08-25 20:44:08,MalwareBazaar
SHA-256,b3c023cc4dd7a59b9dbd9e0e352d82d3b8a8fba0da89a47805693c0d482c184d,b3c023cc4dd7a59b9dbd9e0e352d82d3b8a8fba0da89a47805693c0d482c184d,RemusStealer,Setup.exe,exe,2026-08-25 20:44:08,MalwareBazaar
SHA3-384,cff01e8b93cd920cbd50dcab647b36c63874a9a188738278f183a90705e74a74464733391c98adfaa03b6cbbbe79fb5b,b3c023cc4dd7a59b9dbd9e0e352d82d3b8a8fba0da89a47805693c0d482c184d,RemusStealer,Setup.exe,exe,2026-08-25 20:44:08,MalwareBazaar
IMPHASH,2057790ae7855765d51bdc4142e62f9c,b3c023cc4dd7a59b9dbd9e0e352d82d3b8a8fba0da89a47805693c0d482c184d,RemusStealer,Setup.exe,exe,2026-08-25 20:44:08,MalwareBazaar
TLSH,T1EF362304ABA1316AFCB39674CEB3C6E1DA313C46435196EB27E4645B0EFB1D1CB2A711,b3c023cc4dd7a59b9dbd9e0e352d82d3b8a8fba0da89a47805693c0d482c184d,RemusStealer,Setup.exe,exe,2026-08-25 20:44:08,MalwareBazaar
SSDEEP,98304:06IDxUZKdU9XRN6xVcGTFK0QxzVAVrky8YeGUThH62UH3lsW5CVbJNDEuy0u6:0LxbU9XX6QQYlzVAVrkygdTGXlYrEug6,b3c023cc4dd7a59b9dbd9e0e352d82d3b8a8fba0da89a47805693c0d482c184d,RemusStealer,Setup.exe,exe,2026-08-25 20:44:08,MalwareBazaar
ICON-DHASH,9494b494d4aeaeac,b3c023cc4dd7a59b9dbd9e0e352d82d3b8a8fba0da89a47805693c0d482c184d,RemusStealer,Setup.exe,exe,2026-08-25 20:44:08,MalwareBazaar
MD5,19058256847d37a670ffaa2b4c8c4b6c,f9b2120a061c50d6385976c360feadf9f1791b743bc43b3702e35734e718d25d,RemusStealer,Setup.exe,exe,2026-08-25 20:42:58,MalwareBazaar
SHA-1,f1dee327f39795ba2424b88ba5a590cea5ed4504,f9b2120a061c50d6385976c360feadf9f1791b743bc43b3702e35734e718d25d,RemusStealer,Setup.exe,exe,2026-08-25 20:42:58,MalwareBazaar
SHA-256,f9b2120a061c50d6385976c360feadf9f1791b743bc43b3702e35734e718d25d,f9b2120a061c50d6385976c360feadf9f1791b743bc43b3702e35734e718d25d,RemusStealer,Setup.exe,exe,2026-08-25 20:42:58,MalwareBazaar
SHA3-384,e96ef9a17d2a01e622970c82952e512b14de73f4bd85d4c3ce85c3f38982d5583470cf6bf69947824a753de74069ed8c,f9b2120a061c50d6385976c360feadf9f1791b743bc43b3702e35734e718d25d,RemusStealer,Setup.exe,exe,2026-08-25 20:42:58,MalwareBazaar
IMPHASH,2057790ae7855765d51bdc4142e62f9c,f9b2120a061c50d6385976c360feadf9f1791b743bc43b3702e35734e718d25d,RemusStealer,Setup.exe,exe,2026-08-25 20:42:58,MalwareBazaar
TLSH,T1D6D63346F39034ECF072D874494AD701E731BC812B34DA9B17A8EA6B1F66190ED2EB75,f9b2120a061c50d6385976c360feadf9f1791b743bc43b3702e35734e718d25d,RemusStealer,Setup.exe,exe,2026-08-25 20:42:58,MalwareBazaar
SSDEEP,393216:hFk23Z+R2h543dzpKfb4BhSarqZNDphtC0xh:hFk9ohQgkP6,f9b2120a061c50d6385976c360feadf9f1791b743bc43b3702e35734e718d25d,RemusStealer,Setup.exe,exe,2026-08-25 20:42:58,MalwareBazaar
ICON-DHASH,9494b494d4aeaeac,f9b2120a061c50d6385976c360feadf9f1791b743bc43b3702e35734e718d25d,RemusStealer,Setup.exe,exe,2026-08-25 20:42:58,MalwareBazaar
MD5,4215c117cd80dd361992cdcd20ae46c2,0d4391dff5042019739e753b18b7d79627ecc59e2c52b0ea681a484267f33004,RemusStealer,Setup.exe,exe,2026-08-25 20:41:58,MalwareBazaar
SHA-1,4ad59d550105766fea7fc61bdb6e0128cac59978,0d4391dff5042019739e753b18b7d79627ecc59e2c52b0ea681a484267f33004,RemusStealer,Setup.exe,exe,2026-08-25 20:41:58,MalwareBazaar
SHA-256,0d4391dff5042019739e753b18b7d79627ecc59e2c52b0ea681a484267f33004,0d4391dff5042019739e753b18b7d79627ecc59e2c52b0ea681a484267f33004,RemusStealer,Setup.exe,exe,2026-08-25 20:41:58,MalwareBazaar
SHA3-384,c31507819a85ec20d86ca5631d1e5140b5a1826279b6181433fe8fbfa6ef87db589031d151159ef42a670b543d6eb1a6,0d4391dff5042019739e753b18b7d79627ecc59e2c52b0ea681a484267f33004,RemusStealer,Setup.exe,exe,2026-08-25 20:41:58,MalwareBazaar
IMPHASH,2057790ae7855765d51bdc4142e62f9c,0d4391dff5042019739e753b18b7d79627ecc59e2c52b0ea681a484267f33004,RemusStealer,Setup.exe,exe,2026-08-25 20:41:58,MalwareBazaar
TLSH,T1DC261246E7A430ECF066D874C546D711F7713C89AB30DA6B27E8FE5B1FA21909928336,0d4391dff5042019739e753b18b7d79627ecc59e2c52b0ea681a484267f33004,RemusStealer,Setup.exe,exe,2026-08-25 20:41:58,MalwareBazaar
SSDEEP,98304:06IrxUZKdU9kHT2EE7IRIFWKDZ+JXbo0MAYsPK8Fj:0jxbU9k6wI9DMbssPKAj,0d4391dff5042019739e753b18b7d79627ecc59e2c52b0ea681a484267f33004,RemusStealer,Setup.exe,exe,2026-08-25 20:41:58,MalwareBazaar
ICON-DHASH,9494b494d4aeaeac,0d4391dff5042019739e753b18b7d79627ecc59e2c52b0ea681a484267f33004,RemusStealer,Setup.exe,exe,2026-08-25 20:41:58,MalwareBazaar
MD5,69fe304f4ce89b687614c0c4a42ce6a0,a2bebd07b8b41a55452eea9794871762b34ccdc04b9ff354b530be2a44a3ffb8,RemusStealer,Setup.exe,exe,2026-08-25 20:41:03,MalwareBazaar
SHA-1,8463ba6873ca1e5b6c0c6b3df7b7ab2664d09832,a2bebd07b8b41a55452eea9794871762b34ccdc04b9ff354b530be2a44a3ffb8,RemusStealer,Setup.exe,exe,2026-08-25 20:41:03,MalwareBazaar
SHA-256,a2bebd07b8b41a55452eea9794871762b34ccdc04b9ff354b530be2a44a3ffb8,a2bebd07b8b41a55452eea9794871762b34ccdc04b9ff354b530be2a44a3ffb8,RemusStealer,Setup.exe,exe,2026-08-25 20:41:03,MalwareBazaar
SHA3-384,f878dda0556aee8fd3889eb3a5db376668af5235ec345927d78845ad4f2fed48b2c4452430a36c9ae545e81b666af114,a2bebd07b8b41a55452eea9794871762b34ccdc04b9ff354b530be2a44a3ffb8,RemusStealer,Setup.exe,exe,2026-08-25 20:41:03,MalwareBazaar
IMPHASH,2057790ae7855765d51bdc4142e62f9c,a2bebd07b8b41a55452eea9794871762b34ccdc04b9ff354b530be2a44a3ffb8,RemusStealer,Setup.exe,exe,2026-08-25 20:41:03,MalwareBazaar
TLSH,T11046234AE3A430EDF062D874894ADB00F7313C86A775DE6B17E8EE572F62180992D735,a2bebd07b8b41a55452eea9794871762b34ccdc04b9ff354b530be2a44a3ffb8,RemusStealer,Setup.exe,exe,2026-08-25 20:41:03,MalwareBazaar
SSDEEP,98304:rKATxUZKdU9CsTyccodCqs5RgOs78qmMdH+Dj04+tutMgwMN8sR/DSOZxTdZf75:rbxbU9Csecd05RR5ueDjCEtFl8sR/PxR,a2bebd07b8b41a55452eea9794871762b34ccdc04b9ff354b530be2a44a3ffb8,RemusStealer,Setup.exe,exe,2026-08-25 20:41:03,MalwareBazaar
ICON-DHASH,9494b494d4aeaeac,a2bebd07b8b41a55452eea9794871762b34ccdc04b9ff354b530be2a44a3ffb8,RemusStealer,Setup.exe,exe,2026-08-25 20:41:03,MalwareBazaar
MD5,6a10c89c1febdec02d262c684925f928,38e64a68be595cf383e959c617c990f2a75db00076823ee4ab56e46b9e25f919,RemusStealer,Setup.exe,exe,2026-08-25 20:39:44,MalwareBazaar
SHA-1,2c412765ca85d25736fdb33465f42d51e73a33ef,38e64a68be595cf383e959c617c990f2a75db00076823ee4ab56e46b9e25f919,RemusStealer,Setup.exe,exe,2026-08-25 20:39:44,MalwareBazaar
SHA-256,38e64a68be595cf383e959c617c990f2a75db00076823ee4ab56e46b9e25f919,38e64a68be595cf383e959c617c990f2a75db00076823ee4ab56e46b9e25f919,RemusStealer,Setup.exe,exe,2026-08-25 20:39:44,MalwareBazaar
SHA3-384,02f36dc2f17c913caf2c8417bbdba84e20fd6734f525917a1e161a74219014f72585c554d1d6208a0e908a0cda21f06a,38e64a68be595cf383e959c617c990f2a75db00076823ee4ab56e46b9e25f919,RemusStealer,Setup.exe,exe,2026-08-25 20:39:44,MalwareBazaar
IMPHASH,2057790ae7855765d51bdc4142e62f9c,38e64a68be595cf383e959c617c990f2a75db00076823ee4ab56e46b9e25f919,RemusStealer,Setup.exe,exe,2026-08-25 20:39:44,MalwareBazaar
TLSH,T131F63314F7B471BAFC72A474DEF78290EA66780B435096FB179494AB0F7B1C0CA2A711,38e64a68be595cf383e959c617c990f2a75db00076823ee4ab56e46b9e25f919,RemusStealer,Setup.exe,exe,2026-08-25 20:39:44,MalwareBazaar
SSDEEP,393216:ex8zyDj/8mibE0rHA9M+sCCrjARsATxsqW4:exxixHR1COA,38e64a68be595cf383e959c617c990f2a75db00076823ee4ab56e46b9e25f919,RemusStealer,Setup.exe,exe,2026-08-25 20:39:44,MalwareBazaar
ICON-DHASH,9494b494d4aeaeac,38e64a68be595cf383e959c617c990f2a75db00076823ee4ab56e46b9e25f919,RemusStealer,Setup.exe,exe,2026-08-25 20:39:44,MalwareBazaar
MD5,98e99d9caf7c907836730264a8c4082c,3c714b5438e80e0458bfaf9523cc2d7116afa71ef76d9f25a94e3464c044b471,RemusStealer,Setup.exe,exe,2026-08-25 20:38:45,MalwareBazaar
SHA-1,9f5774787e36a9f9467d56c6ef28685a7840fc25,3c714b5438e80e0458bfaf9523cc2d7116afa71ef76d9f25a94e3464c044b471,RemusStealer,Setup.exe,exe,2026-08-25 20:38:45,MalwareBazaar
SHA-256,3c714b5438e80e0458bfaf9523cc2d7116afa71ef76d9f25a94e3464c044b471,3c714b5438e80e0458bfaf9523cc2d7116afa71ef76d9f25a94e3464c044b471,RemusStealer,Setup.exe,exe,2026-08-25 20:38:45,MalwareBazaar
SHA3-384,b47a31a243d0ebadff3ed596a8d57d8ce112bb7393647aae34941fcfc5170ac50192535057b4230c2aecd24a9752f07f,3c714b5438e80e0458bfaf9523cc2d7116afa71ef76d9f25a94e3464c044b471,RemusStealer,Setup.exe,exe,2026-08-25 20:38:45,MalwareBazaar
IMPHASH,2057790ae7855765d51bdc4142e62f9c,3c714b5438e80e0458bfaf9523cc2d7116afa71ef76d9f25a94e3464c044b471,RemusStealer,Setup.exe,exe,2026-08-25 20:38:45,MalwareBazaar
TLSH,T19DF63346A3A830FCF062E5348915D740E7327C859B71CEDB1BD8EAAB2F52190D92D736,3c714b5438e80e0458bfaf9523cc2d7116afa71ef76d9f25a94e3464c044b471,RemusStealer,Setup.exe,exe,2026-08-25 20:38:45,MalwareBazaar
SSDEEP,393216:eE4J+YOtqZXyRsgYLcsqn5nxuWT34UD9gSTE5X4NUPYs:eEcgtqZXdgWcPTGUZhTE5X4Na,3c714b5438e80e0458bfaf9523cc2d7116afa71ef76d9f25a94e3464c044b471,RemusStealer,Setup.exe,exe,2026-08-25 20:38:45,MalwareBazaar
ICON-DHASH,9494b494d4aeaeac,3c714b5438e80e0458bfaf9523cc2d7116afa71ef76d9f25a94e3464c044b471,RemusStealer,Setup.exe,exe,2026-08-25 20:38:45,MalwareBazaar
MD5,0c1a4d5c3fb2ad646f83d74717dd9033,682b0b39e3f74b2191762568e9166058d526abfc89e884dbba9686dc2908849c,RemusStealer,Setup.exe,exe,2026-08-25 20:37:53,MalwareBazaar
SHA-1,6966d0d81af4342dafaf4cd065bc194e3ec3c44e,682b0b39e3f74b2191762568e9166058d526abfc89e884dbba9686dc2908849c,RemusStealer,Setup.exe,exe,2026-08-25 20:37:53,MalwareBazaar
SHA-256,682b0b39e3f74b2191762568e9166058d526abfc89e884dbba9686dc2908849c,682b0b39e3f74b2191762568e9166058d526abfc89e884dbba9686dc2908849c,RemusStealer,Setup.exe,exe,2026-08-25 20:37:53,MalwareBazaar
SHA3-384,86fe31e04e9cf26e9e74ca5372a703eda72a44d31f19f2ace26b6013da6c72d00e34e718b702abca4143c8a05eb785c1,682b0b39e3f74b2191762568e9166058d526abfc89e884dbba9686dc2908849c,RemusStealer,Setup.exe,exe,2026-08-25 20:37:53,MalwareBazaar
IMPHASH,2057790ae7855765d51bdc4142e62f9c,682b0b39e3f74b2191762568e9166058d526abfc89e884dbba9686dc2908849c,RemusStealer,Setup.exe,exe,2026-08-25 20:37:53,MalwareBazaar
TLSH,T190F63319FBA07566FC769135CFB785A0EA303807236566E72B90745B0EBF2C5CB2A701,682b0b39e3f74b2191762568e9166058d526abfc89e884dbba9686dc2908849c,RemusStealer,Setup.exe,exe,2026-08-25 20:37:53,MalwareBazaar
SSDEEP,393216:JyQmhbVypW53JwKsVbEhO4GlJDrYLXIR46OAJmsioN4WD:JaopW5/EwhO4eAXG4NAX9ND,682b0b39e3f74b2191762568e9166058d526abfc89e884dbba9686dc2908849c,RemusStealer,Setup.exe,exe,2026-08-25 20:37:53,MalwareBazaar
ICON-DHASH,9494b494d4aeaeac,682b0b39e3f74b2191762568e9166058d526abfc89e884dbba9686dc2908849c,RemusStealer,Setup.exe,exe,2026-08-25 20:37:53,MalwareBazaar
