type,value,sha256,malware_family,file_name,file_type,first_seen,source
MD5,8e88260500240e8baca4ec3c7ed922e6,6ed16495f5911eee4e62f1696b9eced1fd42a4441da49a579fb314924d7c9ac0,unknown,6ed16495f5911eee4e62f1696b9eced1fd42a4441da49a579fb314924d7c9ac0,unknown,2026-07-25 03:15:27,MalwareBazaar
SHA-256,6ed16495f5911eee4e62f1696b9eced1fd42a4441da49a579fb314924d7c9ac0,6ed16495f5911eee4e62f1696b9eced1fd42a4441da49a579fb314924d7c9ac0,unknown,6ed16495f5911eee4e62f1696b9eced1fd42a4441da49a579fb314924d7c9ac0,unknown,2026-07-25 03:15:27,MalwareBazaar
MD5,50aa301c3d0e992be3807e3141a3039c,76da85ad5be21209b93a67040dca0e5fff144730fdff49ec8447b8b2b3dca7a2,unknown,file,exe,2026-07-25 02:41:42,MalwareBazaar
SHA-1,f8fda401095e16e54af74a1c4edaf85536ec6c7d,76da85ad5be21209b93a67040dca0e5fff144730fdff49ec8447b8b2b3dca7a2,unknown,file,exe,2026-07-25 02:41:42,MalwareBazaar
SHA-256,76da85ad5be21209b93a67040dca0e5fff144730fdff49ec8447b8b2b3dca7a2,76da85ad5be21209b93a67040dca0e5fff144730fdff49ec8447b8b2b3dca7a2,unknown,file,exe,2026-07-25 02:41:42,MalwareBazaar
SHA3-384,083b03d8a2eaa7017c7706a4d2c728d270cfc78120d50e59e0188a16d3d29f4ca96e067066fcb9f19168e86a9a19d061,76da85ad5be21209b93a67040dca0e5fff144730fdff49ec8447b8b2b3dca7a2,unknown,file,exe,2026-07-25 02:41:42,MalwareBazaar
IMPHASH,35171f6f6a1bfee47cbc04cb345c411f,76da85ad5be21209b93a67040dca0e5fff144730fdff49ec8447b8b2b3dca7a2,unknown,file,exe,2026-07-25 02:41:42,MalwareBazaar
TLSH,T1EC36339AACC6A4B4D896CBF8414BB07DB67A7382C565BC0375CC2E185D9BF04143DBCA,76da85ad5be21209b93a67040dca0e5fff144730fdff49ec8447b8b2b3dca7a2,unknown,file,exe,2026-07-25 02:41:42,MalwareBazaar
SSDEEP,98304:sSbMyWcaPypYWfJzWlOOxgJY3F9eg9FlBGiy4aX+1/7l:sSbKRWhzWrxgJY19r7AQaXA/7,76da85ad5be21209b93a67040dca0e5fff144730fdff49ec8447b8b2b3dca7a2,unknown,file,exe,2026-07-25 02:41:42,MalwareBazaar
MD5,582f8b1b91dc1a6fb4f95c2df1116c3d,6642e8df29c72b30e3c143c1d5dacf06e556da8f935bc28c1b7c0db542894f5d,unknown,file,exe,2026-07-25 02:41:31,MalwareBazaar
SHA-1,d575ac6d6f165f807593ddff52ab3939857a6fbf,6642e8df29c72b30e3c143c1d5dacf06e556da8f935bc28c1b7c0db542894f5d,unknown,file,exe,2026-07-25 02:41:31,MalwareBazaar
SHA-256,6642e8df29c72b30e3c143c1d5dacf06e556da8f935bc28c1b7c0db542894f5d,6642e8df29c72b30e3c143c1d5dacf06e556da8f935bc28c1b7c0db542894f5d,unknown,file,exe,2026-07-25 02:41:31,MalwareBazaar
SHA3-384,c6441cc8538d925626014dc81c2d9ea2f584028fda9f433268eaf2d4937814c9b78615b6d80043ecb01c31d3a1d1c11c,6642e8df29c72b30e3c143c1d5dacf06e556da8f935bc28c1b7c0db542894f5d,unknown,file,exe,2026-07-25 02:41:31,MalwareBazaar
IMPHASH,44140cbbe125df54636c585913f74c75,6642e8df29c72b30e3c143c1d5dacf06e556da8f935bc28c1b7c0db542894f5d,unknown,file,exe,2026-07-25 02:41:31,MalwareBazaar
TLSH,T198D5239AB5F62A71C87AC7B28F82E47DF03D778507228F9B768D68009D131941C7A376,6642e8df29c72b30e3c143c1d5dacf06e556da8f935bc28c1b7c0db542894f5d,unknown,file,exe,2026-07-25 02:41:31,MalwareBazaar
SSDEEP,49152:rZdNjHV5Ha2BypAaCT2pNteCmzr2a1N/E68mhPaPGLmHIDYLXVkv:rZrJVFuS2Ht5a46gbo8LXa,6642e8df29c72b30e3c143c1d5dacf06e556da8f935bc28c1b7c0db542894f5d,unknown,file,exe,2026-07-25 02:41:31,MalwareBazaar
MD5,c1d64004b81bf0b691b586088308d9d0,c7bc72316c35399d1e48a5a2e6978f9ee1016e37243971ae0390def7fd836f79,unknown,file,exe,2026-07-25 02:41:25,MalwareBazaar
SHA-1,d735280cda5c12ae4ae35fd0f465722f62aeca0a,c7bc72316c35399d1e48a5a2e6978f9ee1016e37243971ae0390def7fd836f79,unknown,file,exe,2026-07-25 02:41:25,MalwareBazaar
SHA-256,c7bc72316c35399d1e48a5a2e6978f9ee1016e37243971ae0390def7fd836f79,c7bc72316c35399d1e48a5a2e6978f9ee1016e37243971ae0390def7fd836f79,unknown,file,exe,2026-07-25 02:41:25,MalwareBazaar
SHA3-384,c1240e741c54fa9af0fdf309dc38534e88501f88436567f7397e38915a6c51fe8580384aeaf0beb2a48862302a2ffa40,c7bc72316c35399d1e48a5a2e6978f9ee1016e37243971ae0390def7fd836f79,unknown,file,exe,2026-07-25 02:41:25,MalwareBazaar
IMPHASH,1799eb3c1092391ae174afa4eee4cba2,c7bc72316c35399d1e48a5a2e6978f9ee1016e37243971ae0390def7fd836f79,unknown,file,exe,2026-07-25 02:41:25,MalwareBazaar
TLSH,T122E522D9FCD231B1E037C3BB82A324AEB529774896658C0F7BC81B605E16519BC3B359,c7bc72316c35399d1e48a5a2e6978f9ee1016e37243971ae0390def7fd836f79,unknown,file,exe,2026-07-25 02:41:25,MalwareBazaar
SSDEEP,49152:Po3oJ4I5s3ATSgYkzNQ23HDZ2Xt00ZBwUcmcRucca4ksIGP/Oj5OouQzur70o:KG4I5s3AGgYA/H89LXT8Ca2Iw/ZouQe0,c7bc72316c35399d1e48a5a2e6978f9ee1016e37243971ae0390def7fd836f79,unknown,file,exe,2026-07-25 02:41:25,MalwareBazaar
MD5,c5942357b16e3de52b35faf69eb648bb,decebafaaabbd6f67629c0a13d8d497e919c1652738ddbe83761792e388bdd03,unknown,file,exe,2026-07-25 02:41:19,MalwareBazaar
SHA-1,6555b9f5cb01577937391ac26941300a4c6b779e,decebafaaabbd6f67629c0a13d8d497e919c1652738ddbe83761792e388bdd03,unknown,file,exe,2026-07-25 02:41:19,MalwareBazaar
SHA-256,decebafaaabbd6f67629c0a13d8d497e919c1652738ddbe83761792e388bdd03,decebafaaabbd6f67629c0a13d8d497e919c1652738ddbe83761792e388bdd03,unknown,file,exe,2026-07-25 02:41:19,MalwareBazaar
SHA3-384,5509c0714ce006e3e5fadb48c0b8bb780947c139373cffb8501d4e48b5df4cdd7ed36bfa18dc917bdfe3215740161173,decebafaaabbd6f67629c0a13d8d497e919c1652738ddbe83761792e388bdd03,unknown,file,exe,2026-07-25 02:41:19,MalwareBazaar
IMPHASH,f5bec796b7b3c2932293afa8281cdeed,decebafaaabbd6f67629c0a13d8d497e919c1652738ddbe83761792e388bdd03,unknown,file,exe,2026-07-25 02:41:19,MalwareBazaar
TLSH,T1E7D5238AF9F10A75C472C3B2CF86F46DB0297B898B604D9736CD7A409E639586C75332,decebafaaabbd6f67629c0a13d8d497e919c1652738ddbe83761792e388bdd03,unknown,file,exe,2026-07-25 02:41:19,MalwareBazaar
SSDEEP,49152:EBRa4L+zKD0RT/uSVhp8tM4OakjJaHuyduS2TR+nVJjnJpqSWzvXMxW:rNKDYT2W3VokjJaRduS2TgnHJXW7X,decebafaaabbd6f67629c0a13d8d497e919c1652738ddbe83761792e388bdd03,unknown,file,exe,2026-07-25 02:41:19,MalwareBazaar
MD5,c150ee208feb8856cbd1b41aeed68c21,b5cbe6aee544051356e59abcde8d5e24fb74c8dde2852bd6599c3c7dec8beeaa,unknown,t,unknown,2026-07-25 02:08:54,MalwareBazaar
SHA-256,b5cbe6aee544051356e59abcde8d5e24fb74c8dde2852bd6599c3c7dec8beeaa,b5cbe6aee544051356e59abcde8d5e24fb74c8dde2852bd6599c3c7dec8beeaa,unknown,t,unknown,2026-07-25 02:08:54,MalwareBazaar
MD5,3335b635f486559253584c0e54438d78,f1b32c30b55ba9b23f033ad50f94d32b9ba2f1ddbad3f21bd5882f6f44514b99,unknown,PdFcOrE8.dll,dll,2026-07-25 02:00:50,MalwareBazaar
SHA-1,9292468934ac1c99dcefbe81a970df268af74004,f1b32c30b55ba9b23f033ad50f94d32b9ba2f1ddbad3f21bd5882f6f44514b99,unknown,PdFcOrE8.dll,dll,2026-07-25 02:00:50,MalwareBazaar
SHA-256,f1b32c30b55ba9b23f033ad50f94d32b9ba2f1ddbad3f21bd5882f6f44514b99,f1b32c30b55ba9b23f033ad50f94d32b9ba2f1ddbad3f21bd5882f6f44514b99,unknown,PdFcOrE8.dll,dll,2026-07-25 02:00:50,MalwareBazaar
SHA3-384,ee9607f5f88a093d9662fb7bf0362a3ed3f6315ce4deaea267cb9e8babb9b03c0489f5fb67225481dd61ff0dfb72fd63,f1b32c30b55ba9b23f033ad50f94d32b9ba2f1ddbad3f21bd5882f6f44514b99,unknown,PdFcOrE8.dll,dll,2026-07-25 02:00:50,MalwareBazaar
IMPHASH,c4515976a2a9ac3424b7883c8c32a8ff,f1b32c30b55ba9b23f033ad50f94d32b9ba2f1ddbad3f21bd5882f6f44514b99,unknown,PdFcOrE8.dll,dll,2026-07-25 02:00:50,MalwareBazaar
TLSH,T1C406E01235814077D29F86B04919B3ABF6FCB57027F641D737B4DA8C2D72482463AABB,f1b32c30b55ba9b23f033ad50f94d32b9ba2f1ddbad3f21bd5882f6f44514b99,unknown,PdFcOrE8.dll,dll,2026-07-25 02:00:50,MalwareBazaar
SSDEEP,98304:sSIgCa4nLYNSaFCGt4AKmlsApaoMX+F1yHTn:sSGnLnQMAKmlvcobFE,f1b32c30b55ba9b23f033ad50f94d32b9ba2f1ddbad3f21bd5882f6f44514b99,unknown,PdFcOrE8.dll,dll,2026-07-25 02:00:50,MalwareBazaar
MD5,a70a6fd3a35a4dadd0498518e2de1988,1f4cefdd80b7cffdc0e8a47d9ca6d4fa663e9512cbf7cc31fb0e6d7175490c21,unknown,WSW0,sh,2026-07-25 01:57:53,MalwareBazaar
SHA-1,850faae79fffcfde04a21139f26240f009e93448,1f4cefdd80b7cffdc0e8a47d9ca6d4fa663e9512cbf7cc31fb0e6d7175490c21,unknown,WSW0,sh,2026-07-25 01:57:53,MalwareBazaar
SHA-256,1f4cefdd80b7cffdc0e8a47d9ca6d4fa663e9512cbf7cc31fb0e6d7175490c21,1f4cefdd80b7cffdc0e8a47d9ca6d4fa663e9512cbf7cc31fb0e6d7175490c21,unknown,WSW0,sh,2026-07-25 01:57:53,MalwareBazaar
SHA3-384,474c0ecf94b6ef09f2b226ed6cb7c3ddee8382edd79c3d15dbae04b6b7129c9e7564f316cb40404054c92797e250078e,1f4cefdd80b7cffdc0e8a47d9ca6d4fa663e9512cbf7cc31fb0e6d7175490c21,unknown,WSW0,sh,2026-07-25 01:57:53,MalwareBazaar
TLSH,T18DD0955297E305B044614843D1C3A400F1000B3F8DF9C21E7D0BA4705F5874DF0C17D4,1f4cefdd80b7cffdc0e8a47d9ca6d4fa663e9512cbf7cc31fb0e6d7175490c21,unknown,WSW0,sh,2026-07-25 01:57:53,MalwareBazaar
SSDEEP,6:hTjjFgk59EtDyusSxOpAulNXYq4HvXDG+NjVsNXYrkJ:VCkjEzhSPiq4HvXDGmKi2,1f4cefdd80b7cffdc0e8a47d9ca6d4fa663e9512cbf7cc31fb0e6d7175490c21,unknown,WSW0,sh,2026-07-25 01:57:53,MalwareBazaar
MD5,9e41da0196e855e4158571a825fc6b9b,a1de5689c1841eb293764207f942b9dba58517e1cdf3cb82e219a98068571436,unknown,default.dat,exe,2026-07-25 01:52:09,MalwareBazaar
SHA-1,0ad012c96ac237e4b0031bbaeb2af048f4cd4d1a,a1de5689c1841eb293764207f942b9dba58517e1cdf3cb82e219a98068571436,unknown,default.dat,exe,2026-07-25 01:52:09,MalwareBazaar
SHA-256,a1de5689c1841eb293764207f942b9dba58517e1cdf3cb82e219a98068571436,a1de5689c1841eb293764207f942b9dba58517e1cdf3cb82e219a98068571436,unknown,default.dat,exe,2026-07-25 01:52:09,MalwareBazaar
SHA3-384,6b708c98b8d466b0e88c64eb1fa004bad25fd489792538c41693940279588c2147a2120e74283627636cec83de4c19a4,a1de5689c1841eb293764207f942b9dba58517e1cdf3cb82e219a98068571436,unknown,default.dat,exe,2026-07-25 01:52:09,MalwareBazaar
IMPHASH,dcaf48c1f10b0efa0a4472200f3850ed,a1de5689c1841eb293764207f942b9dba58517e1cdf3cb82e219a98068571436,unknown,default.dat,exe,2026-07-25 01:52:09,MalwareBazaar
TLSH,T1DAE6330C6AD037EEDAA2613DBE928181F666B4660737C7DF979893673C531C0883E617,a1de5689c1841eb293764207f942b9dba58517e1cdf3cb82e219a98068571436,unknown,default.dat,exe,2026-07-25 01:52:09,MalwareBazaar
SSDEEP,393216:nL7V1oQ+aTVCyNd3qI1ex7OnXMCHWUjXmcuI3/PGTAI:nToQ+aUyOUnXMb8XbH/O7,a1de5689c1841eb293764207f942b9dba58517e1cdf3cb82e219a98068571436,unknown,default.dat,exe,2026-07-25 01:52:09,MalwareBazaar
ICON-DHASH,70f0e4c4c4e0f070,a1de5689c1841eb293764207f942b9dba58517e1cdf3cb82e219a98068571436,unknown,default.dat,exe,2026-07-25 01:52:09,MalwareBazaar
MD5,8fe06d75504a75dafb3602af83af3410,dc38e0c95de476176c1a8cf4e47324d2120cce88882786434c9fb394764b6bb9,Mirai,nz.arm7,elf,2026-07-25 01:46:05,MalwareBazaar
SHA-1,29a0744fa966733b85ecd7cb802241d45bff467a,dc38e0c95de476176c1a8cf4e47324d2120cce88882786434c9fb394764b6bb9,Mirai,nz.arm7,elf,2026-07-25 01:46:05,MalwareBazaar
SHA-256,dc38e0c95de476176c1a8cf4e47324d2120cce88882786434c9fb394764b6bb9,dc38e0c95de476176c1a8cf4e47324d2120cce88882786434c9fb394764b6bb9,Mirai,nz.arm7,elf,2026-07-25 01:46:05,MalwareBazaar
SHA3-384,6e56fbd3bdc72839476e6928a736f35e99e13db2cf8244ef7237dba6d2ca382f50f58b9f8e71e4d5457751ce69b775fc,dc38e0c95de476176c1a8cf4e47324d2120cce88882786434c9fb394764b6bb9,Mirai,nz.arm7,elf,2026-07-25 01:46:05,MalwareBazaar
TLSH,T16D246D46EA414E23C0D7177AB6AF114A33329BA4D3DB730699186FB43B8779F0E63605,dc38e0c95de476176c1a8cf4e47324d2120cce88882786434c9fb394764b6bb9,Mirai,nz.arm7,elf,2026-07-25 01:46:05,MalwareBazaar
TELFHASH,t12d312db2933052266a61d924d9ec97b2162ec7071288fe33df36889c141a48ee53bc1f,dc38e0c95de476176c1a8cf4e47324d2120cce88882786434c9fb394764b6bb9,Mirai,nz.arm7,elf,2026-07-25 01:46:05,MalwareBazaar
SSDEEP,6144:kbfCsOpudTBYCaEKmHtNs3uyCK6aH+PL15M/9o/:kbqsJdTBYCaEKmHtNs3fjkZu/8,dc38e0c95de476176c1a8cf4e47324d2120cce88882786434c9fb394764b6bb9,Mirai,nz.arm7,elf,2026-07-25 01:46:05,MalwareBazaar
MD5,dd83b4968e2fe200cc29208ded70c1da,87cede66b57a0c53a15cadf18bb7865da00aca1158c95df08ee11159636aeec7,Mirai,nz.arm7,elf,2026-07-25 01:44:53,MalwareBazaar
SHA-1,7dfd06a272e29d7ef0c133600677ea15ab1a0b75,87cede66b57a0c53a15cadf18bb7865da00aca1158c95df08ee11159636aeec7,Mirai,nz.arm7,elf,2026-07-25 01:44:53,MalwareBazaar
SHA-256,87cede66b57a0c53a15cadf18bb7865da00aca1158c95df08ee11159636aeec7,87cede66b57a0c53a15cadf18bb7865da00aca1158c95df08ee11159636aeec7,Mirai,nz.arm7,elf,2026-07-25 01:44:53,MalwareBazaar
SHA3-384,cc4cade0eca45d294846ca3183297bf00e0c3254328121564a201c34333202ea536567dd270ddd214ce125b0cb41c7af,87cede66b57a0c53a15cadf18bb7865da00aca1158c95df08ee11159636aeec7,Mirai,nz.arm7,elf,2026-07-25 01:44:53,MalwareBazaar
TLSH,T17673020DD7A86EA1EDED8CBCF27502471FAA7AB148F494CD2B72101D2D145EA864CDD3,87cede66b57a0c53a15cadf18bb7865da00aca1158c95df08ee11159636aeec7,Mirai,nz.arm7,elf,2026-07-25 01:44:53,MalwareBazaar
SSDEEP,1536:ymbAFgs/7j2wQKdLziYB+60quxweb5ZDGdWHpWd23cLml7kESuegyYQ:js3ZTdLXQJquuQZDGYpW0cLGoieWQ,87cede66b57a0c53a15cadf18bb7865da00aca1158c95df08ee11159636aeec7,Mirai,nz.arm7,elf,2026-07-25 01:44:53,MalwareBazaar
MD5,498c0eaa777cecbfcd1c457c019ac99d,b99b54219da920dc9a7898dd16a54ac08ab4d6e4f286a89d33ec19eef2fc8f02,unknown,wr.php,sh,2026-07-25 01:17:54,MalwareBazaar
SHA-1,a2a940e7622660b4abccde8c773b10b524b9b72f,b99b54219da920dc9a7898dd16a54ac08ab4d6e4f286a89d33ec19eef2fc8f02,unknown,wr.php,sh,2026-07-25 01:17:54,MalwareBazaar
SHA-256,b99b54219da920dc9a7898dd16a54ac08ab4d6e4f286a89d33ec19eef2fc8f02,b99b54219da920dc9a7898dd16a54ac08ab4d6e4f286a89d33ec19eef2fc8f02,unknown,wr.php,sh,2026-07-25 01:17:54,MalwareBazaar
SHA3-384,fa1b15f6f7531c73ede1f6c75a62d192d2d3956468787bb4b1dfeb283b69a3ad4ced17718142600389073b6a04f4196b,b99b54219da920dc9a7898dd16a54ac08ab4d6e4f286a89d33ec19eef2fc8f02,unknown,wr.php,sh,2026-07-25 01:17:54,MalwareBazaar
TLSH,T127C27D956A867C44BDC98A3E4CBE2B1D6DF5C3D1324942AC3D8B3C719C11FACD618B1A,b99b54219da920dc9a7898dd16a54ac08ab4d6e4f286a89d33ec19eef2fc8f02,unknown,wr.php,sh,2026-07-25 01:17:54,MalwareBazaar
SSDEEP,768:c8vCB+25j6es8RtOn9FYpMSUpi+20qUpi+20YQX:c8l25JsBd2QX,b99b54219da920dc9a7898dd16a54ac08ab4d6e4f286a89d33ec19eef2fc8f02,unknown,wr.php,sh,2026-07-25 01:17:54,MalwareBazaar
MD5,f3fdddcd8d4ddf617412cd5ad213dc0a,5135d169aa062fc63be67dcfabc9efdb12a3a88dd658b33791f0d392d784dde2,unknown,WSW0,sh,2026-07-25 01:06:52,MalwareBazaar
SHA-1,2e64cde2923f2012ff8645a3963f79f5323fa5c1,5135d169aa062fc63be67dcfabc9efdb12a3a88dd658b33791f0d392d784dde2,unknown,WSW0,sh,2026-07-25 01:06:52,MalwareBazaar
SHA-256,5135d169aa062fc63be67dcfabc9efdb12a3a88dd658b33791f0d392d784dde2,5135d169aa062fc63be67dcfabc9efdb12a3a88dd658b33791f0d392d784dde2,unknown,WSW0,sh,2026-07-25 01:06:52,MalwareBazaar
SHA3-384,6909d4d99de7f711bbe33f7dfb5383f728a0f7b78b1f0638e7e1465c8e5537c91be61208efb54be9a82014a5363544aa,5135d169aa062fc63be67dcfabc9efdb12a3a88dd658b33791f0d392d784dde2,unknown,WSW0,sh,2026-07-25 01:06:52,MalwareBazaar
TLSH,T103D09792E573017010E58A14F2C7AC40B422CF7F0CA1C16CBAA3E0B00F11A8DF1C1F80,5135d169aa062fc63be67dcfabc9efdb12a3a88dd658b33791f0d392d784dde2,unknown,WSW0,sh,2026-07-25 01:06:52,MalwareBazaar
SSDEEP,6:hT1jCA/ppznervsu1ZW5pAulNXYq9DG+NjVsNXYrkJ:VdCaTmsunyPiq9DGmKi2,5135d169aa062fc63be67dcfabc9efdb12a3a88dd658b33791f0d392d784dde2,unknown,WSW0,sh,2026-07-25 01:06:52,MalwareBazaar
MD5,835ac1161aa181b006b88540bb3897a1,0084f4881d925ab8d9638e5c66277952a99f2461e3a0cac34cd2bb61d7ca6742,Mirai,0084f4881d925ab8d9638e5c66277952a99f2461e3a0cac34cd2bb61d7ca6742,elf,2026-07-25 01:02:03,MalwareBazaar
SHA-1,44bea756dc9019f51d632b559a8e468dc863f261,0084f4881d925ab8d9638e5c66277952a99f2461e3a0cac34cd2bb61d7ca6742,Mirai,0084f4881d925ab8d9638e5c66277952a99f2461e3a0cac34cd2bb61d7ca6742,elf,2026-07-25 01:02:03,MalwareBazaar
SHA-256,0084f4881d925ab8d9638e5c66277952a99f2461e3a0cac34cd2bb61d7ca6742,0084f4881d925ab8d9638e5c66277952a99f2461e3a0cac34cd2bb61d7ca6742,Mirai,0084f4881d925ab8d9638e5c66277952a99f2461e3a0cac34cd2bb61d7ca6742,elf,2026-07-25 01:02:03,MalwareBazaar
SHA3-384,280c6c69e81d98ad5e16031f54e720841f4e9d5e82db8bd5ba3e2d8363472304f7e681fbc7ba48dd8b773a626e3b86e7,0084f4881d925ab8d9638e5c66277952a99f2461e3a0cac34cd2bb61d7ca6742,Mirai,0084f4881d925ab8d9638e5c66277952a99f2461e3a0cac34cd2bb61d7ca6742,elf,2026-07-25 01:02:03,MalwareBazaar
TLSH,T19F733AC9B5C3F8F4EC040A392177EF319E77E13BA129DD8BE7D96623A941342941229D,0084f4881d925ab8d9638e5c66277952a99f2461e3a0cac34cd2bb61d7ca6742,Mirai,0084f4881d925ab8d9638e5c66277952a99f2461e3a0cac34cd2bb61d7ca6742,elf,2026-07-25 01:02:03,MalwareBazaar
TELFHASH,t1c811e37d2b351c98afc0d913b24ed6345d5cfb7b21607ab719b225291162882437fd3c,0084f4881d925ab8d9638e5c66277952a99f2461e3a0cac34cd2bb61d7ca6742,Mirai,0084f4881d925ab8d9638e5c66277952a99f2461e3a0cac34cd2bb61d7ca6742,elf,2026-07-25 01:02:03,MalwareBazaar
SSDEEP,1536:9QC/3umbutmUl9i1WIo27ozS9Lo/b2+gJymeMlitPWmM18HR5D4WRouZbqeqVr5x:9Qu3umbutmUl9lIlkeJoT2hJymeMlite,0084f4881d925ab8d9638e5c66277952a99f2461e3a0cac34cd2bb61d7ca6742,Mirai,0084f4881d925ab8d9638e5c66277952a99f2461e3a0cac34cd2bb61d7ca6742,elf,2026-07-25 01:02:03,MalwareBazaar
MD5,306038f5b80551285855f65f1cc13045,71b9449efaa11bc7e3e82a3df58a0730faae3b0e4ed1f96b36f71a4d675e872c,njrat,306038f5b80551285855f65f1cc13045.exe,exe,2026-07-25 01:00:11,MalwareBazaar
SHA-1,c52a9e0817361e99a6176e679f81e4b85a8e5316,71b9449efaa11bc7e3e82a3df58a0730faae3b0e4ed1f96b36f71a4d675e872c,njrat,306038f5b80551285855f65f1cc13045.exe,exe,2026-07-25 01:00:11,MalwareBazaar
SHA-256,71b9449efaa11bc7e3e82a3df58a0730faae3b0e4ed1f96b36f71a4d675e872c,71b9449efaa11bc7e3e82a3df58a0730faae3b0e4ed1f96b36f71a4d675e872c,njrat,306038f5b80551285855f65f1cc13045.exe,exe,2026-07-25 01:00:11,MalwareBazaar
SHA3-384,abba7dd1b6fbdc6fdf2fef83440bbb1cb0c0e36ecbff18f078cd703dd2bf1612901158a9509294d31f95a885aded53ea,71b9449efaa11bc7e3e82a3df58a0730faae3b0e4ed1f96b36f71a4d675e872c,njrat,306038f5b80551285855f65f1cc13045.exe,exe,2026-07-25 01:00:11,MalwareBazaar
IMPHASH,f34d5f2d4577ed6d9ceec516c1f5a744,71b9449efaa11bc7e3e82a3df58a0730faae3b0e4ed1f96b36f71a4d675e872c,njrat,306038f5b80551285855f65f1cc13045.exe,exe,2026-07-25 01:00:11,MalwareBazaar
TLSH,T137F733627BDCE469D7A8971CD8FC9B93039F708B96FA1A4B294CB0314831AD9D1B1473,71b9449efaa11bc7e3e82a3df58a0730faae3b0e4ed1f96b36f71a4d675e872c,njrat,306038f5b80551285855f65f1cc13045.exe,exe,2026-07-25 01:00:11,MalwareBazaar
SSDEEP,786432:h5gBg5BsLJAYg/MIzSCk4y/xQkP8iQPtm0cwnReqJl/3QeqOPWbxEcIhsmn1cr1M:PfNUGE/FP8iQPtm0cw3PQBSPktjQ,71b9449efaa11bc7e3e82a3df58a0730faae3b0e4ed1f96b36f71a4d675e872c,njrat,306038f5b80551285855f65f1cc13045.exe,exe,2026-07-25 01:00:11,MalwareBazaar
MD5,f5e3a80de3fe5deabb98ace7acd43d03,16bb2b729c044eb246f01fcdeb1ced10047865d4b1136ca04a9bb1e59f2952e2,unknown,default.dat,exe,2026-07-25 00:52:09,MalwareBazaar
SHA-1,1a8d55fc354dcc176aac037b85d1baa14c6c800c,16bb2b729c044eb246f01fcdeb1ced10047865d4b1136ca04a9bb1e59f2952e2,unknown,default.dat,exe,2026-07-25 00:52:09,MalwareBazaar
SHA-256,16bb2b729c044eb246f01fcdeb1ced10047865d4b1136ca04a9bb1e59f2952e2,16bb2b729c044eb246f01fcdeb1ced10047865d4b1136ca04a9bb1e59f2952e2,unknown,default.dat,exe,2026-07-25 00:52:09,MalwareBazaar
SHA3-384,0d9930b7a0b5e77ffd43138f99ede96ea3951edc81ea5fa4633c8d39f90b5595c21d45710e8a24ce277abcaa3ae503c0,16bb2b729c044eb246f01fcdeb1ced10047865d4b1136ca04a9bb1e59f2952e2,unknown,default.dat,exe,2026-07-25 00:52:09,MalwareBazaar
IMPHASH,dcaf48c1f10b0efa0a4472200f3850ed,16bb2b729c044eb246f01fcdeb1ced10047865d4b1136ca04a9bb1e59f2952e2,unknown,default.dat,exe,2026-07-25 00:52:09,MalwareBazaar
TLSH,T1B1E6339879C047FBE772413DD9E596B6E1A8B0DB4771C4AB0B14CB25CE0B1F04A39A63,16bb2b729c044eb246f01fcdeb1ced10047865d4b1136ca04a9bb1e59f2952e2,unknown,default.dat,exe,2026-07-25 00:52:09,MalwareBazaar
SSDEEP,393216:Yt+jeiC6iQvf+nQs920QXMCHWUjXEcuI3/PGTAI:Y8Sqi9tM0QXMb8XRH/O7,16bb2b729c044eb246f01fcdeb1ced10047865d4b1136ca04a9bb1e59f2952e2,unknown,default.dat,exe,2026-07-25 00:52:09,MalwareBazaar
ICON-DHASH,71f0f0e8e8e0f070,16bb2b729c044eb246f01fcdeb1ced10047865d4b1136ca04a9bb1e59f2952e2,unknown,default.dat,exe,2026-07-25 00:52:09,MalwareBazaar
MD5,f8ab10f5dcbfffc42956cc8be216c749,a070c6eac116bf1bde6a6e7da41a55d446f4e87a9ed01dd6ca3ff3ac45ba7195,unknown,perc.x86,elf,2026-07-25 00:49:54,MalwareBazaar
SHA-1,91b2e39dc1ea0d3f0612e159e1bed97883913c81,a070c6eac116bf1bde6a6e7da41a55d446f4e87a9ed01dd6ca3ff3ac45ba7195,unknown,perc.x86,elf,2026-07-25 00:49:54,MalwareBazaar
SHA-256,a070c6eac116bf1bde6a6e7da41a55d446f4e87a9ed01dd6ca3ff3ac45ba7195,a070c6eac116bf1bde6a6e7da41a55d446f4e87a9ed01dd6ca3ff3ac45ba7195,unknown,perc.x86,elf,2026-07-25 00:49:54,MalwareBazaar
SHA3-384,d30c9bcc2e720a3f02e7438c1b1d1bed264a4ef84a5b74a1539f273efcf3f8a1522c4a0e2d8891acdbf9b2cc8018e610,a070c6eac116bf1bde6a6e7da41a55d446f4e87a9ed01dd6ca3ff3ac45ba7195,unknown,perc.x86,elf,2026-07-25 00:49:54,MalwareBazaar
TLSH,T150163393975E1B42EC5DA5BB9028F1F8127C2CE11D3E12AB26F6AD317957201B02C97F,a070c6eac116bf1bde6a6e7da41a55d446f4e87a9ed01dd6ca3ff3ac45ba7195,unknown,perc.x86,elf,2026-07-25 00:49:54,MalwareBazaar
SSDEEP,98304:DSdy1MOMaT7tOt2btAOFbF40CbRDLelyU4n68FRHI+Gl7Wzl:gyGS9Ot2bq+bG0CbRDiAUKlFel7Wzl,a070c6eac116bf1bde6a6e7da41a55d446f4e87a9ed01dd6ca3ff3ac45ba7195,unknown,perc.x86,elf,2026-07-25 00:49:54,MalwareBazaar
MD5,7c7b54d65f5c333eba6bd216b03658c7,31e0afc59cc487267b1f44d2a3c2dee3eabccb819c90d40535c7335b7b175d3f,Mirai,nz.m68k,elf,2026-07-25 00:41:00,MalwareBazaar
SHA-1,72b35eafe2f00200bfee61f60e837dba019992a4,31e0afc59cc487267b1f44d2a3c2dee3eabccb819c90d40535c7335b7b175d3f,Mirai,nz.m68k,elf,2026-07-25 00:41:00,MalwareBazaar
SHA-256,31e0afc59cc487267b1f44d2a3c2dee3eabccb819c90d40535c7335b7b175d3f,31e0afc59cc487267b1f44d2a3c2dee3eabccb819c90d40535c7335b7b175d3f,Mirai,nz.m68k,elf,2026-07-25 00:41:00,MalwareBazaar
SHA3-384,755489c05ff66165a6e453b3d3ffc1378d6430c57c02ee962b81582e7ab69a757d5c865e05b0b251898880a608efa315,31e0afc59cc487267b1f44d2a3c2dee3eabccb819c90d40535c7335b7b175d3f,Mirai,nz.m68k,elf,2026-07-25 00:41:00,MalwareBazaar
TLSH,T115C34CCAB802DE7DF80FD5BA446B1D0AB931A35165830726639BFD93AD321E57D02F81,31e0afc59cc487267b1f44d2a3c2dee3eabccb819c90d40535c7335b7b175d3f,Mirai,nz.m68k,elf,2026-07-25 00:41:00,MalwareBazaar
SSDEEP,3072:XZav7dQKGUfAtk1/qjxMVLLDq8c5C1zF58KS:Ev72KGU8NiLnqy1zF58KS,31e0afc59cc487267b1f44d2a3c2dee3eabccb819c90d40535c7335b7b175d3f,Mirai,nz.m68k,elf,2026-07-25 00:41:00,MalwareBazaar
MD5,70c4a153e31572e082a016da78bd8eff,e99a7bd37ed9f6a21066b75329d30c9757a4460a32d61b6d551fdd229c39803a,Mirai,nz.i686,elf,2026-07-25 00:37:49,MalwareBazaar
SHA-1,0196e2d400cbf78794368bc2e5b1d2290659bcc9,e99a7bd37ed9f6a21066b75329d30c9757a4460a32d61b6d551fdd229c39803a,Mirai,nz.i686,elf,2026-07-25 00:37:49,MalwareBazaar
SHA-256,e99a7bd37ed9f6a21066b75329d30c9757a4460a32d61b6d551fdd229c39803a,e99a7bd37ed9f6a21066b75329d30c9757a4460a32d61b6d551fdd229c39803a,Mirai,nz.i686,elf,2026-07-25 00:37:49,MalwareBazaar
SHA3-384,90d672c5dd05f4f1a4eb3eb673130c4eea5b1df3899fd985d1e841dc5dcee59624136a9af9b1de5d08cf92240937f269,e99a7bd37ed9f6a21066b75329d30c9757a4460a32d61b6d551fdd229c39803a,Mirai,nz.i686,elf,2026-07-25 00:37:49,MalwareBazaar
TLSH,T1F4C32980F58F85F6C50B8D3060A6F63FDA31D5A981A3C66EDF949F72CA73581921238D,e99a7bd37ed9f6a21066b75329d30c9757a4460a32d61b6d551fdd229c39803a,Mirai,nz.i686,elf,2026-07-25 00:37:49,MalwareBazaar
TELFHASH,t183313bb9f9660ced6fc04c03e34d9721ce0ee6bb382536bd19f6669036b25115079d39,e99a7bd37ed9f6a21066b75329d30c9757a4460a32d61b6d551fdd229c39803a,Mirai,nz.i686,elf,2026-07-25 00:37:49,MalwareBazaar
SSDEEP,3072:2Mi2qQo4lHF7O75FhI32k5sfPHPNCAPRX9qsrHx:62qQo4lH9C5TI3H6ftXCEHx,e99a7bd37ed9f6a21066b75329d30c9757a4460a32d61b6d551fdd229c39803a,Mirai,nz.i686,elf,2026-07-25 00:37:49,MalwareBazaar
MD5,8396dffe9e45e4536f47efc9d4cc62cb,35e65699806a4726c50d1d28c5cb3f0afaf4ac1df109a9259b99c18cdb76c6f3,Mirai,nz.i686,elf,2026-07-25 00:37:00,MalwareBazaar
SHA-1,90edb42061d7dcae825dd35a2b92e9855f831b98,35e65699806a4726c50d1d28c5cb3f0afaf4ac1df109a9259b99c18cdb76c6f3,Mirai,nz.i686,elf,2026-07-25 00:37:00,MalwareBazaar
SHA-256,35e65699806a4726c50d1d28c5cb3f0afaf4ac1df109a9259b99c18cdb76c6f3,35e65699806a4726c50d1d28c5cb3f0afaf4ac1df109a9259b99c18cdb76c6f3,Mirai,nz.i686,elf,2026-07-25 00:37:00,MalwareBazaar
SHA3-384,366be6aaa4074c4b17a7c6617f544040f9389052fbb55c54b46b07449a0890f2cf887f830eb03c2d1a6d50ce512e3078,35e65699806a4726c50d1d28c5cb3f0afaf4ac1df109a9259b99c18cdb76c6f3,Mirai,nz.i686,elf,2026-07-25 00:37:00,MalwareBazaar
TLSH,T15123F165C8F48749D8CC137E18FFF9420508EB18A0499EA253BD62171DF9BB98BAC3D1,35e65699806a4726c50d1d28c5cb3f0afaf4ac1df109a9259b99c18cdb76c6f3,Mirai,nz.i686,elf,2026-07-25 00:37:00,MalwareBazaar
SSDEEP,1536:Apg6TbridTtyABsOEoDLQSiH1ZMrzqciAJnouy8Hy3:1ZGvOEm8SiVCrRoutk,35e65699806a4726c50d1d28c5cb3f0afaf4ac1df109a9259b99c18cdb76c6f3,Mirai,nz.i686,elf,2026-07-25 00:37:00,MalwareBazaar
MD5,00b25d06d4caf9172cbed772e33dcace,726a97ced0634c7d5ff426836ef784eb62d2dc87f19609eda722ea40b48f4656,unknown,wr.php,sh,2026-07-25 00:32:56,MalwareBazaar
SHA-1,4ece8ddb35df770497141e63833780a5deb094f4,726a97ced0634c7d5ff426836ef784eb62d2dc87f19609eda722ea40b48f4656,unknown,wr.php,sh,2026-07-25 00:32:56,MalwareBazaar
SHA-256,726a97ced0634c7d5ff426836ef784eb62d2dc87f19609eda722ea40b48f4656,726a97ced0634c7d5ff426836ef784eb62d2dc87f19609eda722ea40b48f4656,unknown,wr.php,sh,2026-07-25 00:32:56,MalwareBazaar
SHA3-384,e3ef62201dd14adf1f176d0b4906c5dd8e107d6f54363d97828be029cb0e756db4a6ba2e8b03e01acc1af8dca9a60edd,726a97ced0634c7d5ff426836ef784eb62d2dc87f19609eda722ea40b48f4656,unknown,wr.php,sh,2026-07-25 00:32:56,MalwareBazaar
TLSH,T1F8C27D966A867C44BEC94A3E4CBD2B1D6DF5C3D1324942AC3D8A3C71DC11FACD618B1A,726a97ced0634c7d5ff426836ef784eb62d2dc87f19609eda722ea40b48f4656,unknown,wr.php,sh,2026-07-25 00:32:56,MalwareBazaar
SSDEEP,768:R8vCB+25j6es8RL9FYpMSUpi+20qUpi+20YQX:R8l25Jdd2QX,726a97ced0634c7d5ff426836ef784eb62d2dc87f19609eda722ea40b48f4656,unknown,wr.php,sh,2026-07-25 00:32:56,MalwareBazaar
MD5,51c5c224879fa6752e319139b545a793,f40b9499b0e34a77f5d01a8aafda388a198d90feb01c6b6b055ab498564b4ed5,Mirai,nz.mips,elf,2026-07-25 00:26:24,MalwareBazaar
SHA-1,4516f79d1c6deb5e91b9f8d845390b8b316b9309,f40b9499b0e34a77f5d01a8aafda388a198d90feb01c6b6b055ab498564b4ed5,Mirai,nz.mips,elf,2026-07-25 00:26:24,MalwareBazaar
SHA-256,f40b9499b0e34a77f5d01a8aafda388a198d90feb01c6b6b055ab498564b4ed5,f40b9499b0e34a77f5d01a8aafda388a198d90feb01c6b6b055ab498564b4ed5,Mirai,nz.mips,elf,2026-07-25 00:26:24,MalwareBazaar
SHA3-384,ac8cc7fd3c9c522a9735c228b3c1f6b343d87b414a040c6aae01495acb8489378568b299e245111cd3ced2e8663c12cc,f40b9499b0e34a77f5d01a8aafda388a198d90feb01c6b6b055ab498564b4ed5,Mirai,nz.mips,elf,2026-07-25 00:26:24,MalwareBazaar
TLSH,T161E3D61E7E618F3CFBE9823047B79E26975833D636D1D595D1ACE6001E2028E641FFA4,f40b9499b0e34a77f5d01a8aafda388a198d90feb01c6b6b055ab498564b4ed5,Mirai,nz.mips,elf,2026-07-25 00:26:24,MalwareBazaar
TELFHASH,t1be115b1c497822f09b751c9d6beeff72e59070ef06266d378e40e96daa6d9419e00c1c,f40b9499b0e34a77f5d01a8aafda388a198d90feb01c6b6b055ab498564b4ed5,Mirai,nz.mips,elf,2026-07-25 00:26:24,MalwareBazaar
SSDEEP,3072:+2JG2CYTcYpA5C7gMtspYX29A8uXENQDw/HKK9t/w+T+7oywvyMiRZtkpUptH/t1:LJG2CYTcYpA5C7gMtspYX29A8uXENQDZ,f40b9499b0e34a77f5d01a8aafda388a198d90feb01c6b6b055ab498564b4ed5,Mirai,nz.mips,elf,2026-07-25 00:26:24,MalwareBazaar
MD5,adde27e08b3c94ef9a9416872ba4888c,a4f131af7ac03fead82f8a9f7049391b363dcabe6429b6ac6d5136965e192fed,Mirai,nz.arm,elf,2026-07-25 00:26:15,MalwareBazaar
SHA-1,119fcae316b5eb72516a29ba066363e0b272c1c5,a4f131af7ac03fead82f8a9f7049391b363dcabe6429b6ac6d5136965e192fed,Mirai,nz.arm,elf,2026-07-25 00:26:15,MalwareBazaar
SHA-256,a4f131af7ac03fead82f8a9f7049391b363dcabe6429b6ac6d5136965e192fed,a4f131af7ac03fead82f8a9f7049391b363dcabe6429b6ac6d5136965e192fed,Mirai,nz.arm,elf,2026-07-25 00:26:15,MalwareBazaar
SHA3-384,f75bde18a10889501868501846717b5c3f9ce0536cd5795ec3890cc9770b44e7cee0c3f5b954ac640ff7896f939e1772,a4f131af7ac03fead82f8a9f7049391b363dcabe6429b6ac6d5136965e192fed,Mirai,nz.arm,elf,2026-07-25 00:26:15,MalwareBazaar
TLSH,T124C32A41F8829622C6D717BAF66E21CE332163E9E3DB7107CE255F21378658B0D67B81,a4f131af7ac03fead82f8a9f7049391b363dcabe6429b6ac6d5136965e192fed,Mirai,nz.arm,elf,2026-07-25 00:26:15,MalwareBazaar
TELFHASH,t1b531c157ef501bdc27f5869890b9e42611fc35dc1e2022065b2cab9b8cc39d9b01d92b,a4f131af7ac03fead82f8a9f7049391b363dcabe6429b6ac6d5136965e192fed,Mirai,nz.arm,elf,2026-07-25 00:26:15,MalwareBazaar
SSDEEP,1536:OD4vAze7/gUOBeVhEN10hb3j6GuMRTOrvz52/PpBSZy8KSJ1/j3vEczvSHldl:OD4vAJUO7wE0PHSZlDBSHldl,a4f131af7ac03fead82f8a9f7049391b363dcabe6429b6ac6d5136965e192fed,Mirai,nz.arm,elf,2026-07-25 00:26:15,MalwareBazaar
MD5,4d370ae111b9f670cae7dbf6e57944c7,1d62e5957808cbd514010156ca0d3e63ee594a7db0dbf0b81da3001004b77812,Mirai,arm7,elf,2026-07-25 00:25:54,MalwareBazaar
SHA-1,19a9311cb9a7c405c71781b53a3a759b5847f2ce,1d62e5957808cbd514010156ca0d3e63ee594a7db0dbf0b81da3001004b77812,Mirai,arm7,elf,2026-07-25 00:25:54,MalwareBazaar
SHA-256,1d62e5957808cbd514010156ca0d3e63ee594a7db0dbf0b81da3001004b77812,1d62e5957808cbd514010156ca0d3e63ee594a7db0dbf0b81da3001004b77812,Mirai,arm7,elf,2026-07-25 00:25:54,MalwareBazaar
SHA3-384,811ed8ef1031c7a59f205122dfc217fbcfd4d48c3d090eb2d43da22d0eaed5f82156dc18722cc1c9fa25713b12e1bf05,1d62e5957808cbd514010156ca0d3e63ee594a7db0dbf0b81da3001004b77812,Mirai,arm7,elf,2026-07-25 00:25:54,MalwareBazaar
TLSH,T157A43956EC409B91DAD12ABEFF1E824973531B78F3EE72129D055B3067CB84A0E7B502,1d62e5957808cbd514010156ca0d3e63ee594a7db0dbf0b81da3001004b77812,Mirai,arm7,elf,2026-07-25 00:25:54,MalwareBazaar
TELFHASH,t1e1e0cdf78a5101ce39cc4845d1d364197daa32db2ff25466c50c76c5c443b886e7e861,1d62e5957808cbd514010156ca0d3e63ee594a7db0dbf0b81da3001004b77812,Mirai,arm7,elf,2026-07-25 00:25:54,MalwareBazaar
SSDEEP,12288:8Q8FKcD/pL8I7IpZLSzOaZe/1nAs8CXA2M4gRx0aklakdQRrKEN:ZOvLc4iQ4G,1d62e5957808cbd514010156ca0d3e63ee594a7db0dbf0b81da3001004b77812,Mirai,arm7,elf,2026-07-25 00:25:54,MalwareBazaar
MD5,4899d8bdf11977ab078fab1bfff0a2d8,b416cf0930c167ceaec2b5c66d3cb35c0bfe37e5d94395460d69864733cf99ad,unknown,b416cf0930c167ceaec2b5c66d3cb35c0bfe37e5d94395460d69864733cf99ad,exe,2026-07-25 00:25:48,MalwareBazaar
SHA-1,a496a13878bd70348a3074d98b54f8e8ab96b74a,b416cf0930c167ceaec2b5c66d3cb35c0bfe37e5d94395460d69864733cf99ad,unknown,b416cf0930c167ceaec2b5c66d3cb35c0bfe37e5d94395460d69864733cf99ad,exe,2026-07-25 00:25:48,MalwareBazaar
SHA-256,b416cf0930c167ceaec2b5c66d3cb35c0bfe37e5d94395460d69864733cf99ad,b416cf0930c167ceaec2b5c66d3cb35c0bfe37e5d94395460d69864733cf99ad,unknown,b416cf0930c167ceaec2b5c66d3cb35c0bfe37e5d94395460d69864733cf99ad,exe,2026-07-25 00:25:48,MalwareBazaar
SHA3-384,5b8759df31ae2233501e025d9fe53f5d812d1accd62500e8313d205b4abb54f03bff6e3733a7c1921279a0486cc98847,b416cf0930c167ceaec2b5c66d3cb35c0bfe37e5d94395460d69864733cf99ad,unknown,b416cf0930c167ceaec2b5c66d3cb35c0bfe37e5d94395460d69864733cf99ad,exe,2026-07-25 00:25:48,MalwareBazaar
IMPHASH,0cdadfa1098d845dd3b4cf92625b5f04,b416cf0930c167ceaec2b5c66d3cb35c0bfe37e5d94395460d69864733cf99ad,unknown,b416cf0930c167ceaec2b5c66d3cb35c0bfe37e5d94395460d69864733cf99ad,exe,2026-07-25 00:25:48,MalwareBazaar
TLSH,T102361231294890F5DD1706B0B436C9675E773F97A63F860A0691BADA0CF3E70B62BE11,b416cf0930c167ceaec2b5c66d3cb35c0bfe37e5d94395460d69864733cf99ad,unknown,b416cf0930c167ceaec2b5c66d3cb35c0bfe37e5d94395460d69864733cf99ad,exe,2026-07-25 00:25:48,MalwareBazaar
SSDEEP,49152:jnXnAQqMSPbcBVQej/3z0Czt5LO2vxJM0H9Pw3R8yAH1plAH:DXDqPoBhzICzDpxWa9Pw3R8yAVp2H,b416cf0930c167ceaec2b5c66d3cb35c0bfe37e5d94395460d69864733cf99ad,unknown,b416cf0930c167ceaec2b5c66d3cb35c0bfe37e5d94395460d69864733cf99ad,exe,2026-07-25 00:25:48,MalwareBazaar
MD5,7ecd3b8fbf1d5242285e253d9910d1a8,8429bc3f819bae0b2aa65e741a533ea216b257a08c1741000185ef547f528531,WannaCry,8429bc3f819bae0b2aa65e741a533ea216b257a08c1741000185ef547f528531,exe,2026-07-25 00:25:32,MalwareBazaar
SHA-1,1c7c0abca29c38db340f3912a342838c6f8d2049,8429bc3f819bae0b2aa65e741a533ea216b257a08c1741000185ef547f528531,WannaCry,8429bc3f819bae0b2aa65e741a533ea216b257a08c1741000185ef547f528531,exe,2026-07-25 00:25:32,MalwareBazaar
SHA-256,8429bc3f819bae0b2aa65e741a533ea216b257a08c1741000185ef547f528531,8429bc3f819bae0b2aa65e741a533ea216b257a08c1741000185ef547f528531,WannaCry,8429bc3f819bae0b2aa65e741a533ea216b257a08c1741000185ef547f528531,exe,2026-07-25 00:25:32,MalwareBazaar
SHA3-384,f74e7f42e0a50cae80269f9785358f6840822547b239e67f97e9b0d6d3fc39a617e19d909a8067837e7c37832bd47910,8429bc3f819bae0b2aa65e741a533ea216b257a08c1741000185ef547f528531,WannaCry,8429bc3f819bae0b2aa65e741a533ea216b257a08c1741000185ef547f528531,exe,2026-07-25 00:25:32,MalwareBazaar
IMPHASH,0cdadfa1098d845dd3b4cf92625b5f04,8429bc3f819bae0b2aa65e741a533ea216b257a08c1741000185ef547f528531,WannaCry,8429bc3f819bae0b2aa65e741a533ea216b257a08c1741000185ef547f528531,exe,2026-07-25 00:25:32,MalwareBazaar
TLSH,T15C363358726CA1BCF0450EB444B38E1AF7B37C5967BA4B0F8780866B0D53B9BAF94741,8429bc3f819bae0b2aa65e741a533ea216b257a08c1741000185ef547f528531,WannaCry,8429bc3f819bae0b2aa65e741a533ea216b257a08c1741000185ef547f528531,exe,2026-07-25 00:25:32,MalwareBazaar
SSDEEP,98304:DI8qPoBhz1aRxcSUDk36SAEdhvxWa9P593R8yAVp2H:DI8qPe1Cxcxk3ZAEUadzR8yc4H,8429bc3f819bae0b2aa65e741a533ea216b257a08c1741000185ef547f528531,WannaCry,8429bc3f819bae0b2aa65e741a533ea216b257a08c1741000185ef547f528531,exe,2026-07-25 00:25:32,MalwareBazaar
MD5,3703d24aeabc43f7a6c45d8d5dc2c3e4,3edda772f2cd053ca6fe316444e6ba4e4a6f826eb84845ea27a8f3fc4b78b18f,Mirai,nz.mips,elf,2026-07-25 00:24:57,MalwareBazaar
SHA-1,a0c5eed7943813ebe98b74c1da5527c44f4b5448,3edda772f2cd053ca6fe316444e6ba4e4a6f826eb84845ea27a8f3fc4b78b18f,Mirai,nz.mips,elf,2026-07-25 00:24:57,MalwareBazaar
SHA-256,3edda772f2cd053ca6fe316444e6ba4e4a6f826eb84845ea27a8f3fc4b78b18f,3edda772f2cd053ca6fe316444e6ba4e4a6f826eb84845ea27a8f3fc4b78b18f,Mirai,nz.mips,elf,2026-07-25 00:24:57,MalwareBazaar
SHA3-384,ae09463c359170f653c517ec7a6c5b13515f1d43f9a28b69c4d57970c262c5e6484fbd7826c8dd3ae6897aa778c7937b,3edda772f2cd053ca6fe316444e6ba4e4a6f826eb84845ea27a8f3fc4b78b18f,Mirai,nz.mips,elf,2026-07-25 00:24:57,MalwareBazaar
TLSH,T15733F1D4A7125CE5ED6AC939D3A51B103FF887D914678497940DCAC3AE22CE43CA3ED0,3edda772f2cd053ca6fe316444e6ba4e4a6f826eb84845ea27a8f3fc4b78b18f,Mirai,nz.mips,elf,2026-07-25 00:24:57,MalwareBazaar
SSDEEP,1536:6F9fg5lb0aK3KLZJL2h2NbU14JP7VJuCm:uol0ahJL2oBU2JP7VQCm,3edda772f2cd053ca6fe316444e6ba4e4a6f826eb84845ea27a8f3fc4b78b18f,Mirai,nz.mips,elf,2026-07-25 00:24:57,MalwareBazaar
MD5,5e35a3d429a3ddcbbf76c0722bc58a4e,58df44ab6dbfb246d0b3df1beb23563c1fe4eb3c32a0b3a2a09feeed8868ca36,Mirai,nz.spc,elf,2026-07-25 00:24:56,MalwareBazaar
SHA-1,c401a1f039858cee4fcf346c6a51b30f9bd1ed72,58df44ab6dbfb246d0b3df1beb23563c1fe4eb3c32a0b3a2a09feeed8868ca36,Mirai,nz.spc,elf,2026-07-25 00:24:56,MalwareBazaar
SHA-256,58df44ab6dbfb246d0b3df1beb23563c1fe4eb3c32a0b3a2a09feeed8868ca36,58df44ab6dbfb246d0b3df1beb23563c1fe4eb3c32a0b3a2a09feeed8868ca36,Mirai,nz.spc,elf,2026-07-25 00:24:56,MalwareBazaar
SHA3-384,14de510c3878ec74be906f365a6b696c01c618990f732b2542bfd9b5de0dba922c70603b775ff525fe4815e4aa0ee2e6,58df44ab6dbfb246d0b3df1beb23563c1fe4eb3c32a0b3a2a09feeed8868ca36,Mirai,nz.spc,elf,2026-07-25 00:24:56,MalwareBazaar
TLSH,T1D3C36D22B5391E27C4E0A47A12F75766F2F257CD14A8CA0E7E720E5EFF151902907BB8,58df44ab6dbfb246d0b3df1beb23563c1fe4eb3c32a0b3a2a09feeed8868ca36,Mirai,nz.spc,elf,2026-07-25 00:24:56,MalwareBazaar
SSDEEP,1536:8lITTILIMV1nW/cQM3PK8A6kT6ciM8GvTyEeodvcHyHq4gsSwJ1AeJ1StGrPYm5C:rmXH3SeoZHr1NsEDYOQ+4Xiq,58df44ab6dbfb246d0b3df1beb23563c1fe4eb3c32a0b3a2a09feeed8868ca36,Mirai,nz.spc,elf,2026-07-25 00:24:56,MalwareBazaar
MD5,edc5ee1ad19d1b70b009e363b0cfd2ba,57d723677f70dedbec3a5917b9f361dc634fefe38d13b2bd3ce73da519ce01c2,Mirai,nz.arm,elf,2026-07-25 00:24:54,MalwareBazaar
SHA-1,f45838cae0ec65fb348372a08550ed4a7fbaf3f6,57d723677f70dedbec3a5917b9f361dc634fefe38d13b2bd3ce73da519ce01c2,Mirai,nz.arm,elf,2026-07-25 00:24:54,MalwareBazaar
SHA-256,57d723677f70dedbec3a5917b9f361dc634fefe38d13b2bd3ce73da519ce01c2,57d723677f70dedbec3a5917b9f361dc634fefe38d13b2bd3ce73da519ce01c2,Mirai,nz.arm,elf,2026-07-25 00:24:54,MalwareBazaar
SHA3-384,67bdd3acc68504def4933046f52169e7d853965c8433eeabbf065355b0e684ce3a85f20768a3819c1002e1bfcfa56f46,57d723677f70dedbec3a5917b9f361dc634fefe38d13b2bd3ce73da519ce01c2,Mirai,nz.arm,elf,2026-07-25 00:24:54,MalwareBazaar
TLSH,T13F23F166A22B2430D7604DB19374C7D5833A87BFF2F5255932090FA850B647A74BBACF,57d723677f70dedbec3a5917b9f361dc634fefe38d13b2bd3ce73da519ce01c2,Mirai,nz.arm,elf,2026-07-25 00:24:54,MalwareBazaar
SSDEEP,1536:DGnf/JuqrRh67F6eSfvmx+zNSMwMFIPzL:DG/MqS7F6lvmxwNQtPn,57d723677f70dedbec3a5917b9f361dc634fefe38d13b2bd3ce73da519ce01c2,Mirai,nz.arm,elf,2026-07-25 00:24:54,MalwareBazaar
MD5,f97736acbcc01efacc044b9572672ce0,5b11e19f26aee31c40b0e573ece9c4e5203b8fcc810b933b80556aa3d0826498,unknown,file,unknown,2026-07-25 00:22:10,MalwareBazaar
SHA-256,5b11e19f26aee31c40b0e573ece9c4e5203b8fcc810b933b80556aa3d0826498,5b11e19f26aee31c40b0e573ece9c4e5203b8fcc810b933b80556aa3d0826498,unknown,file,unknown,2026-07-25 00:22:10,MalwareBazaar
MD5,90310eea1021296a9c933095b4aa4a81,466a8dae57b8e22de57a0300845e2cba716e90d0b44a415b395af39f61604ebc,unknown,file,exe,2026-07-25 00:20:55,MalwareBazaar
SHA-1,e418d28d06071e90d4306676136f64e5e34d31c4,466a8dae57b8e22de57a0300845e2cba716e90d0b44a415b395af39f61604ebc,unknown,file,exe,2026-07-25 00:20:55,MalwareBazaar
SHA-256,466a8dae57b8e22de57a0300845e2cba716e90d0b44a415b395af39f61604ebc,466a8dae57b8e22de57a0300845e2cba716e90d0b44a415b395af39f61604ebc,unknown,file,exe,2026-07-25 00:20:55,MalwareBazaar
SHA3-384,477100c13e3c4da538761969efaaad5c88dedef5671ea00af6f73a42c9b9f6aa0f077d9885de6ee66e51780e83d4ba3e,466a8dae57b8e22de57a0300845e2cba716e90d0b44a415b395af39f61604ebc,unknown,file,exe,2026-07-25 00:20:55,MalwareBazaar
IMPHASH,fd6f6d07cc33ee9a2b65bda58a07bb94,466a8dae57b8e22de57a0300845e2cba716e90d0b44a415b395af39f61604ebc,unknown,file,exe,2026-07-25 00:20:55,MalwareBazaar
TLSH,T1D6286C43A2E751D8F0BBD17497E65323E932BC490B3469EF12944B312F72AE0A779B11,466a8dae57b8e22de57a0300845e2cba716e90d0b44a415b395af39f61604ebc,unknown,file,exe,2026-07-25 00:20:55,MalwareBazaar
SSDEEP,1572864:3Za7hmguP2nG0/Vyv7UhgxIabc/x7Awby:3Za7hmguP2nUOnAwby,466a8dae57b8e22de57a0300845e2cba716e90d0b44a415b395af39f61604ebc,unknown,file,exe,2026-07-25 00:20:55,MalwareBazaar
ICON-DHASH,9170cc9296cc7001,466a8dae57b8e22de57a0300845e2cba716e90d0b44a415b395af39f61604ebc,unknown,file,exe,2026-07-25 00:20:55,MalwareBazaar
MD5,cf370d4b0e6a4b0ceb9854f137fd8962,17ee65b15259a09080c45eeeafa761f58552c0a23ccd50b8400aca044f295cf5,unknown,k.php,sh,2026-07-25 00:19:50,MalwareBazaar
SHA-1,46fb0c814663940fd627e7345b1c82258ee5989b,17ee65b15259a09080c45eeeafa761f58552c0a23ccd50b8400aca044f295cf5,unknown,k.php,sh,2026-07-25 00:19:50,MalwareBazaar
SHA-256,17ee65b15259a09080c45eeeafa761f58552c0a23ccd50b8400aca044f295cf5,17ee65b15259a09080c45eeeafa761f58552c0a23ccd50b8400aca044f295cf5,unknown,k.php,sh,2026-07-25 00:19:50,MalwareBazaar
SHA3-384,561b323493d416d281d9a4f194e31f270406bdf3c6d8cf8d1d0f2ff450759f8b2289b2524d82945a8173471db178965b,17ee65b15259a09080c45eeeafa761f58552c0a23ccd50b8400aca044f295cf5,unknown,k.php,sh,2026-07-25 00:19:50,MalwareBazaar
TLSH,T15A136C6916953C28AE99893B5C7E2F0CBDA983E1304491DDBF8B3CF18C15A9CE31875D,17ee65b15259a09080c45eeeafa761f58552c0a23ccd50b8400aca044f295cf5,unknown,k.php,sh,2026-07-25 00:19:50,MalwareBazaar
SSDEEP,768:/n9NyXsZztCG9GKYpr9GKYp82fkR4nnA9GKYpr9GKYp82fkR4nnx:/nHusZKco,17ee65b15259a09080c45eeeafa761f58552c0a23ccd50b8400aca044f295cf5,unknown,k.php,sh,2026-07-25 00:19:50,MalwareBazaar
MD5,511d7299bfe0d682678ce1ce90bd55b8,6c646999f22c128e286a54d09a40c305a085204840fb6774de664770ce46aeb3,unknown,k.php,sh,2026-07-25 00:09:49,MalwareBazaar
SHA-1,510ce8afb363e7158ac2db09c00d1df4d28962ba,6c646999f22c128e286a54d09a40c305a085204840fb6774de664770ce46aeb3,unknown,k.php,sh,2026-07-25 00:09:49,MalwareBazaar
SHA-256,6c646999f22c128e286a54d09a40c305a085204840fb6774de664770ce46aeb3,6c646999f22c128e286a54d09a40c305a085204840fb6774de664770ce46aeb3,unknown,k.php,sh,2026-07-25 00:09:49,MalwareBazaar
SHA3-384,040fe490c22c2e2afbd4a088fd6a6dbfed149c1156447d48ba8931229ee71023ff330dc55af048d1043db0620587b9d8,6c646999f22c128e286a54d09a40c305a085204840fb6774de664770ce46aeb3,unknown,k.php,sh,2026-07-25 00:09:49,MalwareBazaar
TLSH,T162137D6966857C24AE99883B1C7E2F0CB9A983E1310851DDBFCB3CF58C09A9CD21971D,6c646999f22c128e286a54d09a40c305a085204840fb6774de664770ce46aeb3,unknown,k.php,sh,2026-07-25 00:09:49,MalwareBazaar
SSDEEP,768:q+T9GKYpr9GKYp82fkR4nnA9GKYpr9GKYp82fkR4nnx:q+0co,6c646999f22c128e286a54d09a40c305a085204840fb6774de664770ce46aeb3,unknown,k.php,sh,2026-07-25 00:09:49,MalwareBazaar
MD5,ee2f75761b93d704b6dc2a4a23b5e51b,b1acdd48e46695c20b34623ac919fac06b53b7e9c1bd1bc40c3401c7b3700215,unknown,default.dat,exe,2026-07-24 23:52:08,MalwareBazaar
SHA-1,9ef7639a364acbf7ae4a671a4889b0cf270b15db,b1acdd48e46695c20b34623ac919fac06b53b7e9c1bd1bc40c3401c7b3700215,unknown,default.dat,exe,2026-07-24 23:52:08,MalwareBazaar
SHA-256,b1acdd48e46695c20b34623ac919fac06b53b7e9c1bd1bc40c3401c7b3700215,b1acdd48e46695c20b34623ac919fac06b53b7e9c1bd1bc40c3401c7b3700215,unknown,default.dat,exe,2026-07-24 23:52:08,MalwareBazaar
SHA3-384,b5508c7655a93e116470cf6073f30376c774944cca74bee43f468fce1701ad98bea337fbe5fd1ce71ca710bcf064ab2c,b1acdd48e46695c20b34623ac919fac06b53b7e9c1bd1bc40c3401c7b3700215,unknown,default.dat,exe,2026-07-24 23:52:08,MalwareBazaar
IMPHASH,dcaf48c1f10b0efa0a4472200f3850ed,b1acdd48e46695c20b34623ac919fac06b53b7e9c1bd1bc40c3401c7b3700215,unknown,default.dat,exe,2026-07-24 23:52:08,MalwareBazaar
TLSH,T10EE63308EBC502EDF5F7463ED9926442DA74B85A23B2CADF67A883616D131D14C3DB23,b1acdd48e46695c20b34623ac919fac06b53b7e9c1bd1bc40c3401c7b3700215,unknown,default.dat,exe,2026-07-24 23:52:08,MalwareBazaar
SSDEEP,393216:qRKJYl9bTCQLfnqwUqOXMCHWUjXycuI3/PGTAI:qRgYnTvnqwUxXMb8XPH/O7,b1acdd48e46695c20b34623ac919fac06b53b7e9c1bd1bc40c3401c7b3700215,unknown,default.dat,exe,2026-07-24 23:52:08,MalwareBazaar
ICON-DHASH,70f0f0e8e8e0f070,b1acdd48e46695c20b34623ac919fac06b53b7e9c1bd1bc40c3401c7b3700215,unknown,default.dat,exe,2026-07-24 23:52:08,MalwareBazaar
MD5,7ef963d472b01aaa20117ef037cde0f8,aee97da6e86ebebfb355e919326ac42ef50b256b513a52f671f9ed596eeee27a,unknown,SecuriteInfo.com.HEUR.Trojan.OLE2.UrcBadur.genw.10895.7187,xlsx,2026-07-24 23:44:55,MalwareBazaar
SHA-1,04fdd6e64dcbee2fd0ee51dd780be68d7e33a973,aee97da6e86ebebfb355e919326ac42ef50b256b513a52f671f9ed596eeee27a,unknown,SecuriteInfo.com.HEUR.Trojan.OLE2.UrcBadur.genw.10895.7187,xlsx,2026-07-24 23:44:55,MalwareBazaar
SHA-256,aee97da6e86ebebfb355e919326ac42ef50b256b513a52f671f9ed596eeee27a,aee97da6e86ebebfb355e919326ac42ef50b256b513a52f671f9ed596eeee27a,unknown,SecuriteInfo.com.HEUR.Trojan.OLE2.UrcBadur.genw.10895.7187,xlsx,2026-07-24 23:44:55,MalwareBazaar
SHA3-384,1e18a95dc624499f4ba3882f0e624c4c1f88f2953701de875bd455db67d2ad5c0a2afa1adcbbd3128f1af3c0f28aeae6,aee97da6e86ebebfb355e919326ac42ef50b256b513a52f671f9ed596eeee27a,unknown,SecuriteInfo.com.HEUR.Trojan.OLE2.UrcBadur.genw.10895.7187,xlsx,2026-07-24 23:44:55,MalwareBazaar
TLSH,T198F42311F9408827F813A2B5C8E5E0DB1458DDAA8653C02B38477BAF7671BB7716738B,aee97da6e86ebebfb355e919326ac42ef50b256b513a52f671f9ed596eeee27a,unknown,SecuriteInfo.com.HEUR.Trojan.OLE2.UrcBadur.genw.10895.7187,xlsx,2026-07-24 23:44:55,MalwareBazaar
SSDEEP,12288:HrMmLjH+8sIkTgIsyMSMDbzghV1brNi/xHHJiEzxSpwOSDdgsaJE:H4mLjCIkkjwbnNi/5pi6xT18J,aee97da6e86ebebfb355e919326ac42ef50b256b513a52f671f9ed596eeee27a,unknown,SecuriteInfo.com.HEUR.Trojan.OLE2.UrcBadur.genw.10895.7187,xlsx,2026-07-24 23:44:55,MalwareBazaar
MD5,517eb15c60682fafaa9f07810b402cd5,17f6cea8424b3a00fe7c3f4a5b67b99d8ba1df48a98f30b7a57f5e6e174485d0,Mirai,oiwefhfoloongarch64wopqfjwiuas,elf,2026-07-24 23:44:50,MalwareBazaar
SHA-1,e14a541f91a52915b2298a807078d9df53b1554e,17f6cea8424b3a00fe7c3f4a5b67b99d8ba1df48a98f30b7a57f5e6e174485d0,Mirai,oiwefhfoloongarch64wopqfjwiuas,elf,2026-07-24 23:44:50,MalwareBazaar
SHA-256,17f6cea8424b3a00fe7c3f4a5b67b99d8ba1df48a98f30b7a57f5e6e174485d0,17f6cea8424b3a00fe7c3f4a5b67b99d8ba1df48a98f30b7a57f5e6e174485d0,Mirai,oiwefhfoloongarch64wopqfjwiuas,elf,2026-07-24 23:44:50,MalwareBazaar
SHA3-384,7c38eeb7cacf73556ae8000bc8c6d8e66c32970df3aaca560d26b5f9549db6ec11a8a91e80943cc11aa616f483f57e1e,17f6cea8424b3a00fe7c3f4a5b67b99d8ba1df48a98f30b7a57f5e6e174485d0,Mirai,oiwefhfoloongarch64wopqfjwiuas,elf,2026-07-24 23:44:50,MalwareBazaar
TLSH,T1AB146C2BB3C39CE6C51063308C316362776FD7081958EAFFDA1B3794A99772256246C7,17f6cea8424b3a00fe7c3f4a5b67b99d8ba1df48a98f30b7a57f5e6e174485d0,Mirai,oiwefhfoloongarch64wopqfjwiuas,elf,2026-07-24 23:44:50,MalwareBazaar
SSDEEP,6144:1R9Om5159ZA0mzoWcz4Mm4ztkES7IKTtn:BZAyFzQSdS7IC,17f6cea8424b3a00fe7c3f4a5b67b99d8ba1df48a98f30b7a57f5e6e174485d0,Mirai,oiwefhfoloongarch64wopqfjwiuas,elf,2026-07-24 23:44:50,MalwareBazaar
MD5,3ea5b01f04dc98157c34493133c09025,f1b000391707dddef6fa0ae1c73029e4062991f452cffc1e1b9c157ec085487c,Mirai,oiwefhfomipswopqfjwiuas,elf,2026-07-24 23:43:51,MalwareBazaar
SHA-1,26f7204d4082d374766e293e91595f4cb0e79e8a,f1b000391707dddef6fa0ae1c73029e4062991f452cffc1e1b9c157ec085487c,Mirai,oiwefhfomipswopqfjwiuas,elf,2026-07-24 23:43:51,MalwareBazaar
SHA-256,f1b000391707dddef6fa0ae1c73029e4062991f452cffc1e1b9c157ec085487c,f1b000391707dddef6fa0ae1c73029e4062991f452cffc1e1b9c157ec085487c,Mirai,oiwefhfomipswopqfjwiuas,elf,2026-07-24 23:43:51,MalwareBazaar
SHA3-384,58ac3cba8dd37b3969db3ad285871826a2f2b53eee3fbc0dae546e11d298b29426d18c5371bba9d107a8300eb0691add,f1b000391707dddef6fa0ae1c73029e4062991f452cffc1e1b9c157ec085487c,Mirai,oiwefhfomipswopqfjwiuas,elf,2026-07-24 23:43:51,MalwareBazaar
TLSH,T1B4F33B47B7208FB1C368967109B3CB67A6E6269216E19985E66DCD107F3035C6C3FFA0,f1b000391707dddef6fa0ae1c73029e4062991f452cffc1e1b9c157ec085487c,Mirai,oiwefhfomipswopqfjwiuas,elf,2026-07-24 23:43:51,MalwareBazaar
TELFHASH,t1d9c002145c7457f15108dd5540dc7f29c5f51dcf15431d1fd9183c654631d831f00d59,f1b000391707dddef6fa0ae1c73029e4062991f452cffc1e1b9c157ec085487c,Mirai,oiwefhfomipswopqfjwiuas,elf,2026-07-24 23:43:51,MalwareBazaar
SSDEEP,3072:93VJgTdgahP/2o/ZrTheIsnjCWRXFm4UpM1wLxpPNNOziHRfam:9FJMgWPZr8IaCWReS1WpPeG7,f1b000391707dddef6fa0ae1c73029e4062991f452cffc1e1b9c157ec085487c,Mirai,oiwefhfomipswopqfjwiuas,elf,2026-07-24 23:43:51,MalwareBazaar
MD5,ff0d6a7d5b5f82350e333d544d2816d8,2b9d08089f798b0b85b05363c4dadcf6e550c8e829bf77f53100f5e3e30e6443,Mirai,oiwefhfom68kwopqfjwiuas,elf,2026-07-24 23:43:50,MalwareBazaar
SHA-1,761195125b7589b53014470cc63603f117cd8d72,2b9d08089f798b0b85b05363c4dadcf6e550c8e829bf77f53100f5e3e30e6443,Mirai,oiwefhfom68kwopqfjwiuas,elf,2026-07-24 23:43:50,MalwareBazaar
SHA-256,2b9d08089f798b0b85b05363c4dadcf6e550c8e829bf77f53100f5e3e30e6443,2b9d08089f798b0b85b05363c4dadcf6e550c8e829bf77f53100f5e3e30e6443,Mirai,oiwefhfom68kwopqfjwiuas,elf,2026-07-24 23:43:50,MalwareBazaar
SHA3-384,aab11f9cb9c56b6cb89998e84a70dc69b19b835741a761a24c02d56aefcce7693f66e18ef6b1bcdfa489744a5509d99a,2b9d08089f798b0b85b05363c4dadcf6e550c8e829bf77f53100f5e3e30e6443,Mirai,oiwefhfom68kwopqfjwiuas,elf,2026-07-24 23:43:50,MalwareBazaar
TLSH,T178B3AF87B2907ABEF0A45E3FC4135E26A6259F705583273D71FDF9906E3A3503292E42,2b9d08089f798b0b85b05363c4dadcf6e550c8e829bf77f53100f5e3e30e6443,Mirai,oiwefhfom68kwopqfjwiuas,elf,2026-07-24 23:43:50,MalwareBazaar
SSDEEP,1536:tdNSXAeuUGWnKYUqwaJ1Xq/3A5hcB57laZeCNjHWBOdiyWT15Ov6fHzx8rSR:t3SrlGWnKTU83AQB5A5Liy36ftUSR,2b9d08089f798b0b85b05363c4dadcf6e550c8e829bf77f53100f5e3e30e6443,Mirai,oiwefhfom68kwopqfjwiuas,elf,2026-07-24 23:43:50,MalwareBazaar
MD5,3996a5a7bceb5886db18b46fc8286ffc,4d164872180d00df329d5e2105dabdda64389f818b52f14753a687540fdf85ae,Mirai,oiwefhfoaarch64wopqfjwiuas,elf,2026-07-24 23:43:48,MalwareBazaar
SHA-1,cc92aa61435baea5dfbedc299c6aa50d4ee97ada,4d164872180d00df329d5e2105dabdda64389f818b52f14753a687540fdf85ae,Mirai,oiwefhfoaarch64wopqfjwiuas,elf,2026-07-24 23:43:48,MalwareBazaar
SHA-256,4d164872180d00df329d5e2105dabdda64389f818b52f14753a687540fdf85ae,4d164872180d00df329d5e2105dabdda64389f818b52f14753a687540fdf85ae,Mirai,oiwefhfoaarch64wopqfjwiuas,elf,2026-07-24 23:43:48,MalwareBazaar
SHA3-384,362924b709ccc60e6dfc820220d64867457fc0d36d38ece1558e59220f7b25d3fff3ef584f607247f7c2a937e98938d9,4d164872180d00df329d5e2105dabdda64389f818b52f14753a687540fdf85ae,Mirai,oiwefhfoaarch64wopqfjwiuas,elf,2026-07-24 23:43:48,MalwareBazaar
TLSH,T127148D68FE4E78D2D2C7E37DAE4A0FA2302779749565C0B51A00A29FD5EAFD488D0613,4d164872180d00df329d5e2105dabdda64389f818b52f14753a687540fdf85ae,Mirai,oiwefhfoaarch64wopqfjwiuas,elf,2026-07-24 23:43:48,MalwareBazaar
SSDEEP,3072:badBpAIWIfbEdOcdY3rZiigZ2eNRzPxj:bOVfbEdxm4iub9,4d164872180d00df329d5e2105dabdda64389f818b52f14753a687540fdf85ae,Mirai,oiwefhfoaarch64wopqfjwiuas,elf,2026-07-24 23:43:48,MalwareBazaar
MD5,fe8ca56f7b3960183567e769d64cd5a4,a2da43f30f9191aecd65a5f0e69e4a3353333313a7da61584183689f6a182455,Mirai,oiwefhfoi386wopqfjwiuas,elf,2026-07-24 23:43:44,MalwareBazaar
SHA-1,b2798455f29a0e9137fca0f3312ef49b83507763,a2da43f30f9191aecd65a5f0e69e4a3353333313a7da61584183689f6a182455,Mirai,oiwefhfoi386wopqfjwiuas,elf,2026-07-24 23:43:44,MalwareBazaar
SHA-256,a2da43f30f9191aecd65a5f0e69e4a3353333313a7da61584183689f6a182455,a2da43f30f9191aecd65a5f0e69e4a3353333313a7da61584183689f6a182455,Mirai,oiwefhfoi386wopqfjwiuas,elf,2026-07-24 23:43:44,MalwareBazaar
SHA3-384,12b8d9fe8910e6a002f8ccb7da0da7c6f4ad5d4b93be6ac7817083fe27883552c3ab0a97dc8fe17729cb7c1ec9e400ba,a2da43f30f9191aecd65a5f0e69e4a3353333313a7da61584183689f6a182455,Mirai,oiwefhfoi386wopqfjwiuas,elf,2026-07-24 23:43:44,MalwareBazaar
TLSH,T1A5C35B82E6A2D0F1E68701B00557F3E68935EA305416CEC6EFA93D71EC717829D9BB1C,a2da43f30f9191aecd65a5f0e69e4a3353333313a7da61584183689f6a182455,Mirai,oiwefhfoi386wopqfjwiuas,elf,2026-07-24 23:43:44,MalwareBazaar
TELFHASH,t1dd4107fa5ea60ce873d49c05d35e1730b909da3b687036aa40f31e7536fad9212b5c35,a2da43f30f9191aecd65a5f0e69e4a3353333313a7da61584183689f6a182455,Mirai,oiwefhfoi386wopqfjwiuas,elf,2026-07-24 23:43:44,MalwareBazaar
SSDEEP,3072:3atpsoRNjmj1VGCr75MoS9SrPwVrx5tiyEw:VoRNjmj1VGFVrRiyD,a2da43f30f9191aecd65a5f0e69e4a3353333313a7da61584183689f6a182455,Mirai,oiwefhfoi386wopqfjwiuas,elf,2026-07-24 23:43:44,MalwareBazaar
MD5,a5af5fc472b137476f77a130b234aaff,764137b94d7444210a23bbe22d4219c25d58d8b68946cbbd1d693c3641b99aa6,Mirai,oiwefhfomipswopqfjwiuas,elf,2026-07-24 23:42:54,MalwareBazaar
SHA-1,5e7aad71bf24ce336b7cad27f362b1126189cb85,764137b94d7444210a23bbe22d4219c25d58d8b68946cbbd1d693c3641b99aa6,Mirai,oiwefhfomipswopqfjwiuas,elf,2026-07-24 23:42:54,MalwareBazaar
SHA-256,764137b94d7444210a23bbe22d4219c25d58d8b68946cbbd1d693c3641b99aa6,764137b94d7444210a23bbe22d4219c25d58d8b68946cbbd1d693c3641b99aa6,Mirai,oiwefhfomipswopqfjwiuas,elf,2026-07-24 23:42:54,MalwareBazaar
SHA3-384,88078c37eddcc7bf7220319ebb68e2bfbd4a0c3d1c73bc85dc5f80bfe47b9e778819fbd74e8385f59549888dcd4322ad,764137b94d7444210a23bbe22d4219c25d58d8b68946cbbd1d693c3641b99aa6,Mirai,oiwefhfomipswopqfjwiuas,elf,2026-07-24 23:42:54,MalwareBazaar
TLSH,T1BB7302722176DEB2D6B2843263437D49792288AA037453BEFC78A72FF486E111C4C45F,764137b94d7444210a23bbe22d4219c25d58d8b68946cbbd1d693c3641b99aa6,Mirai,oiwefhfomipswopqfjwiuas,elf,2026-07-24 23:42:54,MalwareBazaar
SSDEEP,1536:U8zRnwvX0/jMQwZuOPFPijvDMwhQi1rYGhQZ9zWmo/ISJork:bzRnwP0bMQ2RijvDZZ1rYGhG13q5Sk,764137b94d7444210a23bbe22d4219c25d58d8b68946cbbd1d693c3641b99aa6,Mirai,oiwefhfomipswopqfjwiuas,elf,2026-07-24 23:42:54,MalwareBazaar
MD5,8ed6c2311c6ef7ab394aaa34322645a6,534a2bd20e41543fcc319618e8c7eda11f19cdc22fa5372defa78bdf4c13580f,Mirai,oiwefhfoaarch64wopqfjwiuas,elf,2026-07-24 23:42:53,MalwareBazaar
SHA-1,97bdf1c52d780494205c0e438e19736c7aa59643,534a2bd20e41543fcc319618e8c7eda11f19cdc22fa5372defa78bdf4c13580f,Mirai,oiwefhfoaarch64wopqfjwiuas,elf,2026-07-24 23:42:53,MalwareBazaar
SHA-256,534a2bd20e41543fcc319618e8c7eda11f19cdc22fa5372defa78bdf4c13580f,534a2bd20e41543fcc319618e8c7eda11f19cdc22fa5372defa78bdf4c13580f,Mirai,oiwefhfoaarch64wopqfjwiuas,elf,2026-07-24 23:42:53,MalwareBazaar
SHA3-384,47f71bdf6db57f9e8bc3a8908068954cc07f99ca19dcbf21f84468a89393f9a3f2ee18400d3d464ad40e4f652a548dfd,534a2bd20e41543fcc319618e8c7eda11f19cdc22fa5372defa78bdf4c13580f,Mirai,oiwefhfoaarch64wopqfjwiuas,elf,2026-07-24 23:42:53,MalwareBazaar
TLSH,T18D6302CB6EB02B27D0DCA1B2703816D6CD3A9D8BD3538A9CD7D1A756073843650C8B1B,534a2bd20e41543fcc319618e8c7eda11f19cdc22fa5372defa78bdf4c13580f,Mirai,oiwefhfoaarch64wopqfjwiuas,elf,2026-07-24 23:42:53,MalwareBazaar
SSDEEP,1536:zaxZLmYKVDNSl2y08yumeJyGYVmIMGYX1JTNW:zaxZLmYKX+t08jmeJhYTYfNW,534a2bd20e41543fcc319618e8c7eda11f19cdc22fa5372defa78bdf4c13580f,Mirai,oiwefhfoaarch64wopqfjwiuas,elf,2026-07-24 23:42:53,MalwareBazaar
MD5,2bcbb00ef6ab51882af56ed4f926957e,202cd9e08100ca1a7153de3303595111f08b5ea4d01af85ebb2c2d88017014d5,Mirai,oiwefhfoi386wopqfjwiuas,elf,2026-07-24 23:42:51,MalwareBazaar
SHA-1,f2ad29c7b2d860db06621cd15b50926140ae498f,202cd9e08100ca1a7153de3303595111f08b5ea4d01af85ebb2c2d88017014d5,Mirai,oiwefhfoi386wopqfjwiuas,elf,2026-07-24 23:42:51,MalwareBazaar
SHA-256,202cd9e08100ca1a7153de3303595111f08b5ea4d01af85ebb2c2d88017014d5,202cd9e08100ca1a7153de3303595111f08b5ea4d01af85ebb2c2d88017014d5,Mirai,oiwefhfoi386wopqfjwiuas,elf,2026-07-24 23:42:51,MalwareBazaar
SHA3-384,2659ce49ab5a13ad15688c11ba74ebc4f462294bdd43ffacf449e9e55524528d137d227d44bacb8faf0e852ecad92d83,202cd9e08100ca1a7153de3303595111f08b5ea4d01af85ebb2c2d88017014d5,Mirai,oiwefhfoi386wopqfjwiuas,elf,2026-07-24 23:42:51,MalwareBazaar
TLSH,T1465301E6A0D47ECDC19A4774050F0A073EC1A7B8608A563A76C4F6A84BF1754CFD8BD5,202cd9e08100ca1a7153de3303595111f08b5ea4d01af85ebb2c2d88017014d5,Mirai,oiwefhfoi386wopqfjwiuas,elf,2026-07-24 23:42:51,MalwareBazaar
TELFHASH,t1a0b01122cc8a8e020200882e0a0a022fe280feb82c0bf303a0b80c28e0b2c8e0000083,202cd9e08100ca1a7153de3303595111f08b5ea4d01af85ebb2c2d88017014d5,Mirai,oiwefhfoi386wopqfjwiuas,elf,2026-07-24 23:42:51,MalwareBazaar
SSDEEP,1536:C1/S5aOdeB51F+yuXkoPgvFbFX6hTZ0f8ASAILkg4azHB:CM5az1Fy0oPgdZX6hTo8R7LGazHB,202cd9e08100ca1a7153de3303595111f08b5ea4d01af85ebb2c2d88017014d5,Mirai,oiwefhfoi386wopqfjwiuas,elf,2026-07-24 23:42:51,MalwareBazaar
MD5,51d632fe08f0329241d8de37b704b880,93aeedf9305f872103c76699851525f160e88eae3a020e916cef0bd866fecfa9,Mirai,oiwefhfosh4wopqfjwiuas,elf,2026-07-24 23:42:50,MalwareBazaar
SHA-1,9594a23a4a34ff0186ce83c66da0f65f4845a0ae,93aeedf9305f872103c76699851525f160e88eae3a020e916cef0bd866fecfa9,Mirai,oiwefhfosh4wopqfjwiuas,elf,2026-07-24 23:42:50,MalwareBazaar
SHA-256,93aeedf9305f872103c76699851525f160e88eae3a020e916cef0bd866fecfa9,93aeedf9305f872103c76699851525f160e88eae3a020e916cef0bd866fecfa9,Mirai,oiwefhfosh4wopqfjwiuas,elf,2026-07-24 23:42:50,MalwareBazaar
SHA3-384,d5c6f34d7ef7ebc53c20d4ca5bc66942ef2255d94d24a71f160f3a6eab486a7122ef9e188bd7a27fbed3e77c4ffa97fe,93aeedf9305f872103c76699851525f160e88eae3a020e916cef0bd866fecfa9,Mirai,oiwefhfosh4wopqfjwiuas,elf,2026-07-24 23:42:50,MalwareBazaar
TLSH,T12FD3CF32E0086DA0DD2117B434B6597C0340DEB40AD59243EFBEE5AE28B7DA57DEDB60,93aeedf9305f872103c76699851525f160e88eae3a020e916cef0bd866fecfa9,Mirai,oiwefhfosh4wopqfjwiuas,elf,2026-07-24 23:42:50,MalwareBazaar
SSDEEP,3072:jNOFV2mOAc6NBmjOd1CVOHVv3WDxGGRhaUNhkv0Z26:xOFgpOEoVv3MXL5NhGO26,93aeedf9305f872103c76699851525f160e88eae3a020e916cef0bd866fecfa9,Mirai,oiwefhfosh4wopqfjwiuas,elf,2026-07-24 23:42:50,MalwareBazaar
MD5,c675c3e4e100a79662f00501f5c39be5,5ceaf0d5a9c20b05117a0fb189fff4b358b60d11a8950aa88987a31aa6222712,Mirai,oiwefhforiscv64wopqfjwiuas,elf,2026-07-24 23:42:49,MalwareBazaar
SHA-1,2333e60cf38682d867402589c555c421f3fe79a0,5ceaf0d5a9c20b05117a0fb189fff4b358b60d11a8950aa88987a31aa6222712,Mirai,oiwefhforiscv64wopqfjwiuas,elf,2026-07-24 23:42:49,MalwareBazaar
SHA-256,5ceaf0d5a9c20b05117a0fb189fff4b358b60d11a8950aa88987a31aa6222712,5ceaf0d5a9c20b05117a0fb189fff4b358b60d11a8950aa88987a31aa6222712,Mirai,oiwefhforiscv64wopqfjwiuas,elf,2026-07-24 23:42:49,MalwareBazaar
SHA3-384,692e6630dde941c326c64d08bacc68e3f4a21458778574075e900e3b738ad5ddd38c4ac62f3a6209df94a0269e01ffe2,5ceaf0d5a9c20b05117a0fb189fff4b358b60d11a8950aa88987a31aa6222712,Mirai,oiwefhforiscv64wopqfjwiuas,elf,2026-07-24 23:42:49,MalwareBazaar
TLSH,T197B3E085B210AA55C02672FCB1870990A3B17E7B4B9A150B4473F5B46DBCCD47E0BEDA,5ceaf0d5a9c20b05117a0fb189fff4b358b60d11a8950aa88987a31aa6222712,Mirai,oiwefhforiscv64wopqfjwiuas,elf,2026-07-24 23:42:49,MalwareBazaar
SSDEEP,3072:jx63zpjhO5z01nCU375P5wk5SOez7wuV:as5zqhr5Nzy7wu,5ceaf0d5a9c20b05117a0fb189fff4b358b60d11a8950aa88987a31aa6222712,Mirai,oiwefhforiscv64wopqfjwiuas,elf,2026-07-24 23:42:49,MalwareBazaar
MD5,244c527b3714ceb254929fd7ccbd6b44,a809eda69b452c9b8171d0879896c45131ed6cb4740af5d487e59553ecd02371,unknown,a809eda69b452c9b8171d0879896c45131ed6cb4740af5d487e59553ecd02371,exe,2026-07-24 23:15:43,MalwareBazaar
SHA-1,42d104a9ede56aa9d35172df35a705d6c2c905ed,a809eda69b452c9b8171d0879896c45131ed6cb4740af5d487e59553ecd02371,unknown,a809eda69b452c9b8171d0879896c45131ed6cb4740af5d487e59553ecd02371,exe,2026-07-24 23:15:43,MalwareBazaar
SHA-256,a809eda69b452c9b8171d0879896c45131ed6cb4740af5d487e59553ecd02371,a809eda69b452c9b8171d0879896c45131ed6cb4740af5d487e59553ecd02371,unknown,a809eda69b452c9b8171d0879896c45131ed6cb4740af5d487e59553ecd02371,exe,2026-07-24 23:15:43,MalwareBazaar
SHA3-384,fbe92d0945b6a887218d3c4fdb737c0f72539ec9f7f9581d6d722af8dfa47c60ce5be1bae12be42c054aaf5193d9ed40,a809eda69b452c9b8171d0879896c45131ed6cb4740af5d487e59553ecd02371,unknown,a809eda69b452c9b8171d0879896c45131ed6cb4740af5d487e59553ecd02371,exe,2026-07-24 23:15:43,MalwareBazaar
IMPHASH,0cdadfa1098d845dd3b4cf92625b5f04,a809eda69b452c9b8171d0879896c45131ed6cb4740af5d487e59553ecd02371,unknown,a809eda69b452c9b8171d0879896c45131ed6cb4740af5d487e59553ecd02371,exe,2026-07-24 23:15:43,MalwareBazaar
TLSH,T1E136239931BC81FCD206257484B78E13E3B37C6922FE5B0F9B40867A1D53B46BB64B52,a809eda69b452c9b8171d0879896c45131ed6cb4740af5d487e59553ecd02371,unknown,a809eda69b452c9b8171d0879896c45131ed6cb4740af5d487e59553ecd02371,exe,2026-07-24 23:15:43,MalwareBazaar
SSDEEP,49152:jnsnnMSPbcBVQej/1INRx+TSqTdX1HkQ8Rdhnv:DMnPoBhz1aRxcSUDkxdhv,a809eda69b452c9b8171d0879896c45131ed6cb4740af5d487e59553ecd02371,unknown,a809eda69b452c9b8171d0879896c45131ed6cb4740af5d487e59553ecd02371,exe,2026-07-24 23:15:43,MalwareBazaar
MD5,eff5f64df041513279fa2b87cf34806a,0494354b3b9b23161eeaddb054b6d9e1fbba3aa36ece11e000f7f09c2efa2ea7,unknown,default.dat,exe,2026-07-24 22:52:09,MalwareBazaar
SHA-1,13b1f738c3f201e73e897105b2a7152a4b5e7105,0494354b3b9b23161eeaddb054b6d9e1fbba3aa36ece11e000f7f09c2efa2ea7,unknown,default.dat,exe,2026-07-24 22:52:09,MalwareBazaar
SHA-256,0494354b3b9b23161eeaddb054b6d9e1fbba3aa36ece11e000f7f09c2efa2ea7,0494354b3b9b23161eeaddb054b6d9e1fbba3aa36ece11e000f7f09c2efa2ea7,unknown,default.dat,exe,2026-07-24 22:52:09,MalwareBazaar
SHA3-384,f40a51a9ef0e3d3b9059d840963cd4dd85e5bc97f1548c9c60669067b2746f3092eb675b4482bf73f80187efedd7bf79,0494354b3b9b23161eeaddb054b6d9e1fbba3aa36ece11e000f7f09c2efa2ea7,unknown,default.dat,exe,2026-07-24 22:52:09,MalwareBazaar
IMPHASH,dcaf48c1f10b0efa0a4472200f3850ed,0494354b3b9b23161eeaddb054b6d9e1fbba3aa36ece11e000f7f09c2efa2ea7,unknown,default.dat,exe,2026-07-24 22:52:09,MalwareBazaar
TLSH,T1BDE6330C9FE543FDE9B3413DECA66665E4A538754B32C4EB436883A4AF071E08837766,0494354b3b9b23161eeaddb054b6d9e1fbba3aa36ece11e000f7f09c2efa2ea7,unknown,default.dat,exe,2026-07-24 22:52:09,MalwareBazaar
SSDEEP,393216:Ajqc8uJpaz7ZuV8wFGhSZnILzP1XMCHWUjXncuI3/PGTAI:AJbJpaXQV8w2MnUD1XMb8XcH/O7,0494354b3b9b23161eeaddb054b6d9e1fbba3aa36ece11e000f7f09c2efa2ea7,unknown,default.dat,exe,2026-07-24 22:52:09,MalwareBazaar
ICON-DHASH,f0d88ea29ac6e4f0,0494354b3b9b23161eeaddb054b6d9e1fbba3aa36ece11e000f7f09c2efa2ea7,unknown,default.dat,exe,2026-07-24 22:52:09,MalwareBazaar
MD5,b5dae3e77bc0e8ebafdc52d615006b67,b3e39da98cf159a2cbab93440bf69b4f716554fb50995dd44e8dd278f0aa30b6,unknown,hige-x64.exe,exe,2026-07-24 22:49:54,MalwareBazaar
SHA-1,75297b413d0a08d28fb3d0d2d54e1c86cde17366,b3e39da98cf159a2cbab93440bf69b4f716554fb50995dd44e8dd278f0aa30b6,unknown,hige-x64.exe,exe,2026-07-24 22:49:54,MalwareBazaar
SHA-256,b3e39da98cf159a2cbab93440bf69b4f716554fb50995dd44e8dd278f0aa30b6,b3e39da98cf159a2cbab93440bf69b4f716554fb50995dd44e8dd278f0aa30b6,unknown,hige-x64.exe,exe,2026-07-24 22:49:54,MalwareBazaar
SHA3-384,a947e59841e2fc381c414d80d85d6a5ec5073fecd532bb4ba4303b0314976e5082612b96cfea188ee1408d95983df8e3,b3e39da98cf159a2cbab93440bf69b4f716554fb50995dd44e8dd278f0aa30b6,unknown,hige-x64.exe,exe,2026-07-24 22:49:54,MalwareBazaar
IMPHASH,f09d60e92a2b5563cffb3fa4ae811fe3,b3e39da98cf159a2cbab93440bf69b4f716554fb50995dd44e8dd278f0aa30b6,unknown,hige-x64.exe,exe,2026-07-24 22:49:54,MalwareBazaar
TLSH,T1A9646B19F7A410F9E5B7857CCD524546EBB2BC164761D7CF13A00A9A2F236E08E3EB12,b3e39da98cf159a2cbab93440bf69b4f716554fb50995dd44e8dd278f0aa30b6,unknown,hige-x64.exe,exe,2026-07-24 22:49:54,MalwareBazaar
SSDEEP,6144:bs/2tyjb/FpdEnI4p6KTvqmtt60LJIppl:bg2tyjb/Fpd20K+mt6,b3e39da98cf159a2cbab93440bf69b4f716554fb50995dd44e8dd278f0aa30b6,unknown,hige-x64.exe,exe,2026-07-24 22:49:54,MalwareBazaar
MD5,61ebb9d109593afa040a63de887d71ef,916bd1c42f0c8e67e1a8a067d43b1a79f6aac890c3f9b61e920f8a0d1a92281a,unknown,31agosto.vbs,vbs,2026-07-24 22:48:52,MalwareBazaar
SHA-1,abbb21e18971ea3f7e2a122930c0dde03d6f0cf7,916bd1c42f0c8e67e1a8a067d43b1a79f6aac890c3f9b61e920f8a0d1a92281a,unknown,31agosto.vbs,vbs,2026-07-24 22:48:52,MalwareBazaar
SHA-256,916bd1c42f0c8e67e1a8a067d43b1a79f6aac890c3f9b61e920f8a0d1a92281a,916bd1c42f0c8e67e1a8a067d43b1a79f6aac890c3f9b61e920f8a0d1a92281a,unknown,31agosto.vbs,vbs,2026-07-24 22:48:52,MalwareBazaar
SHA3-384,717b0cc358edaf25b924a62c7140b141a3b300ffbc66f70709fa4912a1d4081ec8ee9abe3e39e7ee8a9583b9f0018562,916bd1c42f0c8e67e1a8a067d43b1a79f6aac890c3f9b61e920f8a0d1a92281a,unknown,31agosto.vbs,vbs,2026-07-24 22:48:52,MalwareBazaar
TLSH,T189F51203AE06E88A0DAC857F38734FF97D6A781122F91CC2C3A4B1994155FD1CDA97B6,916bd1c42f0c8e67e1a8a067d43b1a79f6aac890c3f9b61e920f8a0d1a92281a,unknown,31agosto.vbs,vbs,2026-07-24 22:48:52,MalwareBazaar
SSDEEP,49152:iXQ/Pj/wIkXDv2aStTY06o/vNKT9OOlu1rQZ4cbf:s,916bd1c42f0c8e67e1a8a067d43b1a79f6aac890c3f9b61e920f8a0d1a92281a,unknown,31agosto.vbs,vbs,2026-07-24 22:48:52,MalwareBazaar
MD5,d1bfd06f30b771117de2857d3a9cd0ab,4c0d2372f3d03a95fae67956989fbc9e307b318c5551f74a48c2b850d55bb169,RemoteX,file,exe,2026-07-24 22:06:30,MalwareBazaar
SHA-1,36ef1626c84f3c833f8a22073bd744c2678a13c7,4c0d2372f3d03a95fae67956989fbc9e307b318c5551f74a48c2b850d55bb169,RemoteX,file,exe,2026-07-24 22:06:30,MalwareBazaar
SHA-256,4c0d2372f3d03a95fae67956989fbc9e307b318c5551f74a48c2b850d55bb169,4c0d2372f3d03a95fae67956989fbc9e307b318c5551f74a48c2b850d55bb169,RemoteX,file,exe,2026-07-24 22:06:30,MalwareBazaar
SHA3-384,534f4f8ed65ff84050693e1dfa06da2a7c21cc6057a2ba1c21fa6f4a7b8b4f07c6fec5c0b4f82fcb77c7d8a3f8e0d845,4c0d2372f3d03a95fae67956989fbc9e307b318c5551f74a48c2b850d55bb169,RemoteX,file,exe,2026-07-24 22:06:30,MalwareBazaar
IMPHASH,bf3d0d0ac28688e113006e8b183acf31,4c0d2372f3d03a95fae67956989fbc9e307b318c5551f74a48c2b850d55bb169,RemoteX,file,exe,2026-07-24 22:06:30,MalwareBazaar
TLSH,T1E1574947F86149E4D0AAD135CA269253BB713C994F3063D72B50FB742F36BE0AA7A344,4c0d2372f3d03a95fae67956989fbc9e307b318c5551f74a48c2b850d55bb169,RemoteX,file,exe,2026-07-24 22:06:30,MalwareBazaar
SSDEEP,196608:Z7aPC3tUkXLPltLlUJB0HXZ97MM6DJMrEHrcBdoJh34J1VM:Z7aPC3NXLTLlSu7Mx1MrELcBdoP4m,4c0d2372f3d03a95fae67956989fbc9e307b318c5551f74a48c2b850d55bb169,RemoteX,file,exe,2026-07-24 22:06:30,MalwareBazaar
MD5,55b22a467c8a9e569772d9024dbafbc8,4a8aa570ffa13fdd12b9219b31a721dcd0a4d78eff8840be26e2725553c477ce,unknown,default.dat,exe,2026-07-24 21:52:09,MalwareBazaar
SHA-1,fbde1539d832ba8d1d74ebc4fe80fc02a94075b8,4a8aa570ffa13fdd12b9219b31a721dcd0a4d78eff8840be26e2725553c477ce,unknown,default.dat,exe,2026-07-24 21:52:09,MalwareBazaar
SHA-256,4a8aa570ffa13fdd12b9219b31a721dcd0a4d78eff8840be26e2725553c477ce,4a8aa570ffa13fdd12b9219b31a721dcd0a4d78eff8840be26e2725553c477ce,unknown,default.dat,exe,2026-07-24 21:52:09,MalwareBazaar
SHA3-384,24bb5c4c2e1e5f621429968a6e367f8ce231288da63611007706722bd72c0d899fa4ecfe31147c9d0614f0622b46edfb,4a8aa570ffa13fdd12b9219b31a721dcd0a4d78eff8840be26e2725553c477ce,unknown,default.dat,exe,2026-07-24 21:52:09,MalwareBazaar
IMPHASH,dcaf48c1f10b0efa0a4472200f3850ed,4a8aa570ffa13fdd12b9219b31a721dcd0a4d78eff8840be26e2725553c477ce,unknown,default.dat,exe,2026-07-24 21:52:09,MalwareBazaar
TLSH,T1EDE6330469E010FEDAA7513DFEF362A8D56474B283F2C59B4BA8C3667E172904C38767,4a8aa570ffa13fdd12b9219b31a721dcd0a4d78eff8840be26e2725553c477ce,unknown,default.dat,exe,2026-07-24 21:52:09,MalwareBazaar
SSDEEP,393216:R9MI/z4UjHUL3Oz6+HnUWXMCHWUjXEcuI3/PGTAI:R9t/0YHUL3r+lXMb8XRH/O7,4a8aa570ffa13fdd12b9219b31a721dcd0a4d78eff8840be26e2725553c477ce,unknown,default.dat,exe,2026-07-24 21:52:09,MalwareBazaar
ICON-DHASH,30f8d0f0e0e8f0b2,4a8aa570ffa13fdd12b9219b31a721dcd0a4d78eff8840be26e2725553c477ce,unknown,default.dat,exe,2026-07-24 21:52:09,MalwareBazaar
MD5,a68b0c9a79099841e8b63bd6b61552c9,bc4512078b993c130848ffbffda663c444f1a299cfb56d177bed9cd2f63742cb,unknown,78ea909c08497ac448e2e337ea2e9793c81147edd2eecd42b4c1fa77fd1c52b8.zip,zip,2026-07-24 21:45:35,MalwareBazaar
SHA-1,2c983d9d3aec5d9512a0529da89a37753c00d81e,bc4512078b993c130848ffbffda663c444f1a299cfb56d177bed9cd2f63742cb,unknown,78ea909c08497ac448e2e337ea2e9793c81147edd2eecd42b4c1fa77fd1c52b8.zip,zip,2026-07-24 21:45:35,MalwareBazaar
SHA-256,bc4512078b993c130848ffbffda663c444f1a299cfb56d177bed9cd2f63742cb,bc4512078b993c130848ffbffda663c444f1a299cfb56d177bed9cd2f63742cb,unknown,78ea909c08497ac448e2e337ea2e9793c81147edd2eecd42b4c1fa77fd1c52b8.zip,zip,2026-07-24 21:45:35,MalwareBazaar
SHA3-384,5e71efbd0d9f8f514399dce2397fa5c892debaf57693d374d3ef5e7606042cbbf4b519c106e02a0f2db5f810008db4d7,bc4512078b993c130848ffbffda663c444f1a299cfb56d177bed9cd2f63742cb,unknown,78ea909c08497ac448e2e337ea2e9793c81147edd2eecd42b4c1fa77fd1c52b8.zip,zip,2026-07-24 21:45:35,MalwareBazaar
TLSH,T1D1F150BEA47B02F8C7CDC8B145981BC3037A8B747D85BAA5A9BD7C48BE450D48848D5F,bc4512078b993c130848ffbffda663c444f1a299cfb56d177bed9cd2f63742cb,unknown,78ea909c08497ac448e2e337ea2e9793c81147edd2eecd42b4c1fa77fd1c52b8.zip,zip,2026-07-24 21:45:35,MalwareBazaar
SSDEEP,96:X25dcZCNpfTZYPJgBf1asrC6/AWdJoNb40D5FX:X28Z0Vh0srC49Jr8l,bc4512078b993c130848ffbffda663c444f1a299cfb56d177bed9cd2f63742cb,unknown,78ea909c08497ac448e2e337ea2e9793c81147edd2eecd42b4c1fa77fd1c52b8.zip,zip,2026-07-24 21:45:35,MalwareBazaar
MD5,7102bd6d266b10e4352070ff10e23640,78ea909c08497ac448e2e337ea2e9793c81147edd2eecd42b4c1fa77fd1c52b8,unknown,78ea909c08497ac448e2e337ea2e9793c81147edd2eecd42b4c1fa77fd1c52b8.js,unknown,2026-07-24 21:45:05,MalwareBazaar
SHA-256,78ea909c08497ac448e2e337ea2e9793c81147edd2eecd42b4c1fa77fd1c52b8,78ea909c08497ac448e2e337ea2e9793c81147edd2eecd42b4c1fa77fd1c52b8,unknown,78ea909c08497ac448e2e337ea2e9793c81147edd2eecd42b4c1fa77fd1c52b8.js,unknown,2026-07-24 21:45:05,MalwareBazaar
MD5,46633ffe64281b69b6d6140309d0dfee,932aa31eb7fa070617035b427aab26a148eaee8e9d4d69da22b5ae89279b3adb,CoinMiner,file,exe,2026-07-24 21:40:37,MalwareBazaar
SHA-1,ad2c75fca548859745799bbf42dfa26f7af196b8,932aa31eb7fa070617035b427aab26a148eaee8e9d4d69da22b5ae89279b3adb,CoinMiner,file,exe,2026-07-24 21:40:37,MalwareBazaar
SHA-256,932aa31eb7fa070617035b427aab26a148eaee8e9d4d69da22b5ae89279b3adb,932aa31eb7fa070617035b427aab26a148eaee8e9d4d69da22b5ae89279b3adb,CoinMiner,file,exe,2026-07-24 21:40:37,MalwareBazaar
SHA3-384,c76d57c773168397273af36afaf66d4254fca01549d8119a3e7894261cd3f48add7d365e689f81ba2f2f5892d2de74f1,932aa31eb7fa070617035b427aab26a148eaee8e9d4d69da22b5ae89279b3adb,CoinMiner,file,exe,2026-07-24 21:40:37,MalwareBazaar
IMPHASH,35171f6f6a1bfee47cbc04cb345c411f,932aa31eb7fa070617035b427aab26a148eaee8e9d4d69da22b5ae89279b3adb,CoinMiner,file,exe,2026-07-24 21:40:37,MalwareBazaar
TLSH,T1D436338AA88554BAC091C3A89153706DF1BEBB678E30BD1B3BCCB9445D7ED04683E7C5,932aa31eb7fa070617035b427aab26a148eaee8e9d4d69da22b5ae89279b3adb,CoinMiner,file,exe,2026-07-24 21:40:37,MalwareBazaar
SSDEEP,98304:hzl6VlApXG9JQhaJIciE6f2Zz/IIDHKh/clj5gxONmNC6:Fl6VlApXG9JQhaJAEY2lakVgs36,932aa31eb7fa070617035b427aab26a148eaee8e9d4d69da22b5ae89279b3adb,CoinMiner,file,exe,2026-07-24 21:40:37,MalwareBazaar
MD5,41932044a1e94ed2f7f59956276b211f,d94cd3f434bdf27c51795d7b0b4083b9a9dc7ea2b6ae0a086f8e42fc32dc6975,unknown,file,exe,2026-07-24 21:40:25,MalwareBazaar
SHA-1,aea3aa7e2f2fb9af0fa46be827e6c0b170a59d9d,d94cd3f434bdf27c51795d7b0b4083b9a9dc7ea2b6ae0a086f8e42fc32dc6975,unknown,file,exe,2026-07-24 21:40:25,MalwareBazaar
SHA-256,d94cd3f434bdf27c51795d7b0b4083b9a9dc7ea2b6ae0a086f8e42fc32dc6975,d94cd3f434bdf27c51795d7b0b4083b9a9dc7ea2b6ae0a086f8e42fc32dc6975,unknown,file,exe,2026-07-24 21:40:25,MalwareBazaar
SHA3-384,bb2519f1a39ffdce84ffc6aa28a519189e52b67facd8cffa789b1fa09e6dc3dc09d42a0134e40dc0ae0a95aea7e3df1c,d94cd3f434bdf27c51795d7b0b4083b9a9dc7ea2b6ae0a086f8e42fc32dc6975,unknown,file,exe,2026-07-24 21:40:25,MalwareBazaar
IMPHASH,44140cbbe125df54636c585913f74c75,d94cd3f434bdf27c51795d7b0b4083b9a9dc7ea2b6ae0a086f8e42fc32dc6975,unknown,file,exe,2026-07-24 21:40:25,MalwareBazaar
TLSH,T10CD523C639F61EB5C876CBB38F62E87E7129778186618E47BACD27004D6356849373B0,d94cd3f434bdf27c51795d7b0b4083b9a9dc7ea2b6ae0a086f8e42fc32dc6975,unknown,file,exe,2026-07-24 21:40:25,MalwareBazaar
SSDEEP,49152:gdiXnO9X1pE8jZxW1RJWwrn4KgyG/tCEtxfTqs9uC0aeTGNfn2tewuo3vHtG:gtx1pR1xArZc1C8xTJ9TFNeMbE/tG,d94cd3f434bdf27c51795d7b0b4083b9a9dc7ea2b6ae0a086f8e42fc32dc6975,unknown,file,exe,2026-07-24 21:40:25,MalwareBazaar
MD5,fafcaf48ac6dd00bb45e4d1b3282cd4a,e3226abc37a88b7647561d76c4669b215f682259bf44e0b3e68c35f6bb0b652d,unknown,file,exe,2026-07-24 21:39:45,MalwareBazaar
SHA-1,ab679ea0c99acfc762a4a9f445f881a47441c3e9,e3226abc37a88b7647561d76c4669b215f682259bf44e0b3e68c35f6bb0b652d,unknown,file,exe,2026-07-24 21:39:45,MalwareBazaar
SHA-256,e3226abc37a88b7647561d76c4669b215f682259bf44e0b3e68c35f6bb0b652d,e3226abc37a88b7647561d76c4669b215f682259bf44e0b3e68c35f6bb0b652d,unknown,file,exe,2026-07-24 21:39:45,MalwareBazaar
SHA3-384,e30708dae21acf9bfc79027c3dd5a220aa0f8b9f2ad84e696c1d58e03051645141afa666838b6a7e699b96e7e1758ed6,e3226abc37a88b7647561d76c4669b215f682259bf44e0b3e68c35f6bb0b652d,unknown,file,exe,2026-07-24 21:39:45,MalwareBazaar
IMPHASH,f5bec796b7b3c2932293afa8281cdeed,e3226abc37a88b7647561d76c4669b215f682259bf44e0b3e68c35f6bb0b652d,unknown,file,exe,2026-07-24 21:39:45,MalwareBazaar
TLSH,T116D523CA60F215B4D877C3F59F93E4AE70787B484B648D1BF6CCAA108E22559287B371,e3226abc37a88b7647561d76c4669b215f682259bf44e0b3e68c35f6bb0b652d,unknown,file,exe,2026-07-24 21:39:45,MalwareBazaar
SSDEEP,49152:NnnhbzSqERR9JOQPYPEmsOpueCJTkdus1AJfvEonn2IZz1nS9+gJqLrBP4g:NnhqTANPEouei0usGJfcozZJnS9XJYrB,e3226abc37a88b7647561d76c4669b215f682259bf44e0b3e68c35f6bb0b652d,unknown,file,exe,2026-07-24 21:39:45,MalwareBazaar
MD5,df4c40e6fb11b49cb589426af6035635,690e3c3243a47d8a3faef0847af159c89a195f458c8490cf16760192bf1455a9,unknown,690e3c3243a47d8a3faef0847af159c89a195f458c8490cf16760192bf1455a9,sh,2026-07-24 21:37:30,MalwareBazaar
SHA-1,f64e682fc57387efe92439a55e8bdb6596caa766,690e3c3243a47d8a3faef0847af159c89a195f458c8490cf16760192bf1455a9,unknown,690e3c3243a47d8a3faef0847af159c89a195f458c8490cf16760192bf1455a9,sh,2026-07-24 21:37:30,MalwareBazaar
SHA-256,690e3c3243a47d8a3faef0847af159c89a195f458c8490cf16760192bf1455a9,690e3c3243a47d8a3faef0847af159c89a195f458c8490cf16760192bf1455a9,unknown,690e3c3243a47d8a3faef0847af159c89a195f458c8490cf16760192bf1455a9,sh,2026-07-24 21:37:30,MalwareBazaar
SHA3-384,7af3f7555252bbb96d25e24e6d042b0e0c7d73abc8e69f50211029a55336796c04c8bfdacb3c2eb12b27f35a38bc4214,690e3c3243a47d8a3faef0847af159c89a195f458c8490cf16760192bf1455a9,unknown,690e3c3243a47d8a3faef0847af159c89a195f458c8490cf16760192bf1455a9,sh,2026-07-24 21:37:30,MalwareBazaar
TLSH,T1B4410C4A3A63A0B156CFD0391F9AA142B146555F092AAE38709EBC303F251D0F8FDED9,690e3c3243a47d8a3faef0847af159c89a195f458c8490cf16760192bf1455a9,unknown,690e3c3243a47d8a3faef0847af159c89a195f458c8490cf16760192bf1455a9,sh,2026-07-24 21:37:30,MalwareBazaar
SSDEEP,48:FVdDqBG1NlZFPE7NTB8FJGtBt/1oBFIh5qE1KI2ycEg7K8RAul4+7vfL3:nddGJPh5KI/QX5TT,690e3c3243a47d8a3faef0847af159c89a195f458c8490cf16760192bf1455a9,unknown,690e3c3243a47d8a3faef0847af159c89a195f458c8490cf16760192bf1455a9,sh,2026-07-24 21:37:30,MalwareBazaar
MD5,49e8e7541a78d47a86cfe2d35835fa9f,bee1f1ad60821d9ca2b7a907ab2793fb9025136863976cdd16f1f0b92164fba2,unknown,file,exe,2026-07-24 20:55:26,MalwareBazaar
SHA-1,5fc7a0c99bcb6be4df0570fb2a6d4922c64698b5,bee1f1ad60821d9ca2b7a907ab2793fb9025136863976cdd16f1f0b92164fba2,unknown,file,exe,2026-07-24 20:55:26,MalwareBazaar
SHA-256,bee1f1ad60821d9ca2b7a907ab2793fb9025136863976cdd16f1f0b92164fba2,bee1f1ad60821d9ca2b7a907ab2793fb9025136863976cdd16f1f0b92164fba2,unknown,file,exe,2026-07-24 20:55:26,MalwareBazaar
SHA3-384,eb6da41b514611972d2be2dde4c6dded55c13b1754dd36f6fb8868bbd47382c19884b5dc1d7b9e451651d24db5fd3016,bee1f1ad60821d9ca2b7a907ab2793fb9025136863976cdd16f1f0b92164fba2,unknown,file,exe,2026-07-24 20:55:26,MalwareBazaar
IMPHASH,84013d9a4f5865dc4d4a721b62545d67,bee1f1ad60821d9ca2b7a907ab2793fb9025136863976cdd16f1f0b92164fba2,unknown,file,exe,2026-07-24 20:55:26,MalwareBazaar
TLSH,T18D1633F8941D5CEECBA05771300E21AD912AA4F43BC96D6252610B6407C2BB2BFFB735,bee1f1ad60821d9ca2b7a907ab2793fb9025136863976cdd16f1f0b92164fba2,unknown,file,exe,2026-07-24 20:55:26,MalwareBazaar
SSDEEP,49152:oqcjHInuExukuEMK+3B4OomvSzyaixlfkZcLihGdVWj+jvu2EbTHpXTHIsF+sWt:KHnkus+x9aiTLoo++jv2bTH58k+sc,bee1f1ad60821d9ca2b7a907ab2793fb9025136863976cdd16f1f0b92164fba2,unknown,file,exe,2026-07-24 20:55:26,MalwareBazaar
MD5,e47c6eff6f31fcaeb765929e3669777c,a28368bb7e639cd6f0c7bc241cecc49cc25e92aa53a23733bd3c977d948a8370,unknown,default.dat,exe,2026-07-24 20:52:09,MalwareBazaar
SHA-1,d88954068969667bdde381d73ffde3e23d2ab70e,a28368bb7e639cd6f0c7bc241cecc49cc25e92aa53a23733bd3c977d948a8370,unknown,default.dat,exe,2026-07-24 20:52:09,MalwareBazaar
SHA-256,a28368bb7e639cd6f0c7bc241cecc49cc25e92aa53a23733bd3c977d948a8370,a28368bb7e639cd6f0c7bc241cecc49cc25e92aa53a23733bd3c977d948a8370,unknown,default.dat,exe,2026-07-24 20:52:09,MalwareBazaar
SHA3-384,4a5624b3bba2c89ddd61ea83218afaa9f09ce65c44652b4a48230851496d440f9d5d484cc5228b9d5fe5e961e4b787d3,a28368bb7e639cd6f0c7bc241cecc49cc25e92aa53a23733bd3c977d948a8370,unknown,default.dat,exe,2026-07-24 20:52:09,MalwareBazaar
IMPHASH,dcaf48c1f10b0efa0a4472200f3850ed,a28368bb7e639cd6f0c7bc241cecc49cc25e92aa53a23733bd3c977d948a8370,unknown,default.dat,exe,2026-07-24 20:52:09,MalwareBazaar
TLSH,T12BE6335CAEC412EED5B3803CEC90A255E19974768BB2CA8F4B6CC7456EA71D0883F747,a28368bb7e639cd6f0c7bc241cecc49cc25e92aa53a23733bd3c977d948a8370,unknown,default.dat,exe,2026-07-24 20:52:09,MalwareBazaar
SSDEEP,393216:KYtDtakkxKJehfXtEQm/XMCHWUjXTcuI3/PGTAI:KcxZcZ+XMb8XQH/O7,a28368bb7e639cd6f0c7bc241cecc49cc25e92aa53a23733bd3c977d948a8370,unknown,default.dat,exe,2026-07-24 20:52:09,MalwareBazaar
ICON-DHASH,71f8d0f0e0e8f030,a28368bb7e639cd6f0c7bc241cecc49cc25e92aa53a23733bd3c977d948a8370,unknown,default.dat,exe,2026-07-24 20:52:09,MalwareBazaar
MD5,089ed600c5d0524403449c60403a8546,e8d955e1767a9c43153c6704d5bdce479de2dbffdf073b3f58712692b6aaa295,unknown,e8d955e1767a9c43153c6704d5bdce479de2dbffdf073b3f58712692b6aaa295,exe,2026-07-24 20:47:25,MalwareBazaar
SHA-1,f1a671cfc62c00cc21a0c3297293cb2d6195711f,e8d955e1767a9c43153c6704d5bdce479de2dbffdf073b3f58712692b6aaa295,unknown,e8d955e1767a9c43153c6704d5bdce479de2dbffdf073b3f58712692b6aaa295,exe,2026-07-24 20:47:25,MalwareBazaar
SHA-256,e8d955e1767a9c43153c6704d5bdce479de2dbffdf073b3f58712692b6aaa295,e8d955e1767a9c43153c6704d5bdce479de2dbffdf073b3f58712692b6aaa295,unknown,e8d955e1767a9c43153c6704d5bdce479de2dbffdf073b3f58712692b6aaa295,exe,2026-07-24 20:47:25,MalwareBazaar
SHA3-384,9bd48699896c1215ca70f6c777af80f85c17fb577ef717f79de6bfc510ad96e1bf7be33dde990e7e759ed3cb9eaa6a1d,e8d955e1767a9c43153c6704d5bdce479de2dbffdf073b3f58712692b6aaa295,unknown,e8d955e1767a9c43153c6704d5bdce479de2dbffdf073b3f58712692b6aaa295,exe,2026-07-24 20:47:25,MalwareBazaar
IMPHASH,0cdadfa1098d845dd3b4cf92625b5f04,e8d955e1767a9c43153c6704d5bdce479de2dbffdf073b3f58712692b6aaa295,unknown,e8d955e1767a9c43153c6704d5bdce479de2dbffdf073b3f58712692b6aaa295,exe,2026-07-24 20:47:25,MalwareBazaar
TLSH,T142363394727C91BCE1060AB444738E2AE7737C6657BE5B0F8750866B0E13B9BBB90712,e8d955e1767a9c43153c6704d5bdce479de2dbffdf073b3f58712692b6aaa295,unknown,e8d955e1767a9c43153c6704d5bdce479de2dbffdf073b3f58712692b6aaa295,exe,2026-07-24 20:47:25,MalwareBazaar
SSDEEP,98304:DXDqPoBhz1aRxcSUDk36SAEdhvxWa9P593R8y:DXDqPe1Cxcxk3ZAEUadzR8y,e8d955e1767a9c43153c6704d5bdce479de2dbffdf073b3f58712692b6aaa295,unknown,e8d955e1767a9c43153c6704d5bdce479de2dbffdf073b3f58712692b6aaa295,exe,2026-07-24 20:47:25,MalwareBazaar
MD5,871fee01a9c3ff0b6a1d3806068ef1f8,daff61d2c7547281b32e1fbbac22a29837b805ab444106e9e45152fbf0996f66,unknown,daff61d2c7547281b32e1fbbac22a29837b805ab444106e9e45152fbf0996f66,exe,2026-07-24 20:46:52,MalwareBazaar
SHA-1,385785a5957437ce1b31f5eb775c3d65703e9573,daff61d2c7547281b32e1fbbac22a29837b805ab444106e9e45152fbf0996f66,unknown,daff61d2c7547281b32e1fbbac22a29837b805ab444106e9e45152fbf0996f66,exe,2026-07-24 20:46:52,MalwareBazaar
SHA-256,daff61d2c7547281b32e1fbbac22a29837b805ab444106e9e45152fbf0996f66,daff61d2c7547281b32e1fbbac22a29837b805ab444106e9e45152fbf0996f66,unknown,daff61d2c7547281b32e1fbbac22a29837b805ab444106e9e45152fbf0996f66,exe,2026-07-24 20:46:52,MalwareBazaar
SHA3-384,d5ad3db179fa12241a451206bf3a254d8ac605befa2d18099c348b1334eed4229e873e8e0eb6c39a0cbb27e7ce90fa1d,daff61d2c7547281b32e1fbbac22a29837b805ab444106e9e45152fbf0996f66,unknown,daff61d2c7547281b32e1fbbac22a29837b805ab444106e9e45152fbf0996f66,exe,2026-07-24 20:46:52,MalwareBazaar
IMPHASH,0cdadfa1098d845dd3b4cf92625b5f04,daff61d2c7547281b32e1fbbac22a29837b805ab444106e9e45152fbf0996f66,unknown,daff61d2c7547281b32e1fbbac22a29837b805ab444106e9e45152fbf0996f66,exe,2026-07-24 20:46:52,MalwareBazaar
TLSH,T18436235A32BC90BCC0172334A4B38E26E6B77C5A22B9970F4B5487670E13755EF68B13,daff61d2c7547281b32e1fbbac22a29837b805ab444106e9e45152fbf0996f66,unknown,daff61d2c7547281b32e1fbbac22a29837b805ab444106e9e45152fbf0996f66,exe,2026-07-24 20:46:52,MalwareBazaar
SSDEEP,24576:jbLgjbLgdeQhfdmMSirYbcMNgef0QeQjG/D8kIqRYo:jnKnjQqMSPbcBVQej/1,daff61d2c7547281b32e1fbbac22a29837b805ab444106e9e45152fbf0996f66,unknown,daff61d2c7547281b32e1fbbac22a29837b805ab444106e9e45152fbf0996f66,exe,2026-07-24 20:46:52,MalwareBazaar
MD5,1c7eb62ee673a66fdb7f2db820875e34,d0df38cd4febaa3f20daa1b2d4d729c909f23d35c67e479d8230561d2eae330f,WannaCry,d0df38cd4febaa3f20daa1b2d4d729c909f23d35c67e479d8230561d2eae330f,exe,2026-07-24 20:46:18,MalwareBazaar
SHA-1,730e6aecf7b10b96796942c736405b0e00a84933,d0df38cd4febaa3f20daa1b2d4d729c909f23d35c67e479d8230561d2eae330f,WannaCry,d0df38cd4febaa3f20daa1b2d4d729c909f23d35c67e479d8230561d2eae330f,exe,2026-07-24 20:46:18,MalwareBazaar
SHA-256,d0df38cd4febaa3f20daa1b2d4d729c909f23d35c67e479d8230561d2eae330f,d0df38cd4febaa3f20daa1b2d4d729c909f23d35c67e479d8230561d2eae330f,WannaCry,d0df38cd4febaa3f20daa1b2d4d729c909f23d35c67e479d8230561d2eae330f,exe,2026-07-24 20:46:18,MalwareBazaar
SHA3-384,c4a34a9022fad926eca2da1ae589041af43356c3cb42ce11a60e44b80d9a6b07e1292f47b314edcda8dc6dece4343a18,d0df38cd4febaa3f20daa1b2d4d729c909f23d35c67e479d8230561d2eae330f,WannaCry,d0df38cd4febaa3f20daa1b2d4d729c909f23d35c67e479d8230561d2eae330f,exe,2026-07-24 20:46:18,MalwareBazaar
IMPHASH,0cdadfa1098d845dd3b4cf92625b5f04,d0df38cd4febaa3f20daa1b2d4d729c909f23d35c67e479d8230561d2eae330f,WannaCry,d0df38cd4febaa3f20daa1b2d4d729c909f23d35c67e479d8230561d2eae330f,exe,2026-07-24 20:46:18,MalwareBazaar
TLSH,T19E363358726CA1BCF0450AB444B38E1AF7B37C5567BA4B0F8780866B0D53B9BAF94741,d0df38cd4febaa3f20daa1b2d4d729c909f23d35c67e479d8230561d2eae330f,WannaCry,d0df38cd4febaa3f20daa1b2d4d729c909f23d35c67e479d8230561d2eae330f,exe,2026-07-24 20:46:18,MalwareBazaar
SSDEEP,98304:DyDqPoBhz1aRxcSUDk36SAEdhvxWa9P593R8yAVp2H:DyDqPe1Cxcxk3ZAEUadzR8yc4H,d0df38cd4febaa3f20daa1b2d4d729c909f23d35c67e479d8230561d2eae330f,WannaCry,d0df38cd4febaa3f20daa1b2d4d729c909f23d35c67e479d8230561d2eae330f,exe,2026-07-24 20:46:18,MalwareBazaar
MD5,5a9a70d2cf2d1ef4191cf812bb08e3fc,a95bcc0a66b0b4effa4c005b2e331e30852254c73791778050582da1c1419ed5,unknown,a95bcc0a66b0b4effa4c005b2e331e30852254c73791778050582da1c1419ed5,exe,2026-07-24 20:46:04,MalwareBazaar
SHA-1,cb6689e7c1f4c034547e7060298ddd2fd01bfc07,a95bcc0a66b0b4effa4c005b2e331e30852254c73791778050582da1c1419ed5,unknown,a95bcc0a66b0b4effa4c005b2e331e30852254c73791778050582da1c1419ed5,exe,2026-07-24 20:46:04,MalwareBazaar
SHA-256,a95bcc0a66b0b4effa4c005b2e331e30852254c73791778050582da1c1419ed5,a95bcc0a66b0b4effa4c005b2e331e30852254c73791778050582da1c1419ed5,unknown,a95bcc0a66b0b4effa4c005b2e331e30852254c73791778050582da1c1419ed5,exe,2026-07-24 20:46:04,MalwareBazaar
SHA3-384,1deb67dde3fd80e9f926c73f3d966a22ebf8faeb130c11707742b417dfbfc56a09d33f01ef5347ac208d450b90947162,a95bcc0a66b0b4effa4c005b2e331e30852254c73791778050582da1c1419ed5,unknown,a95bcc0a66b0b4effa4c005b2e331e30852254c73791778050582da1c1419ed5,exe,2026-07-24 20:46:04,MalwareBazaar
IMPHASH,0cdadfa1098d845dd3b4cf92625b5f04,a95bcc0a66b0b4effa4c005b2e331e30852254c73791778050582da1c1419ed5,unknown,a95bcc0a66b0b4effa4c005b2e331e30852254c73791778050582da1c1419ed5,exe,2026-07-24 20:46:04,MalwareBazaar
TLSH,T1A7362359E368CDB8F101087844638A5296733F5512FE9A0F8BBCB56A1D337D5AAF4F02,a95bcc0a66b0b4effa4c005b2e331e30852254c73791778050582da1c1419ed5,unknown,a95bcc0a66b0b4effa4c005b2e331e30852254c73791778050582da1c1419ed5,exe,2026-07-24 20:46:04,MalwareBazaar
SSDEEP,49152:jn2nAQqMSPbcBVQej/1INRx+TSqTdX1HkQo6SAARdhnvxJM0H9P:DyDqPoBhz1aRxcSUDk36SAEdhvxWa9P,a95bcc0a66b0b4effa4c005b2e331e30852254c73791778050582da1c1419ed5,unknown,a95bcc0a66b0b4effa4c005b2e331e30852254c73791778050582da1c1419ed5,exe,2026-07-24 20:46:04,MalwareBazaar
MD5,e5ef7d3f49ed27008fd24fe2aa7b458f,96a34ba16d323746c6ce835a2efbae0df804e08753673e0ef274d8a587e1239e,WannaCry,96a34ba16d323746c6ce835a2efbae0df804e08753673e0ef274d8a587e1239e,exe,2026-07-24 20:45:30,MalwareBazaar
SHA-1,b60d90c7e3a43f6e8e6a180aa1500bc11c595469,96a34ba16d323746c6ce835a2efbae0df804e08753673e0ef274d8a587e1239e,WannaCry,96a34ba16d323746c6ce835a2efbae0df804e08753673e0ef274d8a587e1239e,exe,2026-07-24 20:45:30,MalwareBazaar
SHA-256,96a34ba16d323746c6ce835a2efbae0df804e08753673e0ef274d8a587e1239e,96a34ba16d323746c6ce835a2efbae0df804e08753673e0ef274d8a587e1239e,WannaCry,96a34ba16d323746c6ce835a2efbae0df804e08753673e0ef274d8a587e1239e,exe,2026-07-24 20:45:30,MalwareBazaar
SHA3-384,5461bcea2d857ee6d193af74c17292649902269b3d16ee950bf328839cfcbfecd4cb33ca2a711052bc70ad6d9afc5128,96a34ba16d323746c6ce835a2efbae0df804e08753673e0ef274d8a587e1239e,WannaCry,96a34ba16d323746c6ce835a2efbae0df804e08753673e0ef274d8a587e1239e,exe,2026-07-24 20:45:30,MalwareBazaar
IMPHASH,0cdadfa1098d845dd3b4cf92625b5f04,96a34ba16d323746c6ce835a2efbae0df804e08753673e0ef274d8a587e1239e,WannaCry,96a34ba16d323746c6ce835a2efbae0df804e08753673e0ef274d8a587e1239e,exe,2026-07-24 20:45:30,MalwareBazaar
TLSH,T199363349217891FCE0450BB840B78E56F7B37C5A67FA4F0F8B80867E1D53B86AB94742,96a34ba16d323746c6ce835a2efbae0df804e08753673e0ef274d8a587e1239e,WannaCry,96a34ba16d323746c6ce835a2efbae0df804e08753673e0ef274d8a587e1239e,exe,2026-07-24 20:45:30,MalwareBazaar
SSDEEP,98304:DXDqPoBhz1aRxcSUDk36SAEdhv093R8yAVp2H:DXDqPe1Cxcxk3ZAEeR8yc4H,96a34ba16d323746c6ce835a2efbae0df804e08753673e0ef274d8a587e1239e,WannaCry,96a34ba16d323746c6ce835a2efbae0df804e08753673e0ef274d8a587e1239e,exe,2026-07-24 20:45:30,MalwareBazaar
MD5,2e397a5d7096a192651dd9304c794717,9439bd71b166620696d1381b63eddb3c9636ef7ec443a3adc04d1781dc88dafd,WannaCry,9439bd71b166620696d1381b63eddb3c9636ef7ec443a3adc04d1781dc88dafd,exe,2026-07-24 20:45:16,MalwareBazaar
SHA-1,b1c11114b3eadfd69161c24a4c4ea876d658fd67,9439bd71b166620696d1381b63eddb3c9636ef7ec443a3adc04d1781dc88dafd,WannaCry,9439bd71b166620696d1381b63eddb3c9636ef7ec443a3adc04d1781dc88dafd,exe,2026-07-24 20:45:16,MalwareBazaar
SHA-256,9439bd71b166620696d1381b63eddb3c9636ef7ec443a3adc04d1781dc88dafd,9439bd71b166620696d1381b63eddb3c9636ef7ec443a3adc04d1781dc88dafd,WannaCry,9439bd71b166620696d1381b63eddb3c9636ef7ec443a3adc04d1781dc88dafd,exe,2026-07-24 20:45:16,MalwareBazaar
SHA3-384,ec1c825dd748131d32cea3a81096d825b22b4d4aa0ce73cc7e03e9802474151cac6e78dc4b5e8813e3365091d24c4200,9439bd71b166620696d1381b63eddb3c9636ef7ec443a3adc04d1781dc88dafd,WannaCry,9439bd71b166620696d1381b63eddb3c9636ef7ec443a3adc04d1781dc88dafd,exe,2026-07-24 20:45:16,MalwareBazaar
IMPHASH,0cdadfa1098d845dd3b4cf92625b5f04,9439bd71b166620696d1381b63eddb3c9636ef7ec443a3adc04d1781dc88dafd,WannaCry,9439bd71b166620696d1381b63eddb3c9636ef7ec443a3adc04d1781dc88dafd,exe,2026-07-24 20:45:16,MalwareBazaar
TLSH,T151362359327CC1BCC106167844B78E23E7B37C5A56FE6B0F8B44866B1E13B55EBA4B02,9439bd71b166620696d1381b63eddb3c9636ef7ec443a3adc04d1781dc88dafd,WannaCry,9439bd71b166620696d1381b63eddb3c9636ef7ec443a3adc04d1781dc88dafd,exe,2026-07-24 20:45:16,MalwareBazaar
SSDEEP,49152:jn2nAQqMSPbcBVQej/1INRx+TSqTdX1HkQo6SAARdhnvxJM:DyDqPoBhz1aRxcSUDk36SAEdhvxW,9439bd71b166620696d1381b63eddb3c9636ef7ec443a3adc04d1781dc88dafd,WannaCry,9439bd71b166620696d1381b63eddb3c9636ef7ec443a3adc04d1781dc88dafd,exe,2026-07-24 20:45:16,MalwareBazaar
MD5,ff94a32d34dd1601dd3c3307110fe876,8ef4cb1f10ab4925de11319b5ecebbcdd87d4878f8dad5c49d8c0a2b83eed501,WannaCry,8ef4cb1f10ab4925de11319b5ecebbcdd87d4878f8dad5c49d8c0a2b83eed501,exe,2026-07-24 20:44:44,MalwareBazaar
SHA-1,94a1d915751037f3dbe596f10fe1867005876706,8ef4cb1f10ab4925de11319b5ecebbcdd87d4878f8dad5c49d8c0a2b83eed501,WannaCry,8ef4cb1f10ab4925de11319b5ecebbcdd87d4878f8dad5c49d8c0a2b83eed501,exe,2026-07-24 20:44:44,MalwareBazaar
SHA-256,8ef4cb1f10ab4925de11319b5ecebbcdd87d4878f8dad5c49d8c0a2b83eed501,8ef4cb1f10ab4925de11319b5ecebbcdd87d4878f8dad5c49d8c0a2b83eed501,WannaCry,8ef4cb1f10ab4925de11319b5ecebbcdd87d4878f8dad5c49d8c0a2b83eed501,exe,2026-07-24 20:44:44,MalwareBazaar
SHA3-384,1ec8a28808f2440c5a9f020e3423921415d3fb28551c41e3fff412653a6dbef2b1b61048c4af89c50e67fc99804eb74e,8ef4cb1f10ab4925de11319b5ecebbcdd87d4878f8dad5c49d8c0a2b83eed501,WannaCry,8ef4cb1f10ab4925de11319b5ecebbcdd87d4878f8dad5c49d8c0a2b83eed501,exe,2026-07-24 20:44:44,MalwareBazaar
IMPHASH,0cdadfa1098d845dd3b4cf92625b5f04,8ef4cb1f10ab4925de11319b5ecebbcdd87d4878f8dad5c49d8c0a2b83eed501,WannaCry,8ef4cb1f10ab4925de11319b5ecebbcdd87d4878f8dad5c49d8c0a2b83eed501,exe,2026-07-24 20:44:44,MalwareBazaar
TLSH,T11036235D31BC91BCD106267484F78E22E7B37C5A23FD5A0F4B848AAA0E13755BB64B43,8ef4cb1f10ab4925de11319b5ecebbcdd87d4878f8dad5c49d8c0a2b83eed501,WannaCry,8ef4cb1f10ab4925de11319b5ecebbcdd87d4878f8dad5c49d8c0a2b83eed501,exe,2026-07-24 20:44:44,MalwareBazaar
SSDEEP,49152:jnsnaQqMSPbcBVQej/1INRx+TSqTdX1HkQo6S:DMlqPoBhz1aRxcSUDk36S,8ef4cb1f10ab4925de11319b5ecebbcdd87d4878f8dad5c49d8c0a2b83eed501,WannaCry,8ef4cb1f10ab4925de11319b5ecebbcdd87d4878f8dad5c49d8c0a2b83eed501,exe,2026-07-24 20:44:44,MalwareBazaar
MD5,8d85f3625bd3fb7b9b9595aa8faa4b53,84030c2aa04a54c25edb7453564e3d7ec5d4ef809180e5f9a106ba424be3877c,WannaCry,84030c2aa04a54c25edb7453564e3d7ec5d4ef809180e5f9a106ba424be3877c,exe,2026-07-24 20:44:10,MalwareBazaar
SHA-1,442fa0c3294c8035584f956d4c267e5e19fbff81,84030c2aa04a54c25edb7453564e3d7ec5d4ef809180e5f9a106ba424be3877c,WannaCry,84030c2aa04a54c25edb7453564e3d7ec5d4ef809180e5f9a106ba424be3877c,exe,2026-07-24 20:44:10,MalwareBazaar
SHA-256,84030c2aa04a54c25edb7453564e3d7ec5d4ef809180e5f9a106ba424be3877c,84030c2aa04a54c25edb7453564e3d7ec5d4ef809180e5f9a106ba424be3877c,WannaCry,84030c2aa04a54c25edb7453564e3d7ec5d4ef809180e5f9a106ba424be3877c,exe,2026-07-24 20:44:10,MalwareBazaar
SHA3-384,05d61b959182a357c6044be5033094f0df0468b6b9c72b9f79b0c2ff76db350285558df561444e767b3da3974a004964,84030c2aa04a54c25edb7453564e3d7ec5d4ef809180e5f9a106ba424be3877c,WannaCry,84030c2aa04a54c25edb7453564e3d7ec5d4ef809180e5f9a106ba424be3877c,exe,2026-07-24 20:44:10,MalwareBazaar
IMPHASH,0cdadfa1098d845dd3b4cf92625b5f04,84030c2aa04a54c25edb7453564e3d7ec5d4ef809180e5f9a106ba424be3877c,WannaCry,84030c2aa04a54c25edb7453564e3d7ec5d4ef809180e5f9a106ba424be3877c,exe,2026-07-24 20:44:10,MalwareBazaar
TLSH,T147363358726CA1BCF0450EB444B38E1AF7B37C5967BA4B0F8780866B0D53B9BAF94741,84030c2aa04a54c25edb7453564e3d7ec5d4ef809180e5f9a106ba424be3877c,WannaCry,84030c2aa04a54c25edb7453564e3d7ec5d4ef809180e5f9a106ba424be3877c,exe,2026-07-24 20:44:10,MalwareBazaar
SSDEEP,98304:DXDqPoBhz1aRxcSUDk36SAEdhvxWa9P593R8yAVp2H:DXDqPe1Cxcxk3ZAEUadzR8yc4H,84030c2aa04a54c25edb7453564e3d7ec5d4ef809180e5f9a106ba424be3877c,WannaCry,84030c2aa04a54c25edb7453564e3d7ec5d4ef809180e5f9a106ba424be3877c,exe,2026-07-24 20:44:10,MalwareBazaar
MD5,536732ccf6db23e1a514f7d370c1bf0b,654cd91cfdfa11163f99daaac4a306ea5abfddabdc8f52bd1185c6be2492fa59,WannaCry,654cd91cfdfa11163f99daaac4a306ea5abfddabdc8f52bd1185c6be2492fa59,exe,2026-07-24 20:43:54,MalwareBazaar
SHA-1,c5310287f913238ea94111a00539ed125cc82769,654cd91cfdfa11163f99daaac4a306ea5abfddabdc8f52bd1185c6be2492fa59,WannaCry,654cd91cfdfa11163f99daaac4a306ea5abfddabdc8f52bd1185c6be2492fa59,exe,2026-07-24 20:43:54,MalwareBazaar
SHA-256,654cd91cfdfa11163f99daaac4a306ea5abfddabdc8f52bd1185c6be2492fa59,654cd91cfdfa11163f99daaac4a306ea5abfddabdc8f52bd1185c6be2492fa59,WannaCry,654cd91cfdfa11163f99daaac4a306ea5abfddabdc8f52bd1185c6be2492fa59,exe,2026-07-24 20:43:54,MalwareBazaar
SHA3-384,4fadef2942f3aea99197f29d859238667b05fb6fe399ad9d735ea1c60ee8c32e2721d7ce66a57917fd18fb1b141ac5f7,654cd91cfdfa11163f99daaac4a306ea5abfddabdc8f52bd1185c6be2492fa59,WannaCry,654cd91cfdfa11163f99daaac4a306ea5abfddabdc8f52bd1185c6be2492fa59,exe,2026-07-24 20:43:54,MalwareBazaar
IMPHASH,0cdadfa1098d845dd3b4cf92625b5f04,654cd91cfdfa11163f99daaac4a306ea5abfddabdc8f52bd1185c6be2492fa59,WannaCry,654cd91cfdfa11163f99daaac4a306ea5abfddabdc8f52bd1185c6be2492fa59,exe,2026-07-24 20:43:54,MalwareBazaar
TLSH,T1E03633947368A07CF14309788462491DB7B77C6A277A4B0F9BC0C7571E13B92FBA8B25,654cd91cfdfa11163f99daaac4a306ea5abfddabdc8f52bd1185c6be2492fa59,WannaCry,654cd91cfdfa11163f99daaac4a306ea5abfddabdc8f52bd1185c6be2492fa59,exe,2026-07-24 20:43:54,MalwareBazaar
SSDEEP,98304:DI8qPoBh0ywKSbevpk36SAEdhvxWa9P593R8yAVp2H:DI8qPuw5bak3ZAEUadzR8yc4H,654cd91cfdfa11163f99daaac4a306ea5abfddabdc8f52bd1185c6be2492fa59,WannaCry,654cd91cfdfa11163f99daaac4a306ea5abfddabdc8f52bd1185c6be2492fa59,exe,2026-07-24 20:43:54,MalwareBazaar
MD5,70c85f3a75f97d78dade0e8dbd3c642d,210b3be06f28d393eb0575309c1d1909f2b898d8a22f4f335bb74464100d87af,WannaCry,210b3be06f28d393eb0575309c1d1909f2b898d8a22f4f335bb74464100d87af,exe,2026-07-24 20:43:22,MalwareBazaar
SHA-1,305beced0956c022d45ff7509565e4d15d9c4fe0,210b3be06f28d393eb0575309c1d1909f2b898d8a22f4f335bb74464100d87af,WannaCry,210b3be06f28d393eb0575309c1d1909f2b898d8a22f4f335bb74464100d87af,exe,2026-07-24 20:43:22,MalwareBazaar
SHA-256,210b3be06f28d393eb0575309c1d1909f2b898d8a22f4f335bb74464100d87af,210b3be06f28d393eb0575309c1d1909f2b898d8a22f4f335bb74464100d87af,WannaCry,210b3be06f28d393eb0575309c1d1909f2b898d8a22f4f335bb74464100d87af,exe,2026-07-24 20:43:22,MalwareBazaar
SHA3-384,7c57347c034a5d3084f8371247b4fdedaeef29ddfbffc3dc50419dbfe17e706fb05ee3844f6f3411f9c710e279ee3653,210b3be06f28d393eb0575309c1d1909f2b898d8a22f4f335bb74464100d87af,WannaCry,210b3be06f28d393eb0575309c1d1909f2b898d8a22f4f335bb74464100d87af,exe,2026-07-24 20:43:22,MalwareBazaar
IMPHASH,0cdadfa1098d845dd3b4cf92625b5f04,210b3be06f28d393eb0575309c1d1909f2b898d8a22f4f335bb74464100d87af,WannaCry,210b3be06f28d393eb0575309c1d1909f2b898d8a22f4f335bb74464100d87af,exe,2026-07-24 20:43:22,MalwareBazaar
TLSH,T19A363358626CA1BCE0450EB444B38D1AF7B37C6567BB4B0F97C0826B0D53B9BAFA4741,210b3be06f28d393eb0575309c1d1909f2b898d8a22f4f335bb74464100d87af,WannaCry,210b3be06f28d393eb0575309c1d1909f2b898d8a22f4f335bb74464100d87af,exe,2026-07-24 20:43:22,MalwareBazaar
SSDEEP,98304:Dy8qPoBhzhaRxcSUDk36SAEdhvxWa9P593R8yAVp2H:Dy8qPehCxcxk3ZAEUadzR8yc4H,210b3be06f28d393eb0575309c1d1909f2b898d8a22f4f335bb74464100d87af,WannaCry,210b3be06f28d393eb0575309c1d1909f2b898d8a22f4f335bb74464100d87af,exe,2026-07-24 20:43:22,MalwareBazaar
MD5,0b7d4e9a6440a35152ed90e61f4a2843,14d84ff3cd9431f0f9cb3fb43e1c6cac1ef3f95162d91f36c637f8218b501745,WannaCry,14d84ff3cd9431f0f9cb3fb43e1c6cac1ef3f95162d91f36c637f8218b501745,exe,2026-07-24 20:43:07,MalwareBazaar
SHA-1,5746ac340bb8291b02bd7acfcd8ed0c0b972b07e,14d84ff3cd9431f0f9cb3fb43e1c6cac1ef3f95162d91f36c637f8218b501745,WannaCry,14d84ff3cd9431f0f9cb3fb43e1c6cac1ef3f95162d91f36c637f8218b501745,exe,2026-07-24 20:43:07,MalwareBazaar
SHA-256,14d84ff3cd9431f0f9cb3fb43e1c6cac1ef3f95162d91f36c637f8218b501745,14d84ff3cd9431f0f9cb3fb43e1c6cac1ef3f95162d91f36c637f8218b501745,WannaCry,14d84ff3cd9431f0f9cb3fb43e1c6cac1ef3f95162d91f36c637f8218b501745,exe,2026-07-24 20:43:07,MalwareBazaar
SHA3-384,5c6cf75ade1a1b5c20868dfcb7251483d6a92aea7ff4e0b3d9b0b83434b9e4ead270a5f7299909ec7995e76aa767d4b2,14d84ff3cd9431f0f9cb3fb43e1c6cac1ef3f95162d91f36c637f8218b501745,WannaCry,14d84ff3cd9431f0f9cb3fb43e1c6cac1ef3f95162d91f36c637f8218b501745,exe,2026-07-24 20:43:07,MalwareBazaar
IMPHASH,0cdadfa1098d845dd3b4cf92625b5f04,14d84ff3cd9431f0f9cb3fb43e1c6cac1ef3f95162d91f36c637f8218b501745,WannaCry,14d84ff3cd9431f0f9cb3fb43e1c6cac1ef3f95162d91f36c637f8218b501745,exe,2026-07-24 20:43:07,MalwareBazaar
TLSH,T19536239931BC81FCD106297484B78E22F3B37C6A22FE5B0F9B40457A2E53B56E750B52,14d84ff3cd9431f0f9cb3fb43e1c6cac1ef3f95162d91f36c637f8218b501745,WannaCry,14d84ff3cd9431f0f9cb3fb43e1c6cac1ef3f95162d91f36c637f8218b501745,exe,2026-07-24 20:43:07,MalwareBazaar
SSDEEP,49152:jnsnxMSPbcBVQej/1INRx+TSqTdX1HkQo6SAARdhnv:DMxPoBhz1aRxcSUDk36SAEdhv,14d84ff3cd9431f0f9cb3fb43e1c6cac1ef3f95162d91f36c637f8218b501745,WannaCry,14d84ff3cd9431f0f9cb3fb43e1c6cac1ef3f95162d91f36c637f8218b501745,exe,2026-07-24 20:43:07,MalwareBazaar
MD5,2f8873c5dfb9edd81830558bb0b38f07,0646fc597b108aa6c66e6f932a62485c12b40d1cb42d9789f4941159e0c79dde,WannaCry,0646fc597b108aa6c66e6f932a62485c12b40d1cb42d9789f4941159e0c79dde,exe,2026-07-24 20:42:52,MalwareBazaar
SHA-1,b9566868785534f4b09713e107bf7a554b9da480,0646fc597b108aa6c66e6f932a62485c12b40d1cb42d9789f4941159e0c79dde,WannaCry,0646fc597b108aa6c66e6f932a62485c12b40d1cb42d9789f4941159e0c79dde,exe,2026-07-24 20:42:52,MalwareBazaar
SHA-256,0646fc597b108aa6c66e6f932a62485c12b40d1cb42d9789f4941159e0c79dde,0646fc597b108aa6c66e6f932a62485c12b40d1cb42d9789f4941159e0c79dde,WannaCry,0646fc597b108aa6c66e6f932a62485c12b40d1cb42d9789f4941159e0c79dde,exe,2026-07-24 20:42:52,MalwareBazaar
SHA3-384,7b255f300c9883bc159973b13f7ebd3593d54d6600eec30c5174f1bad3c077944eddbc263d9625d44e54d26f35fc29c1,0646fc597b108aa6c66e6f932a62485c12b40d1cb42d9789f4941159e0c79dde,WannaCry,0646fc597b108aa6c66e6f932a62485c12b40d1cb42d9789f4941159e0c79dde,exe,2026-07-24 20:42:52,MalwareBazaar
IMPHASH,0cdadfa1098d845dd3b4cf92625b5f04,0646fc597b108aa6c66e6f932a62485c12b40d1cb42d9789f4941159e0c79dde,WannaCry,0646fc597b108aa6c66e6f932a62485c12b40d1cb42d9789f4941159e0c79dde,exe,2026-07-24 20:42:52,MalwareBazaar
TLSH,T106262359327CC1BCC106197844B78E67E3B37C5666FE6B0F8B40866B1E13B55EBA4B02,0646fc597b108aa6c66e6f932a62485c12b40d1cb42d9789f4941159e0c79dde,WannaCry,0646fc597b108aa6c66e6f932a62485c12b40d1cb42d9789f4941159e0c79dde,exe,2026-07-24 20:42:52,MalwareBazaar
SSDEEP,49152:jnZnAQqMSPbcBVQej/1INRx+TSqTdX1HkQo6SAARdhnvxJM:DtDqPoBhz1aRxcSUDk36SAEdhvxW,0646fc597b108aa6c66e6f932a62485c12b40d1cb42d9789f4941159e0c79dde,WannaCry,0646fc597b108aa6c66e6f932a62485c12b40d1cb42d9789f4941159e0c79dde,exe,2026-07-24 20:42:52,MalwareBazaar
MD5,516678facc39aebe8117cc5796faf714,8854eb271cb9b405b7cac16d56d1a26a82e9eeb0fcfee16415338f8768db7b79,unknown,wr.php,sh,2026-07-24 20:29:54,MalwareBazaar
SHA-1,4d477a0625422d958eff7c9370385a46db697e0c,8854eb271cb9b405b7cac16d56d1a26a82e9eeb0fcfee16415338f8768db7b79,unknown,wr.php,sh,2026-07-24 20:29:54,MalwareBazaar
SHA-256,8854eb271cb9b405b7cac16d56d1a26a82e9eeb0fcfee16415338f8768db7b79,8854eb271cb9b405b7cac16d56d1a26a82e9eeb0fcfee16415338f8768db7b79,unknown,wr.php,sh,2026-07-24 20:29:54,MalwareBazaar
SHA3-384,b86c9d56d06493511e217bc73be2ce4817d00cad33b1318784676c3458aec6ca23dd59c9ab3cf704af85c5f3bcd3f0d4,8854eb271cb9b405b7cac16d56d1a26a82e9eeb0fcfee16415338f8768db7b79,unknown,wr.php,sh,2026-07-24 20:29:54,MalwareBazaar
TLSH,T1B1C28D956A867C44BEC98A3E4CBD2B1D6DF5C3D1324942AC3D8A3C719C11FACD618B1A,8854eb271cb9b405b7cac16d56d1a26a82e9eeb0fcfee16415338f8768db7b79,unknown,wr.php,sh,2026-07-24 20:29:54,MalwareBazaar
SSDEEP,768:F8vCB+25j6es8RY9FYpMSUpi+20qUpi+20YQX:F8l25Jud2QX,8854eb271cb9b405b7cac16d56d1a26a82e9eeb0fcfee16415338f8768db7b79,unknown,wr.php,sh,2026-07-24 20:29:54,MalwareBazaar
MD5,345771963bfc4cc20c56bcf5822d78f7,4f69401ed22d18de7bf7dc56948666020b8660c5546c904c0b9de71a9ebee24d,unknown,intll.1.zz020.msi,msi,2026-07-24 20:24:38,MalwareBazaar
SHA-1,ef34ce351213e6497603f8f436881e2611f3cdca,4f69401ed22d18de7bf7dc56948666020b8660c5546c904c0b9de71a9ebee24d,unknown,intll.1.zz020.msi,msi,2026-07-24 20:24:38,MalwareBazaar
SHA-256,4f69401ed22d18de7bf7dc56948666020b8660c5546c904c0b9de71a9ebee24d,4f69401ed22d18de7bf7dc56948666020b8660c5546c904c0b9de71a9ebee24d,unknown,intll.1.zz020.msi,msi,2026-07-24 20:24:38,MalwareBazaar
SHA3-384,3ea757fcd64a1bc426e0a3606a10c4102321020429ce22a58101c53c5ffdf28c3e95411d7b8189850cbdb3a100c09365,4f69401ed22d18de7bf7dc56948666020b8660c5546c904c0b9de71a9ebee24d,unknown,intll.1.zz020.msi,msi,2026-07-24 20:24:38,MalwareBazaar
TLSH,T1BE9633EABDC53734C087CB70120275BDBE1A3FC57A66CD06B5DA3E504EB2A212979349,4f69401ed22d18de7bf7dc56948666020b8660c5546c904c0b9de71a9ebee24d,unknown,intll.1.zz020.msi,msi,2026-07-24 20:24:38,MalwareBazaar
SSDEEP,196608:bvnPY6EwwNE7SHbXlBiobT0KfWupdct+BuioLdxi1PaOD28hN51iqZTlh:LPYgwJHbXlBrfhyoBuiKxsPFr+glh,4f69401ed22d18de7bf7dc56948666020b8660c5546c904c0b9de71a9ebee24d,unknown,intll.1.zz020.msi,msi,2026-07-24 20:24:38,MalwareBazaar
MD5,52fa7af4aca3c59e62d731460f86502e,521e714bdc7fdbdc9789aaac1beec6ca63b936e613bc606e2c341d1d8ced64d0,unknown,67Wipper_521e714bdc7fdbdc9789aaac1beec6ca63b936e613bc606e2c341d1d8ced64d0,exe,2026-07-24 20:20:49,MalwareBazaar
SHA-1,a9fe6cbb68d05f4710b2122ffc0b886af310e5b7,521e714bdc7fdbdc9789aaac1beec6ca63b936e613bc606e2c341d1d8ced64d0,unknown,67Wipper_521e714bdc7fdbdc9789aaac1beec6ca63b936e613bc606e2c341d1d8ced64d0,exe,2026-07-24 20:20:49,MalwareBazaar
SHA-256,521e714bdc7fdbdc9789aaac1beec6ca63b936e613bc606e2c341d1d8ced64d0,521e714bdc7fdbdc9789aaac1beec6ca63b936e613bc606e2c341d1d8ced64d0,unknown,67Wipper_521e714bdc7fdbdc9789aaac1beec6ca63b936e613bc606e2c341d1d8ced64d0,exe,2026-07-24 20:20:49,MalwareBazaar
SHA3-384,e9c6953eead1434c6117abed8b01e7d7e3a8214273134f5b8d273c59bb43e7302626a5795e7831a09a8db6718179fb51,521e714bdc7fdbdc9789aaac1beec6ca63b936e613bc606e2c341d1d8ced64d0,unknown,67Wipper_521e714bdc7fdbdc9789aaac1beec6ca63b936e613bc606e2c341d1d8ced64d0,exe,2026-07-24 20:20:49,MalwareBazaar
IMPHASH,de301f420b566899fbc993e92911a414,521e714bdc7fdbdc9789aaac1beec6ca63b936e613bc606e2c341d1d8ced64d0,unknown,67Wipper_521e714bdc7fdbdc9789aaac1beec6ca63b936e613bc606e2c341d1d8ced64d0,exe,2026-07-24 20:20:49,MalwareBazaar
TLSH,T1FF56013AF716484AF02F037B4592D3A5C5512B80E635A2E706B1AF53BAF35C21FA5EC1,521e714bdc7fdbdc9789aaac1beec6ca63b936e613bc606e2c341d1d8ced64d0,unknown,67Wipper_521e714bdc7fdbdc9789aaac1beec6ca63b936e613bc606e2c341d1d8ced64d0,exe,2026-07-24 20:20:49,MalwareBazaar
SSDEEP,98304:cRQh83E1fnf7TN+c8Wl6B+Ip9L1P00wbPRTiZfI8E6dnH+Rz664l:cRQh83EdTTN+c8WlIxhP0VROZAR6dnC0,521e714bdc7fdbdc9789aaac1beec6ca63b936e613bc606e2c341d1d8ced64d0,unknown,67Wipper_521e714bdc7fdbdc9789aaac1beec6ca63b936e613bc606e2c341d1d8ced64d0,exe,2026-07-24 20:20:49,MalwareBazaar
ICON-DHASH,8443b4f470be4030,521e714bdc7fdbdc9789aaac1beec6ca63b936e613bc606e2c341d1d8ced64d0,unknown,67Wipper_521e714bdc7fdbdc9789aaac1beec6ca63b936e613bc606e2c341d1d8ced64d0,exe,2026-07-24 20:20:49,MalwareBazaar
MD5,c4e99904334a9b1b92f6dc77b5f3fd00,b53f87d91c9eada23e997e50095e949f105b1b3d062281f22489986f445509db,unknown,k.php,sh,2026-07-24 20:20:49,MalwareBazaar
SHA-1,a61617593d62cd23025720509e34a6d1d4b12cc5,b53f87d91c9eada23e997e50095e949f105b1b3d062281f22489986f445509db,unknown,k.php,sh,2026-07-24 20:20:49,MalwareBazaar
SHA-256,b53f87d91c9eada23e997e50095e949f105b1b3d062281f22489986f445509db,b53f87d91c9eada23e997e50095e949f105b1b3d062281f22489986f445509db,unknown,k.php,sh,2026-07-24 20:20:49,MalwareBazaar
SHA3-384,bdca74ecb5d9b5e4233b0e9ad2643d800a847bc4ac9c8047c9c3600915f662ee313eebd0b56459169279c74bba7098ac,b53f87d91c9eada23e997e50095e949f105b1b3d062281f22489986f445509db,unknown,k.php,sh,2026-07-24 20:20:49,MalwareBazaar
TLSH,T122136D6526953C25AE99883B5C7F2F0CBDA983E2304491DDBF8A3CF18C15A9CE31871D,b53f87d91c9eada23e997e50095e949f105b1b3d062281f22489986f445509db,unknown,k.php,sh,2026-07-24 20:20:49,MalwareBazaar
SSDEEP,768:dr9NyXsZztCY9GKYpr9GKYp82fkR4nnA9GKYpr9GKYp82fkR4nnx:lHusZMco,b53f87d91c9eada23e997e50095e949f105b1b3d062281f22489986f445509db,unknown,k.php,sh,2026-07-24 20:20:49,MalwareBazaar
MD5,fb53e10bf31fa0f83f391f2e4186ae8f,542e84f086b7441333ea2b74ed2b1cd158efa752240542115e68930b9ea402c3,Mirai,psh4,elf,2026-07-24 20:19:47,MalwareBazaar
SHA-1,0c3c4fe32db3d9813e08a6223176c7d24bcd9782,542e84f086b7441333ea2b74ed2b1cd158efa752240542115e68930b9ea402c3,Mirai,psh4,elf,2026-07-24 20:19:47,MalwareBazaar
SHA-256,542e84f086b7441333ea2b74ed2b1cd158efa752240542115e68930b9ea402c3,542e84f086b7441333ea2b74ed2b1cd158efa752240542115e68930b9ea402c3,Mirai,psh4,elf,2026-07-24 20:19:47,MalwareBazaar
SHA3-384,1ae27341348983a0f22b2a772e57eeb33d227666fae64819716d0d62c0cf40eee46a3c87961889c9fdc212c97016d22f,542e84f086b7441333ea2b74ed2b1cd158efa752240542115e68930b9ea402c3,Mirai,psh4,elf,2026-07-24 20:19:47,MalwareBazaar
TLSH,T14A538D73C5297E54D19582B4F8718E751B63B58082871FFA1A9AC2BE9083DECF6093F4,542e84f086b7441333ea2b74ed2b1cd158efa752240542115e68930b9ea402c3,Mirai,psh4,elf,2026-07-24 20:19:47,MalwareBazaar
SSDEEP,1536:OabVwtqi8omFwF56XaZs4f3M4qOgKOvPil2TEXCU3Zt2RFs/Cb:OSy8omFwz6XaZs4vM4qOnOe2TEX7bOT,542e84f086b7441333ea2b74ed2b1cd158efa752240542115e68930b9ea402c3,Mirai,psh4,elf,2026-07-24 20:19:47,MalwareBazaar
MD5,4943d849afc9a5b63b92a003954b0975,d5bf67f2953720d31d299ffae9ff6f0e785d357041372c3045fc0c9278e8a8f8,unknown,d5bf67f2953720d31d299ffae9ff6f0e785d357041372c3045fc0c9278e8a8f8.exe,exe,2026-07-24 20:18:36,MalwareBazaar
SHA-1,2d6984bd5730d3562cba48ee1c29d8ff769671a4,d5bf67f2953720d31d299ffae9ff6f0e785d357041372c3045fc0c9278e8a8f8,unknown,d5bf67f2953720d31d299ffae9ff6f0e785d357041372c3045fc0c9278e8a8f8.exe,exe,2026-07-24 20:18:36,MalwareBazaar
SHA-256,d5bf67f2953720d31d299ffae9ff6f0e785d357041372c3045fc0c9278e8a8f8,d5bf67f2953720d31d299ffae9ff6f0e785d357041372c3045fc0c9278e8a8f8,unknown,d5bf67f2953720d31d299ffae9ff6f0e785d357041372c3045fc0c9278e8a8f8.exe,exe,2026-07-24 20:18:36,MalwareBazaar
SHA3-384,7b052a638e2e7f05680ae1812d8c682f413b689685d3c4c609e11a8cfbafa12566e96d95b80d1e85baa0cec2c5324191,d5bf67f2953720d31d299ffae9ff6f0e785d357041372c3045fc0c9278e8a8f8,unknown,d5bf67f2953720d31d299ffae9ff6f0e785d357041372c3045fc0c9278e8a8f8.exe,exe,2026-07-24 20:18:36,MalwareBazaar
IMPHASH,f31786346b19522a71c69119edfd470d,d5bf67f2953720d31d299ffae9ff6f0e785d357041372c3045fc0c9278e8a8f8,unknown,d5bf67f2953720d31d299ffae9ff6f0e785d357041372c3045fc0c9278e8a8f8.exe,exe,2026-07-24 20:18:36,MalwareBazaar
TLSH,T1AEB35B9BA7A530F8F4778678C4910A49D772B83217609FEF03A4865A1F236D18D3EF61,d5bf67f2953720d31d299ffae9ff6f0e785d357041372c3045fc0c9278e8a8f8,unknown,d5bf67f2953720d31d299ffae9ff6f0e785d357041372c3045fc0c9278e8a8f8.exe,exe,2026-07-24 20:18:36,MalwareBazaar
SSDEEP,3072:t0d+/brLD9SIiUOkyJo4B7CpZg3MVPqG0:G43LD9izJoQ7CRqG,d5bf67f2953720d31d299ffae9ff6f0e785d357041372c3045fc0c9278e8a8f8,unknown,d5bf67f2953720d31d299ffae9ff6f0e785d357041372c3045fc0c9278e8a8f8.exe,exe,2026-07-24 20:18:36,MalwareBazaar
MD5,4d4a114a4642e9a69224a0eb27e607fe,c1d1b1f4edc56da458134d6a229c6389a49a258141fcb94f706c49dfc155c3a5,Mirai,parm5,elf,2026-07-24 20:10:51,MalwareBazaar
SHA-1,275f29a923b3f69f4dd0ab6e37effcc333623c48,c1d1b1f4edc56da458134d6a229c6389a49a258141fcb94f706c49dfc155c3a5,Mirai,parm5,elf,2026-07-24 20:10:51,MalwareBazaar
SHA-256,c1d1b1f4edc56da458134d6a229c6389a49a258141fcb94f706c49dfc155c3a5,c1d1b1f4edc56da458134d6a229c6389a49a258141fcb94f706c49dfc155c3a5,Mirai,parm5,elf,2026-07-24 20:10:51,MalwareBazaar
SHA3-384,3952903ddd2f5bb2a3e7d01d6355ea49d06715231ea0dbf75cd8736db7a0cdd45120ba352e9ee6f47a69de2d0eb2cea6,c1d1b1f4edc56da458134d6a229c6389a49a258141fcb94f706c49dfc155c3a5,Mirai,parm5,elf,2026-07-24 20:10:51,MalwareBazaar
TLSH,T181632A91BD819713C6D1227BFB5E028E372653A8D2EE72079D226F21378786B0E77601,c1d1b1f4edc56da458134d6a229c6389a49a258141fcb94f706c49dfc155c3a5,Mirai,parm5,elf,2026-07-24 20:10:51,MalwareBazaar
TELFHASH,t1db4122a45b610add5fe1c780828e953979fe38fae71038a98a1d7b4f8283dc17125836,c1d1b1f4edc56da458134d6a229c6389a49a258141fcb94f706c49dfc155c3a5,Mirai,parm5,elf,2026-07-24 20:10:51,MalwareBazaar
SSDEEP,1536:BCqydaYOGe1Mf8nqsTfeLm+SLDumo0k2s/Ib:BCj/wqsTLhLDo6,c1d1b1f4edc56da458134d6a229c6389a49a258141fcb94f706c49dfc155c3a5,Mirai,parm5,elf,2026-07-24 20:10:51,MalwareBazaar
MD5,937df5b812db224b0474058f2cc190b1,9ec3be8b766fd438fd6d4b0e45146b5452f4f6aed6a9115a366d8fe6f75b9d1b,Mirai,parm5,elf,2026-07-24 20:10:09,MalwareBazaar
SHA-1,13fe85763c95e106eba406a0eb87af465292c2f4,9ec3be8b766fd438fd6d4b0e45146b5452f4f6aed6a9115a366d8fe6f75b9d1b,Mirai,parm5,elf,2026-07-24 20:10:09,MalwareBazaar
SHA-256,9ec3be8b766fd438fd6d4b0e45146b5452f4f6aed6a9115a366d8fe6f75b9d1b,9ec3be8b766fd438fd6d4b0e45146b5452f4f6aed6a9115a366d8fe6f75b9d1b,Mirai,parm5,elf,2026-07-24 20:10:09,MalwareBazaar
SHA3-384,0424fe0296a6ba2ee56303c109c280a3479cab527ffff51cda5d2ce3e4a2dbc04750d0b098f693c6aa93f3e356fb20b0,9ec3be8b766fd438fd6d4b0e45146b5452f4f6aed6a9115a366d8fe6f75b9d1b,Mirai,parm5,elf,2026-07-24 20:10:09,MalwareBazaar
TLSH,T16CE2E10755D2D872C7E12CB427B1C4C5A5132F78D2DE72B919204C36BBFA866227C79E,9ec3be8b766fd438fd6d4b0e45146b5452f4f6aed6a9115a366d8fe6f75b9d1b,Mirai,parm5,elf,2026-07-24 20:10:09,MalwareBazaar
SSDEEP,768:4kJdiMkbZdr1got24bqRAiclZj17oh+XJu2Ls3UozK:4krVkbZdZRqoZj1kh8QzK,9ec3be8b766fd438fd6d4b0e45146b5452f4f6aed6a9115a366d8fe6f75b9d1b,Mirai,parm5,elf,2026-07-24 20:10:09,MalwareBazaar
MD5,72e6fd1485a5db56f4737101a29cb856,eeee4003a15b9c46996d63a5becf324d34f62d9d3473bf7efde6beab75f84168,unknown,default.dat,exe,2026-07-24 19:52:09,MalwareBazaar
SHA-1,f031ff07c0e6261dd642fbe2c01cbe2a4e702764,eeee4003a15b9c46996d63a5becf324d34f62d9d3473bf7efde6beab75f84168,unknown,default.dat,exe,2026-07-24 19:52:09,MalwareBazaar
SHA-256,eeee4003a15b9c46996d63a5becf324d34f62d9d3473bf7efde6beab75f84168,eeee4003a15b9c46996d63a5becf324d34f62d9d3473bf7efde6beab75f84168,unknown,default.dat,exe,2026-07-24 19:52:09,MalwareBazaar
SHA3-384,3df4837aea9f625d00057351584aa14546d636d423c4a1be484865e0c8aa02706bdc06fc4f42de03c6f55fb7c419dfe8,eeee4003a15b9c46996d63a5becf324d34f62d9d3473bf7efde6beab75f84168,unknown,default.dat,exe,2026-07-24 19:52:09,MalwareBazaar
IMPHASH,dcaf48c1f10b0efa0a4472200f3850ed,eeee4003a15b9c46996d63a5becf324d34f62d9d3473bf7efde6beab75f84168,unknown,default.dat,exe,2026-07-24 19:52:09,MalwareBazaar
TLSH,T11EE6331C51D25AFEC6E3413DFED159D8E895B4AA1B70C6DF03A887B1AE132E0483E647,eeee4003a15b9c46996d63a5becf324d34f62d9d3473bf7efde6beab75f84168,unknown,default.dat,exe,2026-07-24 19:52:09,MalwareBazaar
SSDEEP,393216:NaqdtEsvHkdcxnACfqTXMCHWUjXacuI3/PGTAI:N7tEBdon72XMb8XXH/O7,eeee4003a15b9c46996d63a5becf324d34f62d9d3473bf7efde6beab75f84168,unknown,default.dat,exe,2026-07-24 19:52:09,MalwareBazaar
ICON-DHASH,9878e0c0d8f8f022,eeee4003a15b9c46996d63a5becf324d34f62d9d3473bf7efde6beab75f84168,unknown,default.dat,exe,2026-07-24 19:52:09,MalwareBazaar
MD5,3aaf304cefd4f00648ef0367e3718e6c,219113950ebeb4c5d14f7078fb53c854c7c6db2b616b7e3aec377c5201755bb9,Mirai,pspc,elf,2026-07-24 19:46:54,MalwareBazaar
SHA-1,b9825430dacf7f4a83f55ba561d1fdc41dc20379,219113950ebeb4c5d14f7078fb53c854c7c6db2b616b7e3aec377c5201755bb9,Mirai,pspc,elf,2026-07-24 19:46:54,MalwareBazaar
SHA-256,219113950ebeb4c5d14f7078fb53c854c7c6db2b616b7e3aec377c5201755bb9,219113950ebeb4c5d14f7078fb53c854c7c6db2b616b7e3aec377c5201755bb9,Mirai,pspc,elf,2026-07-24 19:46:54,MalwareBazaar
SHA3-384,4d1484cae00a39297214e3b11b17a9558e99416a197738d625e23e7a26df923712938a25d147306aabd4148cc85613cf,219113950ebeb4c5d14f7078fb53c854c7c6db2b616b7e3aec377c5201755bb9,Mirai,pspc,elf,2026-07-24 19:46:54,MalwareBazaar
TLSH,T118734B22B9751D2BC4D0A87A61F30325F2F2478A25ACCA1A7D720D4EBF35A5032577F9,219113950ebeb4c5d14f7078fb53c854c7c6db2b616b7e3aec377c5201755bb9,Mirai,pspc,elf,2026-07-24 19:46:54,MalwareBazaar
SSDEEP,1536:R15SCeEvcW8z3d+TFCPiQktRHUN957IVUIxlt78/oQ:jAO8WzP0NPsZQ,219113950ebeb4c5d14f7078fb53c854c7c6db2b616b7e3aec377c5201755bb9,Mirai,pspc,elf,2026-07-24 19:46:54,MalwareBazaar
MD5,774ebd69274c1f404a5e165f279e3eb0,a1a5eacea0c2230990d573a3c55688d9b75611a9188acf3c3e7f01f2a0a5a270,unknown,armv4l,elf,2026-07-24 19:45:50,MalwareBazaar
SHA-1,c2414aff5ffa768718bd636cc31e92c87c85b062,a1a5eacea0c2230990d573a3c55688d9b75611a9188acf3c3e7f01f2a0a5a270,unknown,armv4l,elf,2026-07-24 19:45:50,MalwareBazaar
SHA-256,a1a5eacea0c2230990d573a3c55688d9b75611a9188acf3c3e7f01f2a0a5a270,a1a5eacea0c2230990d573a3c55688d9b75611a9188acf3c3e7f01f2a0a5a270,unknown,armv4l,elf,2026-07-24 19:45:50,MalwareBazaar
SHA3-384,3c8dc2253bf34f5b44bd6d93bcbc9eed457922db43f5e64bb8ae8706a6384787bb9e86019bfaa4f62fea949bc75d807f,a1a5eacea0c2230990d573a3c55688d9b75611a9188acf3c3e7f01f2a0a5a270,unknown,armv4l,elf,2026-07-24 19:45:50,MalwareBazaar
TLSH,T1F0815C9683330BD8F19AA7FE1A39072EEC06A729D1513C03A6697C1D2D087579C2C19B,a1a5eacea0c2230990d573a3c55688d9b75611a9188acf3c3e7f01f2a0a5a270,unknown,armv4l,elf,2026-07-24 19:45:50,MalwareBazaar
SSDEEP,96:Orts1qpl55ROb08xe0v0IwUC8DhEzCTE5rOyn5al:2u1ql5ebtxfvbFEzBOOal,a1a5eacea0c2230990d573a3c55688d9b75611a9188acf3c3e7f01f2a0a5a270,unknown,armv4l,elf,2026-07-24 19:45:50,MalwareBazaar
MD5,d8314cd67f405adef9543f7233c61748,8b991db90ec1c7bd9e1f04d989a80b74bd8d0cff87da8b35096a68a0ae583caa,unknown,p,sh,2026-07-24 19:39:54,MalwareBazaar
SHA-1,207005162f3cffbf9c32c088e6bdd7fb1331c0c5,8b991db90ec1c7bd9e1f04d989a80b74bd8d0cff87da8b35096a68a0ae583caa,unknown,p,sh,2026-07-24 19:39:54,MalwareBazaar
SHA-256,8b991db90ec1c7bd9e1f04d989a80b74bd8d0cff87da8b35096a68a0ae583caa,8b991db90ec1c7bd9e1f04d989a80b74bd8d0cff87da8b35096a68a0ae583caa,unknown,p,sh,2026-07-24 19:39:54,MalwareBazaar
SHA3-384,1c0b10b5b61eebc76896565c156c911111336965b5926eb3cdaa8bb46613617a8a45c047585e799fccf866c6f549dd6f,8b991db90ec1c7bd9e1f04d989a80b74bd8d0cff87da8b35096a68a0ae583caa,unknown,p,sh,2026-07-24 19:39:54,MalwareBazaar
TLSH,T1CC01C6DAD2209610805E945E23D662A0B461C3C6495E0FA87F9C943DA799E14B067F85,8b991db90ec1c7bd9e1f04d989a80b74bd8d0cff87da8b35096a68a0ae583caa,unknown,p,sh,2026-07-24 19:39:54,MalwareBazaar
SSDEEP,12:dOXOsYxcysE+vhCFN0zvy/RQvZowHkaMEC3ixiPs51CtzswGvCChHuCPpTXx21CA:kXCKysE2hi0ziQvZohazRp6sj7o2K+U7,8b991db90ec1c7bd9e1f04d989a80b74bd8d0cff87da8b35096a68a0ae583caa,unknown,p,sh,2026-07-24 19:39:54,MalwareBazaar
MD5,6f1820834018453731427d4d4f63e09c,bae4595f9cf24b9e6cbd70c524bad1c48805a6af7a453c8e7e73c2f1364a0eb6,ArkeiStealer,build_additional.exe,exe,2026-07-24 19:36:54,MalwareBazaar
SHA-1,b5dfd6bbfd71e34a16a689de2cbd614148936e4b,bae4595f9cf24b9e6cbd70c524bad1c48805a6af7a453c8e7e73c2f1364a0eb6,ArkeiStealer,build_additional.exe,exe,2026-07-24 19:36:54,MalwareBazaar
SHA-256,bae4595f9cf24b9e6cbd70c524bad1c48805a6af7a453c8e7e73c2f1364a0eb6,bae4595f9cf24b9e6cbd70c524bad1c48805a6af7a453c8e7e73c2f1364a0eb6,ArkeiStealer,build_additional.exe,exe,2026-07-24 19:36:54,MalwareBazaar
SHA3-384,b4f9baf98748e89ba4400ed4a64d16e2a5bd6a75e2e7331d00bd1f3ae6d6ec452818bd6286d458a16935c2c0f396ecd9,bae4595f9cf24b9e6cbd70c524bad1c48805a6af7a453c8e7e73c2f1364a0eb6,ArkeiStealer,build_additional.exe,exe,2026-07-24 19:36:54,MalwareBazaar
TLSH,T11825508ED9C213B5B396EBB3835EE2265DF535058072CA31CF8569358F02FA86418EDD,bae4595f9cf24b9e6cbd70c524bad1c48805a6af7a453c8e7e73c2f1364a0eb6,ArkeiStealer,build_additional.exe,exe,2026-07-24 19:36:54,MalwareBazaar
SSDEEP,12288:cxmEXICq1zcLgURH1lcVQyNvKhT0xNhbPl5NUD7:cxNswLgURH1eN92,bae4595f9cf24b9e6cbd70c524bad1c48805a6af7a453c8e7e73c2f1364a0eb6,ArkeiStealer,build_additional.exe,exe,2026-07-24 19:36:54,MalwareBazaar
MD5,a74924e6ee1bf0c131ae6c83c2b497bc,3fa676cea2dee5e06065e38e122253965f1a4bf8b7ea68f164aec67185a456e1,unknown,wr.php,sh,2026-07-24 19:33:56,MalwareBazaar
SHA-1,e7983d6fb377f1a13257aaf2d9f5022476a66b99,3fa676cea2dee5e06065e38e122253965f1a4bf8b7ea68f164aec67185a456e1,unknown,wr.php,sh,2026-07-24 19:33:56,MalwareBazaar
SHA-256,3fa676cea2dee5e06065e38e122253965f1a4bf8b7ea68f164aec67185a456e1,3fa676cea2dee5e06065e38e122253965f1a4bf8b7ea68f164aec67185a456e1,unknown,wr.php,sh,2026-07-24 19:33:56,MalwareBazaar
SHA3-384,9a63ae65deb922ae9bc78822357b6af84c66b1f4506589c483f96e0b75d9a8df48a66ee6086791d98e37d2383a0bd75f,3fa676cea2dee5e06065e38e122253965f1a4bf8b7ea68f164aec67185a456e1,unknown,wr.php,sh,2026-07-24 19:33:56,MalwareBazaar
TLSH,T10FC27D956A867C44BDC94A3E4CBD2B0D6DF5C3E1324D42AC3D8A3C719C15FACD618B1A,3fa676cea2dee5e06065e38e122253965f1a4bf8b7ea68f164aec67185a456e1,unknown,wr.php,sh,2026-07-24 19:33:56,MalwareBazaar
SSDEEP,768:18vCB+25j6es8Re9FYpMSUpi+20qUpi+20YQX:18l25J4d2QX,3fa676cea2dee5e06065e38e122253965f1a4bf8b7ea68f164aec67185a456e1,unknown,wr.php,sh,2026-07-24 19:33:56,MalwareBazaar
MD5,c4e885a4a6c3a5f52810a5db90d615cf,33c130a28fbc8941a7328e3bb11c52c6da745b7a46f594dcfcbe8cd4311482eb,Mirai,parm6,elf,2026-07-24 19:28:47,MalwareBazaar
SHA-1,2df2eb94e531ac465bdaa192338abeae0cfa768a,33c130a28fbc8941a7328e3bb11c52c6da745b7a46f594dcfcbe8cd4311482eb,Mirai,parm6,elf,2026-07-24 19:28:47,MalwareBazaar
SHA-256,33c130a28fbc8941a7328e3bb11c52c6da745b7a46f594dcfcbe8cd4311482eb,33c130a28fbc8941a7328e3bb11c52c6da745b7a46f594dcfcbe8cd4311482eb,Mirai,parm6,elf,2026-07-24 19:28:47,MalwareBazaar
SHA3-384,9847c46158d65127db151886e6a0e47b8f2f4d861b3aaa1275c0f31c362a5d2223c8ce655a7c5160e68591a3e7d98ff6,33c130a28fbc8941a7328e3bb11c52c6da745b7a46f594dcfcbe8cd4311482eb,Mirai,parm6,elf,2026-07-24 19:28:47,MalwareBazaar
TLSH,T107831996B8814B12D5D512BAFA1E118E3313177CE3DE73129D206F20778B96B0E7BA16,33c130a28fbc8941a7328e3bb11c52c6da745b7a46f594dcfcbe8cd4311482eb,Mirai,parm6,elf,2026-07-24 19:28:47,MalwareBazaar
TELFHASH,t12b11eda04ec88ecc62f08f8a42cb61637d423db2dd123869490faa0e87135c2711a02f,33c130a28fbc8941a7328e3bb11c52c6da745b7a46f594dcfcbe8cd4311482eb,Mirai,parm6,elf,2026-07-24 19:28:47,MalwareBazaar
SSDEEP,1536:ePnS/Wmzi8o8+1Uj7fPQlrLaRlZ5QGMGiPuzG3yfi87iGc5mYLs/IJ6:zNzGSfIlrLaROuzG3yfi82GcgK6,33c130a28fbc8941a7328e3bb11c52c6da745b7a46f594dcfcbe8cd4311482eb,Mirai,parm6,elf,2026-07-24 19:28:47,MalwareBazaar
MD5,081acbae431ae8877e341c951dbfc4da,de78709e5766f9d1f60b7d1dbb408c564ae48c376ae011f1fa818e2483c4b43f,Mirai,parm6,elf,2026-07-24 19:27:54,MalwareBazaar
SHA-1,bd63514e743d4c91d7b8631d1e9769a1ddf82d94,de78709e5766f9d1f60b7d1dbb408c564ae48c376ae011f1fa818e2483c4b43f,Mirai,parm6,elf,2026-07-24 19:27:54,MalwareBazaar
SHA-256,de78709e5766f9d1f60b7d1dbb408c564ae48c376ae011f1fa818e2483c4b43f,de78709e5766f9d1f60b7d1dbb408c564ae48c376ae011f1fa818e2483c4b43f,Mirai,parm6,elf,2026-07-24 19:27:54,MalwareBazaar
SHA3-384,1e3939afea003f182c37f7eab2ecc7a250e4d30854c68cde3790f40d7a31bef79dd873de3b23b23601761c32f1c5c1f8,de78709e5766f9d1f60b7d1dbb408c564ae48c376ae011f1fa818e2483c4b43f,Mirai,parm6,elf,2026-07-24 19:27:54,MalwareBazaar
TLSH,T11303F199B42DD15ACA320631FD7C480F9686EFB045A9302379254AD4EFC26940DF2BF7,de78709e5766f9d1f60b7d1dbb408c564ae48c376ae011f1fa818e2483c4b43f,Mirai,parm6,elf,2026-07-24 19:27:54,MalwareBazaar
SSDEEP,768:1VDBsfhluadbM8t5lQ6wSgAFqB4S/mL0LoQfumTqG0h69q3UELPb:1VW5bld6hB4UdUYPTq3LPb,de78709e5766f9d1f60b7d1dbb408c564ae48c376ae011f1fa818e2483c4b43f,Mirai,parm6,elf,2026-07-24 19:27:54,MalwareBazaar
MD5,d6d3517d27e2a62d8dffb4eb42071442,1f2f6161971c5f192cd2bbb2d813431e0cae84f4d71eac5fb005d7b11b3b3bc2,Mirai,flB,elf,2026-07-24 19:20:56,MalwareBazaar
SHA-1,eb5b686634b317da7e3f6e56e936facdeaeaed3f,1f2f6161971c5f192cd2bbb2d813431e0cae84f4d71eac5fb005d7b11b3b3bc2,Mirai,flB,elf,2026-07-24 19:20:56,MalwareBazaar
SHA-256,1f2f6161971c5f192cd2bbb2d813431e0cae84f4d71eac5fb005d7b11b3b3bc2,1f2f6161971c5f192cd2bbb2d813431e0cae84f4d71eac5fb005d7b11b3b3bc2,Mirai,flB,elf,2026-07-24 19:20:56,MalwareBazaar
SHA3-384,01b3e243a15fa8830b5adba738eed11d1364334987281173a2217c19cc35cfe30f3ce681eb1d42b0e24321388e23a049,1f2f6161971c5f192cd2bbb2d813431e0cae84f4d71eac5fb005d7b11b3b3bc2,Mirai,flB,elf,2026-07-24 19:20:56,MalwareBazaar
TLSH,T11E631A6AB9418F19C5C1167AFE5E934E331327BCE3DE7213DE142B642B8B56B0E3A405,1f2f6161971c5f192cd2bbb2d813431e0cae84f4d71eac5fb005d7b11b3b3bc2,Mirai,flB,elf,2026-07-24 19:20:56,MalwareBazaar
TELFHASH,t1f7f0c972160c1acc7fd8820ac4cf87628a79f17833810bb96d98bfdb94e34827304c1a,1f2f6161971c5f192cd2bbb2d813431e0cae84f4d71eac5fb005d7b11b3b3bc2,Mirai,flB,elf,2026-07-24 19:20:56,MalwareBazaar
SSDEEP,1536:fjnBU7gUlwHnOMlMe3Y44i5DmvGAxvxcAzMi4N+Cr12YQlz:VU7onth1rAxvBmN+Cr1,1f2f6161971c5f192cd2bbb2d813431e0cae84f4d71eac5fb005d7b11b3b3bc2,Mirai,flB,elf,2026-07-24 19:20:56,MalwareBazaar
MD5,c48807ec449e96a9039de57599274f6e,46970642914a87df57f6a66805abefd9554adab8543652d350147f5560d9b5b3,Mirai,SbKs,elf,2026-07-24 19:20:55,MalwareBazaar
SHA-1,008044aac953373e0f9bc84e3c5074f35911ee32,46970642914a87df57f6a66805abefd9554adab8543652d350147f5560d9b5b3,Mirai,SbKs,elf,2026-07-24 19:20:55,MalwareBazaar
SHA-256,46970642914a87df57f6a66805abefd9554adab8543652d350147f5560d9b5b3,46970642914a87df57f6a66805abefd9554adab8543652d350147f5560d9b5b3,Mirai,SbKs,elf,2026-07-24 19:20:55,MalwareBazaar
SHA3-384,7f9cecf4ba5b01480bf267acc01a0dce3b154116f9f2b5de0d5193f6168b1caa3dd9b8de4f00ed08aa3daf1d23e472ae,46970642914a87df57f6a66805abefd9554adab8543652d350147f5560d9b5b3,Mirai,SbKs,elf,2026-07-24 19:20:55,MalwareBazaar
TLSH,T188A3A54F2E619F6CF3A9823497F74B34A76C23D123E1C684D1ACD5012E6434E991F7AA,46970642914a87df57f6a66805abefd9554adab8543652d350147f5560d9b5b3,Mirai,SbKs,elf,2026-07-24 19:20:55,MalwareBazaar
TELFHASH,t18b310b19893813f4d3b10d8c6eeefa31e45170df6a261e378f11e9a9de2d9429d10c1c,46970642914a87df57f6a66805abefd9554adab8543652d350147f5560d9b5b3,Mirai,SbKs,elf,2026-07-24 19:20:55,MalwareBazaar
SSDEEP,1536:AkdkMBci8vl2m3Pa0fk31MY1Hhdz9E8jL4q+boB2RG2VZnsx:A/5vl2m3Pa0A6Yzdzb3EsB,46970642914a87df57f6a66805abefd9554adab8543652d350147f5560d9b5b3,Mirai,SbKs,elf,2026-07-24 19:20:55,MalwareBazaar
MD5,3de837e1b34902e0affcb8480f5cc23d,bb62ec112e4499fab94975662d0ad459c1eaae19f009fe9c9c02e93e40e20b40,unknown,file,exe,2026-07-24 19:16:22,MalwareBazaar
SHA-1,068931c96d12539adc742c16c317578f382f2d0a,bb62ec112e4499fab94975662d0ad459c1eaae19f009fe9c9c02e93e40e20b40,unknown,file,exe,2026-07-24 19:16:22,MalwareBazaar
SHA-256,bb62ec112e4499fab94975662d0ad459c1eaae19f009fe9c9c02e93e40e20b40,bb62ec112e4499fab94975662d0ad459c1eaae19f009fe9c9c02e93e40e20b40,unknown,file,exe,2026-07-24 19:16:22,MalwareBazaar
SHA3-384,edd6612cb3ec9b40d5be82631348ff56819992eeb4322097339d0d7b0469f45c47b71d0322c1b8e7febcc010a0692da3,bb62ec112e4499fab94975662d0ad459c1eaae19f009fe9c9c02e93e40e20b40,unknown,file,exe,2026-07-24 19:16:22,MalwareBazaar
IMPHASH,d42595b695fc008ef2c56aabd8efd68e,bb62ec112e4499fab94975662d0ad459c1eaae19f009fe9c9c02e93e40e20b40,unknown,file,exe,2026-07-24 19:16:22,MalwareBazaar
TLSH,T15BF58C07BC9249EAC4AAA33189B392927B70BC095F3363D72E507B782E727D05D35B54,bb62ec112e4499fab94975662d0ad459c1eaae19f009fe9c9c02e93e40e20b40,unknown,file,exe,2026-07-24 19:16:22,MalwareBazaar
SSDEEP,49152:xZyJXmYFn5etRNZo0sd0l3d+BSPUG12Wrzu8mAuCZGgJzkim+eB5qE:xZaStRMKd+BsUGowzoCUEE,bb62ec112e4499fab94975662d0ad459c1eaae19f009fe9c9c02e93e40e20b40,unknown,file,exe,2026-07-24 19:16:22,MalwareBazaar
ICON-DHASH,e4b3ccd46c36935a,bb62ec112e4499fab94975662d0ad459c1eaae19f009fe9c9c02e93e40e20b40,unknown,file,exe,2026-07-24 19:16:22,MalwareBazaar
MD5,9d517ca8634e53b09be3e77899c7966e,828691a3b281d13ba1af358ca97d6cb1f508608e413583d3ac130a4389f45868,unknown,file,exe,2026-07-24 19:16:09,MalwareBazaar
SHA-1,718f0d1cca92f6088103f6b420caf57b5931f19f,828691a3b281d13ba1af358ca97d6cb1f508608e413583d3ac130a4389f45868,unknown,file,exe,2026-07-24 19:16:09,MalwareBazaar
SHA-256,828691a3b281d13ba1af358ca97d6cb1f508608e413583d3ac130a4389f45868,828691a3b281d13ba1af358ca97d6cb1f508608e413583d3ac130a4389f45868,unknown,file,exe,2026-07-24 19:16:09,MalwareBazaar
SHA3-384,ef3c3c6cb0dea919c7769f64f162b046fa1805c458b99a58c00f048a553822a051663aba588604536192bb4e5d8a393b,828691a3b281d13ba1af358ca97d6cb1f508608e413583d3ac130a4389f45868,unknown,file,exe,2026-07-24 19:16:09,MalwareBazaar
IMPHASH,d42595b695fc008ef2c56aabd8efd68e,828691a3b281d13ba1af358ca97d6cb1f508608e413583d3ac130a4389f45868,unknown,file,exe,2026-07-24 19:16:09,MalwareBazaar
TLSH,T169563903ECA505E9C1AAE23586679113BB717C486B3523D36B90F7382F76BD06EB9350,828691a3b281d13ba1af358ca97d6cb1f508608e413583d3ac130a4389f45868,unknown,file,exe,2026-07-24 19:16:09,MalwareBazaar
SSDEEP,49152:nnVnjXTg1o75YobUFNqcWCyr2TDeIg3NOHuhjgSmRjkC2NIZ2hE1ABTByFXdfKik:nNZb76g9SuhU3doE2diNbK+E,828691a3b281d13ba1af358ca97d6cb1f508608e413583d3ac130a4389f45868,unknown,file,exe,2026-07-24 19:16:09,MalwareBazaar
MD5,442867ed1d1e917999662c4c00d7e43b,883febd02d7bd5e48415a019a2e09dd59f41eca0dd525cd98cf08f7d460b3ada,unknown,package,zip,2026-07-24 19:08:21,MalwareBazaar
SHA-1,921afdd6a0fcb3c3b30c97c4fe92e9d5cb6ce660,883febd02d7bd5e48415a019a2e09dd59f41eca0dd525cd98cf08f7d460b3ada,unknown,package,zip,2026-07-24 19:08:21,MalwareBazaar
SHA-256,883febd02d7bd5e48415a019a2e09dd59f41eca0dd525cd98cf08f7d460b3ada,883febd02d7bd5e48415a019a2e09dd59f41eca0dd525cd98cf08f7d460b3ada,unknown,package,zip,2026-07-24 19:08:21,MalwareBazaar
SHA3-384,ccda3bc8bc18ac8721c111af1e6babd9ea8783ef892c86c5ca45912cc38afac54c6ffb9dc90e938c5b3106fcc7fcb118,883febd02d7bd5e48415a019a2e09dd59f41eca0dd525cd98cf08f7d460b3ada,unknown,package,zip,2026-07-24 19:08:21,MalwareBazaar
TLSH,T10D07336874668648F169827850D3DFD0ADC60E86C31A740A6C1F7C9F33DB926DFA21ED,883febd02d7bd5e48415a019a2e09dd59f41eca0dd525cd98cf08f7d460b3ada,unknown,package,zip,2026-07-24 19:08:21,MalwareBazaar
SSDEEP,393216:SxFJtiuVvaJP6lJtF6oardIX2+nj1orLUWlmJw1fsFi1M:Sptiu8duJL6HrdEdJ+kc1M,883febd02d7bd5e48415a019a2e09dd59f41eca0dd525cd98cf08f7d460b3ada,unknown,package,zip,2026-07-24 19:08:21,MalwareBazaar
MD5,746f95c6b03e97f0dd472f57cbe6325c,96737aef7e5a7fe87e22b90d2efc5552b9b2d825acb83008ef190c4341441361,Mirai,pm68k,elf,2026-07-24 18:57:52,MalwareBazaar
SHA-1,e7e3857b9e607a884a1ed07e8d09aab41c8c81f8,96737aef7e5a7fe87e22b90d2efc5552b9b2d825acb83008ef190c4341441361,Mirai,pm68k,elf,2026-07-24 18:57:52,MalwareBazaar
SHA-256,96737aef7e5a7fe87e22b90d2efc5552b9b2d825acb83008ef190c4341441361,96737aef7e5a7fe87e22b90d2efc5552b9b2d825acb83008ef190c4341441361,Mirai,pm68k,elf,2026-07-24 18:57:52,MalwareBazaar
SHA3-384,9ca48bb6ee0f552a9ca1416c40e4aa64569f3521a16a49817d09854911d292071f3177d54ef63b1c76e4ea34bc7d7050,96737aef7e5a7fe87e22b90d2efc5552b9b2d825acb83008ef190c4341441361,Mirai,pm68k,elf,2026-07-24 18:57:52,MalwareBazaar
TLSH,T180832997F400EDBDF80AD77B44634906B230A39115830F36A79BBA67FD761A45826FC2,96737aef7e5a7fe87e22b90d2efc5552b9b2d825acb83008ef190c4341441361,Mirai,pm68k,elf,2026-07-24 18:57:52,MalwareBazaar
SSDEEP,1536:MJG37Rd01JJtttR67TDzHFZff8FrbNNfY/tuinZJvHIVwCCpeSLBXcOx:MJGLRt/zHFZfSTgtnnz4Cpe6eOx,96737aef7e5a7fe87e22b90d2efc5552b9b2d825acb83008ef190c4341441361,Mirai,pm68k,elf,2026-07-24 18:57:52,MalwareBazaar
MD5,282131cb99844aaa1a507b33fa9436b0,4050fcdd7b54c3f49bc887f766a3ae45f434c17dee70b5e29c411b63e3561694,unknown,lil,sh,2026-07-24 18:56:50,MalwareBazaar
SHA-1,35ecd9fe081d08a9ce461607b590d1efcbb7ad87,4050fcdd7b54c3f49bc887f766a3ae45f434c17dee70b5e29c411b63e3561694,unknown,lil,sh,2026-07-24 18:56:50,MalwareBazaar
SHA-256,4050fcdd7b54c3f49bc887f766a3ae45f434c17dee70b5e29c411b63e3561694,4050fcdd7b54c3f49bc887f766a3ae45f434c17dee70b5e29c411b63e3561694,unknown,lil,sh,2026-07-24 18:56:50,MalwareBazaar
SHA3-384,3e64251e402dda7824a23cf3be43a410b18ee51300fa9e79bd031b99586674a0b8f561e8b074f2739ea7ba621a0da733,4050fcdd7b54c3f49bc887f766a3ae45f434c17dee70b5e29c411b63e3561694,unknown,lil,sh,2026-07-24 18:56:50,MalwareBazaar
TLSH,T16C0112CAD1209A1080DF946D23D72164F860C3C6191E0FAAFF5CA43E9BA5E04F067F84,4050fcdd7b54c3f49bc887f766a3ae45f434c17dee70b5e29c411b63e3561694,unknown,lil,sh,2026-07-24 18:56:50,MalwareBazaar
SSDEEP,12:dOXOsYxcysE+vhCFN0zvy/RQvZowHkaMEC3ixiS51Ctzsw9WvCw1HuCP321CsX:kXCKysE2hi0ziQvZohazR16sPjM2efX,4050fcdd7b54c3f49bc887f766a3ae45f434c17dee70b5e29c411b63e3561694,unknown,lil,sh,2026-07-24 18:56:50,MalwareBazaar
MD5,86e18d8f44519422eb1abb2bbf1af3af,101e96f4e4969ebb541f1476446ef7c57f86d53fa187c1b1cf12f5966582f06a,Mirai,yIB,elf,2026-07-24 18:56:49,MalwareBazaar
SHA-1,b4e38609174b0b6c33af1ce422b87ca68b90d65a,101e96f4e4969ebb541f1476446ef7c57f86d53fa187c1b1cf12f5966582f06a,Mirai,yIB,elf,2026-07-24 18:56:49,MalwareBazaar
SHA-256,101e96f4e4969ebb541f1476446ef7c57f86d53fa187c1b1cf12f5966582f06a,101e96f4e4969ebb541f1476446ef7c57f86d53fa187c1b1cf12f5966582f06a,Mirai,yIB,elf,2026-07-24 18:56:49,MalwareBazaar
SHA3-384,d7fc0343538f73c8d2461b82e55e15ecd3e272ffdb093bb744963a07f7a2444bc6ce0ee89e3b5ab5a6663f0e16dd0bed,101e96f4e4969ebb541f1476446ef7c57f86d53fa187c1b1cf12f5966582f06a,Mirai,yIB,elf,2026-07-24 18:56:49,MalwareBazaar
TLSH,T1E783076AB9409F15D4D522BAFF5E428A33535BBCE3EE7103DE142B6527CA91B0F3A401,101e96f4e4969ebb541f1476446ef7c57f86d53fa187c1b1cf12f5966582f06a,Mirai,yIB,elf,2026-07-24 18:56:49,MalwareBazaar
TELFHASH,t185f08b718d484ac806e441cab7de4b268e48f1392b110e26b7ecbd1bc2a29a16b1a546,101e96f4e4969ebb541f1476446ef7c57f86d53fa187c1b1cf12f5966582f06a,Mirai,yIB,elf,2026-07-24 18:56:49,MalwareBazaar
SSDEEP,1536:NjnoHINVl3QbqpYs3Y5EMFDGRcxwCp+sNJqPBOMubwllH7ilvpZbmpVq:OHAQ+UB0Cp+sNJqPBOVygvpg,101e96f4e4969ebb541f1476446ef7c57f86d53fa187c1b1cf12f5966582f06a,Mirai,yIB,elf,2026-07-24 18:56:49,MalwareBazaar
MD5,bd7af6357eba37c0c590254a3a4d30f5,65bfd692df285fb1442463da9e8ac803c99adace5794d179d98569dbc240e5e5,Mirai,WGGU,elf,2026-07-24 18:56:48,MalwareBazaar
SHA-1,23a9bf3cfff5c38b67b1e0b1c4d328762fb7393f,65bfd692df285fb1442463da9e8ac803c99adace5794d179d98569dbc240e5e5,Mirai,WGGU,elf,2026-07-24 18:56:48,MalwareBazaar
SHA-256,65bfd692df285fb1442463da9e8ac803c99adace5794d179d98569dbc240e5e5,65bfd692df285fb1442463da9e8ac803c99adace5794d179d98569dbc240e5e5,Mirai,WGGU,elf,2026-07-24 18:56:48,MalwareBazaar
SHA3-384,6c60af12320b391c2f4975c64ba366a0cb4ab32d1a5f3a3c374f8b3f14e9433e5a31d6b90be66367c3598692f1ebbc06,65bfd692df285fb1442463da9e8ac803c99adace5794d179d98569dbc240e5e5,Mirai,WGGU,elf,2026-07-24 18:56:48,MalwareBazaar
TLSH,T181632A65B9819F26C1C926B7FF1D8349331723A8E3EB7113DA192FA533CB91A0D3A151,65bfd692df285fb1442463da9e8ac803c99adace5794d179d98569dbc240e5e5,Mirai,WGGU,elf,2026-07-24 18:56:48,MalwareBazaar
TELFHASH,t1f4f0f6f559aa58d82ee8c18a1a9f66104668b2f123541b1c32c4bf8185e399bfb0551d,65bfd692df285fb1442463da9e8ac803c99adace5794d179d98569dbc240e5e5,Mirai,WGGU,elf,2026-07-24 18:56:48,MalwareBazaar
SSDEEP,1536:Km48+gzTP6Qz385lNHICc/abD0IX1JzJ5bNRa3ZcvrFf1zPuZCtD:Km48hz7RmVc2N1JzJtN4pArFf1zu,65bfd692df285fb1442463da9e8ac803c99adace5794d179d98569dbc240e5e5,Mirai,WGGU,elf,2026-07-24 18:56:48,MalwareBazaar
MD5,89c142f2e12894f4651b9c299aed7ed2,d3fb0d73ca716b74a648140c337eeed209ffcce0dc18c1df77152ae63df46106,Mirai,8oZ,elf,2026-07-24 18:54:50,MalwareBazaar
SHA-1,7771aa97ffeb2b2fb749138395ca57f59d59cdff,d3fb0d73ca716b74a648140c337eeed209ffcce0dc18c1df77152ae63df46106,Mirai,8oZ,elf,2026-07-24 18:54:50,MalwareBazaar
SHA-256,d3fb0d73ca716b74a648140c337eeed209ffcce0dc18c1df77152ae63df46106,d3fb0d73ca716b74a648140c337eeed209ffcce0dc18c1df77152ae63df46106,Mirai,8oZ,elf,2026-07-24 18:54:50,MalwareBazaar
SHA3-384,be45066b07d8c75ffc81e0b03f8f8c51e85f40bf3424598ebfe49253988945bc9af0168f0b7d6df9cc9485f5bcc518f5,d3fb0d73ca716b74a648140c337eeed209ffcce0dc18c1df77152ae63df46106,Mirai,8oZ,elf,2026-07-24 18:54:50,MalwareBazaar
TLSH,T13CA3C70AEF615DB7DC1BDD3709AC074234CCAA0B71683B753578D528BA4A94B8AD3CB4,d3fb0d73ca716b74a648140c337eeed209ffcce0dc18c1df77152ae63df46106,Mirai,8oZ,elf,2026-07-24 18:54:50,MalwareBazaar
SSDEEP,1536:JYPyhr8RZSikFTjXBq6K/YiDpuIHwJaOZSf/l5ec7rvkgzHyxmG6+:wyWkikFTjXg6K/BoBGv,d3fb0d73ca716b74a648140c337eeed209ffcce0dc18c1df77152ae63df46106,Mirai,8oZ,elf,2026-07-24 18:54:50,MalwareBazaar
MD5,35389614354d6b040ce2f19d269db200,459db6445a4c6d0f54d53682b1d512eb78a4e8213f2d45c913345f7e3f36fd47,unknown,default.dat,exe,2026-07-24 18:52:10,MalwareBazaar
SHA-1,7c57834b2c03da0f28ac87f41ce7a8b3b173d539,459db6445a4c6d0f54d53682b1d512eb78a4e8213f2d45c913345f7e3f36fd47,unknown,default.dat,exe,2026-07-24 18:52:10,MalwareBazaar
SHA-256,459db6445a4c6d0f54d53682b1d512eb78a4e8213f2d45c913345f7e3f36fd47,459db6445a4c6d0f54d53682b1d512eb78a4e8213f2d45c913345f7e3f36fd47,unknown,default.dat,exe,2026-07-24 18:52:10,MalwareBazaar
SHA3-384,66796ca9a0133ce0d95bca1469a9b4b6fbe85a52bcff8947af764e4d312d9a1e846f92bc31efe3b126813c29c52b49af,459db6445a4c6d0f54d53682b1d512eb78a4e8213f2d45c913345f7e3f36fd47,unknown,default.dat,exe,2026-07-24 18:52:10,MalwareBazaar
IMPHASH,dcaf48c1f10b0efa0a4472200f3850ed,459db6445a4c6d0f54d53682b1d512eb78a4e8213f2d45c913345f7e3f36fd47,unknown,default.dat,exe,2026-07-24 18:52:10,MalwareBazaar
TLSH,T15FE63328FDE811DEEEB3423CB9910686F9B9B4664731CAC757984691AE532F04C3CB53,459db6445a4c6d0f54d53682b1d512eb78a4e8213f2d45c913345f7e3f36fd47,unknown,default.dat,exe,2026-07-24 18:52:10,MalwareBazaar
SSDEEP,393216:1NFVD3VH9rGsfz4OLumB/fmtXMCHWUjXXcuI3/PGTAI:1dD3VHgsPLFtOtXMb8XsH/O7,459db6445a4c6d0f54d53682b1d512eb78a4e8213f2d45c913345f7e3f36fd47,unknown,default.dat,exe,2026-07-24 18:52:10,MalwareBazaar
ICON-DHASH,70f0e8e8e8e8f0f0,459db6445a4c6d0f54d53682b1d512eb78a4e8213f2d45c913345f7e3f36fd47,unknown,default.dat,exe,2026-07-24 18:52:10,MalwareBazaar
MD5,20c3eda9907ec87d3452ac94aba6fe6a,11ded70119970468d97aaf6478aae47f55635b03613f22a34ac758c07ab0d9fb,Mirai,pppc,elf,2026-07-24 18:51:29,MalwareBazaar
SHA-1,29a3f9c850d2cac449fdc27aab2175839d3db198,11ded70119970468d97aaf6478aae47f55635b03613f22a34ac758c07ab0d9fb,Mirai,pppc,elf,2026-07-24 18:51:29,MalwareBazaar
SHA-256,11ded70119970468d97aaf6478aae47f55635b03613f22a34ac758c07ab0d9fb,11ded70119970468d97aaf6478aae47f55635b03613f22a34ac758c07ab0d9fb,Mirai,pppc,elf,2026-07-24 18:51:29,MalwareBazaar
SHA3-384,56cc9cf96e1788c3f230e7cef0ff001300669509c4fa94d0ef72b76e5ebe5a950378991c43afc4d2c4e988224b259b29,11ded70119970468d97aaf6478aae47f55635b03613f22a34ac758c07ab0d9fb,Mirai,pppc,elf,2026-07-24 18:51:29,MalwareBazaar
TLSH,T135633B42B31C0E47D1635DB02A3F27E183AEA99021F4F789651EDB869276E335186FCD,11ded70119970468d97aaf6478aae47f55635b03613f22a34ac758c07ab0d9fb,Mirai,pppc,elf,2026-07-24 18:51:29,MalwareBazaar
SSDEEP,1536:3F7asWDJ+kmwvsnx8ibKznb5nMTOsQJ7EOUHDeIxS5Yy5pn1rHs/CynT:3F7asWDJ+kmwvsqKj+YDeIg516nT,11ded70119970468d97aaf6478aae47f55635b03613f22a34ac758c07ab0d9fb,Mirai,pppc,elf,2026-07-24 18:51:29,MalwareBazaar
MD5,0c765a327ab66486b37cb9f8a92ac503,9a0ff3d3112ba7b9b241e587b0e09f9c7e27a938fe2b9cfb228de12ac78cca04,ValleyRAT,0c765a327ab66486b37cb9f8a92ac503.exe,exe,2026-07-24 18:50:08,MalwareBazaar
SHA-1,15dd644d00e2f57ec093249b4b6d2a8f797dbf0f,9a0ff3d3112ba7b9b241e587b0e09f9c7e27a938fe2b9cfb228de12ac78cca04,ValleyRAT,0c765a327ab66486b37cb9f8a92ac503.exe,exe,2026-07-24 18:50:08,MalwareBazaar
SHA-256,9a0ff3d3112ba7b9b241e587b0e09f9c7e27a938fe2b9cfb228de12ac78cca04,9a0ff3d3112ba7b9b241e587b0e09f9c7e27a938fe2b9cfb228de12ac78cca04,ValleyRAT,0c765a327ab66486b37cb9f8a92ac503.exe,exe,2026-07-24 18:50:08,MalwareBazaar
SHA3-384,9c4b57fedcae3f6f5008583376431d2ecbc5ddef1946309cc4021c6c9e3f4496b61d7920cac30969ea74c2e3f553e809,9a0ff3d3112ba7b9b241e587b0e09f9c7e27a938fe2b9cfb228de12ac78cca04,ValleyRAT,0c765a327ab66486b37cb9f8a92ac503.exe,exe,2026-07-24 18:50:08,MalwareBazaar
IMPHASH,59a7dc582f22be673d298b13fa89ab62,9a0ff3d3112ba7b9b241e587b0e09f9c7e27a938fe2b9cfb228de12ac78cca04,ValleyRAT,0c765a327ab66486b37cb9f8a92ac503.exe,exe,2026-07-24 18:50:08,MalwareBazaar
TLSH,T1DC368E36F75942B1C8F780F0725D7225A96CB165833452C377C08BE96B22AD47E7A3CA,9a0ff3d3112ba7b9b241e587b0e09f9c7e27a938fe2b9cfb228de12ac78cca04,ValleyRAT,0c765a327ab66486b37cb9f8a92ac503.exe,exe,2026-07-24 18:50:08,MalwareBazaar
SSDEEP,98304:bEIL2C3iWwn75kSwcDUiq5Lkp66e9HKIj5TgERL+ZTKgJS:bEILH3iWwn75kSwC+pkp66exKIj50mLH,9a0ff3d3112ba7b9b241e587b0e09f9c7e27a938fe2b9cfb228de12ac78cca04,ValleyRAT,0c765a327ab66486b37cb9f8a92ac503.exe,exe,2026-07-24 18:50:08,MalwareBazaar
