type,value,sha256,malware_family,file_name,file_type,first_seen,source
MD5,927df5bb8cf28f405f40a6bdb0e8d0ad,f76ea26f6031ebd63e849b1c41bf6a6255d8291e47482617557fd73154ce445f,Mirai,sora.arm7,elf,2026-07-21 03:43:52,MalwareBazaar
SHA-1,b6a46b1086dddad647f980c7ed127b9082033d60,f76ea26f6031ebd63e849b1c41bf6a6255d8291e47482617557fd73154ce445f,Mirai,sora.arm7,elf,2026-07-21 03:43:52,MalwareBazaar
SHA-256,f76ea26f6031ebd63e849b1c41bf6a6255d8291e47482617557fd73154ce445f,f76ea26f6031ebd63e849b1c41bf6a6255d8291e47482617557fd73154ce445f,Mirai,sora.arm7,elf,2026-07-21 03:43:52,MalwareBazaar
SHA3-384,3e95ce18034b84d20b4e40c13717df9cab8bfacc9121755eacda4cbb799ca3a9601312626457c45c75c7f2c16bf036aa,f76ea26f6031ebd63e849b1c41bf6a6255d8291e47482617557fd73154ce445f,Mirai,sora.arm7,elf,2026-07-21 03:43:52,MalwareBazaar
TLSH,T183E33B85EA408A13C0D61776FAAF41493322DB55E3DB73079D189FF43FC6A9E0E26606,f76ea26f6031ebd63e849b1c41bf6a6255d8291e47482617557fd73154ce445f,Mirai,sora.arm7,elf,2026-07-21 03:43:52,MalwareBazaar
TELFHASH,t114211471173596256e60ce9c99eda771122887131389ff33df3584eca50909ee63ac4f,f76ea26f6031ebd63e849b1c41bf6a6255d8291e47482617557fd73154ce445f,Mirai,sora.arm7,elf,2026-07-21 03:43:52,MalwareBazaar
SSDEEP,3072:sqlhEFZBB9qPoLmpMguHcUlVUHalw7WguH0vsfC0XxmjX5Xa/NOL9eXgIncdV82J:sqlhEFZBTqPoLmpMguHcUlVUHalw7WgF,f76ea26f6031ebd63e849b1c41bf6a6255d8291e47482617557fd73154ce445f,Mirai,sora.arm7,elf,2026-07-21 03:43:52,MalwareBazaar
MD5,050ca58f47acc067ac400b9f9ab07fd5,9650b84c44403decb656beab529c70fc1ec02bafa9d70f7694c381998bbea22d,Mirai,sora.arm7,elf,2026-07-21 03:42:53,MalwareBazaar
SHA-1,d2298aad53870adadd0a8c7700748586fc689c9e,9650b84c44403decb656beab529c70fc1ec02bafa9d70f7694c381998bbea22d,Mirai,sora.arm7,elf,2026-07-21 03:42:53,MalwareBazaar
SHA-256,9650b84c44403decb656beab529c70fc1ec02bafa9d70f7694c381998bbea22d,9650b84c44403decb656beab529c70fc1ec02bafa9d70f7694c381998bbea22d,Mirai,sora.arm7,elf,2026-07-21 03:42:53,MalwareBazaar
SHA3-384,9baea4fa2782f92250ab7e49e5330c9f7718585f356db113b1e823c9a070d62d0c6c480b0d499003c9942ec8eecf4ca6,9650b84c44403decb656beab529c70fc1ec02bafa9d70f7694c381998bbea22d,Mirai,sora.arm7,elf,2026-07-21 03:42:53,MalwareBazaar
TLSH,T1E633027257AE6DE151B09737FC32EC1A669C17F8996B30DA2CF09A1973C58014EF2782,9650b84c44403decb656beab529c70fc1ec02bafa9d70f7694c381998bbea22d,Mirai,sora.arm7,elf,2026-07-21 03:42:53,MalwareBazaar
SSDEEP,1536:d9O/ZMAXIxNUk07LcPqF1aBexo4opKZb5:d9O/ZNKy/LGqFUFU,9650b84c44403decb656beab529c70fc1ec02bafa9d70f7694c381998bbea22d,Mirai,sora.arm7,elf,2026-07-21 03:42:53,MalwareBazaar
MD5,386529af136fe96a23da6aaa39711e2b,108ef7e628d7a20bd6241a5b57149e27a6061f467123eb64061975559f8f73dc,unknown,wmaines_rmm_v2.5.0.67_oid3f4ebaba-6585-48d9-82be-4e2f3124e8b3_bid8etMwZceBUaX5sZKZactsw.exe,exe,2026-07-21 03:37:21,MalwareBazaar
SHA-1,f34330d4c6e0aa978dc3af40360c14b31ad51127,108ef7e628d7a20bd6241a5b57149e27a6061f467123eb64061975559f8f73dc,unknown,wmaines_rmm_v2.5.0.67_oid3f4ebaba-6585-48d9-82be-4e2f3124e8b3_bid8etMwZceBUaX5sZKZactsw.exe,exe,2026-07-21 03:37:21,MalwareBazaar
SHA-256,108ef7e628d7a20bd6241a5b57149e27a6061f467123eb64061975559f8f73dc,108ef7e628d7a20bd6241a5b57149e27a6061f467123eb64061975559f8f73dc,unknown,wmaines_rmm_v2.5.0.67_oid3f4ebaba-6585-48d9-82be-4e2f3124e8b3_bid8etMwZceBUaX5sZKZactsw.exe,exe,2026-07-21 03:37:21,MalwareBazaar
SHA3-384,00b477773896c21aeca2c63acf8c1b1d4f5f1efc820a80593f232af03a0c64be6da25af4c4097cd70b289fc5087ac44b,108ef7e628d7a20bd6241a5b57149e27a6061f467123eb64061975559f8f73dc,unknown,wmaines_rmm_v2.5.0.67_oid3f4ebaba-6585-48d9-82be-4e2f3124e8b3_bid8etMwZceBUaX5sZKZactsw.exe,exe,2026-07-21 03:37:21,MalwareBazaar
IMPHASH,12082e77cfc7e34f96f21f95764c8ac3,108ef7e628d7a20bd6241a5b57149e27a6061f467123eb64061975559f8f73dc,unknown,wmaines_rmm_v2.5.0.67_oid3f4ebaba-6585-48d9-82be-4e2f3124e8b3_bid8etMwZceBUaX5sZKZactsw.exe,exe,2026-07-21 03:37:21,MalwareBazaar
TLSH,T1E30733907CA4F70EDCA8D438C97053F041EB0EEDF6769017A4A27E6237B7293D69A845,108ef7e628d7a20bd6241a5b57149e27a6061f467123eb64061975559f8f73dc,unknown,wmaines_rmm_v2.5.0.67_oid3f4ebaba-6585-48d9-82be-4e2f3124e8b3_bid8etMwZceBUaX5sZKZactsw.exe,exe,2026-07-21 03:37:21,MalwareBazaar
SSDEEP,393216:Sz0LnfhNw32VNelklzfhSecSpv5JwuFUvmB8leDOgwtEI0ppjagOibnaE4qX5y:SzMnsA88tSxe5JhUvmO0DOgXOgOijacQ,108ef7e628d7a20bd6241a5b57149e27a6061f467123eb64061975559f8f73dc,unknown,wmaines_rmm_v2.5.0.67_oid3f4ebaba-6585-48d9-82be-4e2f3124e8b3_bid8etMwZceBUaX5sZKZactsw.exe,exe,2026-07-21 03:37:21,MalwareBazaar
ICON-DHASH,4d71736169453333,108ef7e628d7a20bd6241a5b57149e27a6061f467123eb64061975559f8f73dc,unknown,wmaines_rmm_v2.5.0.67_oid3f4ebaba-6585-48d9-82be-4e2f3124e8b3_bid8etMwZceBUaX5sZKZactsw.exe,exe,2026-07-21 03:37:21,MalwareBazaar
MD5,34692b5f1b71ecaa289c1c152999ad17,628293254de28ceb33d8905f928da292d0e31897a8825bbccaefed10536b0a9e,unknown,default.dat,exe,2026-07-21 02:52:09,MalwareBazaar
SHA-1,337219a925626b7d61994a8a17905bb30e288ebd,628293254de28ceb33d8905f928da292d0e31897a8825bbccaefed10536b0a9e,unknown,default.dat,exe,2026-07-21 02:52:09,MalwareBazaar
SHA-256,628293254de28ceb33d8905f928da292d0e31897a8825bbccaefed10536b0a9e,628293254de28ceb33d8905f928da292d0e31897a8825bbccaefed10536b0a9e,unknown,default.dat,exe,2026-07-21 02:52:09,MalwareBazaar
SHA3-384,1b367231348b89a5709db9f7b4ad21287ceb6439c1f95e90c90e242760c7be3dc0173bd07f5082dcba10e5158cd877a1,628293254de28ceb33d8905f928da292d0e31897a8825bbccaefed10536b0a9e,unknown,default.dat,exe,2026-07-21 02:52:09,MalwareBazaar
IMPHASH,dcaf48c1f10b0efa0a4472200f3850ed,628293254de28ceb33d8905f928da292d0e31897a8825bbccaefed10536b0a9e,unknown,default.dat,exe,2026-07-21 02:52:09,MalwareBazaar
TLSH,T1FCE633281BD4527ED673007CAD9622EBD8AE74700B71C9EF0BA887659C571B14E3E723,628293254de28ceb33d8905f928da292d0e31897a8825bbccaefed10536b0a9e,unknown,default.dat,exe,2026-07-21 02:52:09,MalwareBazaar
SSDEEP,393216:IaY+eHEzv5Ej3AhjoMH6uFm7UXtgxNhXMCHWUjXvcuI3/PGTAI:fYxEt23AddauFGUXtg3hXMb8XkH/O7,628293254de28ceb33d8905f928da292d0e31897a8825bbccaefed10536b0a9e,unknown,default.dat,exe,2026-07-21 02:52:09,MalwareBazaar
ICON-DHASH,e86865e0d8e8ec5a,628293254de28ceb33d8905f928da292d0e31897a8825bbccaefed10536b0a9e,unknown,default.dat,exe,2026-07-21 02:52:09,MalwareBazaar
MD5,3fd762fe2e87352ffa725d1bdd682d32,12552a110d5bcb5f593c40df2e78ce7253cc6103b245adb3029b15d44026f3c0,unknown,arm5,elf,2026-07-21 02:24:48,MalwareBazaar
SHA-1,f9c97c0af0cbaed6854b7c9ad24010ca92160dcd,12552a110d5bcb5f593c40df2e78ce7253cc6103b245adb3029b15d44026f3c0,unknown,arm5,elf,2026-07-21 02:24:48,MalwareBazaar
SHA-256,12552a110d5bcb5f593c40df2e78ce7253cc6103b245adb3029b15d44026f3c0,12552a110d5bcb5f593c40df2e78ce7253cc6103b245adb3029b15d44026f3c0,unknown,arm5,elf,2026-07-21 02:24:48,MalwareBazaar
SHA3-384,dc57378c6fde849dd55e4c4c239f2881f96e8985084fa44840caa08ce128d29dffe21a30bea9ed16958cfe401795926a,12552a110d5bcb5f593c40df2e78ce7253cc6103b245adb3029b15d44026f3c0,unknown,arm5,elf,2026-07-21 02:24:48,MalwareBazaar
TLSH,T118E33B45FC509B26C6D7227BFF4E428D772A1768D3EE320399256F20379A85B0E77242,12552a110d5bcb5f593c40df2e78ce7253cc6103b245adb3029b15d44026f3c0,unknown,arm5,elf,2026-07-21 02:24:48,MalwareBazaar
TELFHASH,t1fce06137df201f9c1bd49136c0f5e11c41b5318a1b214008079daecb4b9b2cdb52853f,12552a110d5bcb5f593c40df2e78ce7253cc6103b245adb3029b15d44026f3c0,unknown,arm5,elf,2026-07-21 02:24:48,MalwareBazaar
SSDEEP,1536:B8fp4C9pYOKQG/qAC8p8o8PFlhN9IPhHetADL/7T5xAzFo4ZXO2JtsSTdB2lE6wy:B/CPfKCJNCEtAn7FazF79qSBHEd,12552a110d5bcb5f593c40df2e78ce7253cc6103b245adb3029b15d44026f3c0,unknown,arm5,elf,2026-07-21 02:24:48,MalwareBazaar
MD5,dcc38510f3241c82412f875c49cbd216,44f4620c1f239c8abba7f0b04b63f2238ed917f1285ebc416d2c2d21adb3a6cf,unknown,arm5,elf,2026-07-21 02:24:37,MalwareBazaar
SHA-1,ad809e10528e0ac74b491f2a9f21c2853243b5b1,44f4620c1f239c8abba7f0b04b63f2238ed917f1285ebc416d2c2d21adb3a6cf,unknown,arm5,elf,2026-07-21 02:24:37,MalwareBazaar
SHA-256,44f4620c1f239c8abba7f0b04b63f2238ed917f1285ebc416d2c2d21adb3a6cf,44f4620c1f239c8abba7f0b04b63f2238ed917f1285ebc416d2c2d21adb3a6cf,unknown,arm5,elf,2026-07-21 02:24:37,MalwareBazaar
SHA3-384,c7c766df33d157dc19e3e17636c895fddad743b93bd699a91d4c8cb66e498c2400f885fb27e7ff129ff72d4c92138399,44f4620c1f239c8abba7f0b04b63f2238ed917f1285ebc416d2c2d21adb3a6cf,unknown,arm5,elf,2026-07-21 02:24:37,MalwareBazaar
TLSH,T1FD43F1324EB39C3181A12439F4358E2B3E6749B0A46B76B5229F997D84EC58532ED3CD,44f4620c1f239c8abba7f0b04b63f2238ed917f1285ebc416d2c2d21adb3a6cf,unknown,arm5,elf,2026-07-21 02:24:37,MalwareBazaar
SSDEEP,1536:P92I0ScfFmRNzOy/WpzM//IoMjrIDKj0C:QI0duzOy/WpI/gBj8tC,44f4620c1f239c8abba7f0b04b63f2238ed917f1285ebc416d2c2d21adb3a6cf,unknown,arm5,elf,2026-07-21 02:24:37,MalwareBazaar
MD5,7957bf772a86d49fde270c135de93bf4,db99e7a9d7ba73fbdcf2e0c9d6a7efb496beb29f87d00ddccff1825c641d1bf4,unknown,k.php,sh,2026-07-21 02:19:15,MalwareBazaar
SHA-1,466c9fadc4bdaff7422b479fdb77eace85a8e88e,db99e7a9d7ba73fbdcf2e0c9d6a7efb496beb29f87d00ddccff1825c641d1bf4,unknown,k.php,sh,2026-07-21 02:19:15,MalwareBazaar
SHA-256,db99e7a9d7ba73fbdcf2e0c9d6a7efb496beb29f87d00ddccff1825c641d1bf4,db99e7a9d7ba73fbdcf2e0c9d6a7efb496beb29f87d00ddccff1825c641d1bf4,unknown,k.php,sh,2026-07-21 02:19:15,MalwareBazaar
SHA3-384,4206ac85024045568013e686dd75c163e32485b72b9cad48b63242fbf38bbd5e33a64e2ee635914a86eca94fbcd58a1f,db99e7a9d7ba73fbdcf2e0c9d6a7efb496beb29f87d00ddccff1825c641d1bf4,unknown,k.php,sh,2026-07-21 02:19:15,MalwareBazaar
TLSH,T18C236C651A857C149E99C4371D7E2F0CB9AD43E6320852DE7FCB3CF28C8AA9D920971D,db99e7a9d7ba73fbdcf2e0c9d6a7efb496beb29f87d00ddccff1825c641d1bf4,unknown,k.php,sh,2026-07-21 02:19:15,MalwareBazaar
SSDEEP,768:CVEJVIhtMV9GKYpr9GKYp82fkR4nnA9GKYpr9GKYp82fkR4nnS:YEJ2MGcr,db99e7a9d7ba73fbdcf2e0c9d6a7efb496beb29f87d00ddccff1825c641d1bf4,unknown,k.php,sh,2026-07-21 02:19:15,MalwareBazaar
MD5,41149b65e88f1807a83269dc1535f6ed,dc745c186d00780cc85dd82adf4186441935ebc6547e375d778eaffb5dbe9305,unknown,softinst.873360017.msi,msi,2026-07-21 02:16:36,MalwareBazaar
SHA-1,fa6bcae7978bc960c587fb2682fa5ad156962e0a,dc745c186d00780cc85dd82adf4186441935ebc6547e375d778eaffb5dbe9305,unknown,softinst.873360017.msi,msi,2026-07-21 02:16:36,MalwareBazaar
SHA-256,dc745c186d00780cc85dd82adf4186441935ebc6547e375d778eaffb5dbe9305,dc745c186d00780cc85dd82adf4186441935ebc6547e375d778eaffb5dbe9305,unknown,softinst.873360017.msi,msi,2026-07-21 02:16:36,MalwareBazaar
SHA3-384,82ec93a16c389be3889ae8564f0bdcfeef054c9d4062207c5fbca6cbcb308fdcbebf525e7e48c97ca95043842f8e6090,dc745c186d00780cc85dd82adf4186441935ebc6547e375d778eaffb5dbe9305,unknown,softinst.873360017.msi,msi,2026-07-21 02:16:36,MalwareBazaar
TLSH,T18F8633E4BC8A2331C1ABD3B19646357DB02C7FE1BFA78C437AE03B281E726169075655,dc745c186d00780cc85dd82adf4186441935ebc6547e375d778eaffb5dbe9305,unknown,softinst.873360017.msi,msi,2026-07-21 02:16:36,MalwareBazaar
SSDEEP,196608:EK+X5nrYVBbqyTSA2EgREpbF1l3MkXloeNuH2iPupiRrey:0pnrYTqyuA28nDloeYWm+3y,dc745c186d00780cc85dd82adf4186441935ebc6547e375d778eaffb5dbe9305,unknown,softinst.873360017.msi,msi,2026-07-21 02:16:36,MalwareBazaar
MD5,dceeadcf0b77afca511c5a8caf653b0f,941bae04b8307eff2faa47f60c59298717d218e06c4e716ff576dc9cf0363ddb,unknown,p,sh,2026-07-21 01:52:36,MalwareBazaar
SHA-1,87f75ccce73b499013e72bac644f174f21d82027,941bae04b8307eff2faa47f60c59298717d218e06c4e716ff576dc9cf0363ddb,unknown,p,sh,2026-07-21 01:52:36,MalwareBazaar
SHA-256,941bae04b8307eff2faa47f60c59298717d218e06c4e716ff576dc9cf0363ddb,941bae04b8307eff2faa47f60c59298717d218e06c4e716ff576dc9cf0363ddb,unknown,p,sh,2026-07-21 01:52:36,MalwareBazaar
SHA3-384,533a2a342a21979a9700dd3aba69fd3c702d0cd526547c4b292f7b11e79df03eb3498074a3ff7a722055d4266b0cb216,941bae04b8307eff2faa47f60c59298717d218e06c4e716ff576dc9cf0363ddb,unknown,p,sh,2026-07-21 01:52:36,MalwareBazaar
TLSH,T15801ABCAD250951085699A1E669762E0B430C3C6169B0B687FACD83DEB9CE14F16AF88,941bae04b8307eff2faa47f60c59298717d218e06c4e716ff576dc9cf0363ddb,unknown,p,sh,2026-07-21 01:52:36,MalwareBazaar
SSDEEP,24:kXCKysE2hi0ziQvZoha1a8UnMar2jF7727:e9Qp+MsxUnMaKjVC7,941bae04b8307eff2faa47f60c59298717d218e06c4e716ff576dc9cf0363ddb,unknown,p,sh,2026-07-21 01:52:36,MalwareBazaar
MD5,9d9debe827b125fa52e76692b0d6d25a,26dfbed73c43b51a8b0b2136e35f78bd987aff9fd163c5c7abaeca4ce639ae17,unknown,default.dat,exe,2026-07-21 01:52:08,MalwareBazaar
SHA-1,60e2f3ee0d06652eacfc71d1c36f503d68b28988,26dfbed73c43b51a8b0b2136e35f78bd987aff9fd163c5c7abaeca4ce639ae17,unknown,default.dat,exe,2026-07-21 01:52:08,MalwareBazaar
SHA-256,26dfbed73c43b51a8b0b2136e35f78bd987aff9fd163c5c7abaeca4ce639ae17,26dfbed73c43b51a8b0b2136e35f78bd987aff9fd163c5c7abaeca4ce639ae17,unknown,default.dat,exe,2026-07-21 01:52:08,MalwareBazaar
SHA3-384,942aa6fae9abbc742e595e4d5c15c51f300883976cdc3d759e0c397222257c9d859e7dc7ab956eeb294aabf2e7a56105,26dfbed73c43b51a8b0b2136e35f78bd987aff9fd163c5c7abaeca4ce639ae17,unknown,default.dat,exe,2026-07-21 01:52:08,MalwareBazaar
IMPHASH,dcaf48c1f10b0efa0a4472200f3850ed,26dfbed73c43b51a8b0b2136e35f78bd987aff9fd163c5c7abaeca4ce639ae17,unknown,default.dat,exe,2026-07-21 01:52:08,MalwareBazaar
TLSH,T152E6331866F812BDDAB3513DEBB19561D0E7B03A0762CC8B5B9893B16D132E04D3E793,26dfbed73c43b51a8b0b2136e35f78bd987aff9fd163c5c7abaeca4ce639ae17,unknown,default.dat,exe,2026-07-21 01:52:08,MalwareBazaar
SSDEEP,393216:eBOvQTtRbwgL+1XPYWwC3y6bXMCHWUjXNcuI3/PGTAI:eB9BFwm+1fUCxbXMb8X6H/O7,26dfbed73c43b51a8b0b2136e35f78bd987aff9fd163c5c7abaeca4ce639ae17,unknown,default.dat,exe,2026-07-21 01:52:08,MalwareBazaar
ICON-DHASH,d4b87cbc8cc47030,26dfbed73c43b51a8b0b2136e35f78bd987aff9fd163c5c7abaeca4ce639ae17,unknown,default.dat,exe,2026-07-21 01:52:08,MalwareBazaar
MD5,1954f3708f4785957a7856dc9bd991c3,238938a735d49263fa104db44584978eb478d6fee9617881c60762f621715325,unknown,wr.php,sh,2026-07-21 01:45:24,MalwareBazaar
SHA-1,d5687aebef68c95a92b00096f425a7e75e5257f3,238938a735d49263fa104db44584978eb478d6fee9617881c60762f621715325,unknown,wr.php,sh,2026-07-21 01:45:24,MalwareBazaar
SHA-256,238938a735d49263fa104db44584978eb478d6fee9617881c60762f621715325,238938a735d49263fa104db44584978eb478d6fee9617881c60762f621715325,unknown,wr.php,sh,2026-07-21 01:45:24,MalwareBazaar
SHA3-384,286f03bfbcdbcbcdea59d7a88434c2d4338b71cfff590ddb0767befc78063cc347ca2ef8c4659e181fdc4cf4d580b3a9,238938a735d49263fa104db44584978eb478d6fee9617881c60762f621715325,unknown,wr.php,sh,2026-07-21 01:45:24,MalwareBazaar
TLSH,T1EEC27C956A867C44BEC94A3E4CBD2B1D6DF5C3D1324942AC3D8A3C71DC11FACD618B1A,238938a735d49263fa104db44584978eb478d6fee9617881c60762f621715325,unknown,wr.php,sh,2026-07-21 01:45:24,MalwareBazaar
SSDEEP,768:u8vCB+25j6es8RXz9FYpMSUpi+20qUpi+20YQX:u8l25Jld2QX,238938a735d49263fa104db44584978eb478d6fee9617881c60762f621715325,unknown,wr.php,sh,2026-07-21 01:45:24,MalwareBazaar
MD5,6d53df1adf583a09e41e673665f819fc,d321b7d4712744fe03084d7a54f53836279e19b9c35426990057991146e7d9f1,unknown,lil,sh,2026-07-21 01:13:11,MalwareBazaar
SHA-1,c00b727946875b5691a52d2cf55e7e12da1331ce,d321b7d4712744fe03084d7a54f53836279e19b9c35426990057991146e7d9f1,unknown,lil,sh,2026-07-21 01:13:11,MalwareBazaar
SHA-256,d321b7d4712744fe03084d7a54f53836279e19b9c35426990057991146e7d9f1,d321b7d4712744fe03084d7a54f53836279e19b9c35426990057991146e7d9f1,unknown,lil,sh,2026-07-21 01:13:11,MalwareBazaar
SHA3-384,cb767af8a2d9e6712b1bb5b63ba26696c2e86641c0387baf5d2f0687d9af92bc01431c1700e22210627319a353ed9cd6,d321b7d4712744fe03084d7a54f53836279e19b9c35426990057991146e7d9f1,unknown,lil,sh,2026-07-21 01:13:11,MalwareBazaar
TLSH,T199018ECA86546D0044AADA5D22EB5158F811C3CF1E5A4FB5BFEC6D3DEB95C04B03AF84,d321b7d4712744fe03084d7a54f53836279e19b9c35426990057991146e7d9f1,unknown,lil,sh,2026-07-21 01:13:11,MalwareBazaar
SSDEEP,12:dOXOsYxcysE+vhCFN0zvy/RQvZowHkaDjCGktCD5jCBn8CwFtx8CjX:kXCKysE2hi0ziQvZohaDj2gN1H8oX,d321b7d4712744fe03084d7a54f53836279e19b9c35426990057991146e7d9f1,unknown,lil,sh,2026-07-21 01:13:11,MalwareBazaar
MD5,80edf28f7ec6295cda88970a79ff6efd,901ad9c29b0944a6af9642c4021c80f7959c8d31c7fb7b9a6216e17d12244541,unknown,p,sh,2026-07-21 01:08:59,MalwareBazaar
SHA-1,274e382068a55f5d8a7da48436f7dd548a8888b0,901ad9c29b0944a6af9642c4021c80f7959c8d31c7fb7b9a6216e17d12244541,unknown,p,sh,2026-07-21 01:08:59,MalwareBazaar
SHA-256,901ad9c29b0944a6af9642c4021c80f7959c8d31c7fb7b9a6216e17d12244541,901ad9c29b0944a6af9642c4021c80f7959c8d31c7fb7b9a6216e17d12244541,unknown,p,sh,2026-07-21 01:08:59,MalwareBazaar
SHA3-384,b0150d69a512383b7fa1946094e0609ff18cebdca8ea776b25430b3a4df61cfd9018d915821ee0f27905fc84cd653121,901ad9c29b0944a6af9642c4021c80f7959c8d31c7fb7b9a6216e17d12244541,unknown,p,sh,2026-07-21 01:08:59,MalwareBazaar
TLSH,T14301CECA8650BD00446ADA5D62EB5294F811C3CF0E5A0FB87FDC5D2DFB99804B026F88,901ad9c29b0944a6af9642c4021c80f7959c8d31c7fb7b9a6216e17d12244541,unknown,p,sh,2026-07-21 01:08:59,MalwareBazaar
SSDEEP,12:dOXOsYxcysE+vhCFN0zvy/RQvZowHkaDjCGutCDljCfFn8CwBtx8ClauD:kXCKysE2hi0ziQvZohaDjEghSKj8E7,901ad9c29b0944a6af9642c4021c80f7959c8d31c7fb7b9a6216e17d12244541,unknown,p,sh,2026-07-21 01:08:59,MalwareBazaar
MD5,a23a2fbb43f109cd663fec1fd01b9a0d,e296f65108930c6e5d0fcd0ecd4654099dae322ce118e25fbfe01250dc8e1c29,unknown,default.dat,exe,2026-07-21 00:52:08,MalwareBazaar
SHA-1,ae6c74c8decffa1e2f121d0470729f91ba9fa1a3,e296f65108930c6e5d0fcd0ecd4654099dae322ce118e25fbfe01250dc8e1c29,unknown,default.dat,exe,2026-07-21 00:52:08,MalwareBazaar
SHA-256,e296f65108930c6e5d0fcd0ecd4654099dae322ce118e25fbfe01250dc8e1c29,e296f65108930c6e5d0fcd0ecd4654099dae322ce118e25fbfe01250dc8e1c29,unknown,default.dat,exe,2026-07-21 00:52:08,MalwareBazaar
SHA3-384,72a8948ccc2398f0b5810f8f2a06b8e8fe5c1803efd4c0af39159d84fce0972fe90293c3223926ef127f2fe1fb011abb,e296f65108930c6e5d0fcd0ecd4654099dae322ce118e25fbfe01250dc8e1c29,unknown,default.dat,exe,2026-07-21 00:52:08,MalwareBazaar
IMPHASH,dcaf48c1f10b0efa0a4472200f3850ed,e296f65108930c6e5d0fcd0ecd4654099dae322ce118e25fbfe01250dc8e1c29,unknown,default.dat,exe,2026-07-21 00:52:08,MalwareBazaar
TLSH,T117E633585AE511FFEA73803CD9E225E6F191BC662730C9C747A88390EE573D8897E312,e296f65108930c6e5d0fcd0ecd4654099dae322ce118e25fbfe01250dc8e1c29,unknown,default.dat,exe,2026-07-21 00:52:08,MalwareBazaar
SSDEEP,393216:Tl9X5739W3ij5er2egvfTv326hCABvsFxXhnDlXMCHWUjXgcuI3/PGTAI:TvpBW3tZgHsF7nDlXMb8X1H/O7,e296f65108930c6e5d0fcd0ecd4654099dae322ce118e25fbfe01250dc8e1c29,unknown,default.dat,exe,2026-07-21 00:52:08,MalwareBazaar
ICON-DHASH,007860c0dcf9f100,e296f65108930c6e5d0fcd0ecd4654099dae322ce118e25fbfe01250dc8e1c29,unknown,default.dat,exe,2026-07-21 00:52:08,MalwareBazaar
MD5,6e1959009b0d2e19f3e7f567a42cb3ae,748f3c2705750d776056a58fff76a54251d252f537b5000d54aab46ab4f56db2,unknown,wr.php,sh,2026-07-21 00:52:05,MalwareBazaar
SHA-1,796437e39ca0032afe6c7d61371eddcdf217d8f4,748f3c2705750d776056a58fff76a54251d252f537b5000d54aab46ab4f56db2,unknown,wr.php,sh,2026-07-21 00:52:05,MalwareBazaar
SHA-256,748f3c2705750d776056a58fff76a54251d252f537b5000d54aab46ab4f56db2,748f3c2705750d776056a58fff76a54251d252f537b5000d54aab46ab4f56db2,unknown,wr.php,sh,2026-07-21 00:52:05,MalwareBazaar
SHA3-384,bdd56bbb0cea01ee5e77549687a406f641e40f92c9229dfabbc773aecd5c81cbf4c3dcf3a65e61541b7e8e929f742feb,748f3c2705750d776056a58fff76a54251d252f537b5000d54aab46ab4f56db2,unknown,wr.php,sh,2026-07-21 00:52:05,MalwareBazaar
TLSH,T171C27D966A867C44BEC94A3E4CBD2B1D6DF5C3D1324942AC3D8A3C71DC15F9CC618B1A,748f3c2705750d776056a58fff76a54251d252f537b5000d54aab46ab4f56db2,unknown,wr.php,sh,2026-07-21 00:52:05,MalwareBazaar
SSDEEP,768:vQ8vCB+25j6es8RWYxi9FYpMSUpi+20qUpi+20YQX:vQ8l25JRxEd2QX,748f3c2705750d776056a58fff76a54251d252f537b5000d54aab46ab4f56db2,unknown,wr.php,sh,2026-07-21 00:52:05,MalwareBazaar
MD5,d34577be6469d3d8f366ad160bb57cf7,4413558056659da02a67fb77b30fd223e090468899ba2714ebdf6e0a9b9ff9bc,unknown,k.php,sh,2026-07-21 00:30:48,MalwareBazaar
SHA-1,54ca801a8cc67ca810ac1556fe10d54771af4149,4413558056659da02a67fb77b30fd223e090468899ba2714ebdf6e0a9b9ff9bc,unknown,k.php,sh,2026-07-21 00:30:48,MalwareBazaar
SHA-256,4413558056659da02a67fb77b30fd223e090468899ba2714ebdf6e0a9b9ff9bc,4413558056659da02a67fb77b30fd223e090468899ba2714ebdf6e0a9b9ff9bc,unknown,k.php,sh,2026-07-21 00:30:48,MalwareBazaar
SHA3-384,f65b806d49a9ae7d9a1a7543758da5319fced3b599ba4ce8e2687952a712c21c14e5bec51f2c30bb6058a80a28a4f525,4413558056659da02a67fb77b30fd223e090468899ba2714ebdf6e0a9b9ff9bc,unknown,k.php,sh,2026-07-21 00:30:48,MalwareBazaar
TLSH,T131236C6516857C14AE99C4365C7F2F0CB9AD43E6314492EE7FCE3CF28C4A6AD920871D,4413558056659da02a67fb77b30fd223e090468899ba2714ebdf6e0a9b9ff9bc,unknown,k.php,sh,2026-07-21 00:30:48,MalwareBazaar
SSDEEP,768:4r9NyXsZztCy29GKYpr9GKYp82fkR4nnA9GKYpr9GKYp82fkR4nnS:mHusZ5cr,4413558056659da02a67fb77b30fd223e090468899ba2714ebdf6e0a9b9ff9bc,unknown,k.php,sh,2026-07-21 00:30:48,MalwareBazaar
MD5,0c775fa89dbf20b6b10d609ce8b44703,847866fd99c7898e27069e3f0dce04c6e5e39ba51bb2a86ccc086d51b4320b95,Mirai,debug,elf,2026-07-21 00:26:15,MalwareBazaar
SHA-1,42fd8ea509f26c9fa6ab6c841bda08162021b4dd,847866fd99c7898e27069e3f0dce04c6e5e39ba51bb2a86ccc086d51b4320b95,Mirai,debug,elf,2026-07-21 00:26:15,MalwareBazaar
SHA-256,847866fd99c7898e27069e3f0dce04c6e5e39ba51bb2a86ccc086d51b4320b95,847866fd99c7898e27069e3f0dce04c6e5e39ba51bb2a86ccc086d51b4320b95,Mirai,debug,elf,2026-07-21 00:26:15,MalwareBazaar
SHA3-384,ca4af2f66be4d68ba37ca986997566246767b644de04b8ca44107c612337372a643f04baf4bed1f8a0d6ee226e117b37,847866fd99c7898e27069e3f0dce04c6e5e39ba51bb2a86ccc086d51b4320b95,Mirai,debug,elf,2026-07-21 00:26:15,MalwareBazaar
TLSH,T187A36CD6F243D4F6DC2605346173FF375D72D5BA2329C9C3D3E89A36A822641C91AA8C,847866fd99c7898e27069e3f0dce04c6e5e39ba51bb2a86ccc086d51b4320b95,Mirai,debug,elf,2026-07-21 00:26:15,MalwareBazaar
TELFHASH,t1643103f962761cd4abd09d02f20e6b60be0e7b77642437a305a35934316a992937bc3c,847866fd99c7898e27069e3f0dce04c6e5e39ba51bb2a86ccc086d51b4320b95,Mirai,debug,elf,2026-07-21 00:26:15,MalwareBazaar
SSDEEP,1536:+XeCa/WojVnyrbQM31JP71RTS2ASm6zuWPfSZt6cJasl70QhL3SElCXDBE:5jNmlt71RulYTfOtXJnh0MlCzBE,847866fd99c7898e27069e3f0dce04c6e5e39ba51bb2a86ccc086d51b4320b95,Mirai,debug,elf,2026-07-21 00:26:15,MalwareBazaar
MD5,88050b361ee567b5f6ea2c5f879ae964,3e94cbf359f2bef4c8ef6dd71108455108c00c3b917aadb2015c176d60bbdd9d,Mirai,debug,elf,2026-07-21 00:24:37,MalwareBazaar
SHA-1,76b8eb6fd5cbdaa115b7ae5eb31c6535ccf97288,3e94cbf359f2bef4c8ef6dd71108455108c00c3b917aadb2015c176d60bbdd9d,Mirai,debug,elf,2026-07-21 00:24:37,MalwareBazaar
SHA-256,3e94cbf359f2bef4c8ef6dd71108455108c00c3b917aadb2015c176d60bbdd9d,3e94cbf359f2bef4c8ef6dd71108455108c00c3b917aadb2015c176d60bbdd9d,Mirai,debug,elf,2026-07-21 00:24:37,MalwareBazaar
SHA3-384,572837e2a3bab1147c008d0cc789fdc0f49220823c98cec57e2988b92deccadc3d2eab1b6f4db0c23822a24ff0d01242,3e94cbf359f2bef4c8ef6dd71108455108c00c3b917aadb2015c176d60bbdd9d,Mirai,debug,elf,2026-07-21 00:24:37,MalwareBazaar
TLSH,T10B23F143F66A825EC079997804DF7B07084AB24E30F0796C6F943275AEC5F562B392E7,3e94cbf359f2bef4c8ef6dd71108455108c00c3b917aadb2015c176d60bbdd9d,Mirai,debug,elf,2026-07-21 00:24:37,MalwareBazaar
SSDEEP,768:rN6DL9KkxEBSt/Nsq8ZUjCMnltn6ZdEl6ZP6N1kwaDOtXvSDtL1WjlxFpfCtuf6r:pQBKkxEot/NsbZUTnL6pF64wcOtfGWL+,3e94cbf359f2bef4c8ef6dd71108455108c00c3b917aadb2015c176d60bbdd9d,Mirai,debug,elf,2026-07-21 00:24:37,MalwareBazaar
MD5,f29dd3384847be0e3a3dbcf1b5425b0f,b48be96d4178766e340c72991622f74f66b10791742edc9e326ea77812261288,Mirai,MMaaRRiiOisecTanee.sh4,elf,2026-07-21 00:20:48,MalwareBazaar
SHA-1,8cd5b2570581dc70d358592a45c3c8fef62534ce,b48be96d4178766e340c72991622f74f66b10791742edc9e326ea77812261288,Mirai,MMaaRRiiOisecTanee.sh4,elf,2026-07-21 00:20:48,MalwareBazaar
SHA-256,b48be96d4178766e340c72991622f74f66b10791742edc9e326ea77812261288,b48be96d4178766e340c72991622f74f66b10791742edc9e326ea77812261288,Mirai,MMaaRRiiOisecTanee.sh4,elf,2026-07-21 00:20:48,MalwareBazaar
SHA3-384,cd0b373725a508cb1f6d6bf91a63033dc328ae93e5932cbfd0aa48e7d1559489fa18d55ca9fa6dba3507c7c8990a626a,b48be96d4178766e340c72991622f74f66b10791742edc9e326ea77812261288,Mirai,MMaaRRiiOisecTanee.sh4,elf,2026-07-21 00:20:48,MalwareBazaar
TLSH,T105739D76D0B86D98C5148A34A6AC99B88B17A40467A37FF2C6C1CF654047EFCF2147FA,b48be96d4178766e340c72991622f74f66b10791742edc9e326ea77812261288,Mirai,MMaaRRiiOisecTanee.sh4,elf,2026-07-21 00:20:48,MalwareBazaar
SSDEEP,1536:P/kM1DnBApwt1N0Haa+9mUESf9RwU9K4H00lRCi8G:PMMxnip4cxS1qkdH00D,b48be96d4178766e340c72991622f74f66b10791742edc9e326ea77812261288,Mirai,MMaaRRiiOisecTanee.sh4,elf,2026-07-21 00:20:48,MalwareBazaar
MD5,d365edc46eccf6dfefa8c152dc72581f,ac93242580236d6e3be41e03c6dd00aee95c9b0921cfa9356dc307b5006f9e69,Mirai,MMaaRRiiOisecTanee.arm,elf,2026-07-21 00:20:47,MalwareBazaar
SHA-1,8aecd09641f8c894beb7d1c474d66960e8ac9059,ac93242580236d6e3be41e03c6dd00aee95c9b0921cfa9356dc307b5006f9e69,Mirai,MMaaRRiiOisecTanee.arm,elf,2026-07-21 00:20:47,MalwareBazaar
SHA-256,ac93242580236d6e3be41e03c6dd00aee95c9b0921cfa9356dc307b5006f9e69,ac93242580236d6e3be41e03c6dd00aee95c9b0921cfa9356dc307b5006f9e69,Mirai,MMaaRRiiOisecTanee.arm,elf,2026-07-21 00:20:47,MalwareBazaar
SHA3-384,89e20f4bde973d414a9a66c08f00188bffeed0e816714301cd028ad9ce90e36cbbacc869bd969e407755c04927eb0479,ac93242580236d6e3be41e03c6dd00aee95c9b0921cfa9356dc307b5006f9e69,Mirai,MMaaRRiiOisecTanee.arm,elf,2026-07-21 00:20:47,MalwareBazaar
TLSH,T1BF930782BC81EA16C7D0137BFA6F108E331567D8E1DA3242DD251FA47BCA81F0D6B656,ac93242580236d6e3be41e03c6dd00aee95c9b0921cfa9356dc307b5006f9e69,Mirai,MMaaRRiiOisecTanee.arm,elf,2026-07-21 00:20:47,MalwareBazaar
TELFHASH,t13b418e27ff961acca7ef426d61a5a4191aec34dc1724148a9f3c738f49029c6742e527,ac93242580236d6e3be41e03c6dd00aee95c9b0921cfa9356dc307b5006f9e69,Mirai,MMaaRRiiOisecTanee.arm,elf,2026-07-21 00:20:47,MalwareBazaar
SSDEEP,1536:tBywrO+bV2LkKsZCPgtAURwaxmXzsk0gDmvzdJq9xB8t46bZp67WJJwUw:tBg+bVqkAxJVQJgz84wZzJJI,ac93242580236d6e3be41e03c6dd00aee95c9b0921cfa9356dc307b5006f9e69,Mirai,MMaaRRiiOisecTanee.arm,elf,2026-07-21 00:20:47,MalwareBazaar
MD5,2eaf355629ace12813019e2b59dd7038,0ba8684a96ed25751f1cee251f68437c9030725f8bbebb0bbedad4454ffdea34,Mirai,MMaaRRiiOisecTanee.arm5,elf,2026-07-21 00:20:45,MalwareBazaar
SHA-1,9d80ccb503ca463e7c3c8c351da6ed8928388600,0ba8684a96ed25751f1cee251f68437c9030725f8bbebb0bbedad4454ffdea34,Mirai,MMaaRRiiOisecTanee.arm5,elf,2026-07-21 00:20:45,MalwareBazaar
SHA-256,0ba8684a96ed25751f1cee251f68437c9030725f8bbebb0bbedad4454ffdea34,0ba8684a96ed25751f1cee251f68437c9030725f8bbebb0bbedad4454ffdea34,Mirai,MMaaRRiiOisecTanee.arm5,elf,2026-07-21 00:20:45,MalwareBazaar
SHA3-384,3f836a659f264d73917a44cb47f7f88573065ef8dbf1bf98561e14a1660fd7d5f087f596f512d9da73b315f79eb38b91,0ba8684a96ed25751f1cee251f68437c9030725f8bbebb0bbedad4454ffdea34,Mirai,MMaaRRiiOisecTanee.arm5,elf,2026-07-21 00:20:45,MalwareBazaar
TLSH,T143831982BC41A629C7D0137BEAAF508E3311B7DDD1DA3242DC254FA47ACA91F0D67B46,0ba8684a96ed25751f1cee251f68437c9030725f8bbebb0bbedad4454ffdea34,Mirai,MMaaRRiiOisecTanee.arm5,elf,2026-07-21 00:20:45,MalwareBazaar
TELFHASH,t10ce07d00fc75871c58db9a74dddd07b49500321250574b00cf10d6f0c83f444e308d5e,0ba8684a96ed25751f1cee251f68437c9030725f8bbebb0bbedad4454ffdea34,Mirai,MMaaRRiiOisecTanee.arm5,elf,2026-07-21 00:20:45,MalwareBazaar
SSDEEP,1536:yPjwUUaianjKST+TegqUkyKNXECsvkUEwYCB8t46zG1neU:yPUUUazKeCIyELy84MG,0ba8684a96ed25751f1cee251f68437c9030725f8bbebb0bbedad4454ffdea34,Mirai,MMaaRRiiOisecTanee.arm5,elf,2026-07-21 00:20:45,MalwareBazaar
MD5,8316bec51a88000b6bb7e520271e1b66,12f1d677a4f4dd24a1f21cb02d9dfd0eb5cdc58c69024efe3eb66ebd1fa3562a,Mirai,MMaaRRiiOisecTanee.arm7,elf,2026-07-21 00:20:44,MalwareBazaar
SHA-1,6cef4b1801346487c9794c9831a0a3e156c37762,12f1d677a4f4dd24a1f21cb02d9dfd0eb5cdc58c69024efe3eb66ebd1fa3562a,Mirai,MMaaRRiiOisecTanee.arm7,elf,2026-07-21 00:20:44,MalwareBazaar
SHA-256,12f1d677a4f4dd24a1f21cb02d9dfd0eb5cdc58c69024efe3eb66ebd1fa3562a,12f1d677a4f4dd24a1f21cb02d9dfd0eb5cdc58c69024efe3eb66ebd1fa3562a,Mirai,MMaaRRiiOisecTanee.arm7,elf,2026-07-21 00:20:44,MalwareBazaar
SHA3-384,915fa45430f62dc130b0f2d9219b243f552d8ee84a6701f6d8cd569bfae65012847939823e8096df94fd53b1c501b156,12f1d677a4f4dd24a1f21cb02d9dfd0eb5cdc58c69024efe3eb66ebd1fa3562a,Mirai,MMaaRRiiOisecTanee.arm7,elf,2026-07-21 00:20:44,MalwareBazaar
TLSH,T157F35D86EA408A13C4C61777FAAF014D3322E759E3DB73068D185FB43F86A5E4E67606,12f1d677a4f4dd24a1f21cb02d9dfd0eb5cdc58c69024efe3eb66ebd1fa3562a,Mirai,MMaaRRiiOisecTanee.arm7,elf,2026-07-21 00:20:44,MalwareBazaar
TELFHASH,t10721dfb69b21573a5a61cc5489ee53b2162c97166389ff33ef34848c20190dee63bc5f,12f1d677a4f4dd24a1f21cb02d9dfd0eb5cdc58c69024efe3eb66ebd1fa3562a,Mirai,MMaaRRiiOisecTanee.arm7,elf,2026-07-21 00:20:44,MalwareBazaar
SSDEEP,3072:3PFsu+bVZFpfnHpKhjiYq5YYujSrwGy/tBF1EDfX6OxM/9a8cdAr:f2u+bVZ/nHwMgSrwGy/HF0fKQM/9aldQ,12f1d677a4f4dd24a1f21cb02d9dfd0eb5cdc58c69024efe3eb66ebd1fa3562a,Mirai,MMaaRRiiOisecTanee.arm7,elf,2026-07-21 00:20:44,MalwareBazaar
MD5,80077107ca71e9fe5aa10be23e2d2b0a,f56343d2afffab61cfb5eca2a2b47a133a1f936843eba0d061f0ddaaf89d26ce,Mirai,MMaaRRiiOisecTanee.x86,elf,2026-07-21 00:20:42,MalwareBazaar
SHA-1,eeb3b5c046c7aaa37389684d14e914eb7139c269,f56343d2afffab61cfb5eca2a2b47a133a1f936843eba0d061f0ddaaf89d26ce,Mirai,MMaaRRiiOisecTanee.x86,elf,2026-07-21 00:20:42,MalwareBazaar
SHA-256,f56343d2afffab61cfb5eca2a2b47a133a1f936843eba0d061f0ddaaf89d26ce,f56343d2afffab61cfb5eca2a2b47a133a1f936843eba0d061f0ddaaf89d26ce,Mirai,MMaaRRiiOisecTanee.x86,elf,2026-07-21 00:20:42,MalwareBazaar
SHA3-384,66fc80d3828562429bb25443a62816563af5bd8d6250e44866ac11d109809bb5940dccc0347e5e009e9a3b7860495ac6,f56343d2afffab61cfb5eca2a2b47a133a1f936843eba0d061f0ddaaf89d26ce,Mirai,MMaaRRiiOisecTanee.x86,elf,2026-07-21 00:20:42,MalwareBazaar
TLSH,T19B733AC9B5C3F8F4EC040A392177EF319E77E13BA129DD8BE7D96623A941342941229D,f56343d2afffab61cfb5eca2a2b47a133a1f936843eba0d061f0ddaaf89d26ce,Mirai,MMaaRRiiOisecTanee.x86,elf,2026-07-21 00:20:42,MalwareBazaar
TELFHASH,t1c811e37d2b351c98afc0d913b24ed6345d5cfb7b21607ab719b225291162882437fd3c,f56343d2afffab61cfb5eca2a2b47a133a1f936843eba0d061f0ddaaf89d26ce,Mirai,MMaaRRiiOisecTanee.x86,elf,2026-07-21 00:20:42,MalwareBazaar
SSDEEP,1536:9QC/3umbutmUl9i1WIo27ozS9Lo/b2+gJymeMlitPWmM18HR5D4WRouZbqeqVr5g:9Qu3umbutmUl9lIlkeJoT2hJymeMlite,f56343d2afffab61cfb5eca2a2b47a133a1f936843eba0d061f0ddaaf89d26ce,Mirai,MMaaRRiiOisecTanee.x86,elf,2026-07-21 00:20:42,MalwareBazaar
MD5,ef3bb4565b24327d3cab1d043736f1d2,6497eed5be632771c4022363b485c448a55912ca75d08ba5213581b4811f7e43,Mirai,MMaaRRiiOisecTanee.spc,elf,2026-07-21 00:20:41,MalwareBazaar
SHA-1,f5cc56c6f5a538a08b19b5d10bfd10916056374f,6497eed5be632771c4022363b485c448a55912ca75d08ba5213581b4811f7e43,Mirai,MMaaRRiiOisecTanee.spc,elf,2026-07-21 00:20:41,MalwareBazaar
SHA-256,6497eed5be632771c4022363b485c448a55912ca75d08ba5213581b4811f7e43,6497eed5be632771c4022363b485c448a55912ca75d08ba5213581b4811f7e43,Mirai,MMaaRRiiOisecTanee.spc,elf,2026-07-21 00:20:41,MalwareBazaar
SHA3-384,9cdcbbbcde23922e8c2b5c86ae4909dbf6a58fc5979ba270791189896cccabaeb15706e462ecafb7d243dc991eeb044a,6497eed5be632771c4022363b485c448a55912ca75d08ba5213581b4811f7e43,Mirai,MMaaRRiiOisecTanee.spc,elf,2026-07-21 00:20:41,MalwareBazaar
TLSH,T1B7934A25687A2E17C8D4A23E11F78752F2F5370E24B0C66E7D760F8EFF15680A5462B2,6497eed5be632771c4022363b485c448a55912ca75d08ba5213581b4811f7e43,Mirai,MMaaRRiiOisecTanee.spc,elf,2026-07-21 00:20:41,MalwareBazaar
SSDEEP,1536:1KFdSaiZ2vPhnKORFS5P+lSMrhJ3HWwJnV6WO7HauvAx8:WNrZKl1NM9J32wJnV6WO7DvD,6497eed5be632771c4022363b485c448a55912ca75d08ba5213581b4811f7e43,Mirai,MMaaRRiiOisecTanee.spc,elf,2026-07-21 00:20:41,MalwareBazaar
MD5,ffd36f2d0c0528990a3dcf2f8a94c5c7,daa5fdf5ba5227719e4435960cb10a339634c8406c71b09ce9eb7f5bc53cfe3d,Mirai,MMaaRRiiOisecTanee.m68k,elf,2026-07-21 00:20:40,MalwareBazaar
SHA-1,ca7f86d9baf89dc1b8af950acacc783c3c1534c1,daa5fdf5ba5227719e4435960cb10a339634c8406c71b09ce9eb7f5bc53cfe3d,Mirai,MMaaRRiiOisecTanee.m68k,elf,2026-07-21 00:20:40,MalwareBazaar
SHA-256,daa5fdf5ba5227719e4435960cb10a339634c8406c71b09ce9eb7f5bc53cfe3d,daa5fdf5ba5227719e4435960cb10a339634c8406c71b09ce9eb7f5bc53cfe3d,Mirai,MMaaRRiiOisecTanee.m68k,elf,2026-07-21 00:20:40,MalwareBazaar
SHA3-384,86452d2d5da04e3088bd50ecb66ba3708a60903d369883acd1922b3fdf9e016d467d5297218e4d3045ffab7cb0383c04,daa5fdf5ba5227719e4435960cb10a339634c8406c71b09ce9eb7f5bc53cfe3d,Mirai,MMaaRRiiOisecTanee.m68k,elf,2026-07-21 00:20:40,MalwareBazaar
TLSH,T127833B9AB4019E6CF98BDAF940224E0DF92163415B530F27A76BFDE33D620A5DE07C85,daa5fdf5ba5227719e4435960cb10a339634c8406c71b09ce9eb7f5bc53cfe3d,Mirai,MMaaRRiiOisecTanee.m68k,elf,2026-07-21 00:20:40,MalwareBazaar
SSDEEP,1536:Qg8Bj6jeSzhScH6cfOBaXgkWkTO+FGOtWnkMtnzbBJ8RsV:iIScacfGwgeTvFYdnzdh,daa5fdf5ba5227719e4435960cb10a339634c8406c71b09ce9eb7f5bc53cfe3d,Mirai,MMaaRRiiOisecTanee.m68k,elf,2026-07-21 00:20:40,MalwareBazaar
MD5,04b8c0c727af81f5f1e5327fd8a6a1d7,488a3dc8fc944a607f365a5b609dfd285d0f881b6446be3553c254617579bac1,Mirai,MMaaRRiiOisecTanee.ppc,elf,2026-07-21 00:20:38,MalwareBazaar
SHA-1,5a844dd6d2952241abf13ed967d386b5c8891958,488a3dc8fc944a607f365a5b609dfd285d0f881b6446be3553c254617579bac1,Mirai,MMaaRRiiOisecTanee.ppc,elf,2026-07-21 00:20:38,MalwareBazaar
SHA-256,488a3dc8fc944a607f365a5b609dfd285d0f881b6446be3553c254617579bac1,488a3dc8fc944a607f365a5b609dfd285d0f881b6446be3553c254617579bac1,Mirai,MMaaRRiiOisecTanee.ppc,elf,2026-07-21 00:20:38,MalwareBazaar
SHA3-384,acf3857dbab9a00eb9f020c7383083aceab24d65f9da058b38b10359af58d2c5f6eaeda88741f3afa4831d59ffc843d6,488a3dc8fc944a607f365a5b609dfd285d0f881b6446be3553c254617579bac1,Mirai,MMaaRRiiOisecTanee.ppc,elf,2026-07-21 00:20:38,MalwareBazaar
TLSH,T155835C0173644F0BE8AA0AF5282F17E483FEED9021F4F5856A0FDB5A4235E37155AF98,488a3dc8fc944a607f365a5b609dfd285d0f881b6446be3553c254617579bac1,Mirai,MMaaRRiiOisecTanee.ppc,elf,2026-07-21 00:20:38,MalwareBazaar
SSDEEP,1536:7QHQd18Vez/S1f+39FAwFKtMzXIeoGXxTq:7TdUXReo7,488a3dc8fc944a607f365a5b609dfd285d0f881b6446be3553c254617579bac1,Mirai,MMaaRRiiOisecTanee.ppc,elf,2026-07-21 00:20:38,MalwareBazaar
MD5,a16681377a71e627cf125e28a208b07a,49665430bea49701da165dbadd6b8f99bde4d804fcae784072d2460c3c7d5b1e,Mirai,MMaaRRiiOisecTanee.arm6,elf,2026-07-21 00:20:37,MalwareBazaar
SHA-1,4914237b1c8115e2e24aa4780b044bc570bc071d,49665430bea49701da165dbadd6b8f99bde4d804fcae784072d2460c3c7d5b1e,Mirai,MMaaRRiiOisecTanee.arm6,elf,2026-07-21 00:20:37,MalwareBazaar
SHA-256,49665430bea49701da165dbadd6b8f99bde4d804fcae784072d2460c3c7d5b1e,49665430bea49701da165dbadd6b8f99bde4d804fcae784072d2460c3c7d5b1e,Mirai,MMaaRRiiOisecTanee.arm6,elf,2026-07-21 00:20:37,MalwareBazaar
SHA3-384,0ec6e2f9d97aa4fea3ed53c39637c43bdb5382509baf4f45c454402351708f8b0c2bf510aa561cd92cbe3d37eff2e7a4,49665430bea49701da165dbadd6b8f99bde4d804fcae784072d2460c3c7d5b1e,Mirai,MMaaRRiiOisecTanee.arm6,elf,2026-07-21 00:20:37,MalwareBazaar
TLSH,T198A32A86BC819A11C6C51377FA2F108D330267ADF2DE7262CD151F647BCA81F0E6BA56,49665430bea49701da165dbadd6b8f99bde4d804fcae784072d2460c3c7d5b1e,Mirai,MMaaRRiiOisecTanee.arm6,elf,2026-07-21 00:20:37,MalwareBazaar
TELFHASH,t10de02663cf240d9c5ace4a4d82dc68041be872ac7e1a84a6b6cc9f0a5412196353c10f,49665430bea49701da165dbadd6b8f99bde4d804fcae784072d2460c3c7d5b1e,Mirai,MMaaRRiiOisecTanee.arm6,elf,2026-07-21 00:20:37,MalwareBazaar
SSDEEP,1536:4Nnr0vpp/rFFSHs6h/d43AtnA78bPiqimKF/yqtBiJ70q5duUndOw7nizCIGiHmc:m0h9FEHztfNDbPf9waYq5MUnjghZmN,49665430bea49701da165dbadd6b8f99bde4d804fcae784072d2460c3c7d5b1e,Mirai,MMaaRRiiOisecTanee.arm6,elf,2026-07-21 00:20:37,MalwareBazaar
MD5,b48d13e472c468a22b04cb63e685da67,4e92f1931a87c22e5544e6dae88a71ecdeb4e30251d71826df991fa3bbcf76f8,unknown,w.sh,sh,2026-07-21 00:20:36,MalwareBazaar
SHA-1,bf1962f1c31e4994ae1d0f58b41b2be1d78034d8,4e92f1931a87c22e5544e6dae88a71ecdeb4e30251d71826df991fa3bbcf76f8,unknown,w.sh,sh,2026-07-21 00:20:36,MalwareBazaar
SHA-256,4e92f1931a87c22e5544e6dae88a71ecdeb4e30251d71826df991fa3bbcf76f8,4e92f1931a87c22e5544e6dae88a71ecdeb4e30251d71826df991fa3bbcf76f8,unknown,w.sh,sh,2026-07-21 00:20:36,MalwareBazaar
SHA3-384,9348196944aba08eabaa9f4fd4293e1ef0df2598818453eec149f3606f567df4e4525b4c471a7c3868d1e76c667cf6ed,4e92f1931a87c22e5544e6dae88a71ecdeb4e30251d71826df991fa3bbcf76f8,unknown,w.sh,sh,2026-07-21 00:20:36,MalwareBazaar
TLSH,T1243183C62B9756D43B7CAE11A98AC70C634C5ED864207BC8B5CFCCB16DC05D77D09A19,4e92f1931a87c22e5544e6dae88a71ecdeb4e30251d71826df991fa3bbcf76f8,unknown,w.sh,sh,2026-07-21 00:20:36,MalwareBazaar
SSDEEP,24:ijCWCaNIdCEKECvvCgCEACACwlChCcgC2HR:CdO5B8rTAh/lwmnx,4e92f1931a87c22e5544e6dae88a71ecdeb4e30251d71826df991fa3bbcf76f8,unknown,w.sh,sh,2026-07-21 00:20:36,MalwareBazaar
MD5,6497824583422cf1d6f524d614e918cd,790788c47dd14f4f25ab7befca04cdccf78b3071ac706f9ec3333e2faaebeeef,Mirai,MMaaRRiiOisecTanee.x86_64,elf,2026-07-21 00:20:34,MalwareBazaar
SHA-1,f02d6c5c070e58766ca19ffba4858b25a543be40,790788c47dd14f4f25ab7befca04cdccf78b3071ac706f9ec3333e2faaebeeef,Mirai,MMaaRRiiOisecTanee.x86_64,elf,2026-07-21 00:20:34,MalwareBazaar
SHA-256,790788c47dd14f4f25ab7befca04cdccf78b3071ac706f9ec3333e2faaebeeef,790788c47dd14f4f25ab7befca04cdccf78b3071ac706f9ec3333e2faaebeeef,Mirai,MMaaRRiiOisecTanee.x86_64,elf,2026-07-21 00:20:34,MalwareBazaar
SHA3-384,50729369bb03046c73846cb21322899d59d7e86daf67c7788e28cd4577904034603fd30facfc11e28caa1e3971394904,790788c47dd14f4f25ab7befca04cdccf78b3071ac706f9ec3333e2faaebeeef,Mirai,MMaaRRiiOisecTanee.x86_64,elf,2026-07-21 00:20:34,MalwareBazaar
TLSH,T177832A02B9C085ECC189E138077F763AC425F1BD627AB2D73BD5BF1A2C19E501B1EA59,790788c47dd14f4f25ab7befca04cdccf78b3071ac706f9ec3333e2faaebeeef,Mirai,MMaaRRiiOisecTanee.x86_64,elf,2026-07-21 00:20:34,MalwareBazaar
TELFHASH,t15911e13008cb3a9c01d74265734ffaf6d69705300988b470ea777e91ae6ff804e83955,790788c47dd14f4f25ab7befca04cdccf78b3071ac706f9ec3333e2faaebeeef,Mirai,MMaaRRiiOisecTanee.x86_64,elf,2026-07-21 00:20:34,MalwareBazaar
SSDEEP,1536:ATNuOfMLWePYeNnVTbBub63gbyLa47Yj0ZOYhMsQEDdiqYRKROEMMgU:cHBePDNnlNub63gbyL/Y2hMs5DdiqdRq,790788c47dd14f4f25ab7befca04cdccf78b3071ac706f9ec3333e2faaebeeef,Mirai,MMaaRRiiOisecTanee.x86_64,elf,2026-07-21 00:20:34,MalwareBazaar
MD5,0523a603386515626e6715e45a422a5f,b6391baa6d58d96c8a339e98a60371e646d6a558b50cecd8bf42047dc61127a0,Mirai,MMaaRRiiOisecTanee.mpsl,elf,2026-07-21 00:20:33,MalwareBazaar
SHA-1,3b9682fa81440590ca942a6bd740ba506a5f9cf5,b6391baa6d58d96c8a339e98a60371e646d6a558b50cecd8bf42047dc61127a0,Mirai,MMaaRRiiOisecTanee.mpsl,elf,2026-07-21 00:20:33,MalwareBazaar
SHA-256,b6391baa6d58d96c8a339e98a60371e646d6a558b50cecd8bf42047dc61127a0,b6391baa6d58d96c8a339e98a60371e646d6a558b50cecd8bf42047dc61127a0,Mirai,MMaaRRiiOisecTanee.mpsl,elf,2026-07-21 00:20:33,MalwareBazaar
SHA3-384,7e1b4eaf199e1e17e5f9d4789e33c05aec44f84d299530d4da7ea2394ba8594f3799a4ef22eedf6b1183b72556aaebd5,b6391baa6d58d96c8a339e98a60371e646d6a558b50cecd8bf42047dc61127a0,Mirai,MMaaRRiiOisecTanee.mpsl,elf,2026-07-21 00:20:33,MalwareBazaar
TLSH,T19EB3910A7F600EF7EC9BDC374AAA1B4924DD241A25A87B75BD30D818F24B25F15E3874,b6391baa6d58d96c8a339e98a60371e646d6a558b50cecd8bf42047dc61127a0,Mirai,MMaaRRiiOisecTanee.mpsl,elf,2026-07-21 00:20:33,MalwareBazaar
SSDEEP,1536:VTUAnPWQ+tbHc2cAd88LZAJb7zEUX1p70wZsaD2A2j6Z3ktkprhu:1UAnPWQ+tbHc2FhNw1pYdj6jI,b6391baa6d58d96c8a339e98a60371e646d6a558b50cecd8bf42047dc61127a0,Mirai,MMaaRRiiOisecTanee.mpsl,elf,2026-07-21 00:20:33,MalwareBazaar
MD5,17b2434e4236d50867f2074ac2a8cc28,7011eceba8cf057f0103c1d44515be4211c1a56da468ac2ee3e0c12719c555b8,Mirai,MMaaRRiiOisecTanee.mips,elf,2026-07-21 00:20:32,MalwareBazaar
SHA-1,e232fa3662504aa60d19e6f5a7b6bb5779c94000,7011eceba8cf057f0103c1d44515be4211c1a56da468ac2ee3e0c12719c555b8,Mirai,MMaaRRiiOisecTanee.mips,elf,2026-07-21 00:20:32,MalwareBazaar
SHA-256,7011eceba8cf057f0103c1d44515be4211c1a56da468ac2ee3e0c12719c555b8,7011eceba8cf057f0103c1d44515be4211c1a56da468ac2ee3e0c12719c555b8,Mirai,MMaaRRiiOisecTanee.mips,elf,2026-07-21 00:20:32,MalwareBazaar
SHA3-384,7c8d103c83e4a5ab2f0d783979d0c38fd0b8d42f1c4ca80f0dcb8b45002ebb5ac7d7a14f3aa9b6a8288e9b99af19a4a9,7011eceba8cf057f0103c1d44515be4211c1a56da468ac2ee3e0c12719c555b8,Mirai,MMaaRRiiOisecTanee.mips,elf,2026-07-21 00:20:32,MalwareBazaar
TLSH,T1F8B3950E6E319F7DFBAC823857B78B119209379626E1D584D09CED025E7038E741FBA5,7011eceba8cf057f0103c1d44515be4211c1a56da468ac2ee3e0c12719c555b8,Mirai,MMaaRRiiOisecTanee.mips,elf,2026-07-21 00:20:32,MalwareBazaar
TELFHASH,t132018c08897813f083804cde6becff76e5a054df9a266e338d40e89a9b21a425e00c2c,7011eceba8cf057f0103c1d44515be4211c1a56da468ac2ee3e0c12719c555b8,Mirai,MMaaRRiiOisecTanee.mips,elf,2026-07-21 00:20:32,MalwareBazaar
SSDEEP,3072:er3x+xpNAsh+JySL/BjtfLdkPlx8eNEGwR:ex+xpCshOyS/LdkPlx8YwR,7011eceba8cf057f0103c1d44515be4211c1a56da468ac2ee3e0c12719c555b8,Mirai,MMaaRRiiOisecTanee.mips,elf,2026-07-21 00:20:32,MalwareBazaar
MD5,7c0db1eeb051d0e4d59bf713292112d6,7694570bd0ddd16c6e60fbadd1d32a78c29944a1fa0cc19eacaa819d65654c05,Mirai,nullnet.mpsl,elf,2026-07-21 00:18:46,MalwareBazaar
SHA-1,f0dea7628c77cdeebdecd1fbff7ba6d7890d2256,7694570bd0ddd16c6e60fbadd1d32a78c29944a1fa0cc19eacaa819d65654c05,Mirai,nullnet.mpsl,elf,2026-07-21 00:18:46,MalwareBazaar
SHA-256,7694570bd0ddd16c6e60fbadd1d32a78c29944a1fa0cc19eacaa819d65654c05,7694570bd0ddd16c6e60fbadd1d32a78c29944a1fa0cc19eacaa819d65654c05,Mirai,nullnet.mpsl,elf,2026-07-21 00:18:46,MalwareBazaar
SHA3-384,88a5dcabd3cabfa281a17edc26924d3a0f869992bc08485719c26e3289c1bc6fad3491e274174a2a0d1dd808ea872bda,7694570bd0ddd16c6e60fbadd1d32a78c29944a1fa0cc19eacaa819d65654c05,Mirai,nullnet.mpsl,elf,2026-07-21 00:18:46,MalwareBazaar
TLSH,T1E9A3520B7F606EF7E82BDD3745F15B04248CB41621993B76BA34E958FA0A18F45E38B1,7694570bd0ddd16c6e60fbadd1d32a78c29944a1fa0cc19eacaa819d65654c05,Mirai,nullnet.mpsl,elf,2026-07-21 00:18:46,MalwareBazaar
SSDEEP,1536:DhIvVaMEpKOHpisY27JkrbOsCU9rACpHyT2YAFZofQQp4x:AjMKOJisvdkrFCUNIAFz,7694570bd0ddd16c6e60fbadd1d32a78c29944a1fa0cc19eacaa819d65654c05,Mirai,nullnet.mpsl,elf,2026-07-21 00:18:46,MalwareBazaar
MD5,921876e01ffcf338a8b993d8c4f05557,98c21848798bd3259b4eefe0b455d510f6e481c476882f03708cefafdbb10e54,Mirai,nullnet.spc,elf,2026-07-21 00:18:43,MalwareBazaar
SHA-1,6225acfcb5963c9a34c7e9dbeaa17e8828042d37,98c21848798bd3259b4eefe0b455d510f6e481c476882f03708cefafdbb10e54,Mirai,nullnet.spc,elf,2026-07-21 00:18:43,MalwareBazaar
SHA-256,98c21848798bd3259b4eefe0b455d510f6e481c476882f03708cefafdbb10e54,98c21848798bd3259b4eefe0b455d510f6e481c476882f03708cefafdbb10e54,Mirai,nullnet.spc,elf,2026-07-21 00:18:43,MalwareBazaar
SHA3-384,0234ed329de0414d95d426963b81757d3b91baa9aebf38c0925890e6692fd539b125edc8de681ea1ca367f03a76de293,98c21848798bd3259b4eefe0b455d510f6e481c476882f03708cefafdbb10e54,Mirai,nullnet.spc,elf,2026-07-21 00:18:43,MalwareBazaar
TLSH,T1CA731A2679746E2BC4DD92FE12F38B24F1A62B0D28F4855D7D721D8EBF2059029137B2,98c21848798bd3259b4eefe0b455d510f6e481c476882f03708cefafdbb10e54,Mirai,nullnet.spc,elf,2026-07-21 00:18:43,MalwareBazaar
SSDEEP,1536:Y1TO8X3EXi9/VyQtX4Z9BxmvAF9/joX55Fk5QGBHRYn:YxOwEMZX4pxmvRrSBHQ,98c21848798bd3259b4eefe0b455d510f6e481c476882f03708cefafdbb10e54,Mirai,nullnet.spc,elf,2026-07-21 00:18:43,MalwareBazaar
MD5,3aaff2095b760ca4d7b751bd41fa1ae0,f9b929cf16581d825fe88d676b5114e50d1b77daa4488d15ab0e3fd71bfb1796,unknown,wget.sh,sh,2026-07-21 00:18:42,MalwareBazaar
SHA-1,2c742ff117af70367a846f84da68adcac474c4ee,f9b929cf16581d825fe88d676b5114e50d1b77daa4488d15ab0e3fd71bfb1796,unknown,wget.sh,sh,2026-07-21 00:18:42,MalwareBazaar
SHA-256,f9b929cf16581d825fe88d676b5114e50d1b77daa4488d15ab0e3fd71bfb1796,f9b929cf16581d825fe88d676b5114e50d1b77daa4488d15ab0e3fd71bfb1796,unknown,wget.sh,sh,2026-07-21 00:18:42,MalwareBazaar
SHA3-384,3df94c340e2fe52e1b7c366b5ac898097df7a1a6a2db61d9ad9ac2231896a330d18c889b1c7f7a950257f0aef78fd3bf,f9b929cf16581d825fe88d676b5114e50d1b77daa4488d15ab0e3fd71bfb1796,unknown,wget.sh,sh,2026-07-21 00:18:42,MalwareBazaar
TLSH,T1073112C52B9756D83B7CAE12A98A8B0D534C5ED8A4247B88B5CBCD725DC05C37C08A5B,f9b929cf16581d825fe88d676b5114e50d1b77daa4488d15ab0e3fd71bfb1796,unknown,wget.sh,sh,2026-07-21 00:18:42,MalwareBazaar
SSDEEP,12:SAaZA+dAaZ6nRE+dAaZENNIlvHBA+dAaZtEK3H+dAaZRe+dAaZVHeq+dAaZ2N6Z4:wrGaNIpEKIvnEEkkwBtcE2xn,f9b929cf16581d825fe88d676b5114e50d1b77daa4488d15ab0e3fd71bfb1796,unknown,wget.sh,sh,2026-07-21 00:18:42,MalwareBazaar
MD5,3e97ffdb502d141d6852b4789d175ff9,df8048b1c8753f67cb7eaf49032434fcda89b3a5fb581ba1b002efe9a66098b5,unknown,c.sh,sh,2026-07-21 00:18:41,MalwareBazaar
SHA-1,c07b2c7c2246f85ddd2f636faf78eefc23c5b9f2,df8048b1c8753f67cb7eaf49032434fcda89b3a5fb581ba1b002efe9a66098b5,unknown,c.sh,sh,2026-07-21 00:18:41,MalwareBazaar
SHA-256,df8048b1c8753f67cb7eaf49032434fcda89b3a5fb581ba1b002efe9a66098b5,df8048b1c8753f67cb7eaf49032434fcda89b3a5fb581ba1b002efe9a66098b5,unknown,c.sh,sh,2026-07-21 00:18:41,MalwareBazaar
SHA3-384,19cc9b1e1f85c3fba215789c66b2445f3414395ec2272987752edff0eb548be6abfbbd3ae6c6a4acbc098290d0fb1858,df8048b1c8753f67cb7eaf49032434fcda89b3a5fb581ba1b002efe9a66098b5,unknown,c.sh,sh,2026-07-21 00:18:41,MalwareBazaar
TLSH,T116310FCA2BAB56D93B7CAE22F98AC70D63485DD8A5207B84F5DBCD705DC01C36C08676,df8048b1c8753f67cb7eaf49032434fcda89b3a5fb581ba1b002efe9a66098b5,unknown,c.sh,sh,2026-07-21 00:18:41,MalwareBazaar
SSDEEP,12:3J3LAaZAQLAaZ6nREQLAaZENNIlvHBAQLAaZtEK3HQLAaZReQLAaZVHeqQLAaZ2n:3J3RnMaNI5EK6vjWE22wB9cW2HR,df8048b1c8753f67cb7eaf49032434fcda89b3a5fb581ba1b002efe9a66098b5,unknown,c.sh,sh,2026-07-21 00:18:41,MalwareBazaar
MD5,4c098d592658807f5d880fcbac9a9b49,f7fc5c3daba8d328b54ee98c69b1e28c78a7f3d7c25485db40f85b6fd49071b2,Mirai,nullnet.ppc,elf,2026-07-21 00:07:46,MalwareBazaar
SHA-1,382b615aa3e18f7cc7c2c1d1a3c8a36062f378b5,f7fc5c3daba8d328b54ee98c69b1e28c78a7f3d7c25485db40f85b6fd49071b2,Mirai,nullnet.ppc,elf,2026-07-21 00:07:46,MalwareBazaar
SHA-256,f7fc5c3daba8d328b54ee98c69b1e28c78a7f3d7c25485db40f85b6fd49071b2,f7fc5c3daba8d328b54ee98c69b1e28c78a7f3d7c25485db40f85b6fd49071b2,Mirai,nullnet.ppc,elf,2026-07-21 00:07:46,MalwareBazaar
SHA3-384,17318d1d78c8f6187feeb1250ac1cae08fef09189d350715ca06a17212534dba281590e0d5ba4ee2a648683ee2f074e7,f7fc5c3daba8d328b54ee98c69b1e28c78a7f3d7c25485db40f85b6fd49071b2,Mirai,nullnet.ppc,elf,2026-07-21 00:07:46,MalwareBazaar
TLSH,T10C630902B7044F47E8A31DF0217B17E1D7EAFD9216A4F284720FBA9481B1DB37945E99,f7fc5c3daba8d328b54ee98c69b1e28c78a7f3d7c25485db40f85b6fd49071b2,Mirai,nullnet.ppc,elf,2026-07-21 00:07:46,MalwareBazaar
SSDEEP,1536:IEExhPfYX3oXaMlYCgDEGur3znHeQm6AXwte:rcHYzCgDbmDeQm6y,f7fc5c3daba8d328b54ee98c69b1e28c78a7f3d7c25485db40f85b6fd49071b2,Mirai,nullnet.ppc,elf,2026-07-21 00:07:46,MalwareBazaar
MD5,6255259b59f9da0ab142cdceede5db80,001b17ec7703e99a383799c633408b2315e9394bc1af1b924721af640b628a74,Mirai,mpsl,elf,2026-07-21 00:01:55,MalwareBazaar
SHA-1,317c5fc375aa59f034af9b9b8da93fd156c70725,001b17ec7703e99a383799c633408b2315e9394bc1af1b924721af640b628a74,Mirai,mpsl,elf,2026-07-21 00:01:55,MalwareBazaar
SHA-256,001b17ec7703e99a383799c633408b2315e9394bc1af1b924721af640b628a74,001b17ec7703e99a383799c633408b2315e9394bc1af1b924721af640b628a74,Mirai,mpsl,elf,2026-07-21 00:01:55,MalwareBazaar
SHA3-384,90ddb40d7b29c2686a8f7fd926c32f18096453bb2f4851b4c06e78a9ceedf5c5129ca3d39b8e8a89904e66ade2d5cb6c,001b17ec7703e99a383799c633408b2315e9394bc1af1b924721af640b628a74,Mirai,mpsl,elf,2026-07-21 00:01:55,MalwareBazaar
TLSH,T18104090AAF601EF7E86FCC3705E94B4A25DC655722A43BB53534E928F60A54F0AE3C74,001b17ec7703e99a383799c633408b2315e9394bc1af1b924721af640b628a74,Mirai,mpsl,elf,2026-07-21 00:01:55,MalwareBazaar
SSDEEP,3072:hkmGeeedgvJVVU4EKZWGs0VZhH+SKzKUNMlSfnbL:+mQyKZWGs01L6HNtL,001b17ec7703e99a383799c633408b2315e9394bc1af1b924721af640b628a74,Mirai,mpsl,elf,2026-07-21 00:01:55,MalwareBazaar
MD5,b0a9121f18db49f79524cac34f85a20c,584bd68a9102cbaa179b916832ad5827c9e9d5b1af17f8570e54134c7a3db0d7,unknown,nFedex_G68389B54.iso,iso,2026-07-21 00:00:17,MalwareBazaar
SHA-1,4bdc6fc196cb7dbb0e5f43e5b8e4ee3d585cdf81,584bd68a9102cbaa179b916832ad5827c9e9d5b1af17f8570e54134c7a3db0d7,unknown,nFedex_G68389B54.iso,iso,2026-07-21 00:00:17,MalwareBazaar
SHA-256,584bd68a9102cbaa179b916832ad5827c9e9d5b1af17f8570e54134c7a3db0d7,584bd68a9102cbaa179b916832ad5827c9e9d5b1af17f8570e54134c7a3db0d7,unknown,nFedex_G68389B54.iso,iso,2026-07-21 00:00:17,MalwareBazaar
SHA3-384,2db2f727f58f6796e0065fb11dbd4759c15d21c6f8334823454059722836413f8d1ac66eea8c99cea9de4d5baa38c4cc,584bd68a9102cbaa179b916832ad5827c9e9d5b1af17f8570e54134c7a3db0d7,unknown,nFedex_G68389B54.iso,iso,2026-07-21 00:00:17,MalwareBazaar
TLSH,T17D551F4536C0E494CBD7DB7B3A1AA0E5F63A0CD962C40A6AF3A4FB54F5E0606F991730,584bd68a9102cbaa179b916832ad5827c9e9d5b1af17f8570e54134c7a3db0d7,unknown,nFedex_G68389B54.iso,iso,2026-07-21 00:00:17,MalwareBazaar
SSDEEP,12288:hsGXUInZl5Zma47QVBP6zUCgdhSlNgm07qH+A+gOZ:3UIZl5ZmhQVBP6zULhSlXW1Z,584bd68a9102cbaa179b916832ad5827c9e9d5b1af17f8570e54134c7a3db0d7,unknown,nFedex_G68389B54.iso,iso,2026-07-21 00:00:17,MalwareBazaar
MD5,a41abe65af606f4e304cf45891b48862,65c8a814d54394758ae4cff4318466c127117f46d22514a2ebb56610c8bf6dcd,Mirai,aarch64,elf,2026-07-20 23:59:54,MalwareBazaar
SHA-1,e3214cdb1f51f71a521a41baf3b07c3111f7f233,65c8a814d54394758ae4cff4318466c127117f46d22514a2ebb56610c8bf6dcd,Mirai,aarch64,elf,2026-07-20 23:59:54,MalwareBazaar
SHA-256,65c8a814d54394758ae4cff4318466c127117f46d22514a2ebb56610c8bf6dcd,65c8a814d54394758ae4cff4318466c127117f46d22514a2ebb56610c8bf6dcd,Mirai,aarch64,elf,2026-07-20 23:59:54,MalwareBazaar
SHA3-384,e3d191ffb097b9ff1777ea203e10eb0c50b92adc188fd79b6c24ca4596b34d90b36d7b7abba698b368a6e93a0be7dca9,65c8a814d54394758ae4cff4318466c127117f46d22514a2ebb56610c8bf6dcd,Mirai,aarch64,elf,2026-07-20 23:59:54,MalwareBazaar
TLSH,T1F5E3AFA89E0FBD93C2C6E3BE9E5A0FA7303734744614D1B70D00569DE6DEED588B2522,65c8a814d54394758ae4cff4318466c127117f46d22514a2ebb56610c8bf6dcd,Mirai,aarch64,elf,2026-07-20 23:59:54,MalwareBazaar
SSDEEP,3072:bDfdCg3++cVpPveAgN142M02fMqs9AG2vwz5IZsKhRcIA:bL0Q+j/dgN+2M0NqsZ2EIiKY,65c8a814d54394758ae4cff4318466c127117f46d22514a2ebb56610c8bf6dcd,Mirai,aarch64,elf,2026-07-20 23:59:54,MalwareBazaar
MD5,aa7fe519d1900f92b47ac8ce8db0769a,e3950c8a20d06ad26ea0b0b9662479bab92ff2459a92eccf80e9546b10da793a,Mirai,pmips,elf,2026-07-20 23:53:44,MalwareBazaar
SHA-1,12c893fc5106919d4da767aa1b08dfee98ac0723,e3950c8a20d06ad26ea0b0b9662479bab92ff2459a92eccf80e9546b10da793a,Mirai,pmips,elf,2026-07-20 23:53:44,MalwareBazaar
SHA-256,e3950c8a20d06ad26ea0b0b9662479bab92ff2459a92eccf80e9546b10da793a,e3950c8a20d06ad26ea0b0b9662479bab92ff2459a92eccf80e9546b10da793a,Mirai,pmips,elf,2026-07-20 23:53:44,MalwareBazaar
SHA3-384,1718b185fe4b12ae62a538a9fe0b542d806572111069475cbde287d6f4a146c2b4f7c722200c79ec97750fcaba3dd48f,e3950c8a20d06ad26ea0b0b9662479bab92ff2459a92eccf80e9546b10da793a,Mirai,pmips,elf,2026-07-20 23:53:44,MalwareBazaar
TLSH,T1BEA3C91E6E218FBDF769C33047B78E21A79833D626E1D685E26CD6011E6034E641FFA4,e3950c8a20d06ad26ea0b0b9662479bab92ff2459a92eccf80e9546b10da793a,Mirai,pmips,elf,2026-07-20 23:53:44,MalwareBazaar
TELFHASH,t173217f5c4d7412e48b321d9e2baeff76e19030de0b326d378e11aaadba6d9425d00c1c,e3950c8a20d06ad26ea0b0b9662479bab92ff2459a92eccf80e9546b10da793a,Mirai,pmips,elf,2026-07-20 23:53:44,MalwareBazaar
SSDEEP,1536:Gk8NZJjWAaRmkGMvAbNVF1F5pzePQvl9Leq8kwmlas/wdo:CZJjBaRmvBwPyl9Zluo,e3950c8a20d06ad26ea0b0b9662479bab92ff2459a92eccf80e9546b10da793a,Mirai,pmips,elf,2026-07-20 23:53:44,MalwareBazaar
MD5,ab8a3b09e6878b2ffe3d13cee8443b12,a5892c7527aceab6f01efb2e266fce135dc6701e3d34cb5f56b857bb28aed901,Mirai,pmips,elf,2026-07-20 23:52:30,MalwareBazaar
SHA-1,dbb2a0df710089474dea7ecec4e0479f578988c7,a5892c7527aceab6f01efb2e266fce135dc6701e3d34cb5f56b857bb28aed901,Mirai,pmips,elf,2026-07-20 23:52:30,MalwareBazaar
SHA-256,a5892c7527aceab6f01efb2e266fce135dc6701e3d34cb5f56b857bb28aed901,a5892c7527aceab6f01efb2e266fce135dc6701e3d34cb5f56b857bb28aed901,Mirai,pmips,elf,2026-07-20 23:52:30,MalwareBazaar
SHA3-384,03dc91ab33779476156dc42c498ce2b57505877c6a9c0c83974dfb7b0eb7d4d3d9d896906e69149eac7cf9e34707f8e1,a5892c7527aceab6f01efb2e266fce135dc6701e3d34cb5f56b857bb28aed901,Mirai,pmips,elf,2026-07-20 23:52:30,MalwareBazaar
TLSH,T1D9F2F23A220382A7E549C17F0EFF43403EE51677A8429CC6D40EEE668EDD572744AED9,a5892c7527aceab6f01efb2e266fce135dc6701e3d34cb5f56b857bb28aed901,Mirai,pmips,elf,2026-07-20 23:52:30,MalwareBazaar
SSDEEP,768:oQAYWYARxmy9oL05yz63x5qWuqzi4efsQaCfFJgGlzDpbuR1JV:1V5AHvqLGyz63Tq/qzihvPf/VJuP,a5892c7527aceab6f01efb2e266fce135dc6701e3d34cb5f56b857bb28aed901,Mirai,pmips,elf,2026-07-20 23:52:30,MalwareBazaar
MD5,b13e4898c4e966997b6ba6f435a38b21,f42cd03d9db9469b3cc83f8a3ef36a9e72211fb6b481456b1e199563a523dc87,unknown,default.dat,exe,2026-07-20 23:52:09,MalwareBazaar
SHA-1,cd590dd5f717eee538fc31ddec189a02e8713a3d,f42cd03d9db9469b3cc83f8a3ef36a9e72211fb6b481456b1e199563a523dc87,unknown,default.dat,exe,2026-07-20 23:52:09,MalwareBazaar
SHA-256,f42cd03d9db9469b3cc83f8a3ef36a9e72211fb6b481456b1e199563a523dc87,f42cd03d9db9469b3cc83f8a3ef36a9e72211fb6b481456b1e199563a523dc87,unknown,default.dat,exe,2026-07-20 23:52:09,MalwareBazaar
SHA3-384,855f9fd2c691f3c02b724e7f096a6ccbfb458bab01ce7a7cfcdf987ceb9fa365890481744b88c9e9d7aa5e602408ceb6,f42cd03d9db9469b3cc83f8a3ef36a9e72211fb6b481456b1e199563a523dc87,unknown,default.dat,exe,2026-07-20 23:52:09,MalwareBazaar
IMPHASH,dcaf48c1f10b0efa0a4472200f3850ed,f42cd03d9db9469b3cc83f8a3ef36a9e72211fb6b481456b1e199563a523dc87,unknown,default.dat,exe,2026-07-20 23:52:09,MalwareBazaar
TLSH,T1D8E63394AAE015ECD2BB90BDBEE18951D554B4BB0F73CAEF03AC43651C270B1493E663,f42cd03d9db9469b3cc83f8a3ef36a9e72211fb6b481456b1e199563a523dc87,unknown,default.dat,exe,2026-07-20 23:52:09,MalwareBazaar
SSDEEP,393216:iSeJ/d4XnsRIYETZ6dp19pBitO0JXMCHWUjX4cuI3/PGTAI:iSs4XAIY40dp19pBitrXMb8XNH/O7,f42cd03d9db9469b3cc83f8a3ef36a9e72211fb6b481456b1e199563a523dc87,unknown,default.dat,exe,2026-07-20 23:52:09,MalwareBazaar
ICON-DHASH,71f0e8e8e8e8f0f0,f42cd03d9db9469b3cc83f8a3ef36a9e72211fb6b481456b1e199563a523dc87,unknown,default.dat,exe,2026-07-20 23:52:09,MalwareBazaar
MD5,10c48851ed02d156cf1b0053f3c660ed,cd4498d39e8126c9779a7d55fc860b8e06d1875d8f6add1ed208698c00c03811,unknown,file,exe,2026-07-20 23:43:47,MalwareBazaar
SHA-1,b72153e4ab81abb2ec13de8e9198e7f73f814674,cd4498d39e8126c9779a7d55fc860b8e06d1875d8f6add1ed208698c00c03811,unknown,file,exe,2026-07-20 23:43:47,MalwareBazaar
SHA-256,cd4498d39e8126c9779a7d55fc860b8e06d1875d8f6add1ed208698c00c03811,cd4498d39e8126c9779a7d55fc860b8e06d1875d8f6add1ed208698c00c03811,unknown,file,exe,2026-07-20 23:43:47,MalwareBazaar
SHA3-384,61115d427b69ab14d9d5287af099ca87c9d63ed48d95fceb111292c6ce8ca66e070ceb15497045b4f088a47834a84b1f,cd4498d39e8126c9779a7d55fc860b8e06d1875d8f6add1ed208698c00c03811,unknown,file,exe,2026-07-20 23:43:47,MalwareBazaar
IMPHASH,88016fcdef7f227c62171d0afad9aae4,cd4498d39e8126c9779a7d55fc860b8e06d1875d8f6add1ed208698c00c03811,unknown,file,exe,2026-07-20 23:43:47,MalwareBazaar
TLSH,T130E60133B28A653EE06E1B365A72A150553B6E616D128D1ADEF018ACCF3D1703E3F746,cd4498d39e8126c9779a7d55fc860b8e06d1875d8f6add1ed208698c00c03811,unknown,file,exe,2026-07-20 23:43:47,MalwareBazaar
SSDEEP,98304:ooJJq4BhOFzR0lZj7RWD9DYGKI0MR5vK1N:DhOY7je0QK1,cd4498d39e8126c9779a7d55fc860b8e06d1875d8f6add1ed208698c00c03811,unknown,file,exe,2026-07-20 23:43:47,MalwareBazaar
ICON-DHASH,b268ccdccc33aad0,cd4498d39e8126c9779a7d55fc860b8e06d1875d8f6add1ed208698c00c03811,unknown,file,exe,2026-07-20 23:43:47,MalwareBazaar
MD5,2ab739aea74c61a27a85c7e5c05abf52,8c70ae6d0965351ec8417ed37bba85dd58b05afae292cf932efeb4fcc5c7b331,unknown,default.dat,exe,2026-07-20 22:52:09,MalwareBazaar
SHA-1,971147e924e096e95ed563eff41288a9fcc348cb,8c70ae6d0965351ec8417ed37bba85dd58b05afae292cf932efeb4fcc5c7b331,unknown,default.dat,exe,2026-07-20 22:52:09,MalwareBazaar
SHA-256,8c70ae6d0965351ec8417ed37bba85dd58b05afae292cf932efeb4fcc5c7b331,8c70ae6d0965351ec8417ed37bba85dd58b05afae292cf932efeb4fcc5c7b331,unknown,default.dat,exe,2026-07-20 22:52:09,MalwareBazaar
SHA3-384,537968035d32c431146209f0af77059bb29991acff4b98c62e434b4de603d3337c85d4d99aebc86222c2c5971196f6fd,8c70ae6d0965351ec8417ed37bba85dd58b05afae292cf932efeb4fcc5c7b331,unknown,default.dat,exe,2026-07-20 22:52:09,MalwareBazaar
IMPHASH,dcaf48c1f10b0efa0a4472200f3850ed,8c70ae6d0965351ec8417ed37bba85dd58b05afae292cf932efeb4fcc5c7b331,unknown,default.dat,exe,2026-07-20 22:52:09,MalwareBazaar
TLSH,T164E63314AAE101CFF6A3503DDDE30695F99A3CBB0771808F96E457726E672E2C839607,8c70ae6d0965351ec8417ed37bba85dd58b05afae292cf932efeb4fcc5c7b331,unknown,default.dat,exe,2026-07-20 22:52:09,MalwareBazaar
SSDEEP,393216:bVGw47wd0g6UywFr5QYUxXMCHWUjX4cuI3/PGTAI:bVnd0PBs6YOXMb8XNH/O7,8c70ae6d0965351ec8417ed37bba85dd58b05afae292cf932efeb4fcc5c7b331,unknown,default.dat,exe,2026-07-20 22:52:09,MalwareBazaar
ICON-DHASH,70f0f0e8e8e0f0f0,8c70ae6d0965351ec8417ed37bba85dd58b05afae292cf932efeb4fcc5c7b331,unknown,default.dat,exe,2026-07-20 22:52:09,MalwareBazaar
MD5,10dce2eecd69f7802f240a18d65fb09e,6aae69fdd57ce162f19b5ecd8ffc24f1ceac61281a88e610f6813b7db9195099,Prometei,6aae69fdd57ce162f19b5ecd8ffc24f1ceac61281a88e610f6813b7db9195099,elf,2026-07-20 22:48:04,MalwareBazaar
SHA-1,5b3a0bff74de208714a3f233f47bbbf4f6c099f7,6aae69fdd57ce162f19b5ecd8ffc24f1ceac61281a88e610f6813b7db9195099,Prometei,6aae69fdd57ce162f19b5ecd8ffc24f1ceac61281a88e610f6813b7db9195099,elf,2026-07-20 22:48:04,MalwareBazaar
SHA-256,6aae69fdd57ce162f19b5ecd8ffc24f1ceac61281a88e610f6813b7db9195099,6aae69fdd57ce162f19b5ecd8ffc24f1ceac61281a88e610f6813b7db9195099,Prometei,6aae69fdd57ce162f19b5ecd8ffc24f1ceac61281a88e610f6813b7db9195099,elf,2026-07-20 22:48:04,MalwareBazaar
SHA3-384,8ee8b97c12f8b1b81342c8493b6dc479554d48006d9f665309732318c75815a28f94d4daddcd095b7713f58d3b7e074e,6aae69fdd57ce162f19b5ecd8ffc24f1ceac61281a88e610f6813b7db9195099,Prometei,6aae69fdd57ce162f19b5ecd8ffc24f1ceac61281a88e610f6813b7db9195099,elf,2026-07-20 22:48:04,MalwareBazaar
TLSH,T111A423B4F9219E9F6DD769B91B24831DE182C172589D4C2313AE94E34F3D632AF2C816,6aae69fdd57ce162f19b5ecd8ffc24f1ceac61281a88e610f6813b7db9195099,Prometei,6aae69fdd57ce162f19b5ecd8ffc24f1ceac61281a88e610f6813b7db9195099,elf,2026-07-20 22:48:04,MalwareBazaar
SSDEEP,12288:Fs+/py5fM2l+M5F7TsJwtY1yvr+bT1psS+6T6NCj76tsdY:Fs6pyCC/Ya2hpi6T6N46,6aae69fdd57ce162f19b5ecd8ffc24f1ceac61281a88e610f6813b7db9195099,Prometei,6aae69fdd57ce162f19b5ecd8ffc24f1ceac61281a88e610f6813b7db9195099,elf,2026-07-20 22:48:04,MalwareBazaar
MD5,c1972777ad8a8b590091efd3a4dde67b,bca78e472cdf94c16fd67cdf2894d7286c17b370007878b988b9a9f9705f99d5,unknown,yuanbao.exe,exe,2026-07-20 22:38:46,MalwareBazaar
SHA-1,33513fec5b369256cab40980e022ff3368089c0e,bca78e472cdf94c16fd67cdf2894d7286c17b370007878b988b9a9f9705f99d5,unknown,yuanbao.exe,exe,2026-07-20 22:38:46,MalwareBazaar
SHA-256,bca78e472cdf94c16fd67cdf2894d7286c17b370007878b988b9a9f9705f99d5,bca78e472cdf94c16fd67cdf2894d7286c17b370007878b988b9a9f9705f99d5,unknown,yuanbao.exe,exe,2026-07-20 22:38:46,MalwareBazaar
SHA3-384,fb4064d768202c9e7c6d60414bd82200cd0cc8a9a415453aea9571e2f1c900e480c51f0fb3c54747c863ec3f658c894d,bca78e472cdf94c16fd67cdf2894d7286c17b370007878b988b9a9f9705f99d5,unknown,yuanbao.exe,exe,2026-07-20 22:38:46,MalwareBazaar
IMPHASH,311d1e93d89e02a2908fe4b6d6a25ef7,bca78e472cdf94c16fd67cdf2894d7286c17b370007878b988b9a9f9705f99d5,unknown,yuanbao.exe,exe,2026-07-20 22:38:46,MalwareBazaar
TLSH,T1F437338430E1D4BEC11029B953EDD9B3AE35EDE4CB0795FB33C4FD0B61B09986A6125A,bca78e472cdf94c16fd67cdf2894d7286c17b370007878b988b9a9f9705f99d5,unknown,yuanbao.exe,exe,2026-07-20 22:38:46,MalwareBazaar
SSDEEP,393216:siGrZag/6KiuKk9k9B/yyq03lvGwODuycrJSFuRMYp/27bWPRz9Ftjh1:dGrZl/UBky9B/yy1VLgpop2ihtjh1,bca78e472cdf94c16fd67cdf2894d7286c17b370007878b988b9a9f9705f99d5,unknown,yuanbao.exe,exe,2026-07-20 22:38:46,MalwareBazaar
ICON-DHASH,cc0e274545330ecc,bca78e472cdf94c16fd67cdf2894d7286c17b370007878b988b9a9f9705f99d5,unknown,yuanbao.exe,exe,2026-07-20 22:38:46,MalwareBazaar
MD5,2017e80c1b53a7358978680428d45b98,96c0911c225219cfd380076f5196d7ee87c617cddb968d3d465122473e20d6fb,Gh0stRAT,yuanbao.exe,exe,2026-07-20 22:38:00,MalwareBazaar
SHA-1,b56dd3281663e2db6f69991ef2f9c3c90ef21d71,96c0911c225219cfd380076f5196d7ee87c617cddb968d3d465122473e20d6fb,Gh0stRAT,yuanbao.exe,exe,2026-07-20 22:38:00,MalwareBazaar
SHA-256,96c0911c225219cfd380076f5196d7ee87c617cddb968d3d465122473e20d6fb,96c0911c225219cfd380076f5196d7ee87c617cddb968d3d465122473e20d6fb,Gh0stRAT,yuanbao.exe,exe,2026-07-20 22:38:00,MalwareBazaar
SHA3-384,f9a07dffd67e5a06aec625bde71a2d67b1c176f4ea68d3223aaf58e74a0ae63d242343764a9f49d0c5d4269614fbf8f5,96c0911c225219cfd380076f5196d7ee87c617cddb968d3d465122473e20d6fb,Gh0stRAT,yuanbao.exe,exe,2026-07-20 22:38:00,MalwareBazaar
IMPHASH,b484b52df60e8d823b647a09bb1e39f9,96c0911c225219cfd380076f5196d7ee87c617cddb968d3d465122473e20d6fb,Gh0stRAT,yuanbao.exe,exe,2026-07-20 22:38:00,MalwareBazaar
TLSH,T1483733842075E4BEC2541AFA92EDD9B36E356D24CB47E4DF12C5FC0FA0F0A8C5AA1752,96c0911c225219cfd380076f5196d7ee87c617cddb968d3d465122473e20d6fb,Gh0stRAT,yuanbao.exe,exe,2026-07-20 22:38:00,MalwareBazaar
SSDEEP,393216:TGrZag/6KiuKk9k9B/yyq03lvGwODuycrJSFuRMYp/27bWPRz9Ftjh1:TGrZl/UBky9B/yy1VLgpop2ihtjh1,96c0911c225219cfd380076f5196d7ee87c617cddb968d3d465122473e20d6fb,Gh0stRAT,yuanbao.exe,exe,2026-07-20 22:38:00,MalwareBazaar
ICON-DHASH,cc0e274545330ecc,96c0911c225219cfd380076f5196d7ee87c617cddb968d3d465122473e20d6fb,Gh0stRAT,yuanbao.exe,exe,2026-07-20 22:38:00,MalwareBazaar
MD5,96aacf012c439b535c3ea2b689bfa667,63522452b1ed07e4f33376b0b8c85a4045e85594c3e7b03354afd985b691522f,ValleyRAT,2026.07.20裁员名单及补偿方案_SUET.exe,exe,2026-07-20 22:37:02,MalwareBazaar
SHA-1,179bbc5875d95901a512995f461a234524285e3f,63522452b1ed07e4f33376b0b8c85a4045e85594c3e7b03354afd985b691522f,ValleyRAT,2026.07.20裁员名单及补偿方案_SUET.exe,exe,2026-07-20 22:37:02,MalwareBazaar
SHA-256,63522452b1ed07e4f33376b0b8c85a4045e85594c3e7b03354afd985b691522f,63522452b1ed07e4f33376b0b8c85a4045e85594c3e7b03354afd985b691522f,ValleyRAT,2026.07.20裁员名单及补偿方案_SUET.exe,exe,2026-07-20 22:37:02,MalwareBazaar
SHA3-384,25366ca7639f62972c37148beba1c4321c5e5221b2bc29b9d3ec85c0f54280360c252f2f7a3764618ba24ea8ca6859a4,63522452b1ed07e4f33376b0b8c85a4045e85594c3e7b03354afd985b691522f,ValleyRAT,2026.07.20裁员名单及补偿方案_SUET.exe,exe,2026-07-20 22:37:02,MalwareBazaar
IMPHASH,a8ccd30aac69e6061dedcb19d3b311df,63522452b1ed07e4f33376b0b8c85a4045e85594c3e7b03354afd985b691522f,ValleyRAT,2026.07.20裁员名单及补偿方案_SUET.exe,exe,2026-07-20 22:37:02,MalwareBazaar
TLSH,T1249533BE8E2E57DAC5AEC9F0F535D2D6A9002444A4B697C637C0079D67230B0ECE72D9,63522452b1ed07e4f33376b0b8c85a4045e85594c3e7b03354afd985b691522f,ValleyRAT,2026.07.20裁员名单及补偿方案_SUET.exe,exe,2026-07-20 22:37:02,MalwareBazaar
SSDEEP,24576:7IO57nnTvIOfOQ+M3WAvbdlUywk9UG8amWJ0+/1m7S:HFbIOmQTHU89UG8aJ+S,63522452b1ed07e4f33376b0b8c85a4045e85594c3e7b03354afd985b691522f,ValleyRAT,2026.07.20裁员名单及补偿方案_SUET.exe,exe,2026-07-20 22:37:02,MalwareBazaar
MD5,4357b7160b0765b1714a08aeb54c2dc8,d96fc5f700b931e47dee0b979f267ac803f02a6726a4cb6464daf7dd17bc17fe,NanoCore,4357b7160b0765b1714a08aeb54c2dc8.exe,exe,2026-07-20 22:30:05,MalwareBazaar
SHA-1,e2b2fbef3bd3eb79866be82629fb802542342120,d96fc5f700b931e47dee0b979f267ac803f02a6726a4cb6464daf7dd17bc17fe,NanoCore,4357b7160b0765b1714a08aeb54c2dc8.exe,exe,2026-07-20 22:30:05,MalwareBazaar
SHA-256,d96fc5f700b931e47dee0b979f267ac803f02a6726a4cb6464daf7dd17bc17fe,d96fc5f700b931e47dee0b979f267ac803f02a6726a4cb6464daf7dd17bc17fe,NanoCore,4357b7160b0765b1714a08aeb54c2dc8.exe,exe,2026-07-20 22:30:05,MalwareBazaar
SHA3-384,ad6a1908414411af48a06803147866ddca543fd2cc4ba014a0f619e831393e5904e4bedde435883bf6730583c8cfca90,d96fc5f700b931e47dee0b979f267ac803f02a6726a4cb6464daf7dd17bc17fe,NanoCore,4357b7160b0765b1714a08aeb54c2dc8.exe,exe,2026-07-20 22:30:05,MalwareBazaar
IMPHASH,f34d5f2d4577ed6d9ceec516c1f5a744,d96fc5f700b931e47dee0b979f267ac803f02a6726a4cb6464daf7dd17bc17fe,NanoCore,4357b7160b0765b1714a08aeb54c2dc8.exe,exe,2026-07-20 22:30:05,MalwareBazaar
TLSH,T11314CF267BF98A2FE2DE86B9611212028379C2E399C3F3DE18D455B35F267E506071D3,d96fc5f700b931e47dee0b979f267ac803f02a6726a4cb6464daf7dd17bc17fe,NanoCore,4357b7160b0765b1714a08aeb54c2dc8.exe,exe,2026-07-20 22:30:05,MalwareBazaar
SSDEEP,3072:MzEqV6B1jHa6dtJ10jgvzcgi+oG/j9iaMP2s/HINDP+1Nda82N+xdkv9iRLGeQLX:MLV6Bta6dtJmakIM54kAgNpq,d96fc5f700b931e47dee0b979f267ac803f02a6726a4cb6464daf7dd17bc17fe,NanoCore,4357b7160b0765b1714a08aeb54c2dc8.exe,exe,2026-07-20 22:30:05,MalwareBazaar
MD5,c057c2ba117f199df9f9f90e8caeae5d,0e1ca1c207eba5bc7b8fb7fb14698999fe9e4189d56ca5b88f86dacfbf409ddb,unknown,file,exe,2026-07-20 22:19:52,MalwareBazaar
SHA-1,c3ac736ebe013619980c44f5690f3723534212a5,0e1ca1c207eba5bc7b8fb7fb14698999fe9e4189d56ca5b88f86dacfbf409ddb,unknown,file,exe,2026-07-20 22:19:52,MalwareBazaar
SHA-256,0e1ca1c207eba5bc7b8fb7fb14698999fe9e4189d56ca5b88f86dacfbf409ddb,0e1ca1c207eba5bc7b8fb7fb14698999fe9e4189d56ca5b88f86dacfbf409ddb,unknown,file,exe,2026-07-20 22:19:52,MalwareBazaar
SHA3-384,d8668ff7ebc9d10aed75c709f80bfe6d96518fedc06c13282bc05e0f484a7138cf87046f3f5b85a41d4a147dcd4fec55,0e1ca1c207eba5bc7b8fb7fb14698999fe9e4189d56ca5b88f86dacfbf409ddb,unknown,file,exe,2026-07-20 22:19:52,MalwareBazaar
IMPHASH,edd9caae8565fbe43a73e0ad530f325e,0e1ca1c207eba5bc7b8fb7fb14698999fe9e4189d56ca5b88f86dacfbf409ddb,unknown,file,exe,2026-07-20 22:19:52,MalwareBazaar
TLSH,T19C825A0FB9424726C5E11074A275877BDAB9A8B2338814DBF7D089A90B782D1FC3315F,0e1ca1c207eba5bc7b8fb7fb14698999fe9e4189d56ca5b88f86dacfbf409ddb,unknown,file,exe,2026-07-20 22:19:52,MalwareBazaar
SSDEEP,384:+IqQVVaFYhKUygZu94gNTcNQav8U9c2KF:8pUyV9da0UF,0e1ca1c207eba5bc7b8fb7fb14698999fe9e4189d56ca5b88f86dacfbf409ddb,unknown,file,exe,2026-07-20 22:19:52,MalwareBazaar
MD5,27b6bbc0fe5ae39d0461171bd3e0ed94,6a25ea3dc7e86e1d0bdcf0becbfb120b4d2b36c38cb63e5106ee7e8ddea1cf7c,unknown,default.dat,exe,2026-07-20 21:52:11,MalwareBazaar
SHA-1,c9d7b16ab3b79e33495459c27c3eaa95d4b08a09,6a25ea3dc7e86e1d0bdcf0becbfb120b4d2b36c38cb63e5106ee7e8ddea1cf7c,unknown,default.dat,exe,2026-07-20 21:52:11,MalwareBazaar
SHA-256,6a25ea3dc7e86e1d0bdcf0becbfb120b4d2b36c38cb63e5106ee7e8ddea1cf7c,6a25ea3dc7e86e1d0bdcf0becbfb120b4d2b36c38cb63e5106ee7e8ddea1cf7c,unknown,default.dat,exe,2026-07-20 21:52:11,MalwareBazaar
SHA3-384,26f9f3a1caab5219353256526c7639344529a604d3e2f97ceccd47e17297b306c93474b8665062b78380828b662b11a1,6a25ea3dc7e86e1d0bdcf0becbfb120b4d2b36c38cb63e5106ee7e8ddea1cf7c,unknown,default.dat,exe,2026-07-20 21:52:11,MalwareBazaar
IMPHASH,dcaf48c1f10b0efa0a4472200f3850ed,6a25ea3dc7e86e1d0bdcf0becbfb120b4d2b36c38cb63e5106ee7e8ddea1cf7c,unknown,default.dat,exe,2026-07-20 21:52:11,MalwareBazaar
TLSH,T14BE6330C66E516EAEB63813DDFF36286E564B8610B73C6DF5B5483B4AD832E1093C613,6a25ea3dc7e86e1d0bdcf0becbfb120b4d2b36c38cb63e5106ee7e8ddea1cf7c,unknown,default.dat,exe,2026-07-20 21:52:11,MalwareBazaar
SSDEEP,393216:sSmrvjlmcGaMbXuT1MvuXMCHWUjXScuI3/PGTAI:s9N5qXuT1MvuXMb8XvH/O7,6a25ea3dc7e86e1d0bdcf0becbfb120b4d2b36c38cb63e5106ee7e8ddea1cf7c,unknown,default.dat,exe,2026-07-20 21:52:11,MalwareBazaar
ICON-DHASH,5471f0e8e8e0f030,6a25ea3dc7e86e1d0bdcf0becbfb120b4d2b36c38cb63e5106ee7e8ddea1cf7c,unknown,default.dat,exe,2026-07-20 21:52:11,MalwareBazaar
MD5,f7ee082acfd43a938bb8aa0a5f65e610,b66775e5a6169599519e5b3e035bea6ca2824e14ad59662b9d43d356ba6b3c4d,RemusStealer,setup_euone.bin,exe,2026-07-20 21:52:07,MalwareBazaar
SHA-1,317683b99cef6340234e0e65c3be9b1a96ac020a,b66775e5a6169599519e5b3e035bea6ca2824e14ad59662b9d43d356ba6b3c4d,RemusStealer,setup_euone.bin,exe,2026-07-20 21:52:07,MalwareBazaar
SHA-256,b66775e5a6169599519e5b3e035bea6ca2824e14ad59662b9d43d356ba6b3c4d,b66775e5a6169599519e5b3e035bea6ca2824e14ad59662b9d43d356ba6b3c4d,RemusStealer,setup_euone.bin,exe,2026-07-20 21:52:07,MalwareBazaar
SHA3-384,c325142949ff2c820a7897c4d4aff6ccc0ce355a71808f36b5c984a6b26ed1d71996d61fe3a4afd1cd787ebd2ad6dc68,b66775e5a6169599519e5b3e035bea6ca2824e14ad59662b9d43d356ba6b3c4d,RemusStealer,setup_euone.bin,exe,2026-07-20 21:52:07,MalwareBazaar
IMPHASH,f34d5f2d4577ed6d9ceec516c1f5a744,b66775e5a6169599519e5b3e035bea6ca2824e14ad59662b9d43d356ba6b3c4d,RemusStealer,setup_euone.bin,exe,2026-07-20 21:52:07,MalwareBazaar
TLSH,T18F75192C27F969A8F1B77F358AF56145DB3BBB72A93BD64E0600420F1532A018D52F36,b66775e5a6169599519e5b3e035bea6ca2824e14ad59662b9d43d356ba6b3c4d,RemusStealer,setup_euone.bin,exe,2026-07-20 21:52:07,MalwareBazaar
SSDEEP,24576:PKCKoguYjLBgWT1Jy+RZfjEERR/4OhUrDNQDT/eNKS8gw3gWYvmMBjq:sSWDy+RZfLfhWDNoT/eNKBgQpYuy,b66775e5a6169599519e5b3e035bea6ca2824e14ad59662b9d43d356ba6b3c4d,RemusStealer,setup_euone.bin,exe,2026-07-20 21:52:07,MalwareBazaar
MD5,0dfa5975722cad801460d770cea685ca,e1f122c6154e1ec48b09f423d59b2f007751bb70f83fb37967d8263526045358,unknown,k.php,sh,2026-07-20 21:40:32,MalwareBazaar
SHA-1,de6b9d9790a493b3d69f694281fd368ce8e73931,e1f122c6154e1ec48b09f423d59b2f007751bb70f83fb37967d8263526045358,unknown,k.php,sh,2026-07-20 21:40:32,MalwareBazaar
SHA-256,e1f122c6154e1ec48b09f423d59b2f007751bb70f83fb37967d8263526045358,e1f122c6154e1ec48b09f423d59b2f007751bb70f83fb37967d8263526045358,unknown,k.php,sh,2026-07-20 21:40:32,MalwareBazaar
SHA3-384,eda4c0a921a1bdbd17405ad22cce1e8dfebad6692d64c7a2dcdf4a4eb38b323aecc2203f58b69b92586ab4c2f4141dbb,e1f122c6154e1ec48b09f423d59b2f007751bb70f83fb37967d8263526045358,unknown,k.php,sh,2026-07-20 21:40:32,MalwareBazaar
TLSH,T1E9235C6516857C24AE98C4361C7E2F0CB9AD43E6324452EE7FCB3CF68C4A6ADD109B1D,e1f122c6154e1ec48b09f423d59b2f007751bb70f83fb37967d8263526045358,unknown,k.php,sh,2026-07-20 21:40:32,MalwareBazaar
SSDEEP,768:++39GKYpr9GKYp82fkR4nnA9GKYpr9GKYp82fkR4nnS:++Acr,e1f122c6154e1ec48b09f423d59b2f007751bb70f83fb37967d8263526045358,unknown,k.php,sh,2026-07-20 21:40:32,MalwareBazaar
MD5,d3145cfdcfb520b12abe7a8ab9892a26,1551ea450f0da4f6e6494b4fab62a7637f7ec5d1b7d6d47b032314ab5e761717,unknown,k.php,sh,2026-07-20 20:56:41,MalwareBazaar
SHA-1,d7a1fa26361f42e7f35827d48b03820103eb4203,1551ea450f0da4f6e6494b4fab62a7637f7ec5d1b7d6d47b032314ab5e761717,unknown,k.php,sh,2026-07-20 20:56:41,MalwareBazaar
SHA-256,1551ea450f0da4f6e6494b4fab62a7637f7ec5d1b7d6d47b032314ab5e761717,1551ea450f0da4f6e6494b4fab62a7637f7ec5d1b7d6d47b032314ab5e761717,unknown,k.php,sh,2026-07-20 20:56:41,MalwareBazaar
SHA3-384,13f0e5b75ccca796721c20bbee8c848fc067dc70593b8a1e8b6e5a03ee23e76c28f55c0129c5227657eb915a25498a6d,1551ea450f0da4f6e6494b4fab62a7637f7ec5d1b7d6d47b032314ab5e761717,unknown,k.php,sh,2026-07-20 20:56:41,MalwareBazaar
TLSH,T16B236C6516857C14AA98C4375C7E2F0CBDAD43E6314492EE7FCE3CF28C4A6AD9208B1D,1551ea450f0da4f6e6494b4fab62a7637f7ec5d1b7d6d47b032314ab5e761717,unknown,k.php,sh,2026-07-20 20:56:41,MalwareBazaar
SSDEEP,768:Vgq9NyXsZztCQ9GKYpr9GKYp82fkR4nnA9GKYpr9GKYp82fkR4nnS:qqHusZ4cr,1551ea450f0da4f6e6494b4fab62a7637f7ec5d1b7d6d47b032314ab5e761717,unknown,k.php,sh,2026-07-20 20:56:41,MalwareBazaar
MD5,0c56a75870a47a01374c6a2884c8d643,53b2d24c9aefe01a768f6e2c637ab9fd56dcede852925cec18eccae58dfecec7,unknown,YZi Labs - Audit Confirmation Form - June 30 2026.docx.scpt,unknown,2026-07-20 20:54:39,MalwareBazaar
SHA-256,53b2d24c9aefe01a768f6e2c637ab9fd56dcede852925cec18eccae58dfecec7,53b2d24c9aefe01a768f6e2c637ab9fd56dcede852925cec18eccae58dfecec7,unknown,YZi Labs - Audit Confirmation Form - June 30 2026.docx.scpt,unknown,2026-07-20 20:54:39,MalwareBazaar
MD5,a34a543870f0c463c4bd83fb37883d83,7391ec43b2e0621c8c6472b686b900722a4f22ca037b3ebd0ade5a86a880332b,unknown,default.dat,exe,2026-07-20 20:52:24,MalwareBazaar
SHA-1,ef5fee2f2ddf7a7bd246a0671cbc08a0083f6ea1,7391ec43b2e0621c8c6472b686b900722a4f22ca037b3ebd0ade5a86a880332b,unknown,default.dat,exe,2026-07-20 20:52:24,MalwareBazaar
SHA-256,7391ec43b2e0621c8c6472b686b900722a4f22ca037b3ebd0ade5a86a880332b,7391ec43b2e0621c8c6472b686b900722a4f22ca037b3ebd0ade5a86a880332b,unknown,default.dat,exe,2026-07-20 20:52:24,MalwareBazaar
SHA3-384,e57d126d763e37039f2ebb9580d26229825bc8b4ff39fff3f48a1958efe4428866ea9dd359a0f59744e5622f50401451,7391ec43b2e0621c8c6472b686b900722a4f22ca037b3ebd0ade5a86a880332b,unknown,default.dat,exe,2026-07-20 20:52:24,MalwareBazaar
IMPHASH,dcaf48c1f10b0efa0a4472200f3850ed,7391ec43b2e0621c8c6472b686b900722a4f22ca037b3ebd0ade5a86a880332b,unknown,default.dat,exe,2026-07-20 20:52:24,MalwareBazaar
TLSH,T1C0E633589DE001FAFDB34138EED2A65565B5B8750332C6EF07984BA28E672E04D3E743,7391ec43b2e0621c8c6472b686b900722a4f22ca037b3ebd0ade5a86a880332b,unknown,default.dat,exe,2026-07-20 20:52:24,MalwareBazaar
SSDEEP,393216:g+dc3JDVvdbBL67hZb/1IPpXMCHWUjXzcuI3/PGTAI:gVZPI3+PpXMb8XwH/O7,7391ec43b2e0621c8c6472b686b900722a4f22ca037b3ebd0ade5a86a880332b,unknown,default.dat,exe,2026-07-20 20:52:24,MalwareBazaar
ICON-DHASH,71d89ea29ac6e471,7391ec43b2e0621c8c6472b686b900722a4f22ca037b3ebd0ade5a86a880332b,unknown,default.dat,exe,2026-07-20 20:52:24,MalwareBazaar
MD5,dde34c83191460a74b0e6cd489ea6d4e,f2796171d51454389ccb9d26a65794a030b1aaa80dbcb79a99153443c3151e40,RemusStealer,setup_euone.bin,exe,2026-07-20 20:52:07,MalwareBazaar
SHA-1,7edc5c6f7a2b5c0b30cda37109a462da536e1c29,f2796171d51454389ccb9d26a65794a030b1aaa80dbcb79a99153443c3151e40,RemusStealer,setup_euone.bin,exe,2026-07-20 20:52:07,MalwareBazaar
SHA-256,f2796171d51454389ccb9d26a65794a030b1aaa80dbcb79a99153443c3151e40,f2796171d51454389ccb9d26a65794a030b1aaa80dbcb79a99153443c3151e40,RemusStealer,setup_euone.bin,exe,2026-07-20 20:52:07,MalwareBazaar
SHA3-384,493aa6433cbfc068aa4a13de1478565dd28512c270f7f11c18905dd50e6b9640a284ff5ccd3154412d3bf6b261a9edfd,f2796171d51454389ccb9d26a65794a030b1aaa80dbcb79a99153443c3151e40,RemusStealer,setup_euone.bin,exe,2026-07-20 20:52:07,MalwareBazaar
IMPHASH,f34d5f2d4577ed6d9ceec516c1f5a744,f2796171d51454389ccb9d26a65794a030b1aaa80dbcb79a99153443c3151e40,RemusStealer,setup_euone.bin,exe,2026-07-20 20:52:07,MalwareBazaar
TLSH,T10E75292C27F969A8F1B77F358AF56145DB3BBB72A93BD64E0600820F1531A018D52F36,f2796171d51454389ccb9d26a65794a030b1aaa80dbcb79a99153443c3151e40,RemusStealer,setup_euone.bin,exe,2026-07-20 20:52:07,MalwareBazaar
SSDEEP,24576:4novWxDuBgWT1Jy+RZfjEERR/4OhUrDN59sW929AzmtjvmMBjh:KXWDy+RZfLfhWDNkW9qFtjuy,f2796171d51454389ccb9d26a65794a030b1aaa80dbcb79a99153443c3151e40,RemusStealer,setup_euone.bin,exe,2026-07-20 20:52:07,MalwareBazaar
MD5,51d086123dc2ae69563a429737109239,a927fe3149e454d08a3a87131ced2a785da121fa879566dbb274aa29d7732eb6,Mirai,putita.arm5,elf,2026-07-20 20:49:36,MalwareBazaar
SHA-1,8443c0c133da96836bc84f8de527e4af6e834a50,a927fe3149e454d08a3a87131ced2a785da121fa879566dbb274aa29d7732eb6,Mirai,putita.arm5,elf,2026-07-20 20:49:36,MalwareBazaar
SHA-256,a927fe3149e454d08a3a87131ced2a785da121fa879566dbb274aa29d7732eb6,a927fe3149e454d08a3a87131ced2a785da121fa879566dbb274aa29d7732eb6,Mirai,putita.arm5,elf,2026-07-20 20:49:36,MalwareBazaar
SHA3-384,056a88e00614c6286abe45ae26af97337311ef290984617287cfd41fd753ac79d50d26807be66e084006e990a915a4d9,a927fe3149e454d08a3a87131ced2a785da121fa879566dbb274aa29d7732eb6,Mirai,putita.arm5,elf,2026-07-20 20:49:36,MalwareBazaar
TLSH,T1CEC329A9F890DE52C6D526B6FB4E418C33231778C3DE7106CE149E3467FB95A0A3E942,a927fe3149e454d08a3a87131ced2a785da121fa879566dbb274aa29d7732eb6,Mirai,putita.arm5,elf,2026-07-20 20:49:36,MalwareBazaar
SSDEEP,3072:QuIBvPRfsNDUxMa3tIDrcYEEUIAyMW0NwhBigpmqzWNiF+WOuS5mf1Dl:QJ5GytercYEEUIAyMWGwiOmqzpJom95,a927fe3149e454d08a3a87131ced2a785da121fa879566dbb274aa29d7732eb6,Mirai,putita.arm5,elf,2026-07-20 20:49:36,MalwareBazaar
MD5,c206a21430cfb38bdaf2cf88cf436d8c,c67577c4771d12285ea8fdca4dc7700f75861f8f74f82f8126c49e86a4b40044,Mirai,putita.arm5,elf,2026-07-20 20:48:39,MalwareBazaar
SHA-1,368ef35693f3fe62f4112181d1c7ccfeaf74948a,c67577c4771d12285ea8fdca4dc7700f75861f8f74f82f8126c49e86a4b40044,Mirai,putita.arm5,elf,2026-07-20 20:48:39,MalwareBazaar
SHA-256,c67577c4771d12285ea8fdca4dc7700f75861f8f74f82f8126c49e86a4b40044,c67577c4771d12285ea8fdca4dc7700f75861f8f74f82f8126c49e86a4b40044,Mirai,putita.arm5,elf,2026-07-20 20:48:39,MalwareBazaar
SHA3-384,68e839da51bfc0c6dc5f0267a43a437cf46c4639872195cd533792e22c029e0384e74e3bfe470744c9ed5346aab532e7,c67577c4771d12285ea8fdca4dc7700f75861f8f74f82f8126c49e86a4b40044,Mirai,putita.arm5,elf,2026-07-20 20:48:39,MalwareBazaar
TLSH,T1904302F5364C5475C48A0DF028BD5042B34BABDEE9FA25B020BDDAB0BB71197386C965,c67577c4771d12285ea8fdca4dc7700f75861f8f74f82f8126c49e86a4b40044,Mirai,putita.arm5,elf,2026-07-20 20:48:39,MalwareBazaar
SSDEEP,1536:YQxgxPJhfVIz2FzQOQRgD3jEShEFENC6+HlEvffF:Txg1JhdIzOQ1RgD34ShcSCmd,c67577c4771d12285ea8fdca4dc7700f75861f8f74f82f8126c49e86a4b40044,Mirai,putita.arm5,elf,2026-07-20 20:48:39,MalwareBazaar
MD5,9d89ff7f54073cd31a6c6ad15b1326d7,0934db4eb30297c9815b0eefed038850d56b721cca115fc6881f4b870df41753,unknown,wr.php,sh,2026-07-20 20:42:34,MalwareBazaar
SHA-1,ae3b5f9c6e427fcd5c3e3dcccc08ceaa039a694c,0934db4eb30297c9815b0eefed038850d56b721cca115fc6881f4b870df41753,unknown,wr.php,sh,2026-07-20 20:42:34,MalwareBazaar
SHA-256,0934db4eb30297c9815b0eefed038850d56b721cca115fc6881f4b870df41753,0934db4eb30297c9815b0eefed038850d56b721cca115fc6881f4b870df41753,unknown,wr.php,sh,2026-07-20 20:42:34,MalwareBazaar
SHA3-384,fde3527631e3794faca5b6936aa9e8597a2b0a0dc9783b084a46fb1e38f308f9022fb775ad151f4305bc57507e3f58f1,0934db4eb30297c9815b0eefed038850d56b721cca115fc6881f4b870df41753,unknown,wr.php,sh,2026-07-20 20:42:34,MalwareBazaar
TLSH,T10FC27D956A967C44BEC98A3E4CBD2B0D6DF5C3D1224942AC3D8B3C719C11FACD618B1A,0934db4eb30297c9815b0eefed038850d56b721cca115fc6881f4b870df41753,unknown,wr.php,sh,2026-07-20 20:42:34,MalwareBazaar
SSDEEP,768:C8vCB+25j6es8R59FYpMSUpi+20qUpi+20YQX:C8l25Jfd2QX,0934db4eb30297c9815b0eefed038850d56b721cca115fc6881f4b870df41753,unknown,wr.php,sh,2026-07-20 20:42:34,MalwareBazaar
MD5,5d4b0dba09b8f4ca7f97f559a28f3c56,40df91b940eea28d176edccda20a8e2e4e281eb531254486d4c69af08dd29842,Mirai,morte.arm7,elf,2026-07-20 20:39:35,MalwareBazaar
SHA-1,c102181fc2f978a2b5a31c0c33c24c2659b743f4,40df91b940eea28d176edccda20a8e2e4e281eb531254486d4c69af08dd29842,Mirai,morte.arm7,elf,2026-07-20 20:39:35,MalwareBazaar
SHA-256,40df91b940eea28d176edccda20a8e2e4e281eb531254486d4c69af08dd29842,40df91b940eea28d176edccda20a8e2e4e281eb531254486d4c69af08dd29842,Mirai,morte.arm7,elf,2026-07-20 20:39:35,MalwareBazaar
SHA3-384,791b7b0a9922f6ecc194ffe77f664d3824ac4bbc7815ac8697d339a96943a002119a67994c5fa4f3e831b5d277b81f9a,40df91b940eea28d176edccda20a8e2e4e281eb531254486d4c69af08dd29842,Mirai,morte.arm7,elf,2026-07-20 20:39:35,MalwareBazaar
TLSH,T1B6144B46EA418A23C0D7177AB6AF414A3333A7A4D3DB730699286FB43BC675F0E63505,40df91b940eea28d176edccda20a8e2e4e281eb531254486d4c69af08dd29842,Mirai,morte.arm7,elf,2026-07-20 20:39:35,MalwareBazaar
TELFHASH,t1f1312fb1833652186a61cb9c99ecb7b5012cc7031246ff33ef3684ac041944ee53ac0f,40df91b940eea28d176edccda20a8e2e4e281eb531254486d4c69af08dd29842,Mirai,morte.arm7,elf,2026-07-20 20:39:35,MalwareBazaar
SSDEEP,6144:bzwCD8W1DCPyalbRblciQsYCKDcerNrye3NwM/9YjGC+:bzwCD8WBCPyalbRblciQD/JByWJ/6je,40df91b940eea28d176edccda20a8e2e4e281eb531254486d4c69af08dd29842,Mirai,morte.arm7,elf,2026-07-20 20:39:35,MalwareBazaar
MD5,127b7061274ffbcabdf1f8b93390749b,90ac8ec4e015343f2f175d29a2e147109a76fd65582dfa9cad80144826336872,Mirai,morte.arm6,elf,2026-07-20 20:39:32,MalwareBazaar
SHA-1,66e20ddf178ec289f28396b575f12a53d7c17612,90ac8ec4e015343f2f175d29a2e147109a76fd65582dfa9cad80144826336872,Mirai,morte.arm6,elf,2026-07-20 20:39:32,MalwareBazaar
SHA-256,90ac8ec4e015343f2f175d29a2e147109a76fd65582dfa9cad80144826336872,90ac8ec4e015343f2f175d29a2e147109a76fd65582dfa9cad80144826336872,Mirai,morte.arm6,elf,2026-07-20 20:39:32,MalwareBazaar
SHA3-384,04d713fbf230c4b94f62068292f3586d067ceec1a35a14a702f729dcaa6b271b1b34be07e10c6e40cb7b804264913cab,90ac8ec4e015343f2f175d29a2e147109a76fd65582dfa9cad80144826336872,Mirai,morte.arm6,elf,2026-07-20 20:39:32,MalwareBazaar
TLSH,T134C32986F8824B22D6D712BEF92D118E331317B8E3DE32229E245F2177C652B0E77955,90ac8ec4e015343f2f175d29a2e147109a76fd65582dfa9cad80144826336872,Mirai,morte.arm6,elf,2026-07-20 20:39:32,MalwareBazaar
TELFHASH,t1bde0c69f66352a6a2cdc8000879f7a06dbec3a9f2b0528c6c33d4a0e6043dc2340c01e,90ac8ec4e015343f2f175d29a2e147109a76fd65582dfa9cad80144826336872,Mirai,morte.arm6,elf,2026-07-20 20:39:32,MalwareBazaar
SSDEEP,3072:GIQpxQEjVJ3QkkjmG7L6apVH9dhd2P3x9i:GIyxQgVJ3QkY57Gandd2Z9i,90ac8ec4e015343f2f175d29a2e147109a76fd65582dfa9cad80144826336872,Mirai,morte.arm6,elf,2026-07-20 20:39:32,MalwareBazaar
MD5,1de1a8bdd8806f731beef46446e05388,3f509b8445f1b263397f3d531f478aeb9b046e0ab7582549a622e912a7161fda,Mirai,morte.arm7,elf,2026-07-20 20:38:37,MalwareBazaar
SHA-1,6744313410664c9f4be860f4dabf9485f478ffdc,3f509b8445f1b263397f3d531f478aeb9b046e0ab7582549a622e912a7161fda,Mirai,morte.arm7,elf,2026-07-20 20:38:37,MalwareBazaar
SHA-256,3f509b8445f1b263397f3d531f478aeb9b046e0ab7582549a622e912a7161fda,3f509b8445f1b263397f3d531f478aeb9b046e0ab7582549a622e912a7161fda,Mirai,morte.arm7,elf,2026-07-20 20:38:37,MalwareBazaar
SHA3-384,1c8ec8c93fc97a877126ceb120bad93b74ef69dbadfebbde7a9b7aa86799f7257a8a1ad647ca73aec0f281c240f99515,3f509b8445f1b263397f3d531f478aeb9b046e0ab7582549a622e912a7161fda,Mirai,morte.arm7,elf,2026-07-20 20:38:37,MalwareBazaar
TLSH,T17A6302B49055CD93CA3C48B09E3E0FA77D494AB8646678FE56704B586A43FC8ABF4CC1,3f509b8445f1b263397f3d531f478aeb9b046e0ab7582549a622e912a7161fda,Mirai,morte.arm7,elf,2026-07-20 20:38:37,MalwareBazaar
SSDEEP,1536:M6km9VKx73LQuBsOahcEFMGprfaY+Ljf2dX08T6bKhVmse0x:M6XA3TsOalTcLje28DVTr,3f509b8445f1b263397f3d531f478aeb9b046e0ab7582549a622e912a7161fda,Mirai,morte.arm7,elf,2026-07-20 20:38:37,MalwareBazaar
MD5,9e830cc6cf92df7c2319f47398da46d1,9354ba8758ad0702251b2ea6dfa82cb7ba34c0e7f32e5cfc83aed0baebb3c456,Mirai,morte.arm6,elf,2026-07-20 20:38:36,MalwareBazaar
SHA-1,89f489384019796d36a746028599cef14af410aa,9354ba8758ad0702251b2ea6dfa82cb7ba34c0e7f32e5cfc83aed0baebb3c456,Mirai,morte.arm6,elf,2026-07-20 20:38:36,MalwareBazaar
SHA-256,9354ba8758ad0702251b2ea6dfa82cb7ba34c0e7f32e5cfc83aed0baebb3c456,9354ba8758ad0702251b2ea6dfa82cb7ba34c0e7f32e5cfc83aed0baebb3c456,Mirai,morte.arm6,elf,2026-07-20 20:38:36,MalwareBazaar
SHA3-384,688a5e66cf254d1a7e47805c2977fdf64ec3c2d550f0a6cad681eec9e626b88c3df482695770652cb77da0dd2d7fb64c,9354ba8758ad0702251b2ea6dfa82cb7ba34c0e7f32e5cfc83aed0baebb3c456,Mirai,morte.arm6,elf,2026-07-20 20:38:36,MalwareBazaar
TLSH,T18223F20D01199D28EDD0F8379A58D489523B4FD9EABCFC1B7590E4647EA53C2E3BE181,9354ba8758ad0702251b2ea6dfa82cb7ba34c0e7f32e5cfc83aed0baebb3c456,Mirai,morte.arm6,elf,2026-07-20 20:38:36,MalwareBazaar
SSDEEP,1536:lOWfAAherYCyhib3sdTzOQGObIm2CRuzddJlj0qyDL2d6b5Ly:SAMrshocdHOQGPm2CgRdJq9Q6b5Ly,9354ba8758ad0702251b2ea6dfa82cb7ba34c0e7f32e5cfc83aed0baebb3c456,Mirai,morte.arm6,elf,2026-07-20 20:38:36,MalwareBazaar
MD5,1dd79bd1a6db847df30fd656f2b06dab,b6819af7882a880ab0119b79fa068177570e53cf205653e4091bdfafc7ccf8b8,Mirai,putita.m68k,elf,2026-07-20 20:28:46,MalwareBazaar
SHA-1,a739d9c7bae3078623945a2861d9100accb0ef1a,b6819af7882a880ab0119b79fa068177570e53cf205653e4091bdfafc7ccf8b8,Mirai,putita.m68k,elf,2026-07-20 20:28:46,MalwareBazaar
SHA-256,b6819af7882a880ab0119b79fa068177570e53cf205653e4091bdfafc7ccf8b8,b6819af7882a880ab0119b79fa068177570e53cf205653e4091bdfafc7ccf8b8,Mirai,putita.m68k,elf,2026-07-20 20:28:46,MalwareBazaar
SHA3-384,3c852a6088cc1dcccad6e46567ff973fbbf5814f51e90115448a70ed5132531e2e4b9a5e4fbe12e9c57d2c41473c1884,b6819af7882a880ab0119b79fa068177570e53cf205653e4091bdfafc7ccf8b8,Mirai,putita.m68k,elf,2026-07-20 20:28:46,MalwareBazaar
TLSH,T122C37DC5B50D7EAEE4D32D7CC20A17176E1C9E519C83410190B5FE031ABB6E72E26AC7,b6819af7882a880ab0119b79fa068177570e53cf205653e4091bdfafc7ccf8b8,Mirai,putita.m68k,elf,2026-07-20 20:28:46,MalwareBazaar
TELFHASH,t18ad0b1f1878fa601458cdbcd83ca775c4a0dd141004bef43fd22553c80a591cb91998f,b6819af7882a880ab0119b79fa068177570e53cf205653e4091bdfafc7ccf8b8,Mirai,putita.m68k,elf,2026-07-20 20:28:46,MalwareBazaar
SSDEEP,3072:129lr4s2FCP0ISEHZ6USxMPWFRSRvtWRhSQLLjyoWBp:129QFs0INxSmPuEvtWfSQXvI,b6819af7882a880ab0119b79fa068177570e53cf205653e4091bdfafc7ccf8b8,Mirai,putita.m68k,elf,2026-07-20 20:28:46,MalwareBazaar
MD5,7f3b68c197aa920b3cdceef9e50d0d26,774813aa1ca069bf99771e37766b073e569e7cfb5056593126598f5fae343661,unknown,busywget.sh,sh,2026-07-20 20:26:47,MalwareBazaar
SHA-1,0e913e1dffeee8878ab321026aa0873ec063e0df,774813aa1ca069bf99771e37766b073e569e7cfb5056593126598f5fae343661,unknown,busywget.sh,sh,2026-07-20 20:26:47,MalwareBazaar
SHA-256,774813aa1ca069bf99771e37766b073e569e7cfb5056593126598f5fae343661,774813aa1ca069bf99771e37766b073e569e7cfb5056593126598f5fae343661,unknown,busywget.sh,sh,2026-07-20 20:26:47,MalwareBazaar
SHA3-384,dea0114c6c8c9824a5ef7e25185f5d56733b53e46ebc1aa25de582b385fbcbb798a7af9d76d8eabd7160d8ff8655710f,774813aa1ca069bf99771e37766b073e569e7cfb5056593126598f5fae343661,unknown,busywget.sh,sh,2026-07-20 20:26:47,MalwareBazaar
TLSH,T1CB2104C5006449BDDC82AE48F77B98C4AA594696FE827F8EA9DC047AE55CD34F0CCAD0,774813aa1ca069bf99771e37766b073e569e7cfb5056593126598f5fae343661,unknown,busywget.sh,sh,2026-07-20 20:26:47,MalwareBazaar
SSDEEP,12:MCd9I+AA4eNIyJSDfKi+39k1V4HSgM/2n:HnjseNIDzKi+NKV4ygM/2,774813aa1ca069bf99771e37766b073e569e7cfb5056593126598f5fae343661,unknown,busywget.sh,sh,2026-07-20 20:26:47,MalwareBazaar
MD5,6bddc96cf68f9203a53b78b8c77eea89,29b4af860c1a6f86e52cefd4c75900efe9c0262f96949a07431f9e74dbbe7ff2,unknown,29b4af860c1a6f86e52cefd4c75900efe9c0262f96949a07431f9e74dbbe7ff2,unknown,2026-07-20 20:19:46,MalwareBazaar
SHA-256,29b4af860c1a6f86e52cefd4c75900efe9c0262f96949a07431f9e74dbbe7ff2,29b4af860c1a6f86e52cefd4c75900efe9c0262f96949a07431f9e74dbbe7ff2,unknown,29b4af860c1a6f86e52cefd4c75900efe9c0262f96949a07431f9e74dbbe7ff2,unknown,2026-07-20 20:19:46,MalwareBazaar
MD5,a180f4c1432d2c3e01bad4d167c0859d,72a5a6dd913263a9773df35c1ae3c5d0fea06bb7848c9ecf91c1ea8eca8f9979,Mirai,morte.x86_64,elf,2026-07-20 20:15:53,MalwareBazaar
SHA-1,0370f11475440cd78d91ce9ca9243f98dde0f29c,72a5a6dd913263a9773df35c1ae3c5d0fea06bb7848c9ecf91c1ea8eca8f9979,Mirai,morte.x86_64,elf,2026-07-20 20:15:53,MalwareBazaar
SHA-256,72a5a6dd913263a9773df35c1ae3c5d0fea06bb7848c9ecf91c1ea8eca8f9979,72a5a6dd913263a9773df35c1ae3c5d0fea06bb7848c9ecf91c1ea8eca8f9979,Mirai,morte.x86_64,elf,2026-07-20 20:15:53,MalwareBazaar
SHA3-384,6a6c2d41959a32fdd8b7e81f8dd3381ecf43efdacf991ad015a3bd631f5c4702e9ed14a94031bbd0c83d88338b220b26,72a5a6dd913263a9773df35c1ae3c5d0fea06bb7848c9ecf91c1ea8eca8f9979,Mirai,morte.x86_64,elf,2026-07-20 20:15:53,MalwareBazaar
TLSH,T13CA31916FDC18CFDC44AC03443BFB53ADD22F4EE0238B29B6BD4AE27690DE611A19955,72a5a6dd913263a9773df35c1ae3c5d0fea06bb7848c9ecf91c1ea8eca8f9979,Mirai,morte.x86_64,elf,2026-07-20 20:15:53,MalwareBazaar
TELFHASH,t1452163b82c9a379840e39268730fe5a6d82301313fa170e68e73add9de5bfd45d83052,72a5a6dd913263a9773df35c1ae3c5d0fea06bb7848c9ecf91c1ea8eca8f9979,Mirai,morte.x86_64,elf,2026-07-20 20:15:53,MalwareBazaar
SSDEEP,3072:d4DEFusTs0Hzc+OFq9E9ZvlP2lwqLH9i0eG:d4DE8sTpHzc+QfKwkc0eG,72a5a6dd913263a9773df35c1ae3c5d0fea06bb7848c9ecf91c1ea8eca8f9979,Mirai,morte.x86_64,elf,2026-07-20 20:15:53,MalwareBazaar
MD5,48d1382b30de604dfb758c4c40157352,4dc8b56b03e7c8cf3b12bf57c07e0bb9a61ecd18615ed60e2f0124ad9b4e9061,unknown,file,exe,2026-07-20 20:15:48,MalwareBazaar
SHA-1,0da31900db4a691d9c42b1f0500efb61332ea336,4dc8b56b03e7c8cf3b12bf57c07e0bb9a61ecd18615ed60e2f0124ad9b4e9061,unknown,file,exe,2026-07-20 20:15:48,MalwareBazaar
SHA-256,4dc8b56b03e7c8cf3b12bf57c07e0bb9a61ecd18615ed60e2f0124ad9b4e9061,4dc8b56b03e7c8cf3b12bf57c07e0bb9a61ecd18615ed60e2f0124ad9b4e9061,unknown,file,exe,2026-07-20 20:15:48,MalwareBazaar
SHA3-384,c4df3a3bdaec8d7d3a3421bf6cce2cd974d6bf9f1b6dd5ebc61d3de2d2b2b2ddcb042a4b04605c45740de76eea532594,4dc8b56b03e7c8cf3b12bf57c07e0bb9a61ecd18615ed60e2f0124ad9b4e9061,unknown,file,exe,2026-07-20 20:15:48,MalwareBazaar
IMPHASH,edd9caae8565fbe43a73e0ad530f325e,4dc8b56b03e7c8cf3b12bf57c07e0bb9a61ecd18615ed60e2f0124ad9b4e9061,unknown,file,exe,2026-07-20 20:15:48,MalwareBazaar
TLSH,T1BA825B0FB9424726C0E110B49675877BDAB9A872338454DBF7D08AAD0B682D1FC3315F,4dc8b56b03e7c8cf3b12bf57c07e0bb9a61ecd18615ed60e2f0124ad9b4e9061,unknown,file,exe,2026-07-20 20:15:48,MalwareBazaar
SSDEEP,384:fIqQlV6lYR60LZu94gNTc9Qav8U9c2XF:7p049ta0UF,4dc8b56b03e7c8cf3b12bf57c07e0bb9a61ecd18615ed60e2f0124ad9b4e9061,unknown,file,exe,2026-07-20 20:15:48,MalwareBazaar
MD5,1f0191eb33489a385be4f7628e59de76,7ac23035d89498bc3d3b148d726bb072a07f7e579b55618ad5f686ef7048ade1,Mirai,morte.x86_64,elf,2026-07-20 20:14:59,MalwareBazaar
SHA-1,75074dbd59dd4974b22c3a4e7a8a6acebe34dafb,7ac23035d89498bc3d3b148d726bb072a07f7e579b55618ad5f686ef7048ade1,Mirai,morte.x86_64,elf,2026-07-20 20:14:59,MalwareBazaar
SHA-256,7ac23035d89498bc3d3b148d726bb072a07f7e579b55618ad5f686ef7048ade1,7ac23035d89498bc3d3b148d726bb072a07f7e579b55618ad5f686ef7048ade1,Mirai,morte.x86_64,elf,2026-07-20 20:14:59,MalwareBazaar
SHA3-384,b6e70f2c6cb336232f0b60c0f3c7b553abfc964bdffda59c36daf3a47972b1a7ad89fd590abca39ff5aa9bc2db9fa0d6,7ac23035d89498bc3d3b148d726bb072a07f7e579b55618ad5f686ef7048ade1,Mirai,morte.x86_64,elf,2026-07-20 20:14:59,MalwareBazaar
TLSH,T15323F2F7212BBAB5D123C072ACAB53C0BD15B9595A479B2F1FF571488DE118C0ABDC42,7ac23035d89498bc3d3b148d726bb072a07f7e579b55618ad5f686ef7048ade1,Mirai,morte.x86_64,elf,2026-07-20 20:14:59,MalwareBazaar
SSDEEP,768:0ACjszYEfRY6jvJyiNQ5iP+h0b3WvnjEoTUV6tk7jihQ283xRGpPSkeNfx02y:zC6YYR1jkiNTPe0bWvINVdKhQZ3jGp6C,7ac23035d89498bc3d3b148d726bb072a07f7e579b55618ad5f686ef7048ade1,Mirai,morte.x86_64,elf,2026-07-20 20:14:59,MalwareBazaar
MD5,b5348c5746c4c1521d36813b97e04e43,05feafe05fedb138116489ceca8a84b302ed59e2f3d18daa9527b057aa485c9a,unknown,lil,sh,2026-07-20 19:59:59,MalwareBazaar
SHA-1,fc739f2d544cf440c9e107c71137bdaecb3de59b,05feafe05fedb138116489ceca8a84b302ed59e2f3d18daa9527b057aa485c9a,unknown,lil,sh,2026-07-20 19:59:59,MalwareBazaar
SHA-256,05feafe05fedb138116489ceca8a84b302ed59e2f3d18daa9527b057aa485c9a,05feafe05fedb138116489ceca8a84b302ed59e2f3d18daa9527b057aa485c9a,unknown,lil,sh,2026-07-20 19:59:59,MalwareBazaar
SHA3-384,a872df88d9823115d3ffce2c7c35d12b5a4b1bda6503f41fb351843fd6af72e807610b2f983a4977506e2449c0b906c0,05feafe05fedb138116489ceca8a84b302ed59e2f3d18daa9527b057aa485c9a,unknown,lil,sh,2026-07-20 19:59:59,MalwareBazaar
TLSH,T1730188EA8254680040AD961D32976094F420D3CF168A4B39BFAC6D3DABA8804F02AFC4,05feafe05fedb138116489ceca8a84b302ed59e2f3d18daa9527b057aa485c9a,unknown,lil,sh,2026-07-20 19:59:59,MalwareBazaar
SSDEEP,24:kXCKysE2hi0ziQvZohad3lKSH0FvXt9MZX:e9Qp+Msdw60Fvd9KX,05feafe05fedb138116489ceca8a84b302ed59e2f3d18daa9527b057aa485c9a,unknown,lil,sh,2026-07-20 19:59:59,MalwareBazaar
MD5,d19dbf2ae5a8c7350bf3424834ef7031,6ef76a3b50c9f70408e74e4c15d986f94979711d35f3f6744d1ab61387214eb6,unknown,default.dat,exe,2026-07-20 19:52:09,MalwareBazaar
SHA-1,1891576b13b73563d5bb08a0a0d00f6cb14aea9e,6ef76a3b50c9f70408e74e4c15d986f94979711d35f3f6744d1ab61387214eb6,unknown,default.dat,exe,2026-07-20 19:52:09,MalwareBazaar
SHA-256,6ef76a3b50c9f70408e74e4c15d986f94979711d35f3f6744d1ab61387214eb6,6ef76a3b50c9f70408e74e4c15d986f94979711d35f3f6744d1ab61387214eb6,unknown,default.dat,exe,2026-07-20 19:52:09,MalwareBazaar
SHA3-384,7f3302463c68da0e70b10fea6c747a2c0bf0b27ded6812aeb400dcf6c39a578f9a7ea726aa9ad2e436924c4c085d9eaf,6ef76a3b50c9f70408e74e4c15d986f94979711d35f3f6744d1ab61387214eb6,unknown,default.dat,exe,2026-07-20 19:52:09,MalwareBazaar
IMPHASH,dcaf48c1f10b0efa0a4472200f3850ed,6ef76a3b50c9f70408e74e4c15d986f94979711d35f3f6744d1ab61387214eb6,unknown,default.dat,exe,2026-07-20 19:52:09,MalwareBazaar
TLSH,T162E6335862E010EDEAB3513CF9E169AAF948B8B613B3C5DF575842623C172D09D3EA13,6ef76a3b50c9f70408e74e4c15d986f94979711d35f3f6744d1ab61387214eb6,unknown,default.dat,exe,2026-07-20 19:52:09,MalwareBazaar
SSDEEP,393216:+97ceQme+Ku/AXMCHWUjXLcuI3/PGTAI:+9AhmeUoXMb8XoH/O7,6ef76a3b50c9f70408e74e4c15d986f94979711d35f3f6744d1ab61387214eb6,unknown,default.dat,exe,2026-07-20 19:52:09,MalwareBazaar
ICON-DHASH,98dcf8f8dcf8e144,6ef76a3b50c9f70408e74e4c15d986f94979711d35f3f6744d1ab61387214eb6,unknown,default.dat,exe,2026-07-20 19:52:09,MalwareBazaar
MD5,8bc77047dcd261da4ea5bcdd26db60b8,84d07f96725bc87d56f68936dd3879ffe67f1f8d694be9fbc4edd4a6d9a44615,unknown,verification.ps1,ps1,2026-07-20 19:46:08,MalwareBazaar
SHA-1,7f49f6100a34e96847c741130683a3a8e7f0a0ae,84d07f96725bc87d56f68936dd3879ffe67f1f8d694be9fbc4edd4a6d9a44615,unknown,verification.ps1,ps1,2026-07-20 19:46:08,MalwareBazaar
SHA-256,84d07f96725bc87d56f68936dd3879ffe67f1f8d694be9fbc4edd4a6d9a44615,84d07f96725bc87d56f68936dd3879ffe67f1f8d694be9fbc4edd4a6d9a44615,unknown,verification.ps1,ps1,2026-07-20 19:46:08,MalwareBazaar
SHA3-384,c4078830c77b5a6591d19bf1be20e330af94cc789dc377a95b419e3ab9b11185365feb70ced1260a5aecb30eff9f3e0e,84d07f96725bc87d56f68936dd3879ffe67f1f8d694be9fbc4edd4a6d9a44615,unknown,verification.ps1,ps1,2026-07-20 19:46:08,MalwareBazaar
TLSH,T16A65E1E29F3BB41C979C4721D24FA64C2E854CD80D93B8E174DA0ACD67F622752E35B8,84d07f96725bc87d56f68936dd3879ffe67f1f8d694be9fbc4edd4a6d9a44615,unknown,verification.ps1,ps1,2026-07-20 19:46:08,MalwareBazaar
SSDEEP,24576:MGixYhKvR/kcpIS+O6hmbI1QGqkecRCrdBcp6G5DXc+Lc0fLaQ1U5bz9Y7/mxru+:Mp/kcOQ07EcpPcg1YwxnXkn,84d07f96725bc87d56f68936dd3879ffe67f1f8d694be9fbc4edd4a6d9a44615,unknown,verification.ps1,ps1,2026-07-20 19:46:08,MalwareBazaar
MD5,48b67fb47a5245406898fd2cbe83e9b2,2e086924a7835d4679749992f6b684ccf2fa5ab7f33fa69201b22ccf1f98571c,Mirai,morte.mpsl,elf,2026-07-20 19:40:52,MalwareBazaar
SHA-1,d14830aa6f1ee3419d170f2054dfba493d141e77,2e086924a7835d4679749992f6b684ccf2fa5ab7f33fa69201b22ccf1f98571c,Mirai,morte.mpsl,elf,2026-07-20 19:40:52,MalwareBazaar
SHA-256,2e086924a7835d4679749992f6b684ccf2fa5ab7f33fa69201b22ccf1f98571c,2e086924a7835d4679749992f6b684ccf2fa5ab7f33fa69201b22ccf1f98571c,Mirai,morte.mpsl,elf,2026-07-20 19:40:52,MalwareBazaar
SHA3-384,4a12752b00865030c6dbf67a7d12265707fa9d255cb9ea3fd15f8d2b3d9ba7b82489bdcdb029f18871da3f7e50ccb329,2e086924a7835d4679749992f6b684ccf2fa5ab7f33fa69201b22ccf1f98571c,Mirai,morte.mpsl,elf,2026-07-20 19:40:52,MalwareBazaar
TLSH,T163D3C609BB611FFBD8AFCC3706F91705288D595722A97B3AB530D818F64B24B19E3874,2e086924a7835d4679749992f6b684ccf2fa5ab7f33fa69201b22ccf1f98571c,Mirai,morte.mpsl,elf,2026-07-20 19:40:52,MalwareBazaar
SSDEEP,3072:fYlmEdw0bmz0JpUDESDCE83UjiMXpHyMRvs3B:fYUEdw0bmz0JpCE6CEwUjXXpHy93,2e086924a7835d4679749992f6b684ccf2fa5ab7f33fa69201b22ccf1f98571c,Mirai,morte.mpsl,elf,2026-07-20 19:40:52,MalwareBazaar
MD5,1c253badd8eb347bb3a9643af1c5ade7,c165527a2aa356d02f68fd695fbfe5ae9170eb8b6862e48cf9758e0ec6eebe31,Mirai,morte.mpsl,elf,2026-07-20 19:39:58,MalwareBazaar
SHA-1,cf3fcb48d31dd785cda536b15fd6ae8cbe5a0c54,c165527a2aa356d02f68fd695fbfe5ae9170eb8b6862e48cf9758e0ec6eebe31,Mirai,morte.mpsl,elf,2026-07-20 19:39:58,MalwareBazaar
SHA-256,c165527a2aa356d02f68fd695fbfe5ae9170eb8b6862e48cf9758e0ec6eebe31,c165527a2aa356d02f68fd695fbfe5ae9170eb8b6862e48cf9758e0ec6eebe31,Mirai,morte.mpsl,elf,2026-07-20 19:39:58,MalwareBazaar
SHA3-384,2479762798b90ea53fda1d6393b471dbd42d7c5b4b2cd65d6b7a8255a3f17454a01149b609774adfbcf7836dac83941e,c165527a2aa356d02f68fd695fbfe5ae9170eb8b6862e48cf9758e0ec6eebe31,Mirai,morte.mpsl,elf,2026-07-20 19:39:58,MalwareBazaar
TLSH,T13323F19CEDD13882DE9A0CFCE3CA04637AE5A054133A1FAE8B60CE45FB6E51DB95C154,c165527a2aa356d02f68fd695fbfe5ae9170eb8b6862e48cf9758e0ec6eebe31,Mirai,morte.mpsl,elf,2026-07-20 19:39:58,MalwareBazaar
SSDEEP,768:HzqjkFaqefzXE0hpSSyZ7c/49B87YMkAOx/mcgAl/Z58Va/h/Yueo3gQzWK:HzILqyzXMqAnaluIYyaxYulJ,c165527a2aa356d02f68fd695fbfe5ae9170eb8b6862e48cf9758e0ec6eebe31,Mirai,morte.mpsl,elf,2026-07-20 19:39:58,MalwareBazaar
MD5,76ddd649d116b9b9df218d063580024c,af9a6dacb2a9618866cf398d615b2fe1c1c98ec7254d38a01c7c2d6869821bbe,Gh0stRAT,moshou-xinshouhezi.zip,zip,2026-07-20 19:38:23,MalwareBazaar
SHA-1,eb2c53d339d0c893383ed9ac3a33462c6995def5,af9a6dacb2a9618866cf398d615b2fe1c1c98ec7254d38a01c7c2d6869821bbe,Gh0stRAT,moshou-xinshouhezi.zip,zip,2026-07-20 19:38:23,MalwareBazaar
SHA-256,af9a6dacb2a9618866cf398d615b2fe1c1c98ec7254d38a01c7c2d6869821bbe,af9a6dacb2a9618866cf398d615b2fe1c1c98ec7254d38a01c7c2d6869821bbe,Gh0stRAT,moshou-xinshouhezi.zip,zip,2026-07-20 19:38:23,MalwareBazaar
SHA3-384,ab9d6b92ee0707a3851b6600497e1c56fb2d0f88ccb1710f63e5a4c14cbd1e8fe9dd59bf45ce99be5a0017cb13e6553a,af9a6dacb2a9618866cf398d615b2fe1c1c98ec7254d38a01c7c2d6869821bbe,Gh0stRAT,moshou-xinshouhezi.zip,zip,2026-07-20 19:38:23,MalwareBazaar
TLSH,T15A27336CF4C998F3F816800CBE0899D763C43C2797B952C2A78BD9D9DF9EB259200395,af9a6dacb2a9618866cf398d615b2fe1c1c98ec7254d38a01c7c2d6869821bbe,Gh0stRAT,moshou-xinshouhezi.zip,zip,2026-07-20 19:38:23,MalwareBazaar
SSDEEP,393216:F5leE1/UVJ1iIx9Vh6WTON7qFO+X7rVLjmOfKdW/6NBo6aYyC/osW:zl/UJ19mN7PS3m2KNOZ5Cg9,af9a6dacb2a9618866cf398d615b2fe1c1c98ec7254d38a01c7c2d6869821bbe,Gh0stRAT,moshou-xinshouhezi.zip,zip,2026-07-20 19:38:23,MalwareBazaar
MD5,25d7c97a437df82922b7e2a1569dac6c,cdf7dbac5c8ca636350541007bf67ac05634ef36dbf64ffd7c73dbc6db5bb280,Mirai,nz.x86_64,elf,2026-07-20 19:37:43,MalwareBazaar
SHA-1,86f6ea17c404356f5da710231fa774514750bc23,cdf7dbac5c8ca636350541007bf67ac05634ef36dbf64ffd7c73dbc6db5bb280,Mirai,nz.x86_64,elf,2026-07-20 19:37:43,MalwareBazaar
SHA-256,cdf7dbac5c8ca636350541007bf67ac05634ef36dbf64ffd7c73dbc6db5bb280,cdf7dbac5c8ca636350541007bf67ac05634ef36dbf64ffd7c73dbc6db5bb280,Mirai,nz.x86_64,elf,2026-07-20 19:37:43,MalwareBazaar
SHA3-384,d042ae1afaf5aa8c47c37ebd6b307e815cc9cc2d4a3f1d2e6722beed4c6bfe0caab9773f643f1283fa19c47e6b3f583c,cdf7dbac5c8ca636350541007bf67ac05634ef36dbf64ffd7c73dbc6db5bb280,Mirai,nz.x86_64,elf,2026-07-20 19:37:43,MalwareBazaar
TLSH,T10BC33B0779C18AFEC486D67803BF7526C522F83E1B36338B67D47D693A09AD42A1D319,cdf7dbac5c8ca636350541007bf67ac05634ef36dbf64ffd7c73dbc6db5bb280,Mirai,nz.x86_64,elf,2026-07-20 19:37:43,MalwareBazaar
TELFHASH,t1c4314231477155292eb0c914acec97b2651a87171748ee33ce31c89c242a0aef93fc0f,cdf7dbac5c8ca636350541007bf67ac05634ef36dbf64ffd7c73dbc6db5bb280,Mirai,nz.x86_64,elf,2026-07-20 19:37:43,MalwareBazaar
SSDEEP,3072:S6SblaZFi4q0KI1XeN31xwnPEbt+uYr0uBtuerGulNpS:tyUFi4ZNEDwPRuYpBt9rGulNpS,cdf7dbac5c8ca636350541007bf67ac05634ef36dbf64ffd7c73dbc6db5bb280,Mirai,nz.x86_64,elf,2026-07-20 19:37:43,MalwareBazaar
MD5,530e7a38fad056db86acc3271c1647af,bce3c7ad26433b03c0aeb8d987e9b6b889582fe8ef870949329abfaa175c0e81,Mirai,mips,elf,2026-07-20 19:35:37,MalwareBazaar
SHA-1,9397e678fcd63e9d087a8479e192791e592e41f3,bce3c7ad26433b03c0aeb8d987e9b6b889582fe8ef870949329abfaa175c0e81,Mirai,mips,elf,2026-07-20 19:35:37,MalwareBazaar
SHA-256,bce3c7ad26433b03c0aeb8d987e9b6b889582fe8ef870949329abfaa175c0e81,bce3c7ad26433b03c0aeb8d987e9b6b889582fe8ef870949329abfaa175c0e81,Mirai,mips,elf,2026-07-20 19:35:37,MalwareBazaar
SHA3-384,07cc2e5bdae5b43b4e17f3fd96a80815fd0244a892567ccc35e120421237daf291c90fb45496b5de7dad5529c2789972,bce3c7ad26433b03c0aeb8d987e9b6b889582fe8ef870949329abfaa175c0e81,Mirai,mips,elf,2026-07-20 19:35:37,MalwareBazaar
TLSH,T19214A65E6E228F7EF76C873047B78A34976923D627E0D684D1ACC2115F2029E541FFA8,bce3c7ad26433b03c0aeb8d987e9b6b889582fe8ef870949329abfaa175c0e81,Mirai,mips,elf,2026-07-20 19:35:37,MalwareBazaar
TELFHASH,t1cd4194180d7417b4a7756c5d089dfb2bd6a330eb7e162c378e51e86ae769b838d10c1c,bce3c7ad26433b03c0aeb8d987e9b6b889582fe8ef870949329abfaa175c0e81,Mirai,mips,elf,2026-07-20 19:35:37,MalwareBazaar
SSDEEP,3072:+k4b3i76UkkeAnZTnXKOlca2upGfiWUdaaBbY+2f1SoEw:+k4b3q6UkkeAnZ22f8fudtB2NSO,bce3c7ad26433b03c0aeb8d987e9b6b889582fe8ef870949329abfaa175c0e81,Mirai,mips,elf,2026-07-20 19:35:37,MalwareBazaar
MD5,944f1df7d08cbd62983083bd586265a9,17d1b0c433da78f9a1de8e1ebb04e3174961f8b97aa5d489b21f28dec1c2ac15,Mirai,morte.m68k,elf,2026-07-20 19:34:35,MalwareBazaar
SHA-1,57268ed5426392cc682eb19ac5ad56f0caee7f5d,17d1b0c433da78f9a1de8e1ebb04e3174961f8b97aa5d489b21f28dec1c2ac15,Mirai,morte.m68k,elf,2026-07-20 19:34:35,MalwareBazaar
SHA-256,17d1b0c433da78f9a1de8e1ebb04e3174961f8b97aa5d489b21f28dec1c2ac15,17d1b0c433da78f9a1de8e1ebb04e3174961f8b97aa5d489b21f28dec1c2ac15,Mirai,morte.m68k,elf,2026-07-20 19:34:35,MalwareBazaar
SHA3-384,c6038ff9fefea45a42712bd5267e0c06a0e38519c698dece765df78b01d345ef52cdfe9c89d5d362c2ebefc80e748cbf,17d1b0c433da78f9a1de8e1ebb04e3174961f8b97aa5d489b21f28dec1c2ac15,Mirai,morte.m68k,elf,2026-07-20 19:34:35,MalwareBazaar
TLSH,T1F7B35BCAF401CD7DF90FDABA4467090AB930A3A166C31F26625BFD93AC331A57D12D85,17d1b0c433da78f9a1de8e1ebb04e3174961f8b97aa5d489b21f28dec1c2ac15,Mirai,morte.m68k,elf,2026-07-20 19:34:35,MalwareBazaar
SSDEEP,3072:vXgbJa9qvuV2/UZfiS3T2HIvBFJ3oMZJ+NigpmyuTpuh:fguqvPOfiYTPRHZsNkyuwh,17d1b0c433da78f9a1de8e1ebb04e3174961f8b97aa5d489b21f28dec1c2ac15,Mirai,morte.m68k,elf,2026-07-20 19:34:35,MalwareBazaar
MD5,f918ecc354aa32b346c0a8b660fe0023,f2938a785b50c89b61abcfe405a5ecececba42d259eba1ccceed5e32821da33d,Mirai,mips,elf,2026-07-20 19:34:33,MalwareBazaar
SHA-1,80641950e1215dceb92d3a54df9a327a9a30d2f6,f2938a785b50c89b61abcfe405a5ecececba42d259eba1ccceed5e32821da33d,Mirai,mips,elf,2026-07-20 19:34:33,MalwareBazaar
SHA-256,f2938a785b50c89b61abcfe405a5ecececba42d259eba1ccceed5e32821da33d,f2938a785b50c89b61abcfe405a5ecececba42d259eba1ccceed5e32821da33d,Mirai,mips,elf,2026-07-20 19:34:33,MalwareBazaar
SHA3-384,5002d493ef6ba8a2da3fd7ab48848dee3bea035b278e576a3ed2db68db4ef8507c1ebb31452194fbf3678adbb3f2b2e7,f2938a785b50c89b61abcfe405a5ecececba42d259eba1ccceed5e32821da33d,Mirai,mips,elf,2026-07-20 19:34:33,MalwareBazaar
TLSH,T1D953022C0104D9E9CFFF36B5118A02551C72CFBBACA1E9063C47C95565A41EB889F9EE,f2938a785b50c89b61abcfe405a5ecececba42d259eba1ccceed5e32821da33d,Mirai,mips,elf,2026-07-20 19:34:33,MalwareBazaar
SSDEEP,1536:mGy7yunA6F/c2KbJyx09nv578K5sG3Jt8aVEW5:VyPnl9WBJoaVES,f2938a785b50c89b61abcfe405a5ecececba42d259eba1ccceed5e32821da33d,Mirai,mips,elf,2026-07-20 19:34:33,MalwareBazaar
MD5,ae5ed82297cf4b4279a40b63e6889902,83fee47d6e11339cbd8af4546a6db2e7b4b29387533f81e7c082d44cafe3ed56,Mirai,mipsel,elf,2026-07-20 19:22:26,MalwareBazaar
SHA-1,20f54d041e1e9dbb5ef3ea335df9aee4135f1a36,83fee47d6e11339cbd8af4546a6db2e7b4b29387533f81e7c082d44cafe3ed56,Mirai,mipsel,elf,2026-07-20 19:22:26,MalwareBazaar
SHA-256,83fee47d6e11339cbd8af4546a6db2e7b4b29387533f81e7c082d44cafe3ed56,83fee47d6e11339cbd8af4546a6db2e7b4b29387533f81e7c082d44cafe3ed56,Mirai,mipsel,elf,2026-07-20 19:22:26,MalwareBazaar
SHA3-384,f99b1a67681d7c9967d400157e70d2292e4fc9a8878b373b3489999a966471faacfe27e7c70f971db9bf5d1f8e15f259,83fee47d6e11339cbd8af4546a6db2e7b4b29387533f81e7c082d44cafe3ed56,Mirai,mipsel,elf,2026-07-20 19:22:26,MalwareBazaar
TLSH,T1F304F80AAF601EF7D86FCC3746E94B0625CC645322A43B757538E928F64A54F4AE3CB4,83fee47d6e11339cbd8af4546a6db2e7b4b29387533f81e7c082d44cafe3ed56,Mirai,mipsel,elf,2026-07-20 19:22:26,MalwareBazaar
SSDEEP,3072:rLwsaiCL6tXkpTPIAQwQoRrHUphJAUIW38XMxqHOnbv:vwsPkPQwQoRrE/bIQ8XMdv,83fee47d6e11339cbd8af4546a6db2e7b4b29387533f81e7c082d44cafe3ed56,Mirai,mipsel,elf,2026-07-20 19:22:26,MalwareBazaar
MD5,ea82bd83071b5bca3a41d96cdd8e3a64,e10229824df64c0d22d67af78f9be8649429cdc3858fc905aba4bb57a98acb3f,Mirai,morte.arc,elf,2026-07-20 19:20:11,MalwareBazaar
SHA-1,5b53f67d338b7356134e404658d65c46db8ab52a,e10229824df64c0d22d67af78f9be8649429cdc3858fc905aba4bb57a98acb3f,Mirai,morte.arc,elf,2026-07-20 19:20:11,MalwareBazaar
SHA-256,e10229824df64c0d22d67af78f9be8649429cdc3858fc905aba4bb57a98acb3f,e10229824df64c0d22d67af78f9be8649429cdc3858fc905aba4bb57a98acb3f,Mirai,morte.arc,elf,2026-07-20 19:20:11,MalwareBazaar
SHA3-384,fee2435fd5216863410aeab1651887f1da331aa773ddd395608065b0b5a18717ec3bfd587868dbc7e2cdc8f286e2e00a,e10229824df64c0d22d67af78f9be8649429cdc3858fc905aba4bb57a98acb3f,Mirai,morte.arc,elf,2026-07-20 19:20:11,MalwareBazaar
TLSH,T14CD3AE97F74724A1C86302F40BCB4F9D2E6322829F5B98D77C6F2A7719760DB4906B81,e10229824df64c0d22d67af78f9be8649429cdc3858fc905aba4bb57a98acb3f,Mirai,morte.arc,elf,2026-07-20 19:20:11,MalwareBazaar
SSDEEP,3072:CQJsSSQvhYt3VV+Xt9Pb80NSTiBhluyngDcwq:CQLNmtL+Xw4acwq,e10229824df64c0d22d67af78f9be8649429cdc3858fc905aba4bb57a98acb3f,Mirai,morte.arc,elf,2026-07-20 19:20:11,MalwareBazaar
MD5,99268cf298b5143bb60bcbc49cbd5943,67229a5054aa6e8c7f7f05bdff86da66b8e54363a455a8f902141ed0b39fcdec,unknown,file,exe,2026-07-20 19:17:28,MalwareBazaar
SHA-1,bef29d60a5f891f694d1b806b9aa3af1211bc99a,67229a5054aa6e8c7f7f05bdff86da66b8e54363a455a8f902141ed0b39fcdec,unknown,file,exe,2026-07-20 19:17:28,MalwareBazaar
SHA-256,67229a5054aa6e8c7f7f05bdff86da66b8e54363a455a8f902141ed0b39fcdec,67229a5054aa6e8c7f7f05bdff86da66b8e54363a455a8f902141ed0b39fcdec,unknown,file,exe,2026-07-20 19:17:28,MalwareBazaar
SHA3-384,94b2607c251962807bc17916a8301853264bf84ec448afade4f2045d0f9870421d3032f1a9e0f1636a6baa3fbf7bddf0,67229a5054aa6e8c7f7f05bdff86da66b8e54363a455a8f902141ed0b39fcdec,unknown,file,exe,2026-07-20 19:17:28,MalwareBazaar
IMPHASH,1e10de300bb84d91d7b9493496b37e24,67229a5054aa6e8c7f7f05bdff86da66b8e54363a455a8f902141ed0b39fcdec,unknown,file,exe,2026-07-20 19:17:28,MalwareBazaar
TLSH,T13AD37B6767EA30F9E2778238C8514655E773B8315761AFEF07A042992F236E08D39F21,67229a5054aa6e8c7f7f05bdff86da66b8e54363a455a8f902141ed0b39fcdec,unknown,file,exe,2026-07-20 19:17:28,MalwareBazaar
SSDEEP,3072:pLrIsu+OC6if92e+qFMLM62pdGAo7eRBG0oTWz/UH7EoCya:ZrI4OC64XFMA64GAZzfsWz/y1Cya,67229a5054aa6e8c7f7f05bdff86da66b8e54363a455a8f902141ed0b39fcdec,unknown,file,exe,2026-07-20 19:17:28,MalwareBazaar
MD5,f8522ff2241ace66eeef11a56df6425e,baf0843bbc852500c72e11c41c0c279a5d94b1b395ebe6403ed4e68473caac20,Mirai,putita.mpsl,elf,2026-07-20 19:14:49,MalwareBazaar
SHA-1,ed1af398ef03009adc9d3db0d642e44c4ee51c16,baf0843bbc852500c72e11c41c0c279a5d94b1b395ebe6403ed4e68473caac20,Mirai,putita.mpsl,elf,2026-07-20 19:14:49,MalwareBazaar
SHA-256,baf0843bbc852500c72e11c41c0c279a5d94b1b395ebe6403ed4e68473caac20,baf0843bbc852500c72e11c41c0c279a5d94b1b395ebe6403ed4e68473caac20,Mirai,putita.mpsl,elf,2026-07-20 19:14:49,MalwareBazaar
SHA3-384,769ed96d7996ddad4be928eb80afc3ffa2a8eee81b04c9e30a7f4924e5ce8ad4711508a0706049d715c3f547bd916e89,baf0843bbc852500c72e11c41c0c279a5d94b1b395ebe6403ed4e68473caac20,Mirai,putita.mpsl,elf,2026-07-20 19:14:49,MalwareBazaar
TLSH,T1AF045C49AE342BEBC05FCE30052E930B11DD945FA2F6B77DA678CD4C399A24859F3894,baf0843bbc852500c72e11c41c0c279a5d94b1b395ebe6403ed4e68473caac20,Mirai,putita.mpsl,elf,2026-07-20 19:14:49,MalwareBazaar
TELFHASH,t16a31cfb08b7b65119ac5c7ec88edb75a491e8515470adf33fd3180ac90260ede22ad4f,baf0843bbc852500c72e11c41c0c279a5d94b1b395ebe6403ed4e68473caac20,Mirai,putita.mpsl,elf,2026-07-20 19:14:49,MalwareBazaar
SSDEEP,3072:yd8q5aV2iRkzXzW3OdSGozEwhmpiHigjmZYvJ5VSX5fd1DMkc:ydb5aQiRkzXy3ySGozEwhmpiHyZYvJMc,baf0843bbc852500c72e11c41c0c279a5d94b1b395ebe6403ed4e68473caac20,Mirai,putita.mpsl,elf,2026-07-20 19:14:49,MalwareBazaar
MD5,9420d8b22ef1c9ee3632e0bec7e24b3d,16e1cd6a877ff9c0c0c4fbe3bb87a6077ca30dbe9443b8096456a7ad4dc63955,Mirai,morte.ppc,elf,2026-07-20 19:14:47,MalwareBazaar
SHA-1,785346da4d2c9e00b8af69795a4ec039aa51890d,16e1cd6a877ff9c0c0c4fbe3bb87a6077ca30dbe9443b8096456a7ad4dc63955,Mirai,morte.ppc,elf,2026-07-20 19:14:47,MalwareBazaar
SHA-256,16e1cd6a877ff9c0c0c4fbe3bb87a6077ca30dbe9443b8096456a7ad4dc63955,16e1cd6a877ff9c0c0c4fbe3bb87a6077ca30dbe9443b8096456a7ad4dc63955,Mirai,morte.ppc,elf,2026-07-20 19:14:47,MalwareBazaar
SHA3-384,66361b1aca12b7513f981d26b9af157bc6038f2c78eb539a862cdaed4cd07e5f138bbdba119a6932282ecbe4ea0e6334,16e1cd6a877ff9c0c0c4fbe3bb87a6077ca30dbe9443b8096456a7ad4dc63955,Mirai,morte.ppc,elf,2026-07-20 19:14:47,MalwareBazaar
TLSH,T157B35B02B31C0F57C1970AB02E3F17E587BEE5D121E0BA89651FDB5686B6E37144AEC8,16e1cd6a877ff9c0c0c4fbe3bb87a6077ca30dbe9443b8096456a7ad4dc63955,Mirai,morte.ppc,elf,2026-07-20 19:14:47,MalwareBazaar
SSDEEP,1536:FBUs1+65Uhz9E0FUrBhyKt2c4cH9q+puhuOYffFgJi:FBUs0lUrOt09JuaSJi,16e1cd6a877ff9c0c0c4fbe3bb87a6077ca30dbe9443b8096456a7ad4dc63955,Mirai,morte.ppc,elf,2026-07-20 19:14:47,MalwareBazaar
MD5,25d7f30fb4dc7d5efef815694ee96edd,973f0b790ce63155e93a735c98334879ffcda03fdd4976afc9e18fefa8af854f,Mirai,morte.arm,elf,2026-07-20 19:14:44,MalwareBazaar
SHA-1,24c8aeeb22eccb465c8ba5f5c8370bdc8972caed,973f0b790ce63155e93a735c98334879ffcda03fdd4976afc9e18fefa8af854f,Mirai,morte.arm,elf,2026-07-20 19:14:44,MalwareBazaar
SHA-256,973f0b790ce63155e93a735c98334879ffcda03fdd4976afc9e18fefa8af854f,973f0b790ce63155e93a735c98334879ffcda03fdd4976afc9e18fefa8af854f,Mirai,morte.arm,elf,2026-07-20 19:14:44,MalwareBazaar
SHA3-384,866f23e97e187ebc38ad94f5cf786829f1503422b74279672a4b21ffbb4488b78e3d8dd13c97f879d41aa60f87ee5fa6,973f0b790ce63155e93a735c98334879ffcda03fdd4976afc9e18fefa8af854f,Mirai,morte.arm,elf,2026-07-20 19:14:44,MalwareBazaar
TLSH,T1DCB32A45FC829623C6D7237BF66E428D372263E8D3DA3107DE256F21338652B0DA7A45,973f0b790ce63155e93a735c98334879ffcda03fdd4976afc9e18fefa8af854f,Mirai,morte.arm,elf,2026-07-20 19:14:44,MalwareBazaar
TELFHASH,t189c080156f342ddc7fc42940460577061ed4f07a55443852d558127fc958546b43df07,973f0b790ce63155e93a735c98334879ffcda03fdd4976afc9e18fefa8af854f,Mirai,morte.arm,elf,2026-07-20 19:14:44,MalwareBazaar
SSDEEP,1536:Eq8q7gFsYTo41vn2Ue0/Zd3PobzlhCWc4obhuP4m3pBVaUhvGC:Eqn7gz841ulZI4obhnUnGC,973f0b790ce63155e93a735c98334879ffcda03fdd4976afc9e18fefa8af854f,Mirai,morte.arm,elf,2026-07-20 19:14:44,MalwareBazaar
MD5,50146d257ad2356cdf2066ca699a7377,c1194291bfd88db485cf45f31cb17a04b261de1455047a4a6e330b26fb87877a,Mirai,putita.arm7,elf,2026-07-20 19:14:39,MalwareBazaar
SHA-1,3ab485ce98a36e4d61a00b976f5d7c3f37f0a5ac,c1194291bfd88db485cf45f31cb17a04b261de1455047a4a6e330b26fb87877a,Mirai,putita.arm7,elf,2026-07-20 19:14:39,MalwareBazaar
SHA-256,c1194291bfd88db485cf45f31cb17a04b261de1455047a4a6e330b26fb87877a,c1194291bfd88db485cf45f31cb17a04b261de1455047a4a6e330b26fb87877a,Mirai,putita.arm7,elf,2026-07-20 19:14:39,MalwareBazaar
SHA3-384,655d95f14dcf61e27edbb7d3d8a025e387a25afdf9f29742954b3ce37f78fb7c20c0f7a2a71a07b8f4427005ea20e567,c1194291bfd88db485cf45f31cb17a04b261de1455047a4a6e330b26fb87877a,Mirai,putita.arm7,elf,2026-07-20 19:14:39,MalwareBazaar
TLSH,T1C6C31B99FC90DE52C6D52579FA5E418C332317B8C3DA7206CE209F3477E796A0A3A942,c1194291bfd88db485cf45f31cb17a04b261de1455047a4a6e330b26fb87877a,Mirai,putita.arm7,elf,2026-07-20 19:14:39,MalwareBazaar
SSDEEP,3072:i9Jz4jHUozieUsNUQ4g8OMCBXd6cRWNSFNz+sdw5mf1Dl:iDQHQsNUQ4g8OxBXd6MFNzpqm95,c1194291bfd88db485cf45f31cb17a04b261de1455047a4a6e330b26fb87877a,Mirai,putita.arm7,elf,2026-07-20 19:14:39,MalwareBazaar
MD5,add54bd78384715bb05daf9a3d7d7c13,b96fe3c442ff0efc544510eb8c724be73a2eb7f0c21f21b6ba68e678778d129d,Mirai,putita.arm,elf,2026-07-20 19:14:10,MalwareBazaar
SHA-1,67aef862e9b89d8c10981adc1c5fdb1f11ccb11a,b96fe3c442ff0efc544510eb8c724be73a2eb7f0c21f21b6ba68e678778d129d,Mirai,putita.arm,elf,2026-07-20 19:14:10,MalwareBazaar
SHA-256,b96fe3c442ff0efc544510eb8c724be73a2eb7f0c21f21b6ba68e678778d129d,b96fe3c442ff0efc544510eb8c724be73a2eb7f0c21f21b6ba68e678778d129d,Mirai,putita.arm,elf,2026-07-20 19:14:10,MalwareBazaar
SHA3-384,ce6c78cc82d2edf1f273308338cd7009a400d3ba44041e6be5d47d8eaa88db86243dba7c9e971b4c1118de82bed420dc,b96fe3c442ff0efc544510eb8c724be73a2eb7f0c21f21b6ba68e678778d129d,Mirai,putita.arm,elf,2026-07-20 19:14:10,MalwareBazaar
TLSH,T1BAC329A9F890DE52C6D526B6FB4E418C33231778C3DE7106CE149E3467FB95A0A3E942,b96fe3c442ff0efc544510eb8c724be73a2eb7f0c21f21b6ba68e678778d129d,Mirai,putita.arm,elf,2026-07-20 19:14:10,MalwareBazaar
SSDEEP,3072:QuIBvPRfsNDUxMa3tIDrcYEEUIAyMW0NwhBigpmqzWNiF+WOud5mf1Dl:QJ5GytercYEEUIAyMWGwiOmqzpJ7m95,b96fe3c442ff0efc544510eb8c724be73a2eb7f0c21f21b6ba68e678778d129d,Mirai,putita.arm,elf,2026-07-20 19:14:10,MalwareBazaar
MD5,2144842ddb06de51407e17510420ed35,0e2f88421bec2bf2fb22c26c8bd5b10469921fc66310b01b39937487d5a1904f,Mirai,morte.arm5,elf,2026-07-20 19:14:03,MalwareBazaar
SHA-1,ecd2ae6ccea1e8a5393a1e6aae0d21ac7f127317,0e2f88421bec2bf2fb22c26c8bd5b10469921fc66310b01b39937487d5a1904f,Mirai,morte.arm5,elf,2026-07-20 19:14:03,MalwareBazaar
SHA-256,0e2f88421bec2bf2fb22c26c8bd5b10469921fc66310b01b39937487d5a1904f,0e2f88421bec2bf2fb22c26c8bd5b10469921fc66310b01b39937487d5a1904f,Mirai,morte.arm5,elf,2026-07-20 19:14:03,MalwareBazaar
SHA3-384,8a81ea6cf54d8eb29bbb3dee7a5f6fde35602e4216691b22dbf27e9f24279d1135a55b865853c7810808d520ccf6ebe4,0e2f88421bec2bf2fb22c26c8bd5b10469921fc66310b01b39937487d5a1904f,Mirai,morte.arm5,elf,2026-07-20 19:14:03,MalwareBazaar
TLSH,T1C6731942BC828A2AC6D013BDA67EA68D33A1B3E5D2DE3117EE145F117BC520F5D67E40,0e2f88421bec2bf2fb22c26c8bd5b10469921fc66310b01b39937487d5a1904f,Mirai,morte.arm5,elf,2026-07-20 19:14:03,MalwareBazaar
TELFHASH,t10fe06140fe764b1884e75a34ecdd47b495116217a1664710cf54daf0883f15ca71cd5e,0e2f88421bec2bf2fb22c26c8bd5b10469921fc66310b01b39937487d5a1904f,Mirai,morte.arm5,elf,2026-07-20 19:14:03,MalwareBazaar
SSDEEP,1536:CIJdLxqIUWI7z1Kd4joarU2oIZe0XGginEUKYgO0MQz:pzlqIUW81U29a/KpMQz,0e2f88421bec2bf2fb22c26c8bd5b10469921fc66310b01b39937487d5a1904f,Mirai,morte.arm5,elf,2026-07-20 19:14:03,MalwareBazaar
MD5,c8d8958142ea407b94219b837555fa89,9880eb40dbffc85f31d411dc5f28344ef101494dd2944a87bfa1f87a917b83bb,Mirai,putita.x86_64,elf,2026-07-20 19:14:00,MalwareBazaar
SHA-1,11188183348a217776a03a62f146dc315ab2dbbc,9880eb40dbffc85f31d411dc5f28344ef101494dd2944a87bfa1f87a917b83bb,Mirai,putita.x86_64,elf,2026-07-20 19:14:00,MalwareBazaar
SHA-256,9880eb40dbffc85f31d411dc5f28344ef101494dd2944a87bfa1f87a917b83bb,9880eb40dbffc85f31d411dc5f28344ef101494dd2944a87bfa1f87a917b83bb,Mirai,putita.x86_64,elf,2026-07-20 19:14:00,MalwareBazaar
SHA3-384,c758cc6248fa8befebcc9867e46a4251991dff6ae1780fe798236c25abdd22949ad1450309baba63e81629c1119407af,9880eb40dbffc85f31d411dc5f28344ef101494dd2944a87bfa1f87a917b83bb,Mirai,putita.x86_64,elf,2026-07-20 19:14:00,MalwareBazaar
TLSH,T168C34902B46148FCC156C474C77FE927EA31785E13343A6F2B84BA712E22E755F0AB96,9880eb40dbffc85f31d411dc5f28344ef101494dd2944a87bfa1f87a917b83bb,Mirai,putita.x86_64,elf,2026-07-20 19:14:00,MalwareBazaar
SSDEEP,1536:Cl+xWDOtHexNDVWt49uJU7YBGPKca4SCwJUZPFauU6zp4iHl1/s9GS/ziD5CaG48:Cl+pexNDO2kJGycfHVFI9G2y5CaG4KV,9880eb40dbffc85f31d411dc5f28344ef101494dd2944a87bfa1f87a917b83bb,Mirai,putita.x86_64,elf,2026-07-20 19:14:00,MalwareBazaar
MD5,c4d2627fbd082385b1274e3e31a1f8c0,021427534dbf7d135a102de94627a2809ea47ed6dd9753116999aa50989771c9,Mirai,putita.mpsl,elf,2026-07-20 19:13:12,MalwareBazaar
SHA-1,453d181ef5b33852e635b091c0cec41007e4bcc5,021427534dbf7d135a102de94627a2809ea47ed6dd9753116999aa50989771c9,Mirai,putita.mpsl,elf,2026-07-20 19:13:12,MalwareBazaar
SHA-256,021427534dbf7d135a102de94627a2809ea47ed6dd9753116999aa50989771c9,021427534dbf7d135a102de94627a2809ea47ed6dd9753116999aa50989771c9,Mirai,putita.mpsl,elf,2026-07-20 19:13:12,MalwareBazaar
SHA3-384,95b0a69237e6b244132bc9b021d9396f8246e1f97e3df9dfaafafa13c285956185d17db190375a0109ef129b33236a85,021427534dbf7d135a102de94627a2809ea47ed6dd9753116999aa50989771c9,Mirai,putita.mpsl,elf,2026-07-20 19:13:12,MalwareBazaar
TLSH,T1B58312D24EAD11BA3BFBEEFA257F058E82856351771196363D40C5B83E320C1D292A1C,021427534dbf7d135a102de94627a2809ea47ed6dd9753116999aa50989771c9,Mirai,putita.mpsl,elf,2026-07-20 19:13:12,MalwareBazaar
SSDEEP,1536:S7N4aVi5FLkGQSiHzDkjgpzFsw6YUVVvbn6euCRZ5tsp9Hr4IwsYW4fha02TL:/aViflQSiTwjgpzFtUVVvT68RZMp9HrZ,021427534dbf7d135a102de94627a2809ea47ed6dd9753116999aa50989771c9,Mirai,putita.mpsl,elf,2026-07-20 19:13:12,MalwareBazaar
MD5,488ab23871e8fd840d56a8340f27b25b,90b9875329d3272f60376d93c7096818da5264bb7f264c2f76ec7b528be69c87,Mirai,morte.ppc,elf,2026-07-20 19:13:11,MalwareBazaar
SHA-1,62ecfb43348a27ba1016dae96f0e1760de7dc8ec,90b9875329d3272f60376d93c7096818da5264bb7f264c2f76ec7b528be69c87,Mirai,morte.ppc,elf,2026-07-20 19:13:11,MalwareBazaar
SHA-256,90b9875329d3272f60376d93c7096818da5264bb7f264c2f76ec7b528be69c87,90b9875329d3272f60376d93c7096818da5264bb7f264c2f76ec7b528be69c87,Mirai,morte.ppc,elf,2026-07-20 19:13:11,MalwareBazaar
SHA3-384,052c4717452c16d4ec4de8058ae1f11dd0bd15f5e17882bd8bd0187fdaca39bedeccbd0ad43ce60901a295589737f99c,90b9875329d3272f60376d93c7096818da5264bb7f264c2f76ec7b528be69c87,Mirai,morte.ppc,elf,2026-07-20 19:13:11,MalwareBazaar
TLSH,T17A13F1ACF57C1959CA2E3E634D50FFD767F48E09CE8692111051FE0EA92AC8522C2ADC,90b9875329d3272f60376d93c7096818da5264bb7f264c2f76ec7b528be69c87,Mirai,morte.ppc,elf,2026-07-20 19:13:11,MalwareBazaar
SSDEEP,768:QAKxjI20hvqUREwtm4HWRiMTEoQVIb5HY4Ni8zPjr4Vcgl/URwhC962wHATi5xYq:QAKxjIxhC2tC/YoQadHYXWAC9lwScY4r,90b9875329d3272f60376d93c7096818da5264bb7f264c2f76ec7b528be69c87,Mirai,morte.ppc,elf,2026-07-20 19:13:11,MalwareBazaar
MD5,9e260c74e8ee5a213abbab2edc21a65a,e706cc6ce9f500e179b0cdebca1f60462591f4d67a54cc785c2217d3665100fd,Mirai,morte.arm,elf,2026-07-20 19:13:09,MalwareBazaar
SHA-1,8d8a3b44a2f13c366011942bffa6af4e9a50d177,e706cc6ce9f500e179b0cdebca1f60462591f4d67a54cc785c2217d3665100fd,Mirai,morte.arm,elf,2026-07-20 19:13:09,MalwareBazaar
SHA-256,e706cc6ce9f500e179b0cdebca1f60462591f4d67a54cc785c2217d3665100fd,e706cc6ce9f500e179b0cdebca1f60462591f4d67a54cc785c2217d3665100fd,Mirai,morte.arm,elf,2026-07-20 19:13:09,MalwareBazaar
SHA3-384,bec60ba476f15aa086c641175628a4f3698c6644b7155d5155d9ec4ae8500e0a89763cba5c1088475af7daea483aac3d,e706cc6ce9f500e179b0cdebca1f60462591f4d67a54cc785c2217d3665100fd,Mirai,morte.arm,elf,2026-07-20 19:13:09,MalwareBazaar
TLSH,T11823F2112BB62FE5A2201C32CD8ACE5BE7F24DF99DFBF0411615878066E45CDA5BA313,e706cc6ce9f500e179b0cdebca1f60462591f4d67a54cc785c2217d3665100fd,Mirai,morte.arm,elf,2026-07-20 19:13:09,MalwareBazaar
SSDEEP,768:uXhkmzAEmsQHjPG2HZ7/QhejrHSzJXNUtXi0ElyhXH6lFDApJEQVi7Is3Uozc:uR8THTRHRrjrHSzFR0ElEaD0AQoRzc,e706cc6ce9f500e179b0cdebca1f60462591f4d67a54cc785c2217d3665100fd,Mirai,morte.arm,elf,2026-07-20 19:13:09,MalwareBazaar
MD5,3ae0193b1a075db07046ad7f695c6cce,451e62772cb780fa8cd93a36f5041c349d62dfb83e6c9879c082050b55a5b444,Mirai,putita.arm7,elf,2026-07-20 19:13:08,MalwareBazaar
SHA-1,b4c606f432085f215b1be83d2082cb0c2d32fa7c,451e62772cb780fa8cd93a36f5041c349d62dfb83e6c9879c082050b55a5b444,Mirai,putita.arm7,elf,2026-07-20 19:13:08,MalwareBazaar
SHA-256,451e62772cb780fa8cd93a36f5041c349d62dfb83e6c9879c082050b55a5b444,451e62772cb780fa8cd93a36f5041c349d62dfb83e6c9879c082050b55a5b444,Mirai,putita.arm7,elf,2026-07-20 19:13:08,MalwareBazaar
SHA3-384,f900f49911d2d9e13fb7b706f862d5e96b42717c04b930ed7e8dc144a9d53d03d8c887d7307c888ae4ca0b2bfa4253e4,451e62772cb780fa8cd93a36f5041c349d62dfb83e6c9879c082050b55a5b444,Mirai,putita.arm7,elf,2026-07-20 19:13:08,MalwareBazaar
TLSH,T1894302A4EEC36971EFB81D32EC674027B7C546B06DE677EDA21901EC3AB504928E4096,451e62772cb780fa8cd93a36f5041c349d62dfb83e6c9879c082050b55a5b444,Mirai,putita.arm7,elf,2026-07-20 19:13:08,MalwareBazaar
SSDEEP,1536:BSLvjxPkC/fXZZ5Y9NvHX7NPd5X38rE1oaXFIbuWAMf7:kLv1PkCnZ47NvH8AZXKCwT,451e62772cb780fa8cd93a36f5041c349d62dfb83e6c9879c082050b55a5b444,Mirai,putita.arm7,elf,2026-07-20 19:13:08,MalwareBazaar
MD5,4c99c589001bed553523bd56c9d604b5,53f741e54d11c319bcf5a268a5325208ec99cd2706c1932f9f6e3193044f871a,Mirai,x86,elf,2026-07-20 19:11:57,MalwareBazaar
SHA-1,5a9cbaf66b252ec3987027dd1851d9ea097bd5cc,53f741e54d11c319bcf5a268a5325208ec99cd2706c1932f9f6e3193044f871a,Mirai,x86,elf,2026-07-20 19:11:57,MalwareBazaar
SHA-256,53f741e54d11c319bcf5a268a5325208ec99cd2706c1932f9f6e3193044f871a,53f741e54d11c319bcf5a268a5325208ec99cd2706c1932f9f6e3193044f871a,Mirai,x86,elf,2026-07-20 19:11:57,MalwareBazaar
SHA3-384,48dc294d38b32a89309f909fa86288872226797da7184aa03b3a31770213818b2326cb3f6af135547bb7894cda8d5b35,53f741e54d11c319bcf5a268a5325208ec99cd2706c1932f9f6e3193044f871a,Mirai,x86,elf,2026-07-20 19:11:57,MalwareBazaar
TLSH,T155B36CC4F687C0F9E80744718036B33FC73295298025CAAADF6AAE76DE67641D61A31C,53f741e54d11c319bcf5a268a5325208ec99cd2706c1932f9f6e3193044f871a,Mirai,x86,elf,2026-07-20 19:11:57,MalwareBazaar
TELFHASH,t1675115f57a6e1ce8b7d06802930e6f22ad5da777242037a245f3d53431abd4252bac3d,53f741e54d11c319bcf5a268a5325208ec99cd2706c1932f9f6e3193044f871a,Mirai,x86,elf,2026-07-20 19:11:57,MalwareBazaar
SSDEEP,1536:WKIE20iBxucPpn5F8h0jAO04kKBc4RWs8S0Ss67tXoozIabsp6688:nIoUPBqEAd4TqdfSt7tXbon,53f741e54d11c319bcf5a268a5325208ec99cd2706c1932f9f6e3193044f871a,Mirai,x86,elf,2026-07-20 19:11:57,MalwareBazaar
MD5,e642f72b0d667ca5be1095c67aea927d,ff363cb6f29a269fc7763c2a5ea564b0d45ecf64b422d024bcf0912877ed075f,Mirai,arm7,elf,2026-07-20 19:11:53,MalwareBazaar
SHA-1,ea4746588c41814b2f4b9b22637397bb7d425b6b,ff363cb6f29a269fc7763c2a5ea564b0d45ecf64b422d024bcf0912877ed075f,Mirai,arm7,elf,2026-07-20 19:11:53,MalwareBazaar
SHA-256,ff363cb6f29a269fc7763c2a5ea564b0d45ecf64b422d024bcf0912877ed075f,ff363cb6f29a269fc7763c2a5ea564b0d45ecf64b422d024bcf0912877ed075f,Mirai,arm7,elf,2026-07-20 19:11:53,MalwareBazaar
SHA3-384,eb82ceeaff5402b0ada3ed23089e351baef1841e22b200b602d3148310b8506e09cfdef767a43360118ff7ef1c6cf1d8,ff363cb6f29a269fc7763c2a5ea564b0d45ecf64b422d024bcf0912877ed075f,Mirai,arm7,elf,2026-07-20 19:11:53,MalwareBazaar
TLSH,T193D3F849BC819B10D9DA35FAFE4F028933575B6CE3FE7202D9205B2127CAA5B0F76512,ff363cb6f29a269fc7763c2a5ea564b0d45ecf64b422d024bcf0912877ed075f,Mirai,arm7,elf,2026-07-20 19:11:53,MalwareBazaar
TELFHASH,t1cca01120ba0ac808a88a80be0000000a8b08a8e083303c2aba2a822b8220c022332002,ff363cb6f29a269fc7763c2a5ea564b0d45ecf64b422d024bcf0912877ed075f,Mirai,arm7,elf,2026-07-20 19:11:53,MalwareBazaar
SSDEEP,3072:cGLhjcafpLSTtxEvuxgvaLiKLUZyQxh45NRMHp:cYhD+txyu+vaLiKLUZyWqNiHp,ff363cb6f29a269fc7763c2a5ea564b0d45ecf64b422d024bcf0912877ed075f,Mirai,arm7,elf,2026-07-20 19:11:53,MalwareBazaar
MD5,fe808fb7352c278f377e10e68ab0fa51,8e5fe294c314bb1c2dbfa2ff6225b79380a5494fa70ecb1b8f1e6cf725a61427,Mirai,morte.i686,elf,2026-07-20 19:11:50,MalwareBazaar
SHA-1,a81c9a6a152cab783048acee9e5ca148e73b4918,8e5fe294c314bb1c2dbfa2ff6225b79380a5494fa70ecb1b8f1e6cf725a61427,Mirai,morte.i686,elf,2026-07-20 19:11:50,MalwareBazaar
SHA-256,8e5fe294c314bb1c2dbfa2ff6225b79380a5494fa70ecb1b8f1e6cf725a61427,8e5fe294c314bb1c2dbfa2ff6225b79380a5494fa70ecb1b8f1e6cf725a61427,Mirai,morte.i686,elf,2026-07-20 19:11:50,MalwareBazaar
SHA3-384,6b443ba659d3b5bf1367c5e3cc0807b726d8da6f3f86c83e49d2d59ec3d9ca2e3a3d081959eb890a71ddbd34a642466c,8e5fe294c314bb1c2dbfa2ff6225b79380a5494fa70ecb1b8f1e6cf725a61427,Mirai,morte.i686,elf,2026-07-20 19:11:50,MalwareBazaar
TLSH,T107B328C2F98B81F6D00B88306066F63FDA32D5E94171C65DEF9A9F36DB77242920264D,8e5fe294c314bb1c2dbfa2ff6225b79380a5494fa70ecb1b8f1e6cf725a61427,Mirai,morte.i686,elf,2026-07-20 19:11:50,MalwareBazaar
TELFHASH,t19631b1fa56790de59fe4cd02f28d9b20dd1e77b7282436a309b75810722314193bbd39,8e5fe294c314bb1c2dbfa2ff6225b79380a5494fa70ecb1b8f1e6cf725a61427,Mirai,morte.i686,elf,2026-07-20 19:11:50,MalwareBazaar
SSDEEP,1536:K3TKBqUN5T9pXpFz+7H7OoHWxwrn1RvTEhMU3y3vWPamwSrH1apoWD3sYHuxotV/:KD43p7SeoHWy7bLEF3lSmwSrVaGOH,8e5fe294c314bb1c2dbfa2ff6225b79380a5494fa70ecb1b8f1e6cf725a61427,Mirai,morte.i686,elf,2026-07-20 19:11:50,MalwareBazaar
MD5,ab2276d880edd11e081e72bbaf867af8,993012e0659b402b9ad154ffbbc6d7ba0c69dc79fcf63cc23886ddd6286e79e4,Mirai,putita.mips,elf,2026-07-20 19:11:46,MalwareBazaar
SHA-1,fa0d6c790c1605fe39c449b3be07b33f5e7fe0ae,993012e0659b402b9ad154ffbbc6d7ba0c69dc79fcf63cc23886ddd6286e79e4,Mirai,putita.mips,elf,2026-07-20 19:11:46,MalwareBazaar
SHA-256,993012e0659b402b9ad154ffbbc6d7ba0c69dc79fcf63cc23886ddd6286e79e4,993012e0659b402b9ad154ffbbc6d7ba0c69dc79fcf63cc23886ddd6286e79e4,Mirai,putita.mips,elf,2026-07-20 19:11:46,MalwareBazaar
SHA3-384,f5964eb5d18bd04ecc98749f78f3ac483fc2b5820ba308c9faefe32171cbdb7b99ec6a3415331e73c79b202ddef574b9,993012e0659b402b9ad154ffbbc6d7ba0c69dc79fcf63cc23886ddd6286e79e4,Mirai,putita.mips,elf,2026-07-20 19:11:46,MalwareBazaar
TLSH,T1AC042A5F7720CF61C329C53045F38B9666A922522BD2C889F35CDE087E65389A92FFD4,993012e0659b402b9ad154ffbbc6d7ba0c69dc79fcf63cc23886ddd6286e79e4,Mirai,putita.mips,elf,2026-07-20 19:11:46,MalwareBazaar
TELFHASH,t16a31cfb08b7b65119ac5c7ec88edb75a491e8515470adf33fd3180ac90260ede22ad4f,993012e0659b402b9ad154ffbbc6d7ba0c69dc79fcf63cc23886ddd6286e79e4,Mirai,putita.mips,elf,2026-07-20 19:11:46,MalwareBazaar
SSDEEP,3072:mqS754eB/M7Pzpc0Zv/28r51TYWL/TH574ecSQX0Kb1DNjC:pSg28XbvG3dkKhdC,993012e0659b402b9ad154ffbbc6d7ba0c69dc79fcf63cc23886ddd6286e79e4,Mirai,putita.mips,elf,2026-07-20 19:11:46,MalwareBazaar
MD5,58b3a8858337db98ed08899a995d8f9f,1684d94aee96c6c48111d57b4c1999cad4f4c490091a6b974492bef7a4519109,Mirai,arm5,elf,2026-07-20 19:11:34,MalwareBazaar
SHA-1,32cdf72049b323cf020fdf1d6141abe623377066,1684d94aee96c6c48111d57b4c1999cad4f4c490091a6b974492bef7a4519109,Mirai,arm5,elf,2026-07-20 19:11:34,MalwareBazaar
SHA-256,1684d94aee96c6c48111d57b4c1999cad4f4c490091a6b974492bef7a4519109,1684d94aee96c6c48111d57b4c1999cad4f4c490091a6b974492bef7a4519109,Mirai,arm5,elf,2026-07-20 19:11:34,MalwareBazaar
SHA3-384,5bb9b546842850e60ed5b93168dd189597e9b1bd75d7922c686c397ae8723e3355320d1eb2c7d25d3a5d87e39ea7163c,1684d94aee96c6c48111d57b4c1999cad4f4c490091a6b974492bef7a4519109,Mirai,arm5,elf,2026-07-20 19:11:34,MalwareBazaar
TLSH,T1B3E33B45FC509B26C6D3227BFF4E428D772A1768D3EE320399256F20379A95B0E77242,1684d94aee96c6c48111d57b4c1999cad4f4c490091a6b974492bef7a4519109,Mirai,arm5,elf,2026-07-20 19:11:34,MalwareBazaar
TELFHASH,t1fce06137df201f9c1bd49136c0f5e11c41b5318a1b214008079daecb4b9b2cdb52853f,1684d94aee96c6c48111d57b4c1999cad4f4c490091a6b974492bef7a4519109,Mirai,arm5,elf,2026-07-20 19:11:34,MalwareBazaar
SSDEEP,1536:xwfp4C9pIOGQG/qAC8NIo8PFlhN9IPhHetADL/7T5xUPp8YZXOOxdsSTNB2lcWwy:xrCPPGiJNCEtAn7FGPpPNaShT4p,1684d94aee96c6c48111d57b4c1999cad4f4c490091a6b974492bef7a4519109,Mirai,arm5,elf,2026-07-20 19:11:34,MalwareBazaar
MD5,07cf9a85a3ab283d66ce82cbcfdecbb1,f78648c17aa133d312e0255869f5b35aae1ca7674349e8a050df2da8c9e25d9a,Mirai,putita.arm6,elf,2026-07-20 19:11:24,MalwareBazaar
SHA-1,95691dedfe8341a3e5f9164b620f384d6cc393f3,f78648c17aa133d312e0255869f5b35aae1ca7674349e8a050df2da8c9e25d9a,Mirai,putita.arm6,elf,2026-07-20 19:11:24,MalwareBazaar
SHA-256,f78648c17aa133d312e0255869f5b35aae1ca7674349e8a050df2da8c9e25d9a,f78648c17aa133d312e0255869f5b35aae1ca7674349e8a050df2da8c9e25d9a,Mirai,putita.arm6,elf,2026-07-20 19:11:24,MalwareBazaar
SHA3-384,a23e9e6c3d2ad9eab8251d7c12efec0ca4e45b7899d49b2c8258fc993f486509d7f94b52c4a29f8a1053fb5c3d8b9038,f78648c17aa133d312e0255869f5b35aae1ca7674349e8a050df2da8c9e25d9a,Mirai,putita.arm6,elf,2026-07-20 19:11:24,MalwareBazaar
TLSH,T193C329A9F890DE52C6D526B6FB4E418C33231778C3DE7106CE149E3467FB95A0A3E942,f78648c17aa133d312e0255869f5b35aae1ca7674349e8a050df2da8c9e25d9a,Mirai,putita.arm6,elf,2026-07-20 19:11:24,MalwareBazaar
SSDEEP,3072:QuIBvPRfsNDUxMa3tIDrcYEEUIAyMW0NwhBigpmqzWNiF+WOur5mf1Dl:QJ5GytercYEEUIAyMWGwiOmqzpJNm95,f78648c17aa133d312e0255869f5b35aae1ca7674349e8a050df2da8c9e25d9a,Mirai,putita.arm6,elf,2026-07-20 19:11:24,MalwareBazaar
