type,value,sha256,malware_family,file_name,file_type,first_seen,source
MD5,8a7aa793fb303b70a814ecaf274587c8,18909faad7553046953dca1e904e782fda4cfdda2a35a02414c2d6eb44e1d61e,unknown,sensi_tbk.sh,sh,2026-08-14 02:58:48,MalwareBazaar
SHA-1,354547ae5f0c8e543b382f90e4c96ee4c877c5da,18909faad7553046953dca1e904e782fda4cfdda2a35a02414c2d6eb44e1d61e,unknown,sensi_tbk.sh,sh,2026-08-14 02:58:48,MalwareBazaar
SHA-256,18909faad7553046953dca1e904e782fda4cfdda2a35a02414c2d6eb44e1d61e,18909faad7553046953dca1e904e782fda4cfdda2a35a02414c2d6eb44e1d61e,unknown,sensi_tbk.sh,sh,2026-08-14 02:58:48,MalwareBazaar
SHA3-384,3c63c8d22f87d810ff6eea4df8faae9eb5fdeb6342da2d189f752c9389cc277c1f164d710d59b70b3cacd7481552f36b,18909faad7553046953dca1e904e782fda4cfdda2a35a02414c2d6eb44e1d61e,unknown,sensi_tbk.sh,sh,2026-08-14 02:58:48,MalwareBazaar
TLSH,T1763106DA75D74D339E196C3912E46B4A75C1113F00512BE9B34C96779F0C964E06BD32,18909faad7553046953dca1e904e782fda4cfdda2a35a02414c2d6eb44e1d61e,unknown,sensi_tbk.sh,sh,2026-08-14 02:58:48,MalwareBazaar
SSDEEP,48:kLC/rNLk91jpkxjSjPjHyC5MDAXbe7X0ux+u7xS:kuo91jGxjSjPjHygMDAXbT,18909faad7553046953dca1e904e782fda4cfdda2a35a02414c2d6eb44e1d61e,unknown,sensi_tbk.sh,sh,2026-08-14 02:58:48,MalwareBazaar
MD5,1124eb4ce72170ea049ccd9bc62325cb,2253f2e18dcdc93053d6dc04ebe3a7106be5075f359ef85e42da1e5c430d3cc5,unknown,composer.php,exe,2026-08-14 02:52:36,MalwareBazaar
SHA-1,c0a99493900f3750a2a21172fe2b3fbd2e15dc5f,2253f2e18dcdc93053d6dc04ebe3a7106be5075f359ef85e42da1e5c430d3cc5,unknown,composer.php,exe,2026-08-14 02:52:36,MalwareBazaar
SHA-256,2253f2e18dcdc93053d6dc04ebe3a7106be5075f359ef85e42da1e5c430d3cc5,2253f2e18dcdc93053d6dc04ebe3a7106be5075f359ef85e42da1e5c430d3cc5,unknown,composer.php,exe,2026-08-14 02:52:36,MalwareBazaar
SHA3-384,b2150610e2829cd00739c3a72d1516028520568034b4dce81166fcb98896471e73ba165c85c3e261c0c90d5d1c0fdc6b,2253f2e18dcdc93053d6dc04ebe3a7106be5075f359ef85e42da1e5c430d3cc5,unknown,composer.php,exe,2026-08-14 02:52:36,MalwareBazaar
IMPHASH,cf72283be50852e418ce6bbb6b645835,2253f2e18dcdc93053d6dc04ebe3a7106be5075f359ef85e42da1e5c430d3cc5,unknown,composer.php,exe,2026-08-14 02:52:36,MalwareBazaar
TLSH,T1FCE6330CA6F162FEE933503CD8E21492F675F4690B76C4DB9B684772AE232D04D3E562,2253f2e18dcdc93053d6dc04ebe3a7106be5075f359ef85e42da1e5c430d3cc5,unknown,composer.php,exe,2026-08-14 02:52:36,MalwareBazaar
SSDEEP,393216:+oiIDqTHwEXEYnvFeDvSj0QqfL0WwY3zXMCHWUj8cuI3/PGTAI:+DQG5Ek0jxwOXMb8pH/O7,2253f2e18dcdc93053d6dc04ebe3a7106be5075f359ef85e42da1e5c430d3cc5,unknown,composer.php,exe,2026-08-14 02:52:36,MalwareBazaar
ICON-DHASH,f0f0dca68ac4f0f0,2253f2e18dcdc93053d6dc04ebe3a7106be5075f359ef85e42da1e5c430d3cc5,unknown,composer.php,exe,2026-08-14 02:52:36,MalwareBazaar
MD5,7814fa4208c42b37135d56db64a6eed6,a8aa8fb051d230fd97bf9f440558d708fe11638f27f90e32fc7ca9f16109249c,unknown,a8aa8fb051d230fd97bf9f440558d708fe11638f27f90e32fc7ca9f16109249c.exe,exe,2026-08-14 02:49:05,MalwareBazaar
SHA-1,7ba7e7e367455b4c377389b904b05db268cb0399,a8aa8fb051d230fd97bf9f440558d708fe11638f27f90e32fc7ca9f16109249c,unknown,a8aa8fb051d230fd97bf9f440558d708fe11638f27f90e32fc7ca9f16109249c.exe,exe,2026-08-14 02:49:05,MalwareBazaar
SHA-256,a8aa8fb051d230fd97bf9f440558d708fe11638f27f90e32fc7ca9f16109249c,a8aa8fb051d230fd97bf9f440558d708fe11638f27f90e32fc7ca9f16109249c,unknown,a8aa8fb051d230fd97bf9f440558d708fe11638f27f90e32fc7ca9f16109249c.exe,exe,2026-08-14 02:49:05,MalwareBazaar
SHA3-384,45b3d96fdac8fe26325b455fbfec28afe10804241f055ecd9c0b6a859d2d7b20814798e5bb9dbb30bfca3e2ef299f1aa,a8aa8fb051d230fd97bf9f440558d708fe11638f27f90e32fc7ca9f16109249c,unknown,a8aa8fb051d230fd97bf9f440558d708fe11638f27f90e32fc7ca9f16109249c.exe,exe,2026-08-14 02:49:05,MalwareBazaar
IMPHASH,62a04abc11c4f31d37e5631ecf213d3c,a8aa8fb051d230fd97bf9f440558d708fe11638f27f90e32fc7ca9f16109249c,unknown,a8aa8fb051d230fd97bf9f440558d708fe11638f27f90e32fc7ca9f16109249c.exe,exe,2026-08-14 02:49:05,MalwareBazaar
TLSH,T168465A22558017E8E17FC179898A5E12FB31700913656BEF49D045A3EEA7AF0BE7F312,a8aa8fb051d230fd97bf9f440558d708fe11638f27f90e32fc7ca9f16109249c,unknown,a8aa8fb051d230fd97bf9f440558d708fe11638f27f90e32fc7ca9f16109249c.exe,exe,2026-08-14 02:49:05,MalwareBazaar
SSDEEP,98304:+BZmVvt0vJEEk1OgtksgohT3higkVgohT3higk:mZm/nJq,a8aa8fb051d230fd97bf9f440558d708fe11638f27f90e32fc7ca9f16109249c,unknown,a8aa8fb051d230fd97bf9f440558d708fe11638f27f90e32fc7ca9f16109249c.exe,exe,2026-08-14 02:49:05,MalwareBazaar
MD5,9becf4255266e2c6deddae16c1be39c3,23d9c8b78e16d8b1db68fd04a4b133dd3649bb5c9f237ccf77f5b08d8ea8f8a6,unknown,KeePass-2.61.1.exe,exe,2026-08-14 02:33:04,MalwareBazaar
SHA-1,33fd681672a19d3438fc3abba6796dbdab5b5772,23d9c8b78e16d8b1db68fd04a4b133dd3649bb5c9f237ccf77f5b08d8ea8f8a6,unknown,KeePass-2.61.1.exe,exe,2026-08-14 02:33:04,MalwareBazaar
SHA-256,23d9c8b78e16d8b1db68fd04a4b133dd3649bb5c9f237ccf77f5b08d8ea8f8a6,23d9c8b78e16d8b1db68fd04a4b133dd3649bb5c9f237ccf77f5b08d8ea8f8a6,unknown,KeePass-2.61.1.exe,exe,2026-08-14 02:33:04,MalwareBazaar
SHA3-384,3ea22e0194390907fcd38a113f0b3993afc79502b435ab296e2191a8ff278d1ff274068102b5975b07e5b8d2c1e7c6e1,23d9c8b78e16d8b1db68fd04a4b133dd3649bb5c9f237ccf77f5b08d8ea8f8a6,unknown,KeePass-2.61.1.exe,exe,2026-08-14 02:33:04,MalwareBazaar
IMPHASH,4b200e917ee33d8e56206c360a98a2d3,23d9c8b78e16d8b1db68fd04a4b133dd3649bb5c9f237ccf77f5b08d8ea8f8a6,unknown,KeePass-2.61.1.exe,exe,2026-08-14 02:33:04,MalwareBazaar
TLSH,T161F72221358EC53AD92E05B09A6DAA6A962C6D760FB144D7B3DCBD5E2B304C31332F53,23d9c8b78e16d8b1db68fd04a4b133dd3649bb5c9f237ccf77f5b08d8ea8f8a6,unknown,KeePass-2.61.1.exe,exe,2026-08-14 02:33:04,MalwareBazaar
SSDEEP,1572864:/I55gii2OF6yuoq2VsF4Oyms+BlJVNP84GCubGTQCHoYchmhb0XgTqtdUo:FCF4n1eLNP8m4RqSIqYo,23d9c8b78e16d8b1db68fd04a4b133dd3649bb5c9f237ccf77f5b08d8ea8f8a6,unknown,KeePass-2.61.1.exe,exe,2026-08-14 02:33:04,MalwareBazaar
ICON-DHASH,70cc96969696d471,23d9c8b78e16d8b1db68fd04a4b133dd3649bb5c9f237ccf77f5b08d8ea8f8a6,unknown,KeePass-2.61.1.exe,exe,2026-08-14 02:33:04,MalwareBazaar
MD5,c33d431824ccc8d21c9cfb98c35b8e8e,6405dd6d75d35be336c264edcdf3c79d1285b66b5d168791c091132354b9446f,unknown,Setup.exe,exe,2026-08-14 02:26:07,MalwareBazaar
SHA-1,ab38a2caf81c4c7aaa668aedc3b716a7407cb2bf,6405dd6d75d35be336c264edcdf3c79d1285b66b5d168791c091132354b9446f,unknown,Setup.exe,exe,2026-08-14 02:26:07,MalwareBazaar
SHA-256,6405dd6d75d35be336c264edcdf3c79d1285b66b5d168791c091132354b9446f,6405dd6d75d35be336c264edcdf3c79d1285b66b5d168791c091132354b9446f,unknown,Setup.exe,exe,2026-08-14 02:26:07,MalwareBazaar
SHA3-384,37148e917e32037c837778761d2bab28d7e41eca37470d58fe6ffa73c23b2fc55c43e46b68f92320fd7ee57b91f75b3a,6405dd6d75d35be336c264edcdf3c79d1285b66b5d168791c091132354b9446f,unknown,Setup.exe,exe,2026-08-14 02:26:07,MalwareBazaar
IMPHASH,d42595b695fc008ef2c56aabd8efd68e,6405dd6d75d35be336c264edcdf3c79d1285b66b5d168791c091132354b9446f,unknown,Setup.exe,exe,2026-08-14 02:26:07,MalwareBazaar
TLSH,T140E59D0B6C9181E8C4AE673689B75119BB30BC4C4B7673D72EA0A6B42F723C15D7AF50,6405dd6d75d35be336c264edcdf3c79d1285b66b5d168791c091132354b9446f,unknown,Setup.exe,exe,2026-08-14 02:26:07,MalwareBazaar
SSDEEP,49152:tot77HBjmdtQA7L5rYNUfJ0a5db4cXFusFzwSZujDfGcN:t8FwJJVvXuuyjbb,6405dd6d75d35be336c264edcdf3c79d1285b66b5d168791c091132354b9446f,unknown,Setup.exe,exe,2026-08-14 02:26:07,MalwareBazaar
MD5,eb6bcf6c01625ae9ee0ece85544f97a9,e11e65338860c6bdcd6f2bc5f5d35f162c54df42ca63f0178ba3d481be0193ad,Mirai,Mddos.arm5,elf,2026-08-14 02:21:28,MalwareBazaar
SHA-1,99865136295775ac41a18a8afa75d1f2ef27a42e,e11e65338860c6bdcd6f2bc5f5d35f162c54df42ca63f0178ba3d481be0193ad,Mirai,Mddos.arm5,elf,2026-08-14 02:21:28,MalwareBazaar
SHA-256,e11e65338860c6bdcd6f2bc5f5d35f162c54df42ca63f0178ba3d481be0193ad,e11e65338860c6bdcd6f2bc5f5d35f162c54df42ca63f0178ba3d481be0193ad,Mirai,Mddos.arm5,elf,2026-08-14 02:21:28,MalwareBazaar
SHA3-384,d0e0dd962c1920ba603d6f6811e6dda889e783172ec1dd9938940ea4634a3c718ea242ead0d731a5e5f07066feaf14a6,e11e65338860c6bdcd6f2bc5f5d35f162c54df42ca63f0178ba3d481be0193ad,Mirai,Mddos.arm5,elf,2026-08-14 02:21:28,MalwareBazaar
TLSH,T1BBE43955F880DF61C6C535B6F65D42A873074BB9D3EB72068A254B343BEB86B0F3A601,e11e65338860c6bdcd6f2bc5f5d35f162c54df42ca63f0178ba3d481be0193ad,Mirai,Mddos.arm5,elf,2026-08-14 02:21:28,MalwareBazaar
TELFHASH,t141f09e3676683d8463d621aa82a6e82a48b11f8643963590a7062c0e9fc3dd025e5933,e11e65338860c6bdcd6f2bc5f5d35f162c54df42ca63f0178ba3d481be0193ad,Mirai,Mddos.arm5,elf,2026-08-14 02:21:28,MalwareBazaar
SSDEEP,12288:Nnx34RWjzgsj0hiuaDh15bzpoj+UZW/ED3SlrNzqeK8pqP8qO:NGmgsCu11xzpi+f/EONzgb,e11e65338860c6bdcd6f2bc5f5d35f162c54df42ca63f0178ba3d481be0193ad,Mirai,Mddos.arm5,elf,2026-08-14 02:21:28,MalwareBazaar
MD5,03ac8023c8d07a5ee0e6b74c91975430,8b6a1a72c7543206f7bf683ca5b01de3d21c7fb9bb6dfdcaaf271cbdac82aa51,Mirai,pryznet.arm,elf,2026-08-14 02:12:57,MalwareBazaar
SHA-1,2b4f191b5ed50d7eb876e8fce846ff501bfc822d,8b6a1a72c7543206f7bf683ca5b01de3d21c7fb9bb6dfdcaaf271cbdac82aa51,Mirai,pryznet.arm,elf,2026-08-14 02:12:57,MalwareBazaar
SHA-256,8b6a1a72c7543206f7bf683ca5b01de3d21c7fb9bb6dfdcaaf271cbdac82aa51,8b6a1a72c7543206f7bf683ca5b01de3d21c7fb9bb6dfdcaaf271cbdac82aa51,Mirai,pryznet.arm,elf,2026-08-14 02:12:57,MalwareBazaar
SHA3-384,a1044783792c7a2c38d2cfc44e3368a1b128bab48df22c53ff54e800d6f283571050a4eb87097a44358049e27e5e3f48,8b6a1a72c7543206f7bf683ca5b01de3d21c7fb9bb6dfdcaaf271cbdac82aa51,Mirai,pryznet.arm,elf,2026-08-14 02:12:57,MalwareBazaar
TLSH,T1ECB4CF67F6662D13C8E3DA3E15B782745273E64A13929306670EF17C39D223E4F1A6C4,8b6a1a72c7543206f7bf683ca5b01de3d21c7fb9bb6dfdcaaf271cbdac82aa51,Mirai,pryznet.arm,elf,2026-08-14 02:12:57,MalwareBazaar
TELFHASH,t1d111acf04b2b62115659cbdc9acdb35e152dc90a860bee37fd71407c60198ada42a88f,8b6a1a72c7543206f7bf683ca5b01de3d21c7fb9bb6dfdcaaf271cbdac82aa51,Mirai,pryznet.arm,elf,2026-08-14 02:12:57,MalwareBazaar
SSDEEP,12288:oDN1It8U8LNZMi+1GfUc5sk8pdDRbm29I4AqF7B5ns:oDNOtTf9GILI4JF7B5n,8b6a1a72c7543206f7bf683ca5b01de3d21c7fb9bb6dfdcaaf271cbdac82aa51,Mirai,pryznet.arm,elf,2026-08-14 02:12:57,MalwareBazaar
MD5,491757de5a46115ed5d9ca8fa04414a4,f975c5077bd774863457e039c3fda9463cc954d891fbf9546763bf38fbd755ea,unknown,f975c5077bd774863457e039c3fda9463cc954d891fbf9546763bf38fbd755ea.exe,exe,2026-08-14 02:04:02,MalwareBazaar
SHA-1,0ae98b6923dea5c1c2c6e027d8b234a3a833ccd1,f975c5077bd774863457e039c3fda9463cc954d891fbf9546763bf38fbd755ea,unknown,f975c5077bd774863457e039c3fda9463cc954d891fbf9546763bf38fbd755ea.exe,exe,2026-08-14 02:04:02,MalwareBazaar
SHA-256,f975c5077bd774863457e039c3fda9463cc954d891fbf9546763bf38fbd755ea,f975c5077bd774863457e039c3fda9463cc954d891fbf9546763bf38fbd755ea,unknown,f975c5077bd774863457e039c3fda9463cc954d891fbf9546763bf38fbd755ea.exe,exe,2026-08-14 02:04:02,MalwareBazaar
SHA3-384,123cde8688911fbdb012bd873d31c772f0d2aed5ad16b83c3f1b6bf0c5e014931bb9c1b9286d3c7fb62051dadd1007e5,f975c5077bd774863457e039c3fda9463cc954d891fbf9546763bf38fbd755ea,unknown,f975c5077bd774863457e039c3fda9463cc954d891fbf9546763bf38fbd755ea.exe,exe,2026-08-14 02:04:02,MalwareBazaar
IMPHASH,4669c209bb88a8e57e3fa2dfb3d0021c,f975c5077bd774863457e039c3fda9463cc954d891fbf9546763bf38fbd755ea,unknown,f975c5077bd774863457e039c3fda9463cc954d891fbf9546763bf38fbd755ea.exe,exe,2026-08-14 02:04:02,MalwareBazaar
TLSH,T1EA465A22558017E8E17FC179898A5E12FF327009136567EF099045A3EEA7AF0BE7F352,f975c5077bd774863457e039c3fda9463cc954d891fbf9546763bf38fbd755ea,unknown,f975c5077bd774863457e039c3fda9463cc954d891fbf9546763bf38fbd755ea.exe,exe,2026-08-14 02:04:02,MalwareBazaar
SSDEEP,98304:HG8xo4tZLOuLPATULj2gohT3higkVgohT3higk:m8xnrJ+q,f975c5077bd774863457e039c3fda9463cc954d891fbf9546763bf38fbd755ea,unknown,f975c5077bd774863457e039c3fda9463cc954d891fbf9546763bf38fbd755ea.exe,exe,2026-08-14 02:04:02,MalwareBazaar
MD5,e1de4dd0ad9120ed7453b8133178d660,d56031341a68a3f228450fb16ea51c28d2d699c1683529830c145b18e6596000,unknown,wr.php,sh,2026-08-14 02:02:09,MalwareBazaar
SHA-1,6e3edfe1fd53ed3c15a7ad2472021c60ba5ea7fc,d56031341a68a3f228450fb16ea51c28d2d699c1683529830c145b18e6596000,unknown,wr.php,sh,2026-08-14 02:02:09,MalwareBazaar
SHA-256,d56031341a68a3f228450fb16ea51c28d2d699c1683529830c145b18e6596000,d56031341a68a3f228450fb16ea51c28d2d699c1683529830c145b18e6596000,unknown,wr.php,sh,2026-08-14 02:02:09,MalwareBazaar
SHA3-384,6a383e9742d051498971460ec55f9c5f5576c7a5f8c0f2015d2745e58fb69d31dcc616898f91bb51494d3b0aa15fb045,d56031341a68a3f228450fb16ea51c28d2d699c1683529830c145b18e6596000,unknown,wr.php,sh,2026-08-14 02:02:09,MalwareBazaar
TLSH,T10CC28D966A867C44BDC98A3E4CBD2B5D6DF5C3D1324942AC3D8B3C719C11F9CC618B1A,d56031341a68a3f228450fb16ea51c28d2d699c1683529830c145b18e6596000,unknown,wr.php,sh,2026-08-14 02:02:09,MalwareBazaar
SSDEEP,768:08vCB+25j6es8Rg9FYpMSUpi+20qUpi+20YQX:08l25Jmd2QX,d56031341a68a3f228450fb16ea51c28d2d699c1683529830c145b18e6596000,unknown,wr.php,sh,2026-08-14 02:02:09,MalwareBazaar
MD5,39b4eb4bcce0f4f4983bfb9658b38103,984f75b642647fc107514bf9aa33d5ee386193277ff58b01f9beb34d8ceb75fe,unknown,k.php,sh,2026-08-14 02:02:08,MalwareBazaar
SHA-1,e6a53acc2cfc09fa6880357a44fa9c2cf4055d20,984f75b642647fc107514bf9aa33d5ee386193277ff58b01f9beb34d8ceb75fe,unknown,k.php,sh,2026-08-14 02:02:08,MalwareBazaar
SHA-256,984f75b642647fc107514bf9aa33d5ee386193277ff58b01f9beb34d8ceb75fe,984f75b642647fc107514bf9aa33d5ee386193277ff58b01f9beb34d8ceb75fe,unknown,k.php,sh,2026-08-14 02:02:08,MalwareBazaar
SHA3-384,97f0eff5bb5a2e482e15b5de48156224ec93df244ebc3f2ce905ba4b325e5ee4cf8397e82c24d534568ddb06307fc46b,984f75b642647fc107514bf9aa33d5ee386193277ff58b01f9beb34d8ceb75fe,unknown,k.php,sh,2026-08-14 02:02:08,MalwareBazaar
TLSH,T1F7235C512A857C14AA98C8371D7F2F0CB9A943E6324452DE7FCF3CF68C4AA9D910972D,984f75b642647fc107514bf9aa33d5ee386193277ff58b01f9beb34d8ceb75fe,unknown,k.php,sh,2026-08-14 02:02:08,MalwareBazaar
SSDEEP,768:YQFWzZx539GKYpr9GKYp82fkR4nnA9GKYpr9GKYp82fkR4nnS:rkz2cr,984f75b642647fc107514bf9aa33d5ee386193277ff58b01f9beb34d8ceb75fe,unknown,k.php,sh,2026-08-14 02:02:08,MalwareBazaar
MD5,8ed7e8aca1f11661eeaf8a01f1082f3b,36bdf59bb5e719eda9d2da8619cbb6827e5f9a2b9dd19806c704faa98c411360,Mirai,ok,sh,2026-08-14 01:55:56,MalwareBazaar
SHA-1,f1ddc671a4b06030f1e4314ac86b019acfeb7000,36bdf59bb5e719eda9d2da8619cbb6827e5f9a2b9dd19806c704faa98c411360,Mirai,ok,sh,2026-08-14 01:55:56,MalwareBazaar
SHA-256,36bdf59bb5e719eda9d2da8619cbb6827e5f9a2b9dd19806c704faa98c411360,36bdf59bb5e719eda9d2da8619cbb6827e5f9a2b9dd19806c704faa98c411360,Mirai,ok,sh,2026-08-14 01:55:56,MalwareBazaar
SHA3-384,d836077124426fabb336ed2e93912c4f6b0d1f711c0a9bca03bd99135cce45a18c2a76f31db6061ae686a454fc12e182,36bdf59bb5e719eda9d2da8619cbb6827e5f9a2b9dd19806c704faa98c411360,Mirai,ok,sh,2026-08-14 01:55:56,MalwareBazaar
TLSH,T1F0319EDF44500A321512CD8D33A2344C618EE1E72DAFDBE4DD495EA993886DCF262F1E,36bdf59bb5e719eda9d2da8619cbb6827e5f9a2b9dd19806c704faa98c411360,Mirai,ok,sh,2026-08-14 01:55:56,MalwareBazaar
SSDEEP,12:Uh65rhGpx6GpbLN3DIr6Di4wli6lWGrIDjx6jwrU0EgI6gOrnU46UQ5THi6a33C6:frYxgr4CfAaIy5T+uE9UA0+pjX5,36bdf59bb5e719eda9d2da8619cbb6827e5f9a2b9dd19806c704faa98c411360,Mirai,ok,sh,2026-08-14 01:55:56,MalwareBazaar
MD5,1f0cc0ca281f90f853a6ffad03935dc9,0e3cd256f1f3c143fa097c9792f6990629f9b5706b707e6c5653d056e9f87f98,unknown,0e3cd256f1f3c143fa097c9792f6990629f9b5706b707e6c5653d056e9f87f98.bin,exe,2026-08-14 01:54:20,MalwareBazaar
SHA-1,ac417a7152499a0d06e5b5e36516d19d0af13662,0e3cd256f1f3c143fa097c9792f6990629f9b5706b707e6c5653d056e9f87f98,unknown,0e3cd256f1f3c143fa097c9792f6990629f9b5706b707e6c5653d056e9f87f98.bin,exe,2026-08-14 01:54:20,MalwareBazaar
SHA-256,0e3cd256f1f3c143fa097c9792f6990629f9b5706b707e6c5653d056e9f87f98,0e3cd256f1f3c143fa097c9792f6990629f9b5706b707e6c5653d056e9f87f98,unknown,0e3cd256f1f3c143fa097c9792f6990629f9b5706b707e6c5653d056e9f87f98.bin,exe,2026-08-14 01:54:20,MalwareBazaar
SHA3-384,0fe6fa38e624b3cc1025a03f28882651650155e4065e7c491bed6b486db22726475f9131ab2ea75cbb829c4a3f04e658,0e3cd256f1f3c143fa097c9792f6990629f9b5706b707e6c5653d056e9f87f98,unknown,0e3cd256f1f3c143fa097c9792f6990629f9b5706b707e6c5653d056e9f87f98.bin,exe,2026-08-14 01:54:20,MalwareBazaar
IMPHASH,d42595b695fc008ef2c56aabd8efd68e,0e3cd256f1f3c143fa097c9792f6990629f9b5706b707e6c5653d056e9f87f98,unknown,0e3cd256f1f3c143fa097c9792f6990629f9b5706b707e6c5653d056e9f87f98.bin,exe,2026-08-14 01:54:20,MalwareBazaar
TLSH,T15808AD0B7D9184E5C09EAB3189B7015ABB71BC494B3633D72DB0AA782F723D19D79B40,0e3cd256f1f3c143fa097c9792f6990629f9b5706b707e6c5653d056e9f87f98,unknown,0e3cd256f1f3c143fa097c9792f6990629f9b5706b707e6c5653d056e9f87f98.bin,exe,2026-08-14 01:54:20,MalwareBazaar
SSDEEP,49152:uBXkpFItKHwxLWfjoAN6fMi/LdTSBsYgwVm7ZkYGej:uSyTG60Ar7,0e3cd256f1f3c143fa097c9792f6990629f9b5706b707e6c5653d056e9f87f98,unknown,0e3cd256f1f3c143fa097c9792f6990629f9b5706b707e6c5653d056e9f87f98.bin,exe,2026-08-14 01:54:20,MalwareBazaar
MD5,c57e7a0c3175559c3ab4b8f0b20c7b03,13d9a5010daa3c2c05da6e63d135732b17d861f7aea426b075898e967aa7d531,unknown,composer.php,exe,2026-08-14 01:52:33,MalwareBazaar
SHA-1,9420c2f186855c7dbf06da8770b085d98686410e,13d9a5010daa3c2c05da6e63d135732b17d861f7aea426b075898e967aa7d531,unknown,composer.php,exe,2026-08-14 01:52:33,MalwareBazaar
SHA-256,13d9a5010daa3c2c05da6e63d135732b17d861f7aea426b075898e967aa7d531,13d9a5010daa3c2c05da6e63d135732b17d861f7aea426b075898e967aa7d531,unknown,composer.php,exe,2026-08-14 01:52:33,MalwareBazaar
SHA3-384,738fd71afbb33c60583835a9e31359db15719bed666f03ecabc3c9682b6463f3c40e585167bbd95cf5d696c738d4b40f,13d9a5010daa3c2c05da6e63d135732b17d861f7aea426b075898e967aa7d531,unknown,composer.php,exe,2026-08-14 01:52:33,MalwareBazaar
IMPHASH,cf72283be50852e418ce6bbb6b645835,13d9a5010daa3c2c05da6e63d135732b17d861f7aea426b075898e967aa7d531,unknown,composer.php,exe,2026-08-14 01:52:33,MalwareBazaar
TLSH,T160E6334CAED062EED9A3903DEBF25142D8B6B4220770CBDB539857316E673D0493DA27,13d9a5010daa3c2c05da6e63d135732b17d861f7aea426b075898e967aa7d531,unknown,composer.php,exe,2026-08-14 01:52:33,MalwareBazaar
SSDEEP,393216:wbIWvbS0VMNV9Rm+nlRXMCHWUjnDcuI3/PGTAI:wbZueMhk+nfXMb8ngH/O7,13d9a5010daa3c2c05da6e63d135732b17d861f7aea426b075898e967aa7d531,unknown,composer.php,exe,2026-08-14 01:52:33,MalwareBazaar
ICON-DHASH,b271e8cccce8f0b0,13d9a5010daa3c2c05da6e63d135732b17d861f7aea426b075898e967aa7d531,unknown,composer.php,exe,2026-08-14 01:52:33,MalwareBazaar
MD5,be84790945af67a336683635c7d55222,08f4d444d51993a92e374193007440da52d5e9b375f7ad02fdaae7706280c1b1,Mirai,mips,elf,2026-08-14 01:51:59,MalwareBazaar
SHA-1,9a7dcb7ea8c870ebe69712569eee359647f04cf8,08f4d444d51993a92e374193007440da52d5e9b375f7ad02fdaae7706280c1b1,Mirai,mips,elf,2026-08-14 01:51:59,MalwareBazaar
SHA-256,08f4d444d51993a92e374193007440da52d5e9b375f7ad02fdaae7706280c1b1,08f4d444d51993a92e374193007440da52d5e9b375f7ad02fdaae7706280c1b1,Mirai,mips,elf,2026-08-14 01:51:59,MalwareBazaar
SHA3-384,77b9ee7095b47bc16b3ed283c1a485bd95869a6eff85728c77b6d3de36d6ce80da1364e598fe753cf93903f4630099b6,08f4d444d51993a92e374193007440da52d5e9b375f7ad02fdaae7706280c1b1,Mirai,mips,elf,2026-08-14 01:51:59,MalwareBazaar
TLSH,T1AFD4C70B6E228F6DF674873147F70B24EB6D23D627E1D580D1ADC5142F2128E592FBA8,08f4d444d51993a92e374193007440da52d5e9b375f7ad02fdaae7706280c1b1,Mirai,mips,elf,2026-08-14 01:51:59,MalwareBazaar
TELFHASH,t197b14aa9193813f0a7545d8d4adcff329d6328ef3a561c339e60e89e971ba835e10c1c,08f4d444d51993a92e374193007440da52d5e9b375f7ad02fdaae7706280c1b1,Mirai,mips,elf,2026-08-14 01:51:59,MalwareBazaar
SSDEEP,6144:tIQ62G3kAXssJK2ui7SP/h2Ez4RwlS87ZszC8co0m366cuN5ZYTy0COvotLX+HAh:GQKx/tui7jalTHQ9naNbxOqnwLl,08f4d444d51993a92e374193007440da52d5e9b375f7ad02fdaae7706280c1b1,Mirai,mips,elf,2026-08-14 01:51:59,MalwareBazaar
MD5,cb041ec54093c37afc316b7d26116a85,f42b3277d3f04b17cb75ccdb8c9e0427db2a5c05fc40919fb3a9d4a2f5585e7f,unknown,k.php,sh,2026-08-14 01:49:51,MalwareBazaar
SHA-1,33d9f534a754ec5329e425ee151714b7e9480a25,f42b3277d3f04b17cb75ccdb8c9e0427db2a5c05fc40919fb3a9d4a2f5585e7f,unknown,k.php,sh,2026-08-14 01:49:51,MalwareBazaar
SHA-256,f42b3277d3f04b17cb75ccdb8c9e0427db2a5c05fc40919fb3a9d4a2f5585e7f,f42b3277d3f04b17cb75ccdb8c9e0427db2a5c05fc40919fb3a9d4a2f5585e7f,unknown,k.php,sh,2026-08-14 01:49:51,MalwareBazaar
SHA3-384,f196e626216c6725224a902ad9836fcbd24cdc032c18a39445f81b78faf47fb934d0a145cf0e4a534e11979af7abed9c,f42b3277d3f04b17cb75ccdb8c9e0427db2a5c05fc40919fb3a9d4a2f5585e7f,unknown,k.php,sh,2026-08-14 01:49:51,MalwareBazaar
TLSH,T1E4236C651A857C24AA98D4371D7E2F0CBDAD43E6320492DE7FCA3CF28C5AA9DD10871D,f42b3277d3f04b17cb75ccdb8c9e0427db2a5c05fc40919fb3a9d4a2f5585e7f,unknown,k.php,sh,2026-08-14 01:49:51,MalwareBazaar
SSDEEP,768:GXRWNGxVR9GKYpr9GKYp82fkR4nnA9GKYpr9GKYp82fkR4nnS:ilxocr,f42b3277d3f04b17cb75ccdb8c9e0427db2a5c05fc40919fb3a9d4a2f5585e7f,unknown,k.php,sh,2026-08-14 01:49:51,MalwareBazaar
MD5,27f61f45f1873b9a29c9e9a98cfe0253,1332d0c6a8400500b92c6a278c663907a9d8cdc4353f7ac1edff6a4ab2d745c1,unknown,1332d0c6a8400500b92c6a278c663907a9d8cdc4353f7ac1edff6a4ab2d745c1.exe,exe,2026-08-14 01:44:10,MalwareBazaar
SHA-1,decc0a9b49d3bb2638d3cc9031eb1fe69f58c9a1,1332d0c6a8400500b92c6a278c663907a9d8cdc4353f7ac1edff6a4ab2d745c1,unknown,1332d0c6a8400500b92c6a278c663907a9d8cdc4353f7ac1edff6a4ab2d745c1.exe,exe,2026-08-14 01:44:10,MalwareBazaar
SHA-256,1332d0c6a8400500b92c6a278c663907a9d8cdc4353f7ac1edff6a4ab2d745c1,1332d0c6a8400500b92c6a278c663907a9d8cdc4353f7ac1edff6a4ab2d745c1,unknown,1332d0c6a8400500b92c6a278c663907a9d8cdc4353f7ac1edff6a4ab2d745c1.exe,exe,2026-08-14 01:44:10,MalwareBazaar
SHA3-384,35b22aa55d7e60496ebbd106f48476d44bed76220c4f8e3cf3d1d82aea19c4e5c7abf916be5e7a0cf9ebdf60b7ec0652,1332d0c6a8400500b92c6a278c663907a9d8cdc4353f7ac1edff6a4ab2d745c1,unknown,1332d0c6a8400500b92c6a278c663907a9d8cdc4353f7ac1edff6a4ab2d745c1.exe,exe,2026-08-14 01:44:10,MalwareBazaar
IMPHASH,44140cbbe125df54636c585913f74c75,1332d0c6a8400500b92c6a278c663907a9d8cdc4353f7ac1edff6a4ab2d745c1,unknown,1332d0c6a8400500b92c6a278c663907a9d8cdc4353f7ac1edff6a4ab2d745c1.exe,exe,2026-08-14 01:44:10,MalwareBazaar
TLSH,T139D523DAA9F158B0C477C7B68F13E4ADB06D3B908F218E47F6DE2A00AD926585037771,1332d0c6a8400500b92c6a278c663907a9d8cdc4353f7ac1edff6a4ab2d745c1,unknown,1332d0c6a8400500b92c6a278c663907a9d8cdc4353f7ac1edff6a4ab2d745c1.exe,exe,2026-08-14 01:44:10,MalwareBazaar
SSDEEP,49152:zk2/gGxjBybUSbDPg/mNtfGJvNXayvaBsxbzh4W1iRy9DUvIqOI0U:zk2/30bUSbDPeahGBNVaBsbXsRyIEU,1332d0c6a8400500b92c6a278c663907a9d8cdc4353f7ac1edff6a4ab2d745c1,unknown,1332d0c6a8400500b92c6a278c663907a9d8cdc4353f7ac1edff6a4ab2d745c1.exe,exe,2026-08-14 01:44:10,MalwareBazaar
MD5,23692ca87f42678c2f8a97331ae488d6,411c4d388b54e659183b5d8e890bf78c7be73b866b7659617f422c978aa9f24f,CoinMiner,411c4d388b54e659183b5d8e890bf78c7be73b866b7659617f422c978aa9f24f.exe,exe,2026-08-14 01:44:04,MalwareBazaar
SHA-1,f3f3d20f093bd53800560571280a9b9a145ef4f5,411c4d388b54e659183b5d8e890bf78c7be73b866b7659617f422c978aa9f24f,CoinMiner,411c4d388b54e659183b5d8e890bf78c7be73b866b7659617f422c978aa9f24f.exe,exe,2026-08-14 01:44:04,MalwareBazaar
SHA-256,411c4d388b54e659183b5d8e890bf78c7be73b866b7659617f422c978aa9f24f,411c4d388b54e659183b5d8e890bf78c7be73b866b7659617f422c978aa9f24f,CoinMiner,411c4d388b54e659183b5d8e890bf78c7be73b866b7659617f422c978aa9f24f.exe,exe,2026-08-14 01:44:04,MalwareBazaar
SHA3-384,c26b1e609ece571445003384b6ad927a4a2e267158f770e69c78a312fe66813d88195b08e6f9237ce33b61c3d0aa2578,411c4d388b54e659183b5d8e890bf78c7be73b866b7659617f422c978aa9f24f,CoinMiner,411c4d388b54e659183b5d8e890bf78c7be73b866b7659617f422c978aa9f24f.exe,exe,2026-08-14 01:44:04,MalwareBazaar
IMPHASH,35171f6f6a1bfee47cbc04cb345c411f,411c4d388b54e659183b5d8e890bf78c7be73b866b7659617f422c978aa9f24f,CoinMiner,411c4d388b54e659183b5d8e890bf78c7be73b866b7659617f422c978aa9f24f.exe,exe,2026-08-14 01:44:04,MalwareBazaar
TLSH,T151363355B8C6AAB6C067CBB88563A43E733E77A4C9A47C1B3BCC36054D26E042D3E754,411c4d388b54e659183b5d8e890bf78c7be73b866b7659617f422c978aa9f24f,CoinMiner,411c4d388b54e659183b5d8e890bf78c7be73b866b7659617f422c978aa9f24f.exe,exe,2026-08-14 01:44:04,MalwareBazaar
SSDEEP,98304:Q4ZKHdUifbm1FgtLDz8IWVz7GlLy6VHyvNgFcPDhmMKjGPzjr5bACxcmK4Wjx:vY9UifbmYt3WVky6FyvNgFshRaG2HFf,411c4d388b54e659183b5d8e890bf78c7be73b866b7659617f422c978aa9f24f,CoinMiner,411c4d388b54e659183b5d8e890bf78c7be73b866b7659617f422c978aa9f24f.exe,exe,2026-08-14 01:44:04,MalwareBazaar
MD5,6b0c5e760e99be41375f80f8208d71a7,ae79cc20c0e9f55b3cb6993efc3fad68def359a303888c31c2f3625aa6449f29,Mirai,dlr.arm7,elf,2026-08-14 01:38:03,MalwareBazaar
SHA-1,52d371886bc7ea6d4a9fbd14ccb1e44b406209fc,ae79cc20c0e9f55b3cb6993efc3fad68def359a303888c31c2f3625aa6449f29,Mirai,dlr.arm7,elf,2026-08-14 01:38:03,MalwareBazaar
SHA-256,ae79cc20c0e9f55b3cb6993efc3fad68def359a303888c31c2f3625aa6449f29,ae79cc20c0e9f55b3cb6993efc3fad68def359a303888c31c2f3625aa6449f29,Mirai,dlr.arm7,elf,2026-08-14 01:38:03,MalwareBazaar
SHA3-384,154e317ed826d455fb620ddfbbbd16e5f2c6ae71fc2d014d6da6c9abff5b5be7bc8f337d551f846c8b031cdf9fba4491,ae79cc20c0e9f55b3cb6993efc3fad68def359a303888c31c2f3625aa6449f29,Mirai,dlr.arm7,elf,2026-08-14 01:38:03,MalwareBazaar
TLSH,T154043B46A6418B13C0D61776FAAF424533229B68D3DF73068D28AFF43F87A5E4E63605,ae79cc20c0e9f55b3cb6993efc3fad68def359a303888c31c2f3625aa6449f29,Mirai,dlr.arm7,elf,2026-08-14 01:38:03,MalwareBazaar
TELFHASH,t17521ee71572952116a75dda89ceeb3a7452883266389ef33df22c0dc640a09eda36c4f,ae79cc20c0e9f55b3cb6993efc3fad68def359a303888c31c2f3625aa6449f29,Mirai,dlr.arm7,elf,2026-08-14 01:38:03,MalwareBazaar
SSDEEP,3072:DPVBJZj32VnTqG/Q2nsbqaX4+4XPBhjfSM4FcWOob/goM/9F5rqt:Dt932nTc20qaX4+4XPbjwKWFb/PM/9Dw,ae79cc20c0e9f55b3cb6993efc3fad68def359a303888c31c2f3625aa6449f29,Mirai,dlr.arm7,elf,2026-08-14 01:38:03,MalwareBazaar
MD5,3cae57ce8bcf0728188eb24058cddc04,2b5e0d3ddef9514457ec6a9f4942874d442f780602beb7da12df40be999b8db0,Mirai,pryznet.x86_64,elf,2026-08-14 01:38:02,MalwareBazaar
SHA-1,4afa911bcceea2ff423b2f47fed331266de4536b,2b5e0d3ddef9514457ec6a9f4942874d442f780602beb7da12df40be999b8db0,Mirai,pryznet.x86_64,elf,2026-08-14 01:38:02,MalwareBazaar
SHA-256,2b5e0d3ddef9514457ec6a9f4942874d442f780602beb7da12df40be999b8db0,2b5e0d3ddef9514457ec6a9f4942874d442f780602beb7da12df40be999b8db0,Mirai,pryznet.x86_64,elf,2026-08-14 01:38:02,MalwareBazaar
SHA3-384,aa3405a4cfb0dc02d54cabe070f37f38a77218ddebc2527a8c7f816eea3dbc11019ffbf2d912f308ff34644710ade29c,2b5e0d3ddef9514457ec6a9f4942874d442f780602beb7da12df40be999b8db0,Mirai,pryznet.x86_64,elf,2026-08-14 01:38:02,MalwareBazaar
TLSH,T1A8258E46B2B334FDC057C030879BD772A936F46945222D7B22C4DA352EA6E701B29F76,2b5e0d3ddef9514457ec6a9f4942874d442f780602beb7da12df40be999b8db0,Mirai,pryznet.x86_64,elf,2026-08-14 01:38:02,MalwareBazaar
TELFHASH,t17b11acf04b2b62115659cbdc9addb35e152dc90a860bee37fd71407c60198ade42a88f,2b5e0d3ddef9514457ec6a9f4942874d442f780602beb7da12df40be999b8db0,Mirai,pryznet.x86_64,elf,2026-08-14 01:38:02,MalwareBazaar
SSDEEP,24576:O9fXJ0O1+vU1OpFOwWUlYIuY7SFOjJrAA:O+c1Op/WUlYIl5jp,2b5e0d3ddef9514457ec6a9f4942874d442f780602beb7da12df40be999b8db0,Mirai,pryznet.x86_64,elf,2026-08-14 01:38:02,MalwareBazaar
MD5,50fa7bbb7e2ed6166339d7e4a5514892,c06c9ee4e6020894bc9fc3abebb953b889d15d6041518483568fc8587d8e96a6,Mirai,pryznet.mips,elf,2026-08-14 01:32:21,MalwareBazaar
SHA-1,0ffd2d25633845ea40f4f5743209b40787989127,c06c9ee4e6020894bc9fc3abebb953b889d15d6041518483568fc8587d8e96a6,Mirai,pryznet.mips,elf,2026-08-14 01:32:21,MalwareBazaar
SHA-256,c06c9ee4e6020894bc9fc3abebb953b889d15d6041518483568fc8587d8e96a6,c06c9ee4e6020894bc9fc3abebb953b889d15d6041518483568fc8587d8e96a6,Mirai,pryznet.mips,elf,2026-08-14 01:32:21,MalwareBazaar
SHA3-384,57ec9932f288d44b3f5879046b0e9319ddfa5f39cd49c0ff336cb4e7dd86215591afbeb099984c876389086405746b49,c06c9ee4e6020894bc9fc3abebb953b889d15d6041518483568fc8587d8e96a6,Mirai,pryznet.mips,elf,2026-08-14 01:32:21,MalwareBazaar
TLSH,T128F46C5377318FA4E350D27501E3CB655AA921A20BE291C6A37CC7207B51B6C6C6FFE8,c06c9ee4e6020894bc9fc3abebb953b889d15d6041518483568fc8587d8e96a6,Mirai,pryznet.mips,elf,2026-08-14 01:32:21,MalwareBazaar
TELFHASH,t1d111acf04b2b62115659cbdc9acdb35e152dc90a860bee37fd71407c60198ada42a88f,c06c9ee4e6020894bc9fc3abebb953b889d15d6041518483568fc8587d8e96a6,Mirai,pryznet.mips,elf,2026-08-14 01:32:21,MalwareBazaar
SSDEEP,12288:8maiKcT40q4ANJuSU/ZDOxymf1LXo4RRLeKH35L/I0bN6NXG48pasKdMPL+iMp92:fK34ANISU/gymfdnRRLFL/I6N6NXYymH,c06c9ee4e6020894bc9fc3abebb953b889d15d6041518483568fc8587d8e96a6,Mirai,pryznet.mips,elf,2026-08-14 01:32:21,MalwareBazaar
MD5,2bb26757f04aab5e6553d333f695183c,ed597d3121d614edf3aa79636783ce962732c579f2786c83c5585c43b6847a90,WannaCry,ed597d3121d614edf3aa79636783ce962732c579f2786c83c5585c43b6847a90,exe,2026-08-14 01:15:59,MalwareBazaar
SHA-1,740efda71ac13dcf6a673c581c1be4289424e348,ed597d3121d614edf3aa79636783ce962732c579f2786c83c5585c43b6847a90,WannaCry,ed597d3121d614edf3aa79636783ce962732c579f2786c83c5585c43b6847a90,exe,2026-08-14 01:15:59,MalwareBazaar
SHA-256,ed597d3121d614edf3aa79636783ce962732c579f2786c83c5585c43b6847a90,ed597d3121d614edf3aa79636783ce962732c579f2786c83c5585c43b6847a90,WannaCry,ed597d3121d614edf3aa79636783ce962732c579f2786c83c5585c43b6847a90,exe,2026-08-14 01:15:59,MalwareBazaar
SHA3-384,2331bd4222294f2f531671223e28358ded7ca8ab4244d2e6f515ad536f716494091e58dbb3aeabda39ce2cb98c757285,ed597d3121d614edf3aa79636783ce962732c579f2786c83c5585c43b6847a90,WannaCry,ed597d3121d614edf3aa79636783ce962732c579f2786c83c5585c43b6847a90,exe,2026-08-14 01:15:59,MalwareBazaar
IMPHASH,0cdadfa1098d845dd3b4cf92625b5f04,ed597d3121d614edf3aa79636783ce962732c579f2786c83c5585c43b6847a90,WannaCry,ed597d3121d614edf3aa79636783ce962732c579f2786c83c5585c43b6847a90,exe,2026-08-14 01:15:59,MalwareBazaar
TLSH,T172E53358723CD1BCE10619B444B3CD26E7733C9657FE5A0F8B50866A1E13B5BBBA0B12,ed597d3121d614edf3aa79636783ce962732c579f2786c83c5585c43b6847a90,WannaCry,ed597d3121d614edf3aa79636783ce962732c579f2786c83c5585c43b6847a90,exe,2026-08-14 01:15:59,MalwareBazaar
SSDEEP,49152:jnpnQQqMSPbcBVQej/1INRx+TSqTdX1HkQo6SAARdhnvxJM0H9PAMEcaE8:D9zqPoBhz1aRxcSUDk36SAEdhvxWa9Pu,ed597d3121d614edf3aa79636783ce962732c579f2786c83c5585c43b6847a90,WannaCry,ed597d3121d614edf3aa79636783ce962732c579f2786c83c5585c43b6847a90,exe,2026-08-14 01:15:59,MalwareBazaar
MD5,08827f6de57f1be66b6ac55499d08162,b7bfc4ecaa4b636a2b25d9a367d5b26d3d0447217b690426aef5a60eba904cef,SalatStealer,Loader.exe,exe,2026-08-14 01:11:18,MalwareBazaar
SHA-1,f7a8511ae9dfd5eb7f1772c254a870ea068cb4e9,b7bfc4ecaa4b636a2b25d9a367d5b26d3d0447217b690426aef5a60eba904cef,SalatStealer,Loader.exe,exe,2026-08-14 01:11:18,MalwareBazaar
SHA-256,b7bfc4ecaa4b636a2b25d9a367d5b26d3d0447217b690426aef5a60eba904cef,b7bfc4ecaa4b636a2b25d9a367d5b26d3d0447217b690426aef5a60eba904cef,SalatStealer,Loader.exe,exe,2026-08-14 01:11:18,MalwareBazaar
SHA3-384,1b135956416389754d0d92517cc2beedb3320714cf5021d4c1037b39c9cc97143143963aae7772128bcef7e094fa1f25,b7bfc4ecaa4b636a2b25d9a367d5b26d3d0447217b690426aef5a60eba904cef,SalatStealer,Loader.exe,exe,2026-08-14 01:11:18,MalwareBazaar
IMPHASH,1aae8bf580c846f39c71c05898e57e88,b7bfc4ecaa4b636a2b25d9a367d5b26d3d0447217b690426aef5a60eba904cef,SalatStealer,Loader.exe,exe,2026-08-14 01:11:18,MalwareBazaar
TLSH,T1A9C66B11FACB58F5E903583140ABB27F63315D048B38CB9BEB143B6AF87B6A11976705,b7bfc4ecaa4b636a2b25d9a367d5b26d3d0447217b690426aef5a60eba904cef,SalatStealer,Loader.exe,exe,2026-08-14 01:11:18,MalwareBazaar
SSDEEP,98304:ZG8t0u7IqLzMinki6Cebs4Ddn3mXRz4kG20CdEa:37t5k3Cebzn3YlkXa,b7bfc4ecaa4b636a2b25d9a367d5b26d3d0447217b690426aef5a60eba904cef,SalatStealer,Loader.exe,exe,2026-08-14 01:11:18,MalwareBazaar
MD5,c10235ef064dd5b4215f8c5898e65d6b,a60079b552cbeee8d961c10bd1a0406a2ee0f0a9b62cd34076c64cb73bed032a,SalatStealer,Loader.exe,exe,2026-08-14 01:09:30,MalwareBazaar
SHA-1,90bd7a9aeae68fb481f480ecb1cb0c1dd9b3c748,a60079b552cbeee8d961c10bd1a0406a2ee0f0a9b62cd34076c64cb73bed032a,SalatStealer,Loader.exe,exe,2026-08-14 01:09:30,MalwareBazaar
SHA-256,a60079b552cbeee8d961c10bd1a0406a2ee0f0a9b62cd34076c64cb73bed032a,a60079b552cbeee8d961c10bd1a0406a2ee0f0a9b62cd34076c64cb73bed032a,SalatStealer,Loader.exe,exe,2026-08-14 01:09:30,MalwareBazaar
SHA3-384,7f0f960e7bc24927c713926ca70f50f90f52849adb26c6c547d7a731b398067b5b92bc8b66cff88cfb0cf19640ae83f0,a60079b552cbeee8d961c10bd1a0406a2ee0f0a9b62cd34076c64cb73bed032a,SalatStealer,Loader.exe,exe,2026-08-14 01:09:30,MalwareBazaar
IMPHASH,6ed4f5f04d62b18d96b26d6db7c18840,a60079b552cbeee8d961c10bd1a0406a2ee0f0a9b62cd34076c64cb73bed032a,SalatStealer,Loader.exe,exe,2026-08-14 01:09:30,MalwareBazaar
TLSH,T19BF53330BE4D9E26E7E6B0F1E1A51762FACC651B3E7C00FF184A95E138775A081918B6,a60079b552cbeee8d961c10bd1a0406a2ee0f0a9b62cd34076c64cb73bed032a,SalatStealer,Loader.exe,exe,2026-08-14 01:09:30,MalwareBazaar
SSDEEP,98304:OszATnfgETEfMtrB2/I4i5xXxiuCrIc7YttRn4a:TzETKMt92QJxCrIc7Yt3n4,a60079b552cbeee8d961c10bd1a0406a2ee0f0a9b62cd34076c64cb73bed032a,SalatStealer,Loader.exe,exe,2026-08-14 01:09:30,MalwareBazaar
MD5,da4dc2203770bb12d6a2d5b38a5880a0,92f8f069c032422eb6048ce1a648bd140dab9d3cfca5c855e2b56e1ac6f1cc7b,unknown,pulse_launchеr.exe,exe,2026-08-14 01:08:53,MalwareBazaar
SHA-1,66daed03974ace9055154d3e818bd5ef957ef651,92f8f069c032422eb6048ce1a648bd140dab9d3cfca5c855e2b56e1ac6f1cc7b,unknown,pulse_launchеr.exe,exe,2026-08-14 01:08:53,MalwareBazaar
SHA-256,92f8f069c032422eb6048ce1a648bd140dab9d3cfca5c855e2b56e1ac6f1cc7b,92f8f069c032422eb6048ce1a648bd140dab9d3cfca5c855e2b56e1ac6f1cc7b,unknown,pulse_launchеr.exe,exe,2026-08-14 01:08:53,MalwareBazaar
SHA3-384,98f664216e95d06ff1055d14f6cf13d9722d08560e05680f6cbdcd768aaa565dc27a64f26b4ad665d093046594475da6,92f8f069c032422eb6048ce1a648bd140dab9d3cfca5c855e2b56e1ac6f1cc7b,unknown,pulse_launchеr.exe,exe,2026-08-14 01:08:53,MalwareBazaar
IMPHASH,f34d5f2d4577ed6d9ceec516c1f5a744,92f8f069c032422eb6048ce1a648bd140dab9d3cfca5c855e2b56e1ac6f1cc7b,unknown,pulse_launchеr.exe,exe,2026-08-14 01:08:53,MalwareBazaar
TLSH,T1D5E533F9937653CCDB2AA2353FC3F9542305C189BE9149D86174B250EB394E6FEC6228,92f8f069c032422eb6048ce1a648bd140dab9d3cfca5c855e2b56e1ac6f1cc7b,unknown,pulse_launchеr.exe,exe,2026-08-14 01:08:53,MalwareBazaar
SSDEEP,98304:0xPvhSPnC38hCUL7Ig5Us7gYyE35CXbbVtY8K04:0Pv4PEeIg5xgYR3EXbZm8Z,92f8f069c032422eb6048ce1a648bd140dab9d3cfca5c855e2b56e1ac6f1cc7b,unknown,pulse_launchеr.exe,exe,2026-08-14 01:08:53,MalwareBazaar
MD5,0a5ca858cd51dea094ab07ee1f52f89b,cddd5e55137fa3c041b5c3471a2b4eb8754663bbbe59eb0a4061461498b6a507,SheetRAT,DeluxeLaunchеr-1.2.exe,exe,2026-08-14 01:07:59,MalwareBazaar
SHA-1,77bb95457bf275e9e8d9494aae1a05df451ba928,cddd5e55137fa3c041b5c3471a2b4eb8754663bbbe59eb0a4061461498b6a507,SheetRAT,DeluxeLaunchеr-1.2.exe,exe,2026-08-14 01:07:59,MalwareBazaar
SHA-256,cddd5e55137fa3c041b5c3471a2b4eb8754663bbbe59eb0a4061461498b6a507,cddd5e55137fa3c041b5c3471a2b4eb8754663bbbe59eb0a4061461498b6a507,SheetRAT,DeluxeLaunchеr-1.2.exe,exe,2026-08-14 01:07:59,MalwareBazaar
SHA3-384,cd487fc0c76824a7510e8f81371101a5c02389b04a1b69a5bed753f7ec721b361177fe09a6434bb75f7cab52b5df040d,cddd5e55137fa3c041b5c3471a2b4eb8754663bbbe59eb0a4061461498b6a507,SheetRAT,DeluxeLaunchеr-1.2.exe,exe,2026-08-14 01:07:59,MalwareBazaar
IMPHASH,f34d5f2d4577ed6d9ceec516c1f5a744,cddd5e55137fa3c041b5c3471a2b4eb8754663bbbe59eb0a4061461498b6a507,SheetRAT,DeluxeLaunchеr-1.2.exe,exe,2026-08-14 01:07:59,MalwareBazaar
TLSH,T1B05533865BE1442CE32DF6FEF9F6C89583779398B7802B5F0311A9583B039A1664CF46,cddd5e55137fa3c041b5c3471a2b4eb8754663bbbe59eb0a4061461498b6a507,SheetRAT,DeluxeLaunchеr-1.2.exe,exe,2026-08-14 01:07:59,MalwareBazaar
SSDEEP,24576:DTL7ebCNRus5rKJUjCrvBOAbOu8ZLKqFJg1m1hzV904v:DviyDWU+rvBO/3pLHmm1f90,cddd5e55137fa3c041b5c3471a2b4eb8754663bbbe59eb0a4061461498b6a507,SheetRAT,DeluxeLaunchеr-1.2.exe,exe,2026-08-14 01:07:59,MalwareBazaar
MD5,0322baf8c0e2e6567934f5d94bde7e84,fbe1a132a4dda975e349ba6c6d29e79bf247f0f18a1aeec6d80ce16e7e92ccbb,unknown,start.exe,exe,2026-08-14 01:06:41,MalwareBazaar
SHA-1,c25932c7836bc7f749879efe68153c7d8084b852,fbe1a132a4dda975e349ba6c6d29e79bf247f0f18a1aeec6d80ce16e7e92ccbb,unknown,start.exe,exe,2026-08-14 01:06:41,MalwareBazaar
SHA-256,fbe1a132a4dda975e349ba6c6d29e79bf247f0f18a1aeec6d80ce16e7e92ccbb,fbe1a132a4dda975e349ba6c6d29e79bf247f0f18a1aeec6d80ce16e7e92ccbb,unknown,start.exe,exe,2026-08-14 01:06:41,MalwareBazaar
SHA3-384,7a828c4fc140e00258b288fabc1b936b240edd2746aa8b9f4540a1b80b9d297fa705bc146773df0e75e06094ce5edb7c,fbe1a132a4dda975e349ba6c6d29e79bf247f0f18a1aeec6d80ce16e7e92ccbb,unknown,start.exe,exe,2026-08-14 01:06:41,MalwareBazaar
IMPHASH,f34d5f2d4577ed6d9ceec516c1f5a744,fbe1a132a4dda975e349ba6c6d29e79bf247f0f18a1aeec6d80ce16e7e92ccbb,unknown,start.exe,exe,2026-08-14 01:06:41,MalwareBazaar
TLSH,T167C439247F948608E590197E459E1A11C7AA91F226327303371AFF611D8ADDEDF2C3EB,fbe1a132a4dda975e349ba6c6d29e79bf247f0f18a1aeec6d80ce16e7e92ccbb,unknown,start.exe,exe,2026-08-14 01:06:41,MalwareBazaar
SSDEEP,6144:lJCVxPDfssFMU23mGk6F0Ew+NtTkyxRFVgylVza9GvPswRXNpBdYu7zbfv/Rd7LA:ls9fssq3mSO6tbYITRXNJ/v7LcmsqA,fbe1a132a4dda975e349ba6c6d29e79bf247f0f18a1aeec6d80ce16e7e92ccbb,unknown,start.exe,exe,2026-08-14 01:06:41,MalwareBazaar
MD5,dbbe48bb05baf9092fa8742046fe6bee,71b04e2d36fef06e17baafe2fd1ace5534bfc466b15f10495bc310e50bec972a,unknown,71b04e2d36fef06e17baafe2fd1ace5534bfc466b15f10495bc310e50bec972a.exe,exe,2026-08-14 01:03:58,MalwareBazaar
SHA-1,bf095f4445294f8450deb87b470801ea5718013b,71b04e2d36fef06e17baafe2fd1ace5534bfc466b15f10495bc310e50bec972a,unknown,71b04e2d36fef06e17baafe2fd1ace5534bfc466b15f10495bc310e50bec972a.exe,exe,2026-08-14 01:03:58,MalwareBazaar
SHA-256,71b04e2d36fef06e17baafe2fd1ace5534bfc466b15f10495bc310e50bec972a,71b04e2d36fef06e17baafe2fd1ace5534bfc466b15f10495bc310e50bec972a,unknown,71b04e2d36fef06e17baafe2fd1ace5534bfc466b15f10495bc310e50bec972a.exe,exe,2026-08-14 01:03:58,MalwareBazaar
SHA3-384,659ba25a57a1f239b68f1824873aa5b18837ae18a246f184ebae7fe99984fca51abee638b819764cb010246ed5e82ba5,71b04e2d36fef06e17baafe2fd1ace5534bfc466b15f10495bc310e50bec972a,unknown,71b04e2d36fef06e17baafe2fd1ace5534bfc466b15f10495bc310e50bec972a.exe,exe,2026-08-14 01:03:58,MalwareBazaar
IMPHASH,f09d582385da70dc67d54c7a1e8bee42,71b04e2d36fef06e17baafe2fd1ace5534bfc466b15f10495bc310e50bec972a,unknown,71b04e2d36fef06e17baafe2fd1ace5534bfc466b15f10495bc310e50bec972a.exe,exe,2026-08-14 01:03:58,MalwareBazaar
TLSH,T1BEF5331EBB3CB076DCDF2E3208929A6AA734F77405B5B08E209FE55F8693123527452D,71b04e2d36fef06e17baafe2fd1ace5534bfc466b15f10495bc310e50bec972a,unknown,71b04e2d36fef06e17baafe2fd1ace5534bfc466b15f10495bc310e50bec972a.exe,exe,2026-08-14 01:03:58,MalwareBazaar
SSDEEP,98304:hHHbrl9PBo3fP6oCp5E2TowN7BH0nU7JkQXiM2q:NlI3C5EMFBUn2kOV,71b04e2d36fef06e17baafe2fd1ace5534bfc466b15f10495bc310e50bec972a,unknown,71b04e2d36fef06e17baafe2fd1ace5534bfc466b15f10495bc310e50bec972a.exe,exe,2026-08-14 01:03:58,MalwareBazaar
MD5,96270f372db337520cc6538ef7426e96,9d435f7547926c1259d52301f8d95a28b0e39c0275a47d3b0e42cc81ef72e252,unknown,mpclient.dll,exe,2026-08-14 00:54:40,MalwareBazaar
SHA-1,8d67357e0995c58e24bffa1d7d0642e90ac45314,9d435f7547926c1259d52301f8d95a28b0e39c0275a47d3b0e42cc81ef72e252,unknown,mpclient.dll,exe,2026-08-14 00:54:40,MalwareBazaar
SHA-256,9d435f7547926c1259d52301f8d95a28b0e39c0275a47d3b0e42cc81ef72e252,9d435f7547926c1259d52301f8d95a28b0e39c0275a47d3b0e42cc81ef72e252,unknown,mpclient.dll,exe,2026-08-14 00:54:40,MalwareBazaar
SHA3-384,b31f671342f920f8dbf4b86991573e267956d2874df9a8947d2d91c31b30a8cda0f1c4688e4a2a9d28ea572ac9fe417b,9d435f7547926c1259d52301f8d95a28b0e39c0275a47d3b0e42cc81ef72e252,unknown,mpclient.dll,exe,2026-08-14 00:54:40,MalwareBazaar
IMPHASH,d8b31f8c03e0c76ff245ed05a15ffe6c,9d435f7547926c1259d52301f8d95a28b0e39c0275a47d3b0e42cc81ef72e252,unknown,mpclient.dll,exe,2026-08-14 00:54:40,MalwareBazaar
TLSH,T161A67B07BC917DA5C09DE23589A78257BBF07C68873223E31E51BAB82F72BD05975720,9d435f7547926c1259d52301f8d95a28b0e39c0275a47d3b0e42cc81ef72e252,unknown,mpclient.dll,exe,2026-08-14 00:54:40,MalwareBazaar
SSDEEP,98304:xeqj/VL0SuL6h4iYeEddZuKCIffowPB25Ly8e5gUsk8naB:xbL0SuL6+iYbdTrHfFPM5W8OfsN,9d435f7547926c1259d52301f8d95a28b0e39c0275a47d3b0e42cc81ef72e252,unknown,mpclient.dll,exe,2026-08-14 00:54:40,MalwareBazaar
MD5,1550b386b7db4d548a7683cb5064fe2b,e62e0e3e37a669e8716d4447754c6db580ca3e71316566c0e41da8bbb5a06ff4,unknown,Setup64x.exe,exe,2026-08-14 00:53:17,MalwareBazaar
SHA-1,5f2f73ecb220f34c11c14138d56739b3986b108c,e62e0e3e37a669e8716d4447754c6db580ca3e71316566c0e41da8bbb5a06ff4,unknown,Setup64x.exe,exe,2026-08-14 00:53:17,MalwareBazaar
SHA-256,e62e0e3e37a669e8716d4447754c6db580ca3e71316566c0e41da8bbb5a06ff4,e62e0e3e37a669e8716d4447754c6db580ca3e71316566c0e41da8bbb5a06ff4,unknown,Setup64x.exe,exe,2026-08-14 00:53:17,MalwareBazaar
SHA3-384,901de3070b98f62a6899ef4342ac099ba06b41c4d663024a81866c7c2c6b4aa8c0bbc0360e253f3b52a307a344c79a24,e62e0e3e37a669e8716d4447754c6db580ca3e71316566c0e41da8bbb5a06ff4,unknown,Setup64x.exe,exe,2026-08-14 00:53:17,MalwareBazaar
IMPHASH,d9d3f36aa6086dc2cbd4e40b5eb08a69,e62e0e3e37a669e8716d4447754c6db580ca3e71316566c0e41da8bbb5a06ff4,unknown,Setup64x.exe,exe,2026-08-14 00:53:17,MalwareBazaar
TLSH,T19F0723D37FE5D1D8C4824D34568A87DD21E1FA8A84EA5A1F32CB5C03B970EC74E099B6,e62e0e3e37a669e8716d4447754c6db580ca3e71316566c0e41da8bbb5a06ff4,unknown,Setup64x.exe,exe,2026-08-14 00:53:17,MalwareBazaar
SSDEEP,196608:M5s8E6lYCCmB3nZj6msXg7el7xCZXdticFLkkd4CLNcgAbLkx4uD77FarOREN4Ym:M5CCCmRZj2SeCFPicJ1dPqgJhx/RUw,e62e0e3e37a669e8716d4447754c6db580ca3e71316566c0e41da8bbb5a06ff4,unknown,Setup64x.exe,exe,2026-08-14 00:53:17,MalwareBazaar
ICON-DHASH,30f8ccc4cc69b254,e62e0e3e37a669e8716d4447754c6db580ca3e71316566c0e41da8bbb5a06ff4,unknown,Setup64x.exe,exe,2026-08-14 00:53:17,MalwareBazaar
MD5,2de6a8a1734dfd749aad7d2df10bffc5,141797edd588fb14901fb516ae21db77b6a265700fe6e2430143de5534b85988,unknown,composer.php,exe,2026-08-14 00:52:37,MalwareBazaar
SHA-1,54dc5fdd89548ba6caacf163e767995a7dfda81a,141797edd588fb14901fb516ae21db77b6a265700fe6e2430143de5534b85988,unknown,composer.php,exe,2026-08-14 00:52:37,MalwareBazaar
SHA-256,141797edd588fb14901fb516ae21db77b6a265700fe6e2430143de5534b85988,141797edd588fb14901fb516ae21db77b6a265700fe6e2430143de5534b85988,unknown,composer.php,exe,2026-08-14 00:52:37,MalwareBazaar
SHA3-384,3cb163436a02a536c6d140707b992ee23e413142c55f4c724e7f027c28c8e697143fc72d5bb73ba639c7daea203a0189,141797edd588fb14901fb516ae21db77b6a265700fe6e2430143de5534b85988,unknown,composer.php,exe,2026-08-14 00:52:37,MalwareBazaar
IMPHASH,cf72283be50852e418ce6bbb6b645835,141797edd588fb14901fb516ae21db77b6a265700fe6e2430143de5534b85988,unknown,composer.php,exe,2026-08-14 00:52:37,MalwareBazaar
TLSH,T1D8E6334C2AC041FDE573547CC9E51652D43CF8B94BB1CACBA7F8436AAE672E08D39612,141797edd588fb14901fb516ae21db77b6a265700fe6e2430143de5534b85988,unknown,composer.php,exe,2026-08-14 00:52:37,MalwareBazaar
SSDEEP,393216:FaTDJT3nlWfJc26cLcRZLBr31XMCHWUjlcuI3/PGTAI:FaHJLAc2fLwL1XMb8SH/O7,141797edd588fb14901fb516ae21db77b6a265700fe6e2430143de5534b85988,unknown,composer.php,exe,2026-08-14 00:52:37,MalwareBazaar
ICON-DHASH,fcf8f8f8f8f8e0c0,141797edd588fb14901fb516ae21db77b6a265700fe6e2430143de5534b85988,unknown,composer.php,exe,2026-08-14 00:52:37,MalwareBazaar
MD5,b3c1644367f6acd8443a96c08dc9defa,5db0ed2a28e28d60c056ea6bc7410d6d4d013847994096629b7bc0257f46ea0a,Mirai,pito.x86,elf,2026-08-14 00:39:05,MalwareBazaar
SHA-1,a4da677ea4a766a3dd9d75cc94c3110cc1529f89,5db0ed2a28e28d60c056ea6bc7410d6d4d013847994096629b7bc0257f46ea0a,Mirai,pito.x86,elf,2026-08-14 00:39:05,MalwareBazaar
SHA-256,5db0ed2a28e28d60c056ea6bc7410d6d4d013847994096629b7bc0257f46ea0a,5db0ed2a28e28d60c056ea6bc7410d6d4d013847994096629b7bc0257f46ea0a,Mirai,pito.x86,elf,2026-08-14 00:39:05,MalwareBazaar
SHA3-384,d212eb9aec63d6b5ed751512e85f703f357e149b04350530bf5edb473fea60eb8bcff53d249f4d90324cfe172fe14f82,5db0ed2a28e28d60c056ea6bc7410d6d4d013847994096629b7bc0257f46ea0a,Mirai,pito.x86,elf,2026-08-14 00:39:05,MalwareBazaar
TLSH,T12C634AC4EA83D8F1FD6706B51137E77B4772F43A002ACA4BDB64A932BC66901D61729C,5db0ed2a28e28d60c056ea6bc7410d6d4d013847994096629b7bc0257f46ea0a,Mirai,pito.x86,elf,2026-08-14 00:39:05,MalwareBazaar
TELFHASH,t10031fafb0dbd08e9b7f8a404c31e1f52296aa577156536b14473ddf422e7ac280b9c39,5db0ed2a28e28d60c056ea6bc7410d6d4d013847994096629b7bc0257f46ea0a,Mirai,pito.x86,elf,2026-08-14 00:39:05,MalwareBazaar
SSDEEP,1536:tpMHBUndfPoX7h9scHlKl2V52i3pn+CZjYyR4G6CAiLyX:tpISdfPotZHlfD2i3x+CZcE42c,5db0ed2a28e28d60c056ea6bc7410d6d4d013847994096629b7bc0257f46ea0a,Mirai,pito.x86,elf,2026-08-14 00:39:05,MalwareBazaar
MD5,f9ed5a2583115f7af300a2c676f5f407,0512cc0f9d328662bb5917ccb4bcd7ec1be9c343d621f49873dcef4400f4fd33,Mirai,pito.arm7,elf,2026-08-14 00:39:04,MalwareBazaar
SHA-1,4083b2d0b283f1c7caa1d7686bd7d29e5719954d,0512cc0f9d328662bb5917ccb4bcd7ec1be9c343d621f49873dcef4400f4fd33,Mirai,pito.arm7,elf,2026-08-14 00:39:04,MalwareBazaar
SHA-256,0512cc0f9d328662bb5917ccb4bcd7ec1be9c343d621f49873dcef4400f4fd33,0512cc0f9d328662bb5917ccb4bcd7ec1be9c343d621f49873dcef4400f4fd33,Mirai,pito.arm7,elf,2026-08-14 00:39:04,MalwareBazaar
SHA3-384,4965c0535ce337e68bca9a24222d47993de14d6989eef2840b79b920361a4ebb649b5575e1973e65efd9690b19fb06c4,0512cc0f9d328662bb5917ccb4bcd7ec1be9c343d621f49873dcef4400f4fd33,Mirai,pito.arm7,elf,2026-08-14 00:39:04,MalwareBazaar
TLSH,T1FAB3F946A9419F12D4D631FAFBAE414933536FB8E3FA7101DD206F6023869DB0EB7612,0512cc0f9d328662bb5917ccb4bcd7ec1be9c343d621f49873dcef4400f4fd33,Mirai,pito.arm7,elf,2026-08-14 00:39:04,MalwareBazaar
TELFHASH,t106e02012d75c11f863c6454c85ee771d6da4a5d3645d19812c9acc2fd393e50302c938,0512cc0f9d328662bb5917ccb4bcd7ec1be9c343d621f49873dcef4400f4fd33,Mirai,pito.arm7,elf,2026-08-14 00:39:04,MalwareBazaar
SSDEEP,3072:g0U1+xqVarix/u7p2va+FbR1TFCV7Pfj0g0wqmFaff:g0UTsrix/SAva+FbR18V7PR0ioff,0512cc0f9d328662bb5917ccb4bcd7ec1be9c343d621f49873dcef4400f4fd33,Mirai,pito.arm7,elf,2026-08-14 00:39:04,MalwareBazaar
MD5,60673886f744f83d3c7f77b6adc121c5,548c8cb9348494a5d07f978a7e37ecbe3976f657866a7467006ae0bfa99ec420,Mirai,pito.arm5,elf,2026-08-14 00:39:03,MalwareBazaar
SHA-1,f951f159fd0e6e92fd56ef7b0f575b9abcb8fbee,548c8cb9348494a5d07f978a7e37ecbe3976f657866a7467006ae0bfa99ec420,Mirai,pito.arm5,elf,2026-08-14 00:39:03,MalwareBazaar
SHA-256,548c8cb9348494a5d07f978a7e37ecbe3976f657866a7467006ae0bfa99ec420,548c8cb9348494a5d07f978a7e37ecbe3976f657866a7467006ae0bfa99ec420,Mirai,pito.arm5,elf,2026-08-14 00:39:03,MalwareBazaar
SHA3-384,9190f6494189740fe617f94a7fa12099627c70fea4c91a0cd565de75fdd151b855f759436a4f438933d0753fa06988ee,548c8cb9348494a5d07f978a7e37ecbe3976f657866a7467006ae0bfa99ec420,Mirai,pito.arm5,elf,2026-08-14 00:39:03,MalwareBazaar
TLSH,T11C732991B9829613C5D0127BFF6E428D772A13ACE3EE72039E256F20378785B0E77651,548c8cb9348494a5d07f978a7e37ecbe3976f657866a7467006ae0bfa99ec420,Mirai,pito.arm5,elf,2026-08-14 00:39:03,MalwareBazaar
TELFHASH,t12cf05ca6dd0c0ddc31d1125ce9b6333bd1757ca327793656476ad57d8812dd23435831,548c8cb9348494a5d07f978a7e37ecbe3976f657866a7467006ae0bfa99ec420,Mirai,pito.arm5,elf,2026-08-14 00:39:03,MalwareBazaar
SSDEEP,1536:NYgwmaGQNN55GvWzqIQWyyooVSbmASAQ8dMdwxSFFeDK:agwQXWzqSoo0bmAxs3p,548c8cb9348494a5d07f978a7e37ecbe3976f657866a7467006ae0bfa99ec420,Mirai,pito.arm5,elf,2026-08-14 00:39:03,MalwareBazaar
MD5,4a3fe90abcf1f61d71648af1cf1440ef,f0aa4e722f27d724c26411764680da2f6b61c17d6dc726dc0b8a700e9f620dcd,Mirai,pito.i486,elf,2026-08-14 00:39:01,MalwareBazaar
SHA-1,702a79522e21e132fe7ed1ee6ddc3a87b0e5fb62,f0aa4e722f27d724c26411764680da2f6b61c17d6dc726dc0b8a700e9f620dcd,Mirai,pito.i486,elf,2026-08-14 00:39:01,MalwareBazaar
SHA-256,f0aa4e722f27d724c26411764680da2f6b61c17d6dc726dc0b8a700e9f620dcd,f0aa4e722f27d724c26411764680da2f6b61c17d6dc726dc0b8a700e9f620dcd,Mirai,pito.i486,elf,2026-08-14 00:39:01,MalwareBazaar
SHA3-384,ac697e1e7b0ce85078f647c8d27fe789ef4325fa6ddf2a653af0f5b995826cc23649288e014c5a556cdf43e68282c13d,f0aa4e722f27d724c26411764680da2f6b61c17d6dc726dc0b8a700e9f620dcd,Mirai,pito.i486,elf,2026-08-14 00:39:01,MalwareBazaar
TLSH,T13D834B44F383F5F0E94605B0015BF37E9A35AE262024DD6BDBD4FA73AD31A42E15A21C,f0aa4e722f27d724c26411764680da2f6b61c17d6dc726dc0b8a700e9f620dcd,Mirai,pito.i486,elf,2026-08-14 00:39:01,MalwareBazaar
TELFHASH,t12d41f5bb1eea0cd877d01501e31f63611e6ef43b19507aa142b25c9427ebfc292a9c3d,f0aa4e722f27d724c26411764680da2f6b61c17d6dc726dc0b8a700e9f620dcd,Mirai,pito.i486,elf,2026-08-14 00:39:01,MalwareBazaar
SSDEEP,1536:TafHOVPOtn2N5Jiddh3NkAO9Ub310Ix7x/oIu9sDmHsrI:WwOd25ShdV6QutsKk,f0aa4e722f27d724c26411764680da2f6b61c17d6dc726dc0b8a700e9f620dcd,Mirai,pito.i486,elf,2026-08-14 00:39:01,MalwareBazaar
MD5,fb36891698fe2b39c01880d38d0cc2fb,c5c773ebcc22bb2557d39ac0c7a841f5029987b0b465738c3b3b047b576060f7,Mirai,pito.m68k,elf,2026-08-14 00:39:00,MalwareBazaar
SHA-1,2e644b2b3d1f41cfdd7d3b1999213bec5190f3ff,c5c773ebcc22bb2557d39ac0c7a841f5029987b0b465738c3b3b047b576060f7,Mirai,pito.m68k,elf,2026-08-14 00:39:00,MalwareBazaar
SHA-256,c5c773ebcc22bb2557d39ac0c7a841f5029987b0b465738c3b3b047b576060f7,c5c773ebcc22bb2557d39ac0c7a841f5029987b0b465738c3b3b047b576060f7,Mirai,pito.m68k,elf,2026-08-14 00:39:00,MalwareBazaar
SHA3-384,519da617b20fef9de57812853bd80ac7426087e9e3a5f58e370a7e0ad41d3af3a03b7064e64af2553840074127a6ed02,c5c773ebcc22bb2557d39ac0c7a841f5029987b0b465738c3b3b047b576060f7,Mirai,pito.m68k,elf,2026-08-14 00:39:00,MalwareBazaar
TLSH,T112934BD7F800DDBEF80EDB7B44570909B671B76106830F366357B967ED321A80A66E82,c5c773ebcc22bb2557d39ac0c7a841f5029987b0b465738c3b3b047b576060f7,Mirai,pito.m68k,elf,2026-08-14 00:39:00,MalwareBazaar
SSDEEP,1536:XIrBSmOvjZuSxwjgMLE1Mwc8Ft4p/L0G/fVDl3YnPBds90v2UY1Q:XIrMrZxIgMw1MwR46GvoU0v2/1Q,c5c773ebcc22bb2557d39ac0c7a841f5029987b0b465738c3b3b047b576060f7,Mirai,pito.m68k,elf,2026-08-14 00:39:00,MalwareBazaar
MD5,4b66fd4d0dbaf140c9f1aef62d86c09e,4a604b39bfe0e8d39f57b35cbe8c208cd70c6d5d8c55381121158932593b7870,Mirai,pito.mipsel,elf,2026-08-14 00:38:59,MalwareBazaar
SHA-1,d975423e8733feb8893a525a3dca1e1ee50488fe,4a604b39bfe0e8d39f57b35cbe8c208cd70c6d5d8c55381121158932593b7870,Mirai,pito.mipsel,elf,2026-08-14 00:38:59,MalwareBazaar
SHA-256,4a604b39bfe0e8d39f57b35cbe8c208cd70c6d5d8c55381121158932593b7870,4a604b39bfe0e8d39f57b35cbe8c208cd70c6d5d8c55381121158932593b7870,Mirai,pito.mipsel,elf,2026-08-14 00:38:59,MalwareBazaar
SHA3-384,da4fce575a35a0915d8c8cab14bce88cb5f2bc672e1cd0c1c51873ace9b5fa18ff9e9b7c4564834b34ae1732c3d3b3b5,4a604b39bfe0e8d39f57b35cbe8c208cd70c6d5d8c55381121158932593b7870,Mirai,pito.mipsel,elf,2026-08-14 00:38:59,MalwareBazaar
TLSH,T1F3B3F706AB600EFBDCAFDD374AE9170635CC651B22B96B363534D928F54B14B0AE3C64,4a604b39bfe0e8d39f57b35cbe8c208cd70c6d5d8c55381121158932593b7870,Mirai,pito.mipsel,elf,2026-08-14 00:38:59,MalwareBazaar
SSDEEP,1536:1AvUsMhoaFoGYzkfNZ/iu3OAQSe2InSOnEncQZPK48OZm/jFKGXeHkV1m:SvibFoGFfPVeNnLEncQ8n5V1m,4a604b39bfe0e8d39f57b35cbe8c208cd70c6d5d8c55381121158932593b7870,Mirai,pito.mipsel,elf,2026-08-14 00:38:59,MalwareBazaar
MD5,4b8edfca2797be6aa6a56f48d80bf29e,b1d28add138e87822668e24e78f67dab743c06d87fe4a9754f28e18ffc0031e1,Mirai,pito.ppc,elf,2026-08-14 00:38:58,MalwareBazaar
SHA-1,9759e4932eea390a941ccd3c239db99d0f6335a1,b1d28add138e87822668e24e78f67dab743c06d87fe4a9754f28e18ffc0031e1,Mirai,pito.ppc,elf,2026-08-14 00:38:58,MalwareBazaar
SHA-256,b1d28add138e87822668e24e78f67dab743c06d87fe4a9754f28e18ffc0031e1,b1d28add138e87822668e24e78f67dab743c06d87fe4a9754f28e18ffc0031e1,Mirai,pito.ppc,elf,2026-08-14 00:38:58,MalwareBazaar
SHA3-384,3e7b59b4008a5b683362051f0a3c56c8f193b24450ed8b9a1887328bd7700063ba2d65764d1680a680ecfb6aabbd51ae,b1d28add138e87822668e24e78f67dab743c06d87fe4a9754f28e18ffc0031e1,Mirai,pito.ppc,elf,2026-08-14 00:38:58,MalwareBazaar
TLSH,T117834C42731C0E47C17759B42A3F67E193EE6AA021F4F688355F978A9271E321186FCE,b1d28add138e87822668e24e78f67dab743c06d87fe4a9754f28e18ffc0031e1,Mirai,pito.ppc,elf,2026-08-14 00:38:58,MalwareBazaar
SSDEEP,1536:qLAbwJVJuUcov4OxcQa7Ee8SG5qSBUmJP9n2c0DGR4ohkd:qxSodrj4hmSczGd,b1d28add138e87822668e24e78f67dab743c06d87fe4a9754f28e18ffc0031e1,Mirai,pito.ppc,elf,2026-08-14 00:38:58,MalwareBazaar
MD5,18315824243862519c139bbcfdd018d5,42320cd1431f7301e6b00c0d30a3caa43622b734b7f5c3787222f76ad05b3c84,Mirai,pito.sparc,elf,2026-08-14 00:38:57,MalwareBazaar
SHA-1,79acea6e665e9e1cec30c9af6ae8e54e5b1570ad,42320cd1431f7301e6b00c0d30a3caa43622b734b7f5c3787222f76ad05b3c84,Mirai,pito.sparc,elf,2026-08-14 00:38:57,MalwareBazaar
SHA-256,42320cd1431f7301e6b00c0d30a3caa43622b734b7f5c3787222f76ad05b3c84,42320cd1431f7301e6b00c0d30a3caa43622b734b7f5c3787222f76ad05b3c84,Mirai,pito.sparc,elf,2026-08-14 00:38:57,MalwareBazaar
SHA3-384,4b81efbec442ba1eaf1cb1c0f3fe2a056a959f53836bddc7a5c4d246bb938d32a21118f5c1558f924acd1b8da80b5aff,42320cd1431f7301e6b00c0d30a3caa43622b734b7f5c3787222f76ad05b3c84,Mirai,pito.sparc,elf,2026-08-14 00:38:57,MalwareBazaar
TLSH,T115833A3279750D2BC4C4A87A62F70725F2F3479A24ECCA1E3D610E8DBF64640265B6F9,42320cd1431f7301e6b00c0d30a3caa43622b734b7f5c3787222f76ad05b3c84,Mirai,pito.sparc,elf,2026-08-14 00:38:57,MalwareBazaar
SSDEEP,1536:BUS/TVfxweU6r/TcVd44iBRitEmNWq5MfEQxFttLE:HNvOd08WmNlnEE,42320cd1431f7301e6b00c0d30a3caa43622b734b7f5c3787222f76ad05b3c84,Mirai,pito.sparc,elf,2026-08-14 00:38:57,MalwareBazaar
MD5,2515a20bd6b3f82863b941529b2f2537,a129b617f2909c5727aff206e4c10e6fba8a3243441ff9d5bcb45ff9712b911e,Mirai,pito.sh4,elf,2026-08-14 00:38:55,MalwareBazaar
SHA-1,d7fcbf2d64bd8e93fbb2c460546c61f423edad3d,a129b617f2909c5727aff206e4c10e6fba8a3243441ff9d5bcb45ff9712b911e,Mirai,pito.sh4,elf,2026-08-14 00:38:55,MalwareBazaar
SHA-256,a129b617f2909c5727aff206e4c10e6fba8a3243441ff9d5bcb45ff9712b911e,a129b617f2909c5727aff206e4c10e6fba8a3243441ff9d5bcb45ff9712b911e,Mirai,pito.sh4,elf,2026-08-14 00:38:55,MalwareBazaar
SHA3-384,5373feaf3ef4e4da69fc7f2fc4ead37f993c2d57cd4fb12147da864db36098febe16f5ddef3f7df34d52c95a6239037e,a129b617f2909c5727aff206e4c10e6fba8a3243441ff9d5bcb45ff9712b911e,Mirai,pito.sh4,elf,2026-08-14 00:38:55,MalwareBazaar
TLSH,T1E4638E73E92AAD58D1948970F4B58FB82F63A5108A5B1FFA0A95C175D043EECF2053F8,a129b617f2909c5727aff206e4c10e6fba8a3243441ff9d5bcb45ff9712b911e,Mirai,pito.sh4,elf,2026-08-14 00:38:55,MalwareBazaar
SSDEEP,1536:pWwtuOBFcrSefg/jhiPDvLK32ZU73MXFnDCFanlMS7:pWaB6rSq0gu3vAXFnDVnKW,a129b617f2909c5727aff206e4c10e6fba8a3243441ff9d5bcb45ff9712b911e,Mirai,pito.sh4,elf,2026-08-14 00:38:55,MalwareBazaar
MD5,2aa4eaf6e31177ea27d5f531914ea07d,543af251df940d4a853172e954152839eee260ec15d5164c88ffed40aa5c2c63,Mirai,pito.arm6,elf,2026-08-14 00:38:54,MalwareBazaar
SHA-1,23d0482a530872f0354741609c952fb35b6288d9,543af251df940d4a853172e954152839eee260ec15d5164c88ffed40aa5c2c63,Mirai,pito.arm6,elf,2026-08-14 00:38:54,MalwareBazaar
SHA-256,543af251df940d4a853172e954152839eee260ec15d5164c88ffed40aa5c2c63,543af251df940d4a853172e954152839eee260ec15d5164c88ffed40aa5c2c63,Mirai,pito.arm6,elf,2026-08-14 00:38:54,MalwareBazaar
SHA3-384,43f90714ebc4bbbe104273409749dbae0fabfa87616d2210f39cbc294830fd464468485b422c3597691e458d1ee0fd15,543af251df940d4a853172e954152839eee260ec15d5164c88ffed40aa5c2c63,Mirai,pito.arm6,elf,2026-08-14 00:38:54,MalwareBazaar
TLSH,T148932996B8824B11C5C512BFFE2E118E3313177CE3DE73129D246F24678A96B0E7B916,543af251df940d4a853172e954152839eee260ec15d5164c88ffed40aa5c2c63,Mirai,pito.arm6,elf,2026-08-14 00:38:54,MalwareBazaar
TELFHASH,t165e026c38b5819e8cbd2846a9c393309785634e17a293d976ddacfcfc6534903511638,543af251df940d4a853172e954152839eee260ec15d5164c88ffed40aa5c2c63,Mirai,pito.arm6,elf,2026-08-14 00:38:54,MalwareBazaar
SSDEEP,1536:NjknpsG0wT6Fepl3EVcBRvXKPGKYC/1VBa5coanatQRiyOYf55iOR5oot7WxM:NPyTrpqVcBxKPGK31VBa5SOYf5UOR5oX,543af251df940d4a853172e954152839eee260ec15d5164c88ffed40aa5c2c63,Mirai,pito.arm6,elf,2026-08-14 00:38:54,MalwareBazaar
MD5,c9b73f03f37dc1f1c94b4608340866ae,7ac68d8967ad6c5ed092e2d3480187f3c29a36fd65d8b71ba6a5768809824a8b,Mirai,pito.mips,elf,2026-08-14 00:38:53,MalwareBazaar
SHA-1,b3c78171fd6c79fe1730c9ed77a76ed3419f7133,7ac68d8967ad6c5ed092e2d3480187f3c29a36fd65d8b71ba6a5768809824a8b,Mirai,pito.mips,elf,2026-08-14 00:38:53,MalwareBazaar
SHA-256,7ac68d8967ad6c5ed092e2d3480187f3c29a36fd65d8b71ba6a5768809824a8b,7ac68d8967ad6c5ed092e2d3480187f3c29a36fd65d8b71ba6a5768809824a8b,Mirai,pito.mips,elf,2026-08-14 00:38:53,MalwareBazaar
SHA3-384,d428538eaa649c29652aebc910adbaa4893e66315a9457cb713187a6271ef1e7f408f3e859794726f0a86030f9d0e4cd,7ac68d8967ad6c5ed092e2d3480187f3c29a36fd65d8b71ba6a5768809824a8b,Mirai,pito.mips,elf,2026-08-14 00:38:53,MalwareBazaar
TLSH,T186B3D95E6E628FBDF768C33447B78E21A39C33C626E1D685D16CD6005E6028E541FFA8,7ac68d8967ad6c5ed092e2d3480187f3c29a36fd65d8b71ba6a5768809824a8b,Mirai,pito.mips,elf,2026-08-14 00:38:53,MalwareBazaar
TELFHASH,t19721812c4a7423d067352c9d199dff7bd6a130ef66215c374e1168aaab7dc825f20c0c,7ac68d8967ad6c5ed092e2d3480187f3c29a36fd65d8b71ba6a5768809824a8b,Mirai,pito.mips,elf,2026-08-14 00:38:53,MalwareBazaar
SSDEEP,1536:kCYw1r/F9jP18HosNtlXwbjrNcIqkpnNyD80IXejtFXLRzw:kQ1r/FBP1871wbjOIqkC1IsLRzw,7ac68d8967ad6c5ed092e2d3480187f3c29a36fd65d8b71ba6a5768809824a8b,Mirai,pito.mips,elf,2026-08-14 00:38:53,MalwareBazaar
MD5,15d03c3d0f47e05ff8f6a204afb2ae5e,6285498d05dd12dff276b0d60430b727448d6b79224015cb3674c179d70200a2,Mirai,pito.arm4,elf,2026-08-14 00:38:51,MalwareBazaar
SHA-1,24796465a581b2cbfd397c544e9024ca5c942dc0,6285498d05dd12dff276b0d60430b727448d6b79224015cb3674c179d70200a2,Mirai,pito.arm4,elf,2026-08-14 00:38:51,MalwareBazaar
SHA-256,6285498d05dd12dff276b0d60430b727448d6b79224015cb3674c179d70200a2,6285498d05dd12dff276b0d60430b727448d6b79224015cb3674c179d70200a2,Mirai,pito.arm4,elf,2026-08-14 00:38:51,MalwareBazaar
SHA3-384,cb38c3bf14f1cc480594dd69c57a82ec1ea7b2d270bdec7a30bec03bf00ffebf0892631f72718beeec0b99ce260a1dda,6285498d05dd12dff276b0d60430b727448d6b79224015cb3674c179d70200a2,Mirai,pito.arm4,elf,2026-08-14 00:38:51,MalwareBazaar
TLSH,T160832A81B8825613C6C012BBFB6E428D772717A8E3EF72079D266F21378785B0E77651,6285498d05dd12dff276b0d60430b727448d6b79224015cb3674c179d70200a2,Mirai,pito.arm4,elf,2026-08-14 00:38:51,MalwareBazaar
TELFHASH,t18cf05cdbcc7c3cec33ca0549512ea310295575b0623439562f6e898f0013ce7b032536,6285498d05dd12dff276b0d60430b727448d6b79224015cb3674c179d70200a2,Mirai,pito.arm4,elf,2026-08-14 00:38:51,MalwareBazaar
SSDEEP,1536:hKhM5ixXmeyb4fl4k34V+PVvP5sDcggQrvHbhFRQi:hKhN9flVs+PtPWDcghP,6285498d05dd12dff276b0d60430b727448d6b79224015cb3674c179d70200a2,Mirai,pito.arm4,elf,2026-08-14 00:38:51,MalwareBazaar
MD5,6c6c8148e4ec39084a1e04e49e18bb0e,4258b8449e1da87af25f94640a86e9c982c00c33cd82e1d806582c49790e7760,Mirai,pito.ppc440,elf,2026-08-14 00:38:50,MalwareBazaar
SHA-1,960ff157832e707e97bd629d447377934b5a32ba,4258b8449e1da87af25f94640a86e9c982c00c33cd82e1d806582c49790e7760,Mirai,pito.ppc440,elf,2026-08-14 00:38:50,MalwareBazaar
SHA-256,4258b8449e1da87af25f94640a86e9c982c00c33cd82e1d806582c49790e7760,4258b8449e1da87af25f94640a86e9c982c00c33cd82e1d806582c49790e7760,Mirai,pito.ppc440,elf,2026-08-14 00:38:50,MalwareBazaar
SHA3-384,9e9739ec7aa875f9ffdbf160685c7fb478bd255c7153b6ef7030ee0401df6dac52086665abb4b3c3ef2696bcea6c8867,4258b8449e1da87af25f94640a86e9c982c00c33cd82e1d806582c49790e7760,Mirai,pito.ppc440,elf,2026-08-14 00:38:50,MalwareBazaar
TLSH,T16C835D43730C0A47D5670DB4263B57F183EA6AA121F8F689350E9F4A9671E328197FCE,4258b8449e1da87af25f94640a86e9c982c00c33cd82e1d806582c49790e7760,Mirai,pito.ppc440,elf,2026-08-14 00:38:50,MalwareBazaar
SSDEEP,1536:5LVI2K06TNIYH4m69kHPlWHwxkCervFUqo9c9qdJc/7nrhtGfGPK:5F8qYYDkdDbeX9qdJorMCK,4258b8449e1da87af25f94640a86e9c982c00c33cd82e1d806582c49790e7760,Mirai,pito.ppc440,elf,2026-08-14 00:38:50,MalwareBazaar
MD5,216523d2c90397ba2a2035a868353457,979ecedbf94eca29beecfedc5fccfd78d7ba469e23ce36e15fafa29e96cfdcc5,unknown,dp.sh,sh,2026-08-14 00:38:49,MalwareBazaar
SHA-1,43db05de3e8f348dc429438fe10ea7458bae3c4b,979ecedbf94eca29beecfedc5fccfd78d7ba469e23ce36e15fafa29e96cfdcc5,unknown,dp.sh,sh,2026-08-14 00:38:49,MalwareBazaar
SHA-256,979ecedbf94eca29beecfedc5fccfd78d7ba469e23ce36e15fafa29e96cfdcc5,979ecedbf94eca29beecfedc5fccfd78d7ba469e23ce36e15fafa29e96cfdcc5,unknown,dp.sh,sh,2026-08-14 00:38:49,MalwareBazaar
SHA3-384,b5efff1eb4f46fe439e78c89fe9b7a32d0d86a144fcc1a65cb83807c486d03a462bc0ea38dbfee8d7cc2e89da7431341,979ecedbf94eca29beecfedc5fccfd78d7ba469e23ce36e15fafa29e96cfdcc5,unknown,dp.sh,sh,2026-08-14 00:38:49,MalwareBazaar
TLSH,T1FB1132CD60695237C1FC9E1035AA8AC8D714939AD0FCC718F8DCBF21D9D694930D6E8A,979ecedbf94eca29beecfedc5fccfd78d7ba469e23ce36e15fafa29e96cfdcc5,unknown,dp.sh,sh,2026-08-14 00:38:49,MalwareBazaar
SSDEEP,24:OGcGoGmMWGwlGgG5YGoGjYnHGjPNPWGjP0PR1GUlGo1G4G+7G/:Oj3DMWrP4YXn6NW6+R1tlf7LQ,979ecedbf94eca29beecfedc5fccfd78d7ba469e23ce36e15fafa29e96cfdcc5,unknown,dp.sh,sh,2026-08-14 00:38:49,MalwareBazaar
MD5,679d60d8055316b7d52d67343305a632,f49d4278471bf51500ebcf425c6289769377dc061d87bd62903fd4ff8030926d,Mirai,pito.x64,elf,2026-08-14 00:38:48,MalwareBazaar
SHA-1,120af1b234713e0725b0dfcbd71531375c20da83,f49d4278471bf51500ebcf425c6289769377dc061d87bd62903fd4ff8030926d,Mirai,pito.x64,elf,2026-08-14 00:38:48,MalwareBazaar
SHA-256,f49d4278471bf51500ebcf425c6289769377dc061d87bd62903fd4ff8030926d,f49d4278471bf51500ebcf425c6289769377dc061d87bd62903fd4ff8030926d,Mirai,pito.x64,elf,2026-08-14 00:38:48,MalwareBazaar
SHA3-384,b8b4244e90e26fe6d3d9697544a9ecaf743278d6a342fab3f64c6d9c1b49cbd23c58daeb6af433ef2497129eecb4c6f9,f49d4278471bf51500ebcf425c6289769377dc061d87bd62903fd4ff8030926d,Mirai,pito.x64,elf,2026-08-14 00:38:48,MalwareBazaar
TLSH,T19C735B03B5C190FCC589C178176EB23AD973747E0239B2AA63D0FB277E89E215E1E600,f49d4278471bf51500ebcf425c6289769377dc061d87bd62903fd4ff8030926d,Mirai,pito.x64,elf,2026-08-14 00:38:48,MalwareBazaar
TELFHASH,t1833137753da619a0a0fbf6767353e1a408301b6511e170e2e877a8e7de613c61c7a437,f49d4278471bf51500ebcf425c6289769377dc061d87bd62903fd4ff8030926d,Mirai,pito.x64,elf,2026-08-14 00:38:48,MalwareBazaar
SSDEEP,1536:hVWVomSMzMFZqu9bgwZYKXUSOsREkrVbb00+6RgB1k12B3+bRQjyd3Gck39:uVjJzMSIRZzXcsREGbb00+31k12B3SQn,f49d4278471bf51500ebcf425c6289769377dc061d87bd62903fd4ff8030926d,Mirai,pito.x64,elf,2026-08-14 00:38:48,MalwareBazaar
MD5,f7f1dc09f6a672aca0c9b4e7248a1bde,38e726afc0cefc86fa655c2ab69b3104356d0670f3a74f6dd53ba552b1b7a725,Mirai,pito.i686,elf,2026-08-14 00:38:46,MalwareBazaar
SHA-1,c4cfca6488d0a914a6a549ce53331ee4160b4484,38e726afc0cefc86fa655c2ab69b3104356d0670f3a74f6dd53ba552b1b7a725,Mirai,pito.i686,elf,2026-08-14 00:38:46,MalwareBazaar
SHA-256,38e726afc0cefc86fa655c2ab69b3104356d0670f3a74f6dd53ba552b1b7a725,38e726afc0cefc86fa655c2ab69b3104356d0670f3a74f6dd53ba552b1b7a725,Mirai,pito.i686,elf,2026-08-14 00:38:46,MalwareBazaar
SHA3-384,fef20594c419dc94a4c894463aee215e39a6a64e7ba07cb4236b7a641386b4715fbe103471a6ed7df4538208b482dd89,38e726afc0cefc86fa655c2ab69b3104356d0670f3a74f6dd53ba552b1b7a725,Mirai,pito.i686,elf,2026-08-14 00:38:46,MalwareBazaar
TLSH,T1F2733A81F68BC4F5E85748744037F33F8B32EA298071C66EDF69AE36CA63642911725C,38e726afc0cefc86fa655c2ab69b3104356d0670f3a74f6dd53ba552b1b7a725,Mirai,pito.i686,elf,2026-08-14 00:38:46,MalwareBazaar
TELFHASH,t12f31dafa1a7e4dedbbc4a444c30d9fd22d5ed77b192072a245224821239fd81907ec39,38e726afc0cefc86fa655c2ab69b3104356d0670f3a74f6dd53ba552b1b7a725,Mirai,pito.i686,elf,2026-08-14 00:38:46,MalwareBazaar
SSDEEP,1536:beRiDIILdIijxxSR5QbRLqQAeWtaMueVzCShiJaGaCHTx+sS:beRiMILCi+R5QbRLqQCEM/VuOiJXa2/S,38e726afc0cefc86fa655c2ab69b3104356d0670f3a74f6dd53ba552b1b7a725,Mirai,pito.i686,elf,2026-08-14 00:38:46,MalwareBazaar
MD5,10920d370c0ceefc37f60a8bedd84f52,b5a490d6e02e7f69573ad2e815ba4d5512600e01d3c2b3654ea8b42defcc1d89,unknown,Extracted_Certificates.exe,exe,2026-08-14 00:30:43,MalwareBazaar
SHA-1,057a55fe9fc6a14cae136face689521787b2780d,b5a490d6e02e7f69573ad2e815ba4d5512600e01d3c2b3654ea8b42defcc1d89,unknown,Extracted_Certificates.exe,exe,2026-08-14 00:30:43,MalwareBazaar
SHA-256,b5a490d6e02e7f69573ad2e815ba4d5512600e01d3c2b3654ea8b42defcc1d89,b5a490d6e02e7f69573ad2e815ba4d5512600e01d3c2b3654ea8b42defcc1d89,unknown,Extracted_Certificates.exe,exe,2026-08-14 00:30:43,MalwareBazaar
SHA3-384,bae202fd8b3fe694d171af7786a4783f9f2f2f8fc6333da99304ed1ed3548020dd8f578743854008cb6a8ede8b72daeb,b5a490d6e02e7f69573ad2e815ba4d5512600e01d3c2b3654ea8b42defcc1d89,unknown,Extracted_Certificates.exe,exe,2026-08-14 00:30:43,MalwareBazaar
IMPHASH,c5afd6d556425273741b60c59dffda7f,b5a490d6e02e7f69573ad2e815ba4d5512600e01d3c2b3654ea8b42defcc1d89,unknown,Extracted_Certificates.exe,exe,2026-08-14 00:30:43,MalwareBazaar
TLSH,T1DAF7335E39181AE3C96D0EB78700A04E37B9D0A847FAFD5BAA125737188A7744CE4D3D,b5a490d6e02e7f69573ad2e815ba4d5512600e01d3c2b3654ea8b42defcc1d89,unknown,Extracted_Certificates.exe,exe,2026-08-14 00:30:43,MalwareBazaar
SSDEEP,1572864:PuZUj4fYrGulsxS2h70Dx+QN+KsPLen6DEsYzwBkN:WmqQsxS2renbN,b5a490d6e02e7f69573ad2e815ba4d5512600e01d3c2b3654ea8b42defcc1d89,unknown,Extracted_Certificates.exe,exe,2026-08-14 00:30:43,MalwareBazaar
ICON-DHASH,6969794464647c5c,b5a490d6e02e7f69573ad2e815ba4d5512600e01d3c2b3654ea8b42defcc1d89,unknown,Extracted_Certificates.exe,exe,2026-08-14 00:30:43,MalwareBazaar
MD5,e2cbd2f29db7000f15c1ace65036f9ec,96641c2e9be0fbb4b59ef0e18755d795570b0125f9b0ea45d321d9d3380b32a8,unknown,Setup.exe,exe,2026-08-14 00:25:28,MalwareBazaar
SHA-1,27a8cd3dcce1e94b6d5ba20b1d7ef35317117d2d,96641c2e9be0fbb4b59ef0e18755d795570b0125f9b0ea45d321d9d3380b32a8,unknown,Setup.exe,exe,2026-08-14 00:25:28,MalwareBazaar
SHA-256,96641c2e9be0fbb4b59ef0e18755d795570b0125f9b0ea45d321d9d3380b32a8,96641c2e9be0fbb4b59ef0e18755d795570b0125f9b0ea45d321d9d3380b32a8,unknown,Setup.exe,exe,2026-08-14 00:25:28,MalwareBazaar
SHA3-384,5d00eb7060e06bd904366bb8e2ae17fd3274a9ed3a6857c2545302e3c10487d37c98fef515d058a7184291048e0ea44b,96641c2e9be0fbb4b59ef0e18755d795570b0125f9b0ea45d321d9d3380b32a8,unknown,Setup.exe,exe,2026-08-14 00:25:28,MalwareBazaar
IMPHASH,d42595b695fc008ef2c56aabd8efd68e,96641c2e9be0fbb4b59ef0e18755d795570b0125f9b0ea45d321d9d3380b32a8,unknown,Setup.exe,exe,2026-08-14 00:25:28,MalwareBazaar
TLSH,T1D2C55A077C9044F9C09A673685B79A52BB35B84C8B3633DB2EE0A6782F763D14D79B04,96641c2e9be0fbb4b59ef0e18755d795570b0125f9b0ea45d321d9d3380b32a8,unknown,Setup.exe,exe,2026-08-14 00:25:28,MalwareBazaar
SSDEEP,49152:8t5kTGIjdKLOgDAyp7sDuwngHS5DOHLbhSDI5F6:8Dk/q5ZX6,96641c2e9be0fbb4b59ef0e18755d795570b0125f9b0ea45d321d9d3380b32a8,unknown,Setup.exe,exe,2026-08-14 00:25:28,MalwareBazaar
MD5,98798668351abdf6529a63b4c79add8a,a23626d45696bfbae0c7c188a492409ec29ca1acef48dfd828d0264a76a4f52a,Vidar,a23626d45696bfbae0c7c188a492409ec29ca1acef48dfd828d0264a76a4f52a.bin,exe,2026-08-14 00:22:16,MalwareBazaar
SHA-1,c3a84313319da494b27e56510f8968e283549be1,a23626d45696bfbae0c7c188a492409ec29ca1acef48dfd828d0264a76a4f52a,Vidar,a23626d45696bfbae0c7c188a492409ec29ca1acef48dfd828d0264a76a4f52a.bin,exe,2026-08-14 00:22:16,MalwareBazaar
SHA-256,a23626d45696bfbae0c7c188a492409ec29ca1acef48dfd828d0264a76a4f52a,a23626d45696bfbae0c7c188a492409ec29ca1acef48dfd828d0264a76a4f52a,Vidar,a23626d45696bfbae0c7c188a492409ec29ca1acef48dfd828d0264a76a4f52a.bin,exe,2026-08-14 00:22:16,MalwareBazaar
SHA3-384,cac4efca72a90c0e131c4aa4004375ee9d0ac41c773ec85123548a39049333789641247d68b0ac07bd0edd3e74d2fe03,a23626d45696bfbae0c7c188a492409ec29ca1acef48dfd828d0264a76a4f52a,Vidar,a23626d45696bfbae0c7c188a492409ec29ca1acef48dfd828d0264a76a4f52a.bin,exe,2026-08-14 00:22:16,MalwareBazaar
IMPHASH,d42595b695fc008ef2c56aabd8efd68e,a23626d45696bfbae0c7c188a492409ec29ca1acef48dfd828d0264a76a4f52a,Vidar,a23626d45696bfbae0c7c188a492409ec29ca1acef48dfd828d0264a76a4f52a.bin,exe,2026-08-14 00:22:16,MalwareBazaar
TLSH,T1EB268C13ADA548F9C0A6E335C8B7514ABA30B84C5B3427D32E90EE782FB23D15E36755,a23626d45696bfbae0c7c188a492409ec29ca1acef48dfd828d0264a76a4f52a,Vidar,a23626d45696bfbae0c7c188a492409ec29ca1acef48dfd828d0264a76a4f52a.bin,exe,2026-08-14 00:22:16,MalwareBazaar
SSDEEP,49152:qEf7sjiJw1RwBr97A4AYg8a1wkiugrzJDku2nD4hpTDOlT4LVUqchxgHN47SoSqO:qUP528afMob4XiqLVUqchxgHhUC,a23626d45696bfbae0c7c188a492409ec29ca1acef48dfd828d0264a76a4f52a,Vidar,a23626d45696bfbae0c7c188a492409ec29ca1acef48dfd828d0264a76a4f52a.bin,exe,2026-08-14 00:22:16,MalwareBazaar
MD5,80fcd518e84ae7b9334785e62569b3c4,e0f43e3074c9f695190c457dd978d6b703b35256d2562c164f32e5559bfeed1d,unknown,e0f43e3074c9f695190c457dd978d6b703b35256d2562c164f32e5559bfeed1d.bin,zip,2026-08-14 00:09:34,MalwareBazaar
SHA-1,25343eb0395c83068602151b2bf1fc8345655773,e0f43e3074c9f695190c457dd978d6b703b35256d2562c164f32e5559bfeed1d,unknown,e0f43e3074c9f695190c457dd978d6b703b35256d2562c164f32e5559bfeed1d.bin,zip,2026-08-14 00:09:34,MalwareBazaar
SHA-256,e0f43e3074c9f695190c457dd978d6b703b35256d2562c164f32e5559bfeed1d,e0f43e3074c9f695190c457dd978d6b703b35256d2562c164f32e5559bfeed1d,unknown,e0f43e3074c9f695190c457dd978d6b703b35256d2562c164f32e5559bfeed1d.bin,zip,2026-08-14 00:09:34,MalwareBazaar
SHA3-384,57e0e31278e900348348d4b43e585038c952379bec2efb984ed7107518c69d5630dff7855accc328ea347bb56bc30752,e0f43e3074c9f695190c457dd978d6b703b35256d2562c164f32e5559bfeed1d,unknown,e0f43e3074c9f695190c457dd978d6b703b35256d2562c164f32e5559bfeed1d.bin,zip,2026-08-14 00:09:34,MalwareBazaar
TLSH,T1B60633E4E233EA83EE98007EB3766D622D5C72BE0818A306367395D44C49735159F9BF,e0f43e3074c9f695190c457dd978d6b703b35256d2562c164f32e5559bfeed1d,unknown,e0f43e3074c9f695190c457dd978d6b703b35256d2562c164f32e5559bfeed1d.bin,zip,2026-08-14 00:09:34,MalwareBazaar
SSDEEP,49152:llezEKiv/eyQVQi2uMaU5pF7yzBfD6WMxTBM8UfYC2H2dSHhigix:llS67WQi26cp5yzBL6TxTBLUAlavB,e0f43e3074c9f695190c457dd978d6b703b35256d2562c164f32e5559bfeed1d,unknown,e0f43e3074c9f695190c457dd978d6b703b35256d2562c164f32e5559bfeed1d.bin,zip,2026-08-14 00:09:34,MalwareBazaar
MD5,cda93a5f40c83f4663cb70c69a238afd,76083829cbb65dd4739125300a772c8de357f2339daf98a8d5c2efa83aad7733,unknown,recuva_professional__technician_(2026)_full_español_[mega].7z,7z,2026-08-14 00:07:54,MalwareBazaar
SHA-1,89c86b5124b5f43146f8bbae3836cf41fce9f914,76083829cbb65dd4739125300a772c8de357f2339daf98a8d5c2efa83aad7733,unknown,recuva_professional__technician_(2026)_full_español_[mega].7z,7z,2026-08-14 00:07:54,MalwareBazaar
SHA-256,76083829cbb65dd4739125300a772c8de357f2339daf98a8d5c2efa83aad7733,76083829cbb65dd4739125300a772c8de357f2339daf98a8d5c2efa83aad7733,unknown,recuva_professional__technician_(2026)_full_español_[mega].7z,7z,2026-08-14 00:07:54,MalwareBazaar
SHA3-384,71c0c9b53416884e185cf3703dc90a2d9d8d598191e487c8d72c6f9c8e3895ecd61a9e11dd23a5dac7fadc2ef64fc483,76083829cbb65dd4739125300a772c8de357f2339daf98a8d5c2efa83aad7733,unknown,recuva_professional__technician_(2026)_full_español_[mega].7z,7z,2026-08-14 00:07:54,MalwareBazaar
TLSH,T10A063388444F45F1ADAF00DBCD9CBBF52CB359483A6A65E45689300F02D06F1DBAAF63,76083829cbb65dd4739125300a772c8de357f2339daf98a8d5c2efa83aad7733,unknown,recuva_professional__technician_(2026)_full_español_[mega].7z,7z,2026-08-14 00:07:54,MalwareBazaar
SSDEEP,98304:hGuvjNR1RumUkKSpbutBT1TnLFrW2LnpuTp0:hGuKm7KSpbutR1LLFr6Tp0,76083829cbb65dd4739125300a772c8de357f2339daf98a8d5c2efa83aad7733,unknown,recuva_professional__technician_(2026)_full_español_[mega].7z,7z,2026-08-14 00:07:54,MalwareBazaar
MD5,00ae1f94614efb0f7a71abb71479e4ad,5fd66b453a25310b0dad14c68e8bfa27378c850357924f44a1097a199f035a81,unknown,cx-programmer 9.1 free download full.7z,7z,2026-08-14 00:06:47,MalwareBazaar
SHA-1,af536b2e6e363c318ed20c2c7d6224bc30c5c8e0,5fd66b453a25310b0dad14c68e8bfa27378c850357924f44a1097a199f035a81,unknown,cx-programmer 9.1 free download full.7z,7z,2026-08-14 00:06:47,MalwareBazaar
SHA-256,5fd66b453a25310b0dad14c68e8bfa27378c850357924f44a1097a199f035a81,5fd66b453a25310b0dad14c68e8bfa27378c850357924f44a1097a199f035a81,unknown,cx-programmer 9.1 free download full.7z,7z,2026-08-14 00:06:47,MalwareBazaar
SHA3-384,bcf773195f64757298be4ce3896cfbbb9bbbb6d417a72b988f053b44f33e0f46acafd871fb39ecd263ebe93705b435cb,5fd66b453a25310b0dad14c68e8bfa27378c850357924f44a1097a199f035a81,unknown,cx-programmer 9.1 free download full.7z,7z,2026-08-14 00:06:47,MalwareBazaar
TLSH,T1890733304E70EF4A994BC226534D97B2B6B035DA1D2D37F2081935BB642C5B986BFE43,5fd66b453a25310b0dad14c68e8bfa27378c850357924f44a1097a199f035a81,unknown,cx-programmer 9.1 free download full.7z,7z,2026-08-14 00:06:47,MalwareBazaar
SSDEEP,393216:amXm/M/8S3AIOHmu8vdVd0+E/lFOKspc9TRIskvspsF/lp:XXa88IAjmu8RNE/lFOKsp2TeskvsE,5fd66b453a25310b0dad14c68e8bfa27378c850357924f44a1097a199f035a81,unknown,cx-programmer 9.1 free download full.7z,7z,2026-08-14 00:06:47,MalwareBazaar
MD5,38599a2684d31372e26bfc83deb1e4ef,0e1ce7d8e2c69cf2e00f93eb20b8dc0fb02c198214a4df44e61865a47e116153,unknown,Setup.exe,exe,2026-08-14 00:04:56,MalwareBazaar
SHA-1,674772caa0b40edf3b9680f831ac60885183492a,0e1ce7d8e2c69cf2e00f93eb20b8dc0fb02c198214a4df44e61865a47e116153,unknown,Setup.exe,exe,2026-08-14 00:04:56,MalwareBazaar
SHA-256,0e1ce7d8e2c69cf2e00f93eb20b8dc0fb02c198214a4df44e61865a47e116153,0e1ce7d8e2c69cf2e00f93eb20b8dc0fb02c198214a4df44e61865a47e116153,unknown,Setup.exe,exe,2026-08-14 00:04:56,MalwareBazaar
SHA3-384,25b213b09e3f17bd181684cc123c32b573144ff4de3efc62e5c6038d0d29a92c7a00c802d404103403bb1da19d8b80a5,0e1ce7d8e2c69cf2e00f93eb20b8dc0fb02c198214a4df44e61865a47e116153,unknown,Setup.exe,exe,2026-08-14 00:04:56,MalwareBazaar
IMPHASH,f34d5f2d4577ed6d9ceec516c1f5a744,0e1ce7d8e2c69cf2e00f93eb20b8dc0fb02c198214a4df44e61865a47e116153,unknown,Setup.exe,exe,2026-08-14 00:04:56,MalwareBazaar
TLSH,T1F1B633302DFB501EB273FE7A5AD879DAEA9FF223360654AD202113478A13941DED153E,0e1ce7d8e2c69cf2e00f93eb20b8dc0fb02c198214a4df44e61865a47e116153,unknown,Setup.exe,exe,2026-08-14 00:04:56,MalwareBazaar
SSDEEP,196608:efa3JFLuMe+OZZYwygaoRbyE+LQatF4Z0FQKfY/MwqzJZIFBleJmkfXv:h3/i2OZ1PaotyE+LVtFu0FQ02d0JZYTG,0e1ce7d8e2c69cf2e00f93eb20b8dc0fb02c198214a4df44e61865a47e116153,unknown,Setup.exe,exe,2026-08-14 00:04:56,MalwareBazaar
MD5,8489bdc975f60b73d4ab815c37b2ff5b,00d3f42dc0c6527d375f8b5430915ca27f0da7b9608e446d3e5f6c17082577a5,LummaStealer,setup.exe,exe,2026-08-14 00:03:48,MalwareBazaar
SHA-1,c2d00d27026118c56494bd3b2e580e9dbc1e9fff,00d3f42dc0c6527d375f8b5430915ca27f0da7b9608e446d3e5f6c17082577a5,LummaStealer,setup.exe,exe,2026-08-14 00:03:48,MalwareBazaar
SHA-256,00d3f42dc0c6527d375f8b5430915ca27f0da7b9608e446d3e5f6c17082577a5,00d3f42dc0c6527d375f8b5430915ca27f0da7b9608e446d3e5f6c17082577a5,LummaStealer,setup.exe,exe,2026-08-14 00:03:48,MalwareBazaar
SHA3-384,4da1243b27e41e236555796595e45b30a73178bf7def30032ff95c83fcb87a9067e1fb9a3600601471049f5d15a9c4b3,00d3f42dc0c6527d375f8b5430915ca27f0da7b9608e446d3e5f6c17082577a5,LummaStealer,setup.exe,exe,2026-08-14 00:03:48,MalwareBazaar
IMPHASH,4f2f006e2ecf7172ad368f8289dc96c1,00d3f42dc0c6527d375f8b5430915ca27f0da7b9608e446d3e5f6c17082577a5,LummaStealer,setup.exe,exe,2026-08-14 00:03:48,MalwareBazaar
TLSH,T10FC55B21EEEA84F9DA031A3560A7A26F13367F045F39DFC7DF0469B4A7233A61463605,00d3f42dc0c6527d375f8b5430915ca27f0da7b9608e446d3e5f6c17082577a5,LummaStealer,setup.exe,exe,2026-08-14 00:03:48,MalwareBazaar
SSDEEP,49152:2CzQQmAoIL3a/byaaNuXEGlcXexT/VE8eiZhC/Eqq:RzQbAoIra/byagMWYqcP,00d3f42dc0c6527d375f8b5430915ca27f0da7b9608e446d3e5f6c17082577a5,LummaStealer,setup.exe,exe,2026-08-14 00:03:48,MalwareBazaar
MD5,473185c29ec075e7b84b255d1f742090,e61dd367859cf5e495a86ecaa7fa084ae84c1e38a049a68e03813e657651b192,GhostPulse,Setup.exe,exe,2026-08-14 00:03:17,MalwareBazaar
SHA-1,d1b4e43e15b30f15d4da93f25b61f20e79d0bcee,e61dd367859cf5e495a86ecaa7fa084ae84c1e38a049a68e03813e657651b192,GhostPulse,Setup.exe,exe,2026-08-14 00:03:17,MalwareBazaar
SHA-256,e61dd367859cf5e495a86ecaa7fa084ae84c1e38a049a68e03813e657651b192,e61dd367859cf5e495a86ecaa7fa084ae84c1e38a049a68e03813e657651b192,GhostPulse,Setup.exe,exe,2026-08-14 00:03:17,MalwareBazaar
SHA3-384,3640901fbbf29ee3eaebcc9ba536f2a577b066bcc58ceb4272e9ff86c66ed2d61618c087caefc5aa0db8d170d8488f01,e61dd367859cf5e495a86ecaa7fa084ae84c1e38a049a68e03813e657651b192,GhostPulse,Setup.exe,exe,2026-08-14 00:03:17,MalwareBazaar
IMPHASH,b5a014d7eeb4c2042897567e1288a095,e61dd367859cf5e495a86ecaa7fa084ae84c1e38a049a68e03813e657651b192,GhostPulse,Setup.exe,exe,2026-08-14 00:03:17,MalwareBazaar
TLSH,T17B963381F380F1F5CD94847A5D12EB9AACB2F3690B906E4356C66E923EC7350570B2DB,e61dd367859cf5e495a86ecaa7fa084ae84c1e38a049a68e03813e657651b192,GhostPulse,Setup.exe,exe,2026-08-14 00:03:17,MalwareBazaar
SSDEEP,196608:+p3+ZwV3jDOk9Azh279Z1Sn8bX3htFhgVDrSSw62PxJldbhGTWq:+p3+WV3OXO1SnE30cH7T4yq,e61dd367859cf5e495a86ecaa7fa084ae84c1e38a049a68e03813e657651b192,GhostPulse,Setup.exe,exe,2026-08-14 00:03:17,MalwareBazaar
ICON-DHASH,c292ecd8f2f6fe1c,e61dd367859cf5e495a86ecaa7fa084ae84c1e38a049a68e03813e657651b192,GhostPulse,Setup.exe,exe,2026-08-14 00:03:17,MalwareBazaar
MD5,af1aece27721f73910b410db827c3fd5,e28c19d9dab46ec3e8a44ad67b5aa5c0727299086aedc25df24b96738c42c58b,unknown,LauncherV31182x64.exe,exe,2026-08-14 00:01:51,MalwareBazaar
SHA-1,c2231044e9b8ddb191060edca0655cb40bf675c1,e28c19d9dab46ec3e8a44ad67b5aa5c0727299086aedc25df24b96738c42c58b,unknown,LauncherV31182x64.exe,exe,2026-08-14 00:01:51,MalwareBazaar
SHA-256,e28c19d9dab46ec3e8a44ad67b5aa5c0727299086aedc25df24b96738c42c58b,e28c19d9dab46ec3e8a44ad67b5aa5c0727299086aedc25df24b96738c42c58b,unknown,LauncherV31182x64.exe,exe,2026-08-14 00:01:51,MalwareBazaar
SHA3-384,efbba74308db83c2bfb374a16de53db57dc6bf81b4bcba054a7aeee031c32a11032d1b0b1bd75dd4c880c7705481cc32,e28c19d9dab46ec3e8a44ad67b5aa5c0727299086aedc25df24b96738c42c58b,unknown,LauncherV31182x64.exe,exe,2026-08-14 00:01:51,MalwareBazaar
IMPHASH,a56f115ee5ef2625bd949acaeec66b76,e28c19d9dab46ec3e8a44ad67b5aa5c0727299086aedc25df24b96738c42c58b,unknown,LauncherV31182x64.exe,exe,2026-08-14 00:01:51,MalwareBazaar
TLSH,T1291733F964B5AF16D4E6DBBE67839095CF7CFC1145434EEA59F0B8AA4A14880303C4BD,e28c19d9dab46ec3e8a44ad67b5aa5c0727299086aedc25df24b96738c42c58b,unknown,LauncherV31182x64.exe,exe,2026-08-14 00:01:51,MalwareBazaar
SSDEEP,393216:0o1h1t7f/xtK1uULNsYmCekH/J3obKZD+zbZgNYHU022AUz:0AfxA3xsfkfVUlge002E,e28c19d9dab46ec3e8a44ad67b5aa5c0727299086aedc25df24b96738c42c58b,unknown,LauncherV31182x64.exe,exe,2026-08-14 00:01:51,MalwareBazaar
ICON-DHASH,c4e0f09edcc4f000,e28c19d9dab46ec3e8a44ad67b5aa5c0727299086aedc25df24b96738c42c58b,unknown,LauncherV31182x64.exe,exe,2026-08-14 00:01:51,MalwareBazaar
MD5,50a58037e275bb2eef6340c514a905a3,411bceda1f4e1254c4726686eadc60331092d319563e5b4d9c3ab0950719cf0a,unknown,Installer.iso,iso,2026-08-14 00:01:24,MalwareBazaar
SHA-1,365a655c7a5677982ecddd5fdd4fc27760daec67,411bceda1f4e1254c4726686eadc60331092d319563e5b4d9c3ab0950719cf0a,unknown,Installer.iso,iso,2026-08-14 00:01:24,MalwareBazaar
SHA-256,411bceda1f4e1254c4726686eadc60331092d319563e5b4d9c3ab0950719cf0a,411bceda1f4e1254c4726686eadc60331092d319563e5b4d9c3ab0950719cf0a,unknown,Installer.iso,iso,2026-08-14 00:01:24,MalwareBazaar
SHA3-384,7d84cd05f8d1371ad250fbf144d620d906944e6a9473f06c06d660fcb97021adb768831bec6d1d655998a35b3dc25cae,411bceda1f4e1254c4726686eadc60331092d319563e5b4d9c3ab0950719cf0a,unknown,Installer.iso,iso,2026-08-14 00:01:24,MalwareBazaar
TLSH,T1AF1733F964B5AF16D4E6DBBE67839094CF7DFC1145434EEA69F8B8AA0B14480302C4BD,411bceda1f4e1254c4726686eadc60331092d319563e5b4d9c3ab0950719cf0a,unknown,Installer.iso,iso,2026-08-14 00:01:24,MalwareBazaar
SSDEEP,393216:ao1h1t7f/xtK1uULNsYmCekH/J3obKZD+zbZgNYHU022AUz:aAfxA3xsfkfVUlge002E,411bceda1f4e1254c4726686eadc60331092d319563e5b4d9c3ab0950719cf0a,unknown,Installer.iso,iso,2026-08-14 00:01:24,MalwareBazaar
MD5,5402579e5a3bd0af2e274990ab50216f,1556696245609c75da850451ef8a44f421a89c8f563d77611fc66a9809d2cfd0,unknown,vsdbg.dll,exe,2026-08-14 00:00:27,MalwareBazaar
SHA-1,c9b8dcb580982b6a7f60dc2d43b76db54baa0caa,1556696245609c75da850451ef8a44f421a89c8f563d77611fc66a9809d2cfd0,unknown,vsdbg.dll,exe,2026-08-14 00:00:27,MalwareBazaar
SHA-256,1556696245609c75da850451ef8a44f421a89c8f563d77611fc66a9809d2cfd0,1556696245609c75da850451ef8a44f421a89c8f563d77611fc66a9809d2cfd0,unknown,vsdbg.dll,exe,2026-08-14 00:00:27,MalwareBazaar
SHA3-384,d87747aec5688d10919dc9a78df2b16ec67ba6cbc9ed0b89b90207edf29029ab14599ceea26d2cc194765eac3f74a1c3,1556696245609c75da850451ef8a44f421a89c8f563d77611fc66a9809d2cfd0,unknown,vsdbg.dll,exe,2026-08-14 00:00:27,MalwareBazaar
IMPHASH,8ef3b94ee5a7392100386faabf23e935,1556696245609c75da850451ef8a44f421a89c8f563d77611fc66a9809d2cfd0,unknown,vsdbg.dll,exe,2026-08-14 00:00:27,MalwareBazaar
TLSH,T1A426CF86B3C47AD9C412DD3A5714F232C1A2B9338EB6D0CA5E97C70A4ABAD514F3DB41,1556696245609c75da850451ef8a44f421a89c8f563d77611fc66a9809d2cfd0,unknown,vsdbg.dll,exe,2026-08-14 00:00:27,MalwareBazaar
SSDEEP,98304:tU5Ng326Vcc1KppvxthiFVJFYRF+TWVL2Gwhg4IsTpQ7hmVC2de+pDMYVl9RmFCV:tUjg31e2K3v9+VJmR2bDTpQ7sVCwNL9z,1556696245609c75da850451ef8a44f421a89c8f563d77611fc66a9809d2cfd0,unknown,vsdbg.dll,exe,2026-08-14 00:00:27,MalwareBazaar
MD5,d6221e3225c261e98aab228546fe6e5f,65bc235bd5b8233490738ad98ec08d0ee58c08de5ac6906d0ab36d791e1a622d,unknown,Download_Movie_Maker_2.6_For_Windows_7.exe,exe,2026-08-13 23:59:21,MalwareBazaar
SHA-1,b166ea8236d392ebc5dba567fc65a446e8bb4bc5,65bc235bd5b8233490738ad98ec08d0ee58c08de5ac6906d0ab36d791e1a622d,unknown,Download_Movie_Maker_2.6_For_Windows_7.exe,exe,2026-08-13 23:59:21,MalwareBazaar
SHA-256,65bc235bd5b8233490738ad98ec08d0ee58c08de5ac6906d0ab36d791e1a622d,65bc235bd5b8233490738ad98ec08d0ee58c08de5ac6906d0ab36d791e1a622d,unknown,Download_Movie_Maker_2.6_For_Windows_7.exe,exe,2026-08-13 23:59:21,MalwareBazaar
SHA3-384,7875af470d6e30d348b6ac9b93ee531dab78b460e4078391fc179bad7af6bdd315425e7948c8b9e2e549b1413f17fde4,65bc235bd5b8233490738ad98ec08d0ee58c08de5ac6906d0ab36d791e1a622d,unknown,Download_Movie_Maker_2.6_For_Windows_7.exe,exe,2026-08-13 23:59:21,MalwareBazaar
IMPHASH,d42595b695fc008ef2c56aabd8efd68e,65bc235bd5b8233490738ad98ec08d0ee58c08de5ac6906d0ab36d791e1a622d,unknown,Download_Movie_Maker_2.6_For_Windows_7.exe,exe,2026-08-13 23:59:21,MalwareBazaar
TLSH,T119069C07BD9044E5D4D69B3289BB825277B1BC0C8B3523DB2EA1A6742F723C25E79F41,65bc235bd5b8233490738ad98ec08d0ee58c08de5ac6906d0ab36d791e1a622d,unknown,Download_Movie_Maker_2.6_For_Windows_7.exe,exe,2026-08-13 23:59:21,MalwareBazaar
SSDEEP,49152:4+KV8yPJYgnqz4Zhzii3tm0V6q6QLYVu/HqknkXArytV777b:4Fl7x9Kq/EVSHqkkXAkZ77b,65bc235bd5b8233490738ad98ec08d0ee58c08de5ac6906d0ab36d791e1a622d,unknown,Download_Movie_Maker_2.6_For_Windows_7.exe,exe,2026-08-13 23:59:21,MalwareBazaar
MD5,d91414f7be7ede4c3206db7cbea730ec,949d52a103ea1b3c8752abf5cdcdfe58363b157d031cb78c99f1e45029bfbcb5,unknown,ws-Setup-Complete.exe,exe,2026-08-13 23:58:43,MalwareBazaar
SHA-1,91879b37f0896f053314fdfcf9536646d17f9a6f,949d52a103ea1b3c8752abf5cdcdfe58363b157d031cb78c99f1e45029bfbcb5,unknown,ws-Setup-Complete.exe,exe,2026-08-13 23:58:43,MalwareBazaar
SHA-256,949d52a103ea1b3c8752abf5cdcdfe58363b157d031cb78c99f1e45029bfbcb5,949d52a103ea1b3c8752abf5cdcdfe58363b157d031cb78c99f1e45029bfbcb5,unknown,ws-Setup-Complete.exe,exe,2026-08-13 23:58:43,MalwareBazaar
SHA3-384,b8b1c845db1539b6aa87a68af8a3c21f86f2ea87d98673e692c796c60703560b9db3d7fe94975f612f61938800adce47,949d52a103ea1b3c8752abf5cdcdfe58363b157d031cb78c99f1e45029bfbcb5,unknown,ws-Setup-Complete.exe,exe,2026-08-13 23:58:43,MalwareBazaar
IMPHASH,d42595b695fc008ef2c56aabd8efd68e,949d52a103ea1b3c8752abf5cdcdfe58363b157d031cb78c99f1e45029bfbcb5,unknown,ws-Setup-Complete.exe,exe,2026-08-13 23:58:43,MalwareBazaar
TLSH,T17A26BD077D9140E5C4EAAB31857782A27B61BC0C8B7933DB2E90AA782F723D25D75F44,949d52a103ea1b3c8752abf5cdcdfe58363b157d031cb78c99f1e45029bfbcb5,unknown,ws-Setup-Complete.exe,exe,2026-08-13 23:58:43,MalwareBazaar
SSDEEP,49152:ojvSoBbZbntyNT/a+a4cpWPtqVaiBVj2zNfMVNWs1PxceQdVP9Aj7U8KPhrmm4DA:oTTKaw3lqwi32G5A9ughrmm4LQ,949d52a103ea1b3c8752abf5cdcdfe58363b157d031cb78c99f1e45029bfbcb5,unknown,ws-Setup-Complete.exe,exe,2026-08-13 23:58:43,MalwareBazaar
MD5,dbca42d07f01f807ccc1689b0f3777d6,20ab165cf80183836bb2409bb7327a0c239cfff7ba7b71fdd327156e1552536f,unknown,SecuriteInfo.com.Program.RemoteAdmin.975.16531.24089,exe,2026-08-13 23:57:40,MalwareBazaar
SHA-1,f5109167ebdd19ad1bab887f548c39b3777fcd4e,20ab165cf80183836bb2409bb7327a0c239cfff7ba7b71fdd327156e1552536f,unknown,SecuriteInfo.com.Program.RemoteAdmin.975.16531.24089,exe,2026-08-13 23:57:40,MalwareBazaar
SHA-256,20ab165cf80183836bb2409bb7327a0c239cfff7ba7b71fdd327156e1552536f,20ab165cf80183836bb2409bb7327a0c239cfff7ba7b71fdd327156e1552536f,unknown,SecuriteInfo.com.Program.RemoteAdmin.975.16531.24089,exe,2026-08-13 23:57:40,MalwareBazaar
SHA3-384,2a824ecde921b0497f8fd7932c55dce64290dd5b3268d5f4c3f039cc9760ceb6e257574e9054300aa2b98bb842c0351e,20ab165cf80183836bb2409bb7327a0c239cfff7ba7b71fdd327156e1552536f,unknown,SecuriteInfo.com.Program.RemoteAdmin.975.16531.24089,exe,2026-08-13 23:57:40,MalwareBazaar
TLSH,T16F72D07893C55C01CECD66B95368FF9893130C980BCBB1017424FBA5BFD85B924711B6,20ab165cf80183836bb2409bb7327a0c239cfff7ba7b71fdd327156e1552536f,unknown,SecuriteInfo.com.Program.RemoteAdmin.975.16531.24089,exe,2026-08-13 23:57:40,MalwareBazaar
SSDEEP,384:kH8KLB+qIXH7UU9bjfC/Ygeq8XWssDR2hnIm2tWzwfd+EOIFE:kHZtvILJ2BLsSRNZfg0E,20ab165cf80183836bb2409bb7327a0c239cfff7ba7b71fdd327156e1552536f,unknown,SecuriteInfo.com.Program.RemoteAdmin.975.16531.24089,exe,2026-08-13 23:57:40,MalwareBazaar
MD5,5f206897165b3f0116d262e0c28a9fb7,958746f27480e2d5c0ee87f7d31282229cdb4e6eaabc5a2e0a4b4cce56540927,Mirai,2d61c03914700905c0013c7f69be7ef1fd5b59d2e5509bd574d5e851a02db9ee.elf,elf,2026-08-13 23:54:51,MalwareBazaar
SHA-1,174074403bfb0b088f9ea663c755bc0452d980a2,958746f27480e2d5c0ee87f7d31282229cdb4e6eaabc5a2e0a4b4cce56540927,Mirai,2d61c03914700905c0013c7f69be7ef1fd5b59d2e5509bd574d5e851a02db9ee.elf,elf,2026-08-13 23:54:51,MalwareBazaar
SHA-256,958746f27480e2d5c0ee87f7d31282229cdb4e6eaabc5a2e0a4b4cce56540927,958746f27480e2d5c0ee87f7d31282229cdb4e6eaabc5a2e0a4b4cce56540927,Mirai,2d61c03914700905c0013c7f69be7ef1fd5b59d2e5509bd574d5e851a02db9ee.elf,elf,2026-08-13 23:54:51,MalwareBazaar
SHA3-384,5b25fbebe84d784d2fbbaa05a1673f870dd2d12cfbfd5189bbfb91a56ff1097fe90318e6579e87bc667976fd849d60af,958746f27480e2d5c0ee87f7d31282229cdb4e6eaabc5a2e0a4b4cce56540927,Mirai,2d61c03914700905c0013c7f69be7ef1fd5b59d2e5509bd574d5e851a02db9ee.elf,elf,2026-08-13 23:54:51,MalwareBazaar
TLSH,T1E1932A91B8829623C6D0627BFB1E018D371653A8E2EE73038D256F61779BC1F0E77646,958746f27480e2d5c0ee87f7d31282229cdb4e6eaabc5a2e0a4b4cce56540927,Mirai,2d61c03914700905c0013c7f69be7ef1fd5b59d2e5509bd574d5e851a02db9ee.elf,elf,2026-08-13 23:54:51,MalwareBazaar
TELFHASH,t18361ff7befa81b9c6be98314d68d51199ffc345d1f1428938a0cb75b86126c3712e427,958746f27480e2d5c0ee87f7d31282229cdb4e6eaabc5a2e0a4b4cce56540927,Mirai,2d61c03914700905c0013c7f69be7ef1fd5b59d2e5509bd574d5e851a02db9ee.elf,elf,2026-08-13 23:54:51,MalwareBazaar
SSDEEP,1536:HcDXcMrO0WZhnU/R4VdFnS0j1Pu52vauNAYgr4aB5lbFwivRbY:HcDfp/KVd9tu5stNpgrxzdY,958746f27480e2d5c0ee87f7d31282229cdb4e6eaabc5a2e0a4b4cce56540927,Mirai,2d61c03914700905c0013c7f69be7ef1fd5b59d2e5509bd574d5e851a02db9ee.elf,elf,2026-08-13 23:54:51,MalwareBazaar
MD5,8c1c41a4f1bc8cfee29b4f5284820ea4,3dc0b9413feaa096ce43898288eeefb4d51da21cbde3e575166ee9fa5bacd143,Mirai,3dc0b9413feaa096ce43898288eeefb4d51da21cbde3e575166ee9fa5bacd143.elf,elf,2026-08-13 23:54:07,MalwareBazaar
SHA-1,888c46e816a36904192bf74a2adafe6ee7b0cb84,3dc0b9413feaa096ce43898288eeefb4d51da21cbde3e575166ee9fa5bacd143,Mirai,3dc0b9413feaa096ce43898288eeefb4d51da21cbde3e575166ee9fa5bacd143.elf,elf,2026-08-13 23:54:07,MalwareBazaar
SHA-256,3dc0b9413feaa096ce43898288eeefb4d51da21cbde3e575166ee9fa5bacd143,3dc0b9413feaa096ce43898288eeefb4d51da21cbde3e575166ee9fa5bacd143,Mirai,3dc0b9413feaa096ce43898288eeefb4d51da21cbde3e575166ee9fa5bacd143.elf,elf,2026-08-13 23:54:07,MalwareBazaar
SHA3-384,5c8647cabc6d20518f685483fa4b1419763424c5f3d3743b7c23f0975b7ce230b30e9337873b4b02da3655e8d1cc579e,3dc0b9413feaa096ce43898288eeefb4d51da21cbde3e575166ee9fa5bacd143,Mirai,3dc0b9413feaa096ce43898288eeefb4d51da21cbde3e575166ee9fa5bacd143.elf,elf,2026-08-13 23:54:07,MalwareBazaar
TLSH,T1FD839E73CA286D64C0549AF474718D3C2763B04082A72FFBAAD9D6BA4047D9CF9163F9,3dc0b9413feaa096ce43898288eeefb4d51da21cbde3e575166ee9fa5bacd143,Mirai,3dc0b9413feaa096ce43898288eeefb4d51da21cbde3e575166ee9fa5bacd143.elf,elf,2026-08-13 23:54:07,MalwareBazaar
SSDEEP,1536:jq4wtUt0FYigL5V2FkZq74bMbiHrvTzeKpMFgdKdnC01rNct6em:jq4r02igdV2FBuHrvTzRp9KdnN1NCC,3dc0b9413feaa096ce43898288eeefb4d51da21cbde3e575166ee9fa5bacd143,Mirai,3dc0b9413feaa096ce43898288eeefb4d51da21cbde3e575166ee9fa5bacd143.elf,elf,2026-08-13 23:54:07,MalwareBazaar
MD5,45bcaba5fcfe3e84b20604141f2d8894,2d61c03914700905c0013c7f69be7ef1fd5b59d2e5509bd574d5e851a02db9ee,Mirai,2d61c03914700905c0013c7f69be7ef1fd5b59d2e5509bd574d5e851a02db9ee.elf,elf,2026-08-13 23:54:03,MalwareBazaar
SHA-1,290d06cae351b2c38d6690e6571ef312cfd550bc,2d61c03914700905c0013c7f69be7ef1fd5b59d2e5509bd574d5e851a02db9ee,Mirai,2d61c03914700905c0013c7f69be7ef1fd5b59d2e5509bd574d5e851a02db9ee.elf,elf,2026-08-13 23:54:03,MalwareBazaar
SHA-256,2d61c03914700905c0013c7f69be7ef1fd5b59d2e5509bd574d5e851a02db9ee,2d61c03914700905c0013c7f69be7ef1fd5b59d2e5509bd574d5e851a02db9ee,Mirai,2d61c03914700905c0013c7f69be7ef1fd5b59d2e5509bd574d5e851a02db9ee.elf,elf,2026-08-13 23:54:03,MalwareBazaar
SHA3-384,d72e8ea22fe55210b4b66ed118b38be0546eec7a9925b22775714d0ecc7ba1587f7139b7216b0bc2516bc1469370cd75,2d61c03914700905c0013c7f69be7ef1fd5b59d2e5509bd574d5e851a02db9ee,Mirai,2d61c03914700905c0013c7f69be7ef1fd5b59d2e5509bd574d5e851a02db9ee.elf,elf,2026-08-13 23:54:03,MalwareBazaar
TLSH,T18313F171A7678B22D96CBAF1D9498EC6149189BC879B32553802405B3BD0F5F2B28BC6,2d61c03914700905c0013c7f69be7ef1fd5b59d2e5509bd574d5e851a02db9ee,Mirai,2d61c03914700905c0013c7f69be7ef1fd5b59d2e5509bd574d5e851a02db9ee.elf,elf,2026-08-13 23:54:03,MalwareBazaar
SSDEEP,768:bmmE8P4R3YaJqpPxwaRutm4+8nYXFHyYyuOxtcpOVJfH1WRi1xsG1Ps3Uoz3M:5gJYSqpPxDRc8TFHyYyumtGIH1WRi1xv,2d61c03914700905c0013c7f69be7ef1fd5b59d2e5509bd574d5e851a02db9ee,Mirai,2d61c03914700905c0013c7f69be7ef1fd5b59d2e5509bd574d5e851a02db9ee.elf,elf,2026-08-13 23:54:03,MalwareBazaar
MD5,2abf50b56d3e7f2ea66de206e894e42b,8ab8ad238b5c4ff4692cef4147d48ef9febd9d630120172e62d11aaefd905858,unknown,composer.php,exe,2026-08-13 23:52:53,MalwareBazaar
SHA-1,5d761b5d11b01f822de76a0a8cd6af62d7cd2a3b,8ab8ad238b5c4ff4692cef4147d48ef9febd9d630120172e62d11aaefd905858,unknown,composer.php,exe,2026-08-13 23:52:53,MalwareBazaar
SHA-256,8ab8ad238b5c4ff4692cef4147d48ef9febd9d630120172e62d11aaefd905858,8ab8ad238b5c4ff4692cef4147d48ef9febd9d630120172e62d11aaefd905858,unknown,composer.php,exe,2026-08-13 23:52:53,MalwareBazaar
SHA3-384,29e2e581fe264fc4b781651bc527e41ab272dc90ba56dd4cc8889f3d44a7753346383e9c0faed25cc8c082223dd9e1ea,8ab8ad238b5c4ff4692cef4147d48ef9febd9d630120172e62d11aaefd905858,unknown,composer.php,exe,2026-08-13 23:52:53,MalwareBazaar
IMPHASH,cf72283be50852e418ce6bbb6b645835,8ab8ad238b5c4ff4692cef4147d48ef9febd9d630120172e62d11aaefd905858,unknown,composer.php,exe,2026-08-13 23:52:53,MalwareBazaar
TLSH,T19AE6334DA6E015AFED73013C5DE29466F234F4290B79C6CB8BA843777E271E05A39A13,8ab8ad238b5c4ff4692cef4147d48ef9febd9d630120172e62d11aaefd905858,unknown,composer.php,exe,2026-08-13 23:52:53,MalwareBazaar
SSDEEP,393216:j8wwUAByeRZLZ5LkQFzVSYWkXMCHWUj4cuI3/PGTAI:j8f3RZYQFAYxXMb8NH/O7,8ab8ad238b5c4ff4692cef4147d48ef9febd9d630120172e62d11aaefd905858,unknown,composer.php,exe,2026-08-13 23:52:53,MalwareBazaar
ICON-DHASH,e8e864e0d8e8ec48,8ab8ad238b5c4ff4692cef4147d48ef9febd9d630120172e62d11aaefd905858,unknown,composer.php,exe,2026-08-13 23:52:53,MalwareBazaar
MD5,d0688862145d15bc2c720e2b56e91ef5,e76af4a6bad6251f523bd089dc9fcb832f96b3740e2b624b2d32b1d5a6d66442,Mirai,b66c8514594670967313b53182ccc296de043fa2bb19a446107b8a0b908eb96b.elf,elf,2026-08-13 23:49:46,MalwareBazaar
SHA-1,986872a8e1b6e16a6178a5f86bc7ded5536b0239,e76af4a6bad6251f523bd089dc9fcb832f96b3740e2b624b2d32b1d5a6d66442,Mirai,b66c8514594670967313b53182ccc296de043fa2bb19a446107b8a0b908eb96b.elf,elf,2026-08-13 23:49:46,MalwareBazaar
SHA-256,e76af4a6bad6251f523bd089dc9fcb832f96b3740e2b624b2d32b1d5a6d66442,e76af4a6bad6251f523bd089dc9fcb832f96b3740e2b624b2d32b1d5a6d66442,Mirai,b66c8514594670967313b53182ccc296de043fa2bb19a446107b8a0b908eb96b.elf,elf,2026-08-13 23:49:46,MalwareBazaar
SHA3-384,6b445d1f21f653cd46a8c9a8119f140de0c3726c8683d121c68840d761f0a5fa0db70a16eeb0ef2eb2f225a42a0f2ad6,e76af4a6bad6251f523bd089dc9fcb832f96b3740e2b624b2d32b1d5a6d66442,Mirai,b66c8514594670967313b53182ccc296de043fa2bb19a446107b8a0b908eb96b.elf,elf,2026-08-13 23:49:46,MalwareBazaar
TLSH,T16A935C01B31C0A87E1635DB03A3F27E183AFEAD011F4F689655EAB469275E325186FCD,e76af4a6bad6251f523bd089dc9fcb832f96b3740e2b624b2d32b1d5a6d66442,Mirai,b66c8514594670967313b53182ccc296de043fa2bb19a446107b8a0b908eb96b.elf,elf,2026-08-13 23:49:46,MalwareBazaar
SSDEEP,1536:+nByQ+2VEAkykZnhpwC3rquUsIpwP2ltm4zOQfLDIbG6B45pze5YUR3V:+nByQ+2VEAkyIHqXlbdjDIqNpzOV,e76af4a6bad6251f523bd089dc9fcb832f96b3740e2b624b2d32b1d5a6d66442,Mirai,b66c8514594670967313b53182ccc296de043fa2bb19a446107b8a0b908eb96b.elf,elf,2026-08-13 23:49:46,MalwareBazaar
MD5,907dc6780e662245d9356f10bc385698,9eb301e6666d1174febcdee441b0d7e3d7cabd2cf1da833658afe1c657a9848c,Mirai,3fde28b25714bbca2ecf98bdb1254ee5b5e13c067849eac09bd6339b3c36a6b9.elf,elf,2026-08-13 23:49:43,MalwareBazaar
SHA-1,cc3cf21b8b84a0f75098c2a8e6fe2b1d3b393143,9eb301e6666d1174febcdee441b0d7e3d7cabd2cf1da833658afe1c657a9848c,Mirai,3fde28b25714bbca2ecf98bdb1254ee5b5e13c067849eac09bd6339b3c36a6b9.elf,elf,2026-08-13 23:49:43,MalwareBazaar
SHA-256,9eb301e6666d1174febcdee441b0d7e3d7cabd2cf1da833658afe1c657a9848c,9eb301e6666d1174febcdee441b0d7e3d7cabd2cf1da833658afe1c657a9848c,Mirai,3fde28b25714bbca2ecf98bdb1254ee5b5e13c067849eac09bd6339b3c36a6b9.elf,elf,2026-08-13 23:49:43,MalwareBazaar
SHA3-384,e267c8d3b5339933d6f77ae45dfd7fa2800cbfb103c4eda92d2a76670f3a3930aa06999ab8db0f29b4915ddf41b29c69,9eb301e6666d1174febcdee441b0d7e3d7cabd2cf1da833658afe1c657a9848c,Mirai,3fde28b25714bbca2ecf98bdb1254ee5b5e13c067849eac09bd6339b3c36a6b9.elf,elf,2026-08-13 23:49:43,MalwareBazaar
TLSH,T167C3C71E6E219FBDF768C33447B78A21E75833C626E1D685E2ACD6011E6038D641FFA4,9eb301e6666d1174febcdee441b0d7e3d7cabd2cf1da833658afe1c657a9848c,Mirai,3fde28b25714bbca2ecf98bdb1254ee5b5e13c067849eac09bd6339b3c36a6b9.elf,elf,2026-08-13 23:49:43,MalwareBazaar
TELFHASH,t1a7218e5c497422f49b355c992aaeff7be4a030df1a212d374e00a9a9abac9814e00c0c,9eb301e6666d1174febcdee441b0d7e3d7cabd2cf1da833658afe1c657a9848c,Mirai,3fde28b25714bbca2ecf98bdb1254ee5b5e13c067849eac09bd6339b3c36a6b9.elf,elf,2026-08-13 23:49:43,MalwareBazaar
SSDEEP,1536:9UiFbTeKVL36XoPnb9grqBSYfxp2j5dKEFkVHv7vDgHeTt6JwEnVI:NFbTDVLf/pgrOw5dKEFkVHv7DguEVI,9eb301e6666d1174febcdee441b0d7e3d7cabd2cf1da833658afe1c657a9848c,Mirai,3fde28b25714bbca2ecf98bdb1254ee5b5e13c067849eac09bd6339b3c36a6b9.elf,elf,2026-08-13 23:49:43,MalwareBazaar
MD5,c7e53d8d12081c78d2a7ec83aec3714c,b66c8514594670967313b53182ccc296de043fa2bb19a446107b8a0b908eb96b,Mirai,b66c8514594670967313b53182ccc296de043fa2bb19a446107b8a0b908eb96b.elf,elf,2026-08-13 23:49:08,MalwareBazaar
SHA-1,314101b3f14c7015c65706563aa0a77b0fe98afc,b66c8514594670967313b53182ccc296de043fa2bb19a446107b8a0b908eb96b,Mirai,b66c8514594670967313b53182ccc296de043fa2bb19a446107b8a0b908eb96b.elf,elf,2026-08-13 23:49:08,MalwareBazaar
SHA-256,b66c8514594670967313b53182ccc296de043fa2bb19a446107b8a0b908eb96b,b66c8514594670967313b53182ccc296de043fa2bb19a446107b8a0b908eb96b,Mirai,b66c8514594670967313b53182ccc296de043fa2bb19a446107b8a0b908eb96b.elf,elf,2026-08-13 23:49:08,MalwareBazaar
SHA3-384,1dabd5ec3c79f40d793781c85c79809da3f30df9ddd57900b8de68041649a2971e90afff349a469dfa907cdb678a0d82,b66c8514594670967313b53182ccc296de043fa2bb19a446107b8a0b908eb96b,Mirai,b66c8514594670967313b53182ccc296de043fa2bb19a446107b8a0b908eb96b.elf,elf,2026-08-13 23:49:08,MalwareBazaar
TLSH,T16403E071A05638A6DBB68C215E24CA892FB9A55EF7335F9036810F1339470936325EDD,b66c8514594670967313b53182ccc296de043fa2bb19a446107b8a0b908eb96b,Mirai,b66c8514594670967313b53182ccc296de043fa2bb19a446107b8a0b908eb96b.elf,elf,2026-08-13 23:49:08,MalwareBazaar
SSDEEP,768:JhvkUOaixhT77Jbl9PPOO3ttyQ3CQomV5a87ZhUJzIga8i5yW4uVcqgw09T:JpkUOaif7Jp5PhtysBRO8NhyzIga8i5Q,b66c8514594670967313b53182ccc296de043fa2bb19a446107b8a0b908eb96b,Mirai,b66c8514594670967313b53182ccc296de043fa2bb19a446107b8a0b908eb96b.elf,elf,2026-08-13 23:49:08,MalwareBazaar
MD5,811e903f4ccfc1aa78c9f38131dfe9a2,3fde28b25714bbca2ecf98bdb1254ee5b5e13c067849eac09bd6339b3c36a6b9,Mirai,3fde28b25714bbca2ecf98bdb1254ee5b5e13c067849eac09bd6339b3c36a6b9.elf,elf,2026-08-13 23:49:04,MalwareBazaar
SHA-1,b45bf360ff075d1e544258aaa0ab4e2b1f56633c,3fde28b25714bbca2ecf98bdb1254ee5b5e13c067849eac09bd6339b3c36a6b9,Mirai,3fde28b25714bbca2ecf98bdb1254ee5b5e13c067849eac09bd6339b3c36a6b9.elf,elf,2026-08-13 23:49:04,MalwareBazaar
SHA-256,3fde28b25714bbca2ecf98bdb1254ee5b5e13c067849eac09bd6339b3c36a6b9,3fde28b25714bbca2ecf98bdb1254ee5b5e13c067849eac09bd6339b3c36a6b9,Mirai,3fde28b25714bbca2ecf98bdb1254ee5b5e13c067849eac09bd6339b3c36a6b9.elf,elf,2026-08-13 23:49:04,MalwareBazaar
SHA3-384,3e85d8c03e34d76927e720efaa1bb256b7c2d0d46cac7077988b02b3b9a24e9cb6945eddccd748bdf91114c03ec2613f,3fde28b25714bbca2ecf98bdb1254ee5b5e13c067849eac09bd6339b3c36a6b9,Mirai,3fde28b25714bbca2ecf98bdb1254ee5b5e13c067849eac09bd6339b3c36a6b9.elf,elf,2026-08-13 23:49:04,MalwareBazaar
TLSH,T12F13027D950104F4EC9B81F9EEC61BC807558B9B149188473454D4D7BFB29EC7071DE4,3fde28b25714bbca2ecf98bdb1254ee5b5e13c067849eac09bd6339b3c36a6b9,Mirai,3fde28b25714bbca2ecf98bdb1254ee5b5e13c067849eac09bd6339b3c36a6b9.elf,elf,2026-08-13 23:49:04,MalwareBazaar
SSDEEP,768:iQ04PbWpvLwn2IWG+0cPoam5mycGVCY1D/ma6JhIIBKmV4AVXocNfzGliepJgGl0:iQ0ubWp6VWG+JgQ8wY1SaWiQthocNC5i,3fde28b25714bbca2ecf98bdb1254ee5b5e13c067849eac09bd6339b3c36a6b9,Mirai,3fde28b25714bbca2ecf98bdb1254ee5b5e13c067849eac09bd6339b3c36a6b9.elf,elf,2026-08-13 23:49:04,MalwareBazaar
MD5,0006e2d85e5426120f40f8d8df8c1795,b96cb378d3168e5fdec28c9328e40f6b3901b79f3bc492d0954abe2493828f93,unknown,xqAAE.exe,exe,2026-08-13 23:45:17,MalwareBazaar
SHA-1,875155bc32e1706a600db3c953f66560406cdb9e,b96cb378d3168e5fdec28c9328e40f6b3901b79f3bc492d0954abe2493828f93,unknown,xqAAE.exe,exe,2026-08-13 23:45:17,MalwareBazaar
SHA-256,b96cb378d3168e5fdec28c9328e40f6b3901b79f3bc492d0954abe2493828f93,b96cb378d3168e5fdec28c9328e40f6b3901b79f3bc492d0954abe2493828f93,unknown,xqAAE.exe,exe,2026-08-13 23:45:17,MalwareBazaar
SHA3-384,718ef84440d000db49bbcdb2945297a921257e4613ce75d3575b26fb3b923bcc1961c847838f1a68a557945e7cc113ab,b96cb378d3168e5fdec28c9328e40f6b3901b79f3bc492d0954abe2493828f93,unknown,xqAAE.exe,exe,2026-08-13 23:45:17,MalwareBazaar
IMPHASH,d42595b695fc008ef2c56aabd8efd68e,b96cb378d3168e5fdec28c9328e40f6b3901b79f3bc492d0954abe2493828f93,unknown,xqAAE.exe,exe,2026-08-13 23:45:17,MalwareBazaar
TLSH,T147D559077D9040E5C4DAA731C47786A2BA60BC0C8B7933DB2E90A6782F723D25E79F45,b96cb378d3168e5fdec28c9328e40f6b3901b79f3bc492d0954abe2493828f93,unknown,xqAAE.exe,exe,2026-08-13 23:45:17,MalwareBazaar
SSDEEP,24576:hmwqRG3ez/eZVIsni76fHlx1MElji54nJSX16fiwF6/OmZMXAPj2wA/TBele5y96:hmD03W/uIsiruX432AMXa9V7S,b96cb378d3168e5fdec28c9328e40f6b3901b79f3bc492d0954abe2493828f93,unknown,xqAAE.exe,exe,2026-08-13 23:45:17,MalwareBazaar
MD5,4976231750cd5ff4e2118b1ad654d8ac,ecaae289bf636596c9f2e41f19fa4f0488587d57630018bf41f51e3e09c62d30,Mirai,cc3572431079fbb69b0e9d79771feed3524480e662777605a1033ade4c3aeb1d.elf,elf,2026-08-13 23:44:54,MalwareBazaar
SHA-1,5f0de647508798bc9a6d1302df6fd86838f078e5,ecaae289bf636596c9f2e41f19fa4f0488587d57630018bf41f51e3e09c62d30,Mirai,cc3572431079fbb69b0e9d79771feed3524480e662777605a1033ade4c3aeb1d.elf,elf,2026-08-13 23:44:54,MalwareBazaar
SHA-256,ecaae289bf636596c9f2e41f19fa4f0488587d57630018bf41f51e3e09c62d30,ecaae289bf636596c9f2e41f19fa4f0488587d57630018bf41f51e3e09c62d30,Mirai,cc3572431079fbb69b0e9d79771feed3524480e662777605a1033ade4c3aeb1d.elf,elf,2026-08-13 23:44:54,MalwareBazaar
SHA3-384,96b88109e0f850f4c6ad53eeb5a637c0bcaaf85aa172609d155a5a863c54f6052b333bfeeab7baf82bb54a980bce0f9d,ecaae289bf636596c9f2e41f19fa4f0488587d57630018bf41f51e3e09c62d30,Mirai,cc3572431079fbb69b0e9d79771feed3524480e662777605a1033ade4c3aeb1d.elf,elf,2026-08-13 23:44:54,MalwareBazaar
TLSH,T13EA31A96B8829B21D9C5167BFE1E008E3313177CE2EE73128D146F24778B96B0E77916,ecaae289bf636596c9f2e41f19fa4f0488587d57630018bf41f51e3e09c62d30,Mirai,cc3572431079fbb69b0e9d79771feed3524480e662777605a1033ade4c3aeb1d.elf,elf,2026-08-13 23:44:54,MalwareBazaar
TELFHASH,t191210f613ba409ac77e4c714c18f20776bda34f80f11a6ba0a5e6317d2428d2f83d826,ecaae289bf636596c9f2e41f19fa4f0488587d57630018bf41f51e3e09c62d30,Mirai,cc3572431079fbb69b0e9d79771feed3524480e662777605a1033ade4c3aeb1d.elf,elf,2026-08-13 23:44:54,MalwareBazaar
SSDEEP,1536:bsnGpvVMrxs2hlZ9fQP6514qYTHaZmkmQhsMwXi4L5s2x/y76LYjb:7tmxX5N/YTHaZO7La2x/yeLs,ecaae289bf636596c9f2e41f19fa4f0488587d57630018bf41f51e3e09c62d30,Mirai,cc3572431079fbb69b0e9d79771feed3524480e662777605a1033ade4c3aeb1d.elf,elf,2026-08-13 23:44:54,MalwareBazaar
MD5,d908e5d211847d84906a5b90464dc5a4,59e14d45e25201284f047fa430e7f84301edf3a7f1ad95ad0f8dd6f945275b19,unknown,WindowsCodecs.dll,exe,2026-08-13 23:44:52,MalwareBazaar
SHA-1,2bc8dcecebbadb925eb1d4681725f5b7fbc99fe3,59e14d45e25201284f047fa430e7f84301edf3a7f1ad95ad0f8dd6f945275b19,unknown,WindowsCodecs.dll,exe,2026-08-13 23:44:52,MalwareBazaar
SHA-256,59e14d45e25201284f047fa430e7f84301edf3a7f1ad95ad0f8dd6f945275b19,59e14d45e25201284f047fa430e7f84301edf3a7f1ad95ad0f8dd6f945275b19,unknown,WindowsCodecs.dll,exe,2026-08-13 23:44:52,MalwareBazaar
SHA3-384,8d74e12f9754e2fb3d6c46b9355500348d665ba4e39be255652f3b90e400d234693fbf1163e345aae7cc1f1f7c3866b0,59e14d45e25201284f047fa430e7f84301edf3a7f1ad95ad0f8dd6f945275b19,unknown,WindowsCodecs.dll,exe,2026-08-13 23:44:52,MalwareBazaar
IMPHASH,d20575a04dadb5c72bfc66e4a24fa0bb,59e14d45e25201284f047fa430e7f84301edf3a7f1ad95ad0f8dd6f945275b19,unknown,WindowsCodecs.dll,exe,2026-08-13 23:44:52,MalwareBazaar
TLSH,T146E2844F9F099665ED3E267951BA8DC2F378B1644331C8EB2D80981E0D42BCAD735EC9,59e14d45e25201284f047fa430e7f84301edf3a7f1ad95ad0f8dd6f945275b19,unknown,WindowsCodecs.dll,exe,2026-08-13 23:44:52,MalwareBazaar
SSDEEP,768:9vL0d1Pk9vCCqromnZzBeWUjuESb90sngUg/ijhAaA8KIQm:ydk9vC7rgH6Kc,59e14d45e25201284f047fa430e7f84301edf3a7f1ad95ad0f8dd6f945275b19,unknown,WindowsCodecs.dll,exe,2026-08-13 23:44:52,MalwareBazaar
MD5,17ad22af995ee858a4164452c2f80e4a,45148da9d1283d886118b60d07611d41d346d734a89fb44263ee8696f3bf053b,unknown,ae_mixtwo_2.exe,exe,2026-08-13 23:44:45,MalwareBazaar
SHA-1,e09da2824df6f1104b72c2b570be207ef3716f3d,45148da9d1283d886118b60d07611d41d346d734a89fb44263ee8696f3bf053b,unknown,ae_mixtwo_2.exe,exe,2026-08-13 23:44:45,MalwareBazaar
SHA-256,45148da9d1283d886118b60d07611d41d346d734a89fb44263ee8696f3bf053b,45148da9d1283d886118b60d07611d41d346d734a89fb44263ee8696f3bf053b,unknown,ae_mixtwo_2.exe,exe,2026-08-13 23:44:45,MalwareBazaar
SHA3-384,b30541725ed7bec8d67369f93d4939f9b4ad2b5923c3f49e55ebf0ae730a5df17135551d954ee57cf4467803c35bd8b3,45148da9d1283d886118b60d07611d41d346d734a89fb44263ee8696f3bf053b,unknown,ae_mixtwo_2.exe,exe,2026-08-13 23:44:45,MalwareBazaar
IMPHASH,f34d5f2d4577ed6d9ceec516c1f5a744,45148da9d1283d886118b60d07611d41d346d734a89fb44263ee8696f3bf053b,unknown,ae_mixtwo_2.exe,exe,2026-08-13 23:44:45,MalwareBazaar
TLSH,T1E84525343AFA502AF1B3EF769AE474D6CA6FB7733B07645D1090038A4A13A41DED153A,45148da9d1283d886118b60d07611d41d346d734a89fb44263ee8696f3bf053b,unknown,ae_mixtwo_2.exe,exe,2026-08-13 23:44:45,MalwareBazaar
SSDEEP,24576:KSiSdl5VWDWg26xdFo9L0hlxoJc5+Zm7mWMH1VvxamJ/hk:KZSJVWDsMy9QhUK7Exaek,45148da9d1283d886118b60d07611d41d346d734a89fb44263ee8696f3bf053b,unknown,ae_mixtwo_2.exe,exe,2026-08-13 23:44:45,MalwareBazaar
MD5,edb7f4a0d51858397a119b4c56394153,cc3572431079fbb69b0e9d79771feed3524480e662777605a1033ade4c3aeb1d,Mirai,cc3572431079fbb69b0e9d79771feed3524480e662777605a1033ade4c3aeb1d.elf,elf,2026-08-13 23:44:17,MalwareBazaar
SHA-1,6275b75858afab3e173c6212a49983b164f2b9b2,cc3572431079fbb69b0e9d79771feed3524480e662777605a1033ade4c3aeb1d,Mirai,cc3572431079fbb69b0e9d79771feed3524480e662777605a1033ade4c3aeb1d.elf,elf,2026-08-13 23:44:17,MalwareBazaar
SHA-256,cc3572431079fbb69b0e9d79771feed3524480e662777605a1033ade4c3aeb1d,cc3572431079fbb69b0e9d79771feed3524480e662777605a1033ade4c3aeb1d,Mirai,cc3572431079fbb69b0e9d79771feed3524480e662777605a1033ade4c3aeb1d.elf,elf,2026-08-13 23:44:17,MalwareBazaar
SHA3-384,71fdee61d995b0f1f9b4837e7209041498e200852eff491db861ae50b686462e35f9026dc6813c61083892f58662b1d7,cc3572431079fbb69b0e9d79771feed3524480e662777605a1033ade4c3aeb1d,Mirai,cc3572431079fbb69b0e9d79771feed3524480e662777605a1033ade4c3aeb1d.elf,elf,2026-08-13 23:44:17,MalwareBazaar
TLSH,T15113F1245ECF88E2C670B0BED16BA685A11EACF5F0F0E61317545BD9E861073E6A3187,cc3572431079fbb69b0e9d79771feed3524480e662777605a1033ade4c3aeb1d,Mirai,cc3572431079fbb69b0e9d79771feed3524480e662777605a1033ade4c3aeb1d.elf,elf,2026-08-13 23:44:17,MalwareBazaar
SSDEEP,768:Ry0nhaSCazw1d/j+DDdqUCsbgEpfCJPXBEGrmf3jcxBaCDgW+FL7JhC/69q3UELt:c0ha5dpUpbHAPXB5rmTOBqW+FhYvLt,cc3572431079fbb69b0e9d79771feed3524480e662777605a1033ade4c3aeb1d,Mirai,cc3572431079fbb69b0e9d79771feed3524480e662777605a1033ade4c3aeb1d.elf,elf,2026-08-13 23:44:17,MalwareBazaar
MD5,e34755b68490cf2b1e876da6c6d0135f,2d94c9ec16c386af1665b3eeaa16e9cff8478136f1f5c001e00a4e35dd550bf9,unknown,Setup.exe,exe,2026-08-13 23:44:12,MalwareBazaar
SHA-1,b0c782b109d2cba64ae8a9e5cd8a2fe22145069b,2d94c9ec16c386af1665b3eeaa16e9cff8478136f1f5c001e00a4e35dd550bf9,unknown,Setup.exe,exe,2026-08-13 23:44:12,MalwareBazaar
SHA-256,2d94c9ec16c386af1665b3eeaa16e9cff8478136f1f5c001e00a4e35dd550bf9,2d94c9ec16c386af1665b3eeaa16e9cff8478136f1f5c001e00a4e35dd550bf9,unknown,Setup.exe,exe,2026-08-13 23:44:12,MalwareBazaar
SHA3-384,6e60e927d26c6a76ed865967d8a6a3d0c07744d629a8c6f7d80d5d2bbae1e7cb8425367dc4c2f6ef6300f2e39ba6c8c5,2d94c9ec16c386af1665b3eeaa16e9cff8478136f1f5c001e00a4e35dd550bf9,unknown,Setup.exe,exe,2026-08-13 23:44:12,MalwareBazaar
IMPHASH,2057790ae7855765d51bdc4142e62f9c,2d94c9ec16c386af1665b3eeaa16e9cff8478136f1f5c001e00a4e35dd550bf9,unknown,Setup.exe,exe,2026-08-13 23:44:12,MalwareBazaar
TLSH,T1C3A5121DD7F405FDE0B3D174CA974916EB767C4A47B1E6CF03A0A9A61E232908D39B22,2d94c9ec16c386af1665b3eeaa16e9cff8478136f1f5c001e00a4e35dd550bf9,unknown,Setup.exe,exe,2026-08-13 23:44:12,MalwareBazaar
SSDEEP,49152:06xcx0yWje7pKUoFFLDb+9TwusxyQjyKg0Po1ReMXiS:06ILIUwrAsuLR0mReWF,2d94c9ec16c386af1665b3eeaa16e9cff8478136f1f5c001e00a4e35dd550bf9,unknown,Setup.exe,exe,2026-08-13 23:44:12,MalwareBazaar
ICON-DHASH,9494b494d4aeaeac,2d94c9ec16c386af1665b3eeaa16e9cff8478136f1f5c001e00a4e35dd550bf9,unknown,Setup.exe,exe,2026-08-13 23:44:12,MalwareBazaar
MD5,eea64936029719bcad3d0d15f2d3c8fc,e98151a43afe36960c4d0a68f77b25b13f86607f20000fff3ec93a8ef51be854,Mirai,e98151a43afe36960c4d0a68f77b25b13f86607f20000fff3ec93a8ef51be854.elf,elf,2026-08-13 23:44:12,MalwareBazaar
SHA-1,d28fa3b2e3511daece74eea9a6d7bfa522d8e07b,e98151a43afe36960c4d0a68f77b25b13f86607f20000fff3ec93a8ef51be854,Mirai,e98151a43afe36960c4d0a68f77b25b13f86607f20000fff3ec93a8ef51be854.elf,elf,2026-08-13 23:44:12,MalwareBazaar
SHA-256,e98151a43afe36960c4d0a68f77b25b13f86607f20000fff3ec93a8ef51be854,e98151a43afe36960c4d0a68f77b25b13f86607f20000fff3ec93a8ef51be854,Mirai,e98151a43afe36960c4d0a68f77b25b13f86607f20000fff3ec93a8ef51be854.elf,elf,2026-08-13 23:44:12,MalwareBazaar
SHA3-384,75166d767514d4e175e6d5a9fb850ed44d17592a4baa0eb090a93b6f2fc0ff6f6f7cb3f626cf864f3d9e69eff8bfbad0,e98151a43afe36960c4d0a68f77b25b13f86607f20000fff3ec93a8ef51be854,Mirai,e98151a43afe36960c4d0a68f77b25b13f86607f20000fff3ec93a8ef51be854.elf,elf,2026-08-13 23:44:12,MalwareBazaar
TLSH,T1DEA35B22B9791937C4D4A97B21F70321F2F2475A25A8CA2E7DB10E8DAF2470071577FA,e98151a43afe36960c4d0a68f77b25b13f86607f20000fff3ec93a8ef51be854,Mirai,e98151a43afe36960c4d0a68f77b25b13f86607f20000fff3ec93a8ef51be854.elf,elf,2026-08-13 23:44:12,MalwareBazaar
SSDEEP,1536:UeuSGugij74876vapqHwX/2/gMamtpMN95kyf9csbOtvn:LvJdmva0FN/MNPvF6n,e98151a43afe36960c4d0a68f77b25b13f86607f20000fff3ec93a8ef51be854,Mirai,e98151a43afe36960c4d0a68f77b25b13f86607f20000fff3ec93a8ef51be854.elf,elf,2026-08-13 23:44:12,MalwareBazaar
MD5,1cebb279162fcab7a4c8d56010361d81,97846a49e8314d0d097da1590e04decb5e1570fdaf27157c91e211038dd5eeeb,unknown,adb_patched.exe,exe,2026-08-13 23:41:41,MalwareBazaar
SHA-1,7eb456bd26014231517e085dde50e4f131dfd816,97846a49e8314d0d097da1590e04decb5e1570fdaf27157c91e211038dd5eeeb,unknown,adb_patched.exe,exe,2026-08-13 23:41:41,MalwareBazaar
SHA-256,97846a49e8314d0d097da1590e04decb5e1570fdaf27157c91e211038dd5eeeb,97846a49e8314d0d097da1590e04decb5e1570fdaf27157c91e211038dd5eeeb,unknown,adb_patched.exe,exe,2026-08-13 23:41:41,MalwareBazaar
SHA3-384,044769ccc018a0a8ceb8ca77294d4a6957216a3be8c201b48a340aac64b7b1c9876a7ce31c8ab08e95d731323637d521,97846a49e8314d0d097da1590e04decb5e1570fdaf27157c91e211038dd5eeeb,unknown,adb_patched.exe,exe,2026-08-13 23:41:41,MalwareBazaar
IMPHASH,17d07e325765cbee796dac7ba64fff66,97846a49e8314d0d097da1590e04decb5e1570fdaf27157c91e211038dd5eeeb,unknown,adb_patched.exe,exe,2026-08-13 23:41:41,MalwareBazaar
TLSH,T1FED5C8806DE5006E5D9C8FFDCB58F3559AC5F28572288A8C903DD6CE2FEB8EC952C191,97846a49e8314d0d097da1590e04decb5e1570fdaf27157c91e211038dd5eeeb,unknown,adb_patched.exe,exe,2026-08-13 23:41:41,MalwareBazaar
SSDEEP,24576:oA6d4XmECzfzFzPVy9Qhn1qIB0vupCJ2ofq:md1PRzyQXxavup82oS,97846a49e8314d0d097da1590e04decb5e1570fdaf27157c91e211038dd5eeeb,unknown,adb_patched.exe,exe,2026-08-13 23:41:41,MalwareBazaar
ICON-DHASH,0b0787e270ac8603,97846a49e8314d0d097da1590e04decb5e1570fdaf27157c91e211038dd5eeeb,unknown,adb_patched.exe,exe,2026-08-13 23:41:41,MalwareBazaar
MD5,67dfae6cd0188c8e38896879e033d7d1,9adeb7f0c133c3890d17b6770bc5918ab3ab7a9595de9326ca9e08727bfb5a0b,unknown,984.7z,7z,2026-08-13 23:40:58,MalwareBazaar
SHA-1,0b5e377216f24a0e6cf03b7511fcf8e9e5898636,9adeb7f0c133c3890d17b6770bc5918ab3ab7a9595de9326ca9e08727bfb5a0b,unknown,984.7z,7z,2026-08-13 23:40:58,MalwareBazaar
SHA-256,9adeb7f0c133c3890d17b6770bc5918ab3ab7a9595de9326ca9e08727bfb5a0b,9adeb7f0c133c3890d17b6770bc5918ab3ab7a9595de9326ca9e08727bfb5a0b,unknown,984.7z,7z,2026-08-13 23:40:58,MalwareBazaar
SHA3-384,a072e041f86190efb24776ac756a5ba8729e0543e6e584031c57267febb5fcb5fbed860511b96edc355735975c9d3729,9adeb7f0c133c3890d17b6770bc5918ab3ab7a9595de9326ca9e08727bfb5a0b,unknown,984.7z,7z,2026-08-13 23:40:58,MalwareBazaar
TLSH,T18905333AB96CF52AD3D8922305517EBB26474A0F34312A9702CEB059FF5A7DDD8A4C90,9adeb7f0c133c3890d17b6770bc5918ab3ab7a9595de9326ca9e08727bfb5a0b,unknown,984.7z,7z,2026-08-13 23:40:58,MalwareBazaar
SSDEEP,24576:GY/p+PzvKzKX72OQ3ZaoZRWHrHFu7UHmf9:Lp+PbKzKrk7RwbFu72S,9adeb7f0c133c3890d17b6770bc5918ab3ab7a9595de9326ca9e08727bfb5a0b,unknown,984.7z,7z,2026-08-13 23:40:58,MalwareBazaar
MD5,87d913d37ce1db6fedb998bfcfd322bf,c4235331b054e32688d276c0114c7e457d3b38250eaf9272883a9382ce54ea7c,Mirai,71a56c16e88c9bef1178312e727b68050628af02ff3d2789a62953c4cd8d352e.elf,elf,2026-08-13 23:39:44,MalwareBazaar
SHA-1,16393bc5e8e260480c663935955a13bbfdcf3b39,c4235331b054e32688d276c0114c7e457d3b38250eaf9272883a9382ce54ea7c,Mirai,71a56c16e88c9bef1178312e727b68050628af02ff3d2789a62953c4cd8d352e.elf,elf,2026-08-13 23:39:44,MalwareBazaar
SHA-256,c4235331b054e32688d276c0114c7e457d3b38250eaf9272883a9382ce54ea7c,c4235331b054e32688d276c0114c7e457d3b38250eaf9272883a9382ce54ea7c,Mirai,71a56c16e88c9bef1178312e727b68050628af02ff3d2789a62953c4cd8d352e.elf,elf,2026-08-13 23:39:44,MalwareBazaar
SHA3-384,e1f38d43199645e57fa55a9af8ab3d512a2ee12bb5e7d8e8fb2471018341ed0ab1dd076ee19a7f98de88cae0e6f32cac,c4235331b054e32688d276c0114c7e457d3b38250eaf9272883a9382ce54ea7c,Mirai,71a56c16e88c9bef1178312e727b68050628af02ff3d2789a62953c4cd8d352e.elf,elf,2026-08-13 23:39:44,MalwareBazaar
TLSH,T1CB931895BC819A12C6D02677FB2F018D371653A8E2EE33039D296F61779B81F0E77642,c4235331b054e32688d276c0114c7e457d3b38250eaf9272883a9382ce54ea7c,Mirai,71a56c16e88c9bef1178312e727b68050628af02ff3d2789a62953c4cd8d352e.elf,elf,2026-08-13 23:39:44,MalwareBazaar
TELFHASH,t13f11e1518b901fccafe1c66485c9556609fd71bd2e22150214e93e979b57ac0b42282b,c4235331b054e32688d276c0114c7e457d3b38250eaf9272883a9382ce54ea7c,Mirai,71a56c16e88c9bef1178312e727b68050628af02ff3d2789a62953c4cd8d352e.elf,elf,2026-08-13 23:39:44,MalwareBazaar
SSDEEP,1536:JQFGTSG2pEEN4Vm1BbkFMRKJbq9djMRSvp56BaRjZw0rHaANhFHnDGyy+:JQFQLmkFOKJbq04vp5qaRjZw07XHnS8,c4235331b054e32688d276c0114c7e457d3b38250eaf9272883a9382ce54ea7c,Mirai,71a56c16e88c9bef1178312e727b68050628af02ff3d2789a62953c4cd8d352e.elf,elf,2026-08-13 23:39:44,MalwareBazaar
MD5,218e5dba8923d8373496dd1075cf4fb3,0b11a7495fa0ad2da9f7e78039be4cbe5fd00345d67298e93f4b2bc368fcf352,Mirai,04dde07efaec2e504ef093bbd1592c651881ce52089543e0f24e2a529a1e01ef.elf,elf,2026-08-13 23:39:41,MalwareBazaar
SHA-1,75b018e9aea0829539d1c4b7fb876ac7c9ab387d,0b11a7495fa0ad2da9f7e78039be4cbe5fd00345d67298e93f4b2bc368fcf352,Mirai,04dde07efaec2e504ef093bbd1592c651881ce52089543e0f24e2a529a1e01ef.elf,elf,2026-08-13 23:39:41,MalwareBazaar
SHA-256,0b11a7495fa0ad2da9f7e78039be4cbe5fd00345d67298e93f4b2bc368fcf352,0b11a7495fa0ad2da9f7e78039be4cbe5fd00345d67298e93f4b2bc368fcf352,Mirai,04dde07efaec2e504ef093bbd1592c651881ce52089543e0f24e2a529a1e01ef.elf,elf,2026-08-13 23:39:41,MalwareBazaar
SHA3-384,b6ec31a440147ebb61242fadc2f70b847a0d8cee08aab19c11e0f9bc64c038fa71d84966389640a303b94764d51444c5,0b11a7495fa0ad2da9f7e78039be4cbe5fd00345d67298e93f4b2bc368fcf352,Mirai,04dde07efaec2e504ef093bbd1592c651881ce52089543e0f24e2a529a1e01ef.elf,elf,2026-08-13 23:39:41,MalwareBazaar
TLSH,T187C3E70ABB254EFBEC6FDD3746A91706358C640621A93F367A74D818F54B60B0AE3C74,0b11a7495fa0ad2da9f7e78039be4cbe5fd00345d67298e93f4b2bc368fcf352,Mirai,04dde07efaec2e504ef093bbd1592c651881ce52089543e0f24e2a529a1e01ef.elf,elf,2026-08-13 23:39:41,MalwareBazaar
SSDEEP,1536:BbcFti0/w+OXZ/JvRt7QlrbMrQjPx+JZvLtKqiCyPwZUqAMnkCfuFnoFSXH:BKv/w+4trhdiCAwAD2KH,0b11a7495fa0ad2da9f7e78039be4cbe5fd00345d67298e93f4b2bc368fcf352,Mirai,04dde07efaec2e504ef093bbd1592c651881ce52089543e0f24e2a529a1e01ef.elf,elf,2026-08-13 23:39:41,MalwareBazaar
MD5,d680beb8a09dc0b10f847e6fade0d917,71a56c16e88c9bef1178312e727b68050628af02ff3d2789a62953c4cd8d352e,Mirai,71a56c16e88c9bef1178312e727b68050628af02ff3d2789a62953c4cd8d352e.elf,elf,2026-08-13 23:39:07,MalwareBazaar
SHA-1,3ed74875eeb92ce3c4492d94993329d9e1389e07,71a56c16e88c9bef1178312e727b68050628af02ff3d2789a62953c4cd8d352e,Mirai,71a56c16e88c9bef1178312e727b68050628af02ff3d2789a62953c4cd8d352e.elf,elf,2026-08-13 23:39:07,MalwareBazaar
SHA-256,71a56c16e88c9bef1178312e727b68050628af02ff3d2789a62953c4cd8d352e,71a56c16e88c9bef1178312e727b68050628af02ff3d2789a62953c4cd8d352e,Mirai,71a56c16e88c9bef1178312e727b68050628af02ff3d2789a62953c4cd8d352e.elf,elf,2026-08-13 23:39:07,MalwareBazaar
SHA3-384,afbaa3cbd5ac4e829af5202dfc4885318dce208bca5fee834bb2127f0708997da3804d8a96bcaaf1fdc146ee75581aad,71a56c16e88c9bef1178312e727b68050628af02ff3d2789a62953c4cd8d352e,Mirai,71a56c16e88c9bef1178312e727b68050628af02ff3d2789a62953c4cd8d352e.elf,elf,2026-08-13 23:39:07,MalwareBazaar
TLSH,T19C03F160220DD9726FE11A78ED6F9705595660B8F0B472B7701C83186EEB4FEC3B924B,71a56c16e88c9bef1178312e727b68050628af02ff3d2789a62953c4cd8d352e,Mirai,71a56c16e88c9bef1178312e727b68050628af02ff3d2789a62953c4cd8d352e.elf,elf,2026-08-13 23:39:07,MalwareBazaar
SSDEEP,768:kCzF11NKErc5ZYMtxB97BH8fOFw8EIwH3LnZ/qXXHYs3UozPl:nFVKEEZXtxZEOGIwH3LZyXXHNzPl,71a56c16e88c9bef1178312e727b68050628af02ff3d2789a62953c4cd8d352e,Mirai,71a56c16e88c9bef1178312e727b68050628af02ff3d2789a62953c4cd8d352e.elf,elf,2026-08-13 23:39:07,MalwareBazaar
MD5,227ffcde3ec5386101b4eb4087fb7f2e,04dde07efaec2e504ef093bbd1592c651881ce52089543e0f24e2a529a1e01ef,Mirai,04dde07efaec2e504ef093bbd1592c651881ce52089543e0f24e2a529a1e01ef.elf,elf,2026-08-13 23:39:02,MalwareBazaar
SHA-1,b4a9d5b5821f272fde6e58339a6d5ae2e1b5f146,04dde07efaec2e504ef093bbd1592c651881ce52089543e0f24e2a529a1e01ef,Mirai,04dde07efaec2e504ef093bbd1592c651881ce52089543e0f24e2a529a1e01ef.elf,elf,2026-08-13 23:39:02,MalwareBazaar
SHA-256,04dde07efaec2e504ef093bbd1592c651881ce52089543e0f24e2a529a1e01ef,04dde07efaec2e504ef093bbd1592c651881ce52089543e0f24e2a529a1e01ef,Mirai,04dde07efaec2e504ef093bbd1592c651881ce52089543e0f24e2a529a1e01ef.elf,elf,2026-08-13 23:39:02,MalwareBazaar
SHA3-384,855967aece21d51fba446108464cf417f9095648fe800690ddb3074074f3cce9f293844e8baa15fefb0a139c5272abcd,04dde07efaec2e504ef093bbd1592c651881ce52089543e0f24e2a529a1e01ef,Mirai,04dde07efaec2e504ef093bbd1592c651881ce52089543e0f24e2a529a1e01ef.elf,elf,2026-08-13 23:39:02,MalwareBazaar
TLSH,T19D23F1CC80C17FC5CA9D6C36E29E8C919F4C120474BF2BACA3625E893DB66177D4D199,04dde07efaec2e504ef093bbd1592c651881ce52089543e0f24e2a529a1e01ef,Mirai,04dde07efaec2e504ef093bbd1592c651881ce52089543e0f24e2a529a1e01ef.elf,elf,2026-08-13 23:39:02,MalwareBazaar
SSDEEP,768:4EQnnDG6BO7ls0gt6q1DXoyF84WDJ0kAVhHJg+TT+Q12MW0:4EsnDG6A7YUYjoc8rV07BJdP+0,04dde07efaec2e504ef093bbd1592c651881ce52089543e0f24e2a529a1e01ef,Mirai,04dde07efaec2e504ef093bbd1592c651881ce52089543e0f24e2a529a1e01ef.elf,elf,2026-08-13 23:39:02,MalwareBazaar
MD5,46856c98df95f441094fee1d4f9ea0db,e9290f77dbca2139d0fa775fd29fc03009f1e316eaa86ceef0e0b1999a564c13,Mirai,eb9c029830935d18579ef3654d808d8360d55223869c67cd0c746bb3a609e39c.elf,elf,2026-08-13 23:34:32,MalwareBazaar
SHA-1,42891dd88c32e424ac73638f0022edb3f96bd0a5,e9290f77dbca2139d0fa775fd29fc03009f1e316eaa86ceef0e0b1999a564c13,Mirai,eb9c029830935d18579ef3654d808d8360d55223869c67cd0c746bb3a609e39c.elf,elf,2026-08-13 23:34:32,MalwareBazaar
SHA-256,e9290f77dbca2139d0fa775fd29fc03009f1e316eaa86ceef0e0b1999a564c13,e9290f77dbca2139d0fa775fd29fc03009f1e316eaa86ceef0e0b1999a564c13,Mirai,eb9c029830935d18579ef3654d808d8360d55223869c67cd0c746bb3a609e39c.elf,elf,2026-08-13 23:34:32,MalwareBazaar
SHA3-384,8e5727643f9c7158b3e32121f20f46105ed5129aa35fab943f633597dfd404f7ef2852b58e42eba851f3fe5629b7d6ae,e9290f77dbca2139d0fa775fd29fc03009f1e316eaa86ceef0e0b1999a564c13,Mirai,eb9c029830935d18579ef3654d808d8360d55223869c67cd0c746bb3a609e39c.elf,elf,2026-08-13 23:34:32,MalwareBazaar
TLSH,T1C4043C46EA418A53C4C6277AFA9F414533239B64D3EB330689187FF43F86B9E0E67605,e9290f77dbca2139d0fa775fd29fc03009f1e316eaa86ceef0e0b1999a564c13,Mirai,eb9c029830935d18579ef3654d808d8360d55223869c67cd0c746bb3a609e39c.elf,elf,2026-08-13 23:34:32,MalwareBazaar
TELFHASH,t1ad310f365a2245166a61dc14dce967b1251a46275680ee33ef2684cc240a08ae22bc4f,e9290f77dbca2139d0fa775fd29fc03009f1e316eaa86ceef0e0b1999a564c13,Mirai,eb9c029830935d18579ef3654d808d8360d55223869c67cd0c746bb3a609e39c.elf,elf,2026-08-13 23:34:32,MalwareBazaar
SSDEEP,3072:wVLv6M41MTRarg2sen1ynQ9X/HOGlVeGstN8oM/93a3hsie:wVLvc4Rarg2sen0nU/uG7eGstNHM/9Km,e9290f77dbca2139d0fa775fd29fc03009f1e316eaa86ceef0e0b1999a564c13,Mirai,eb9c029830935d18579ef3654d808d8360d55223869c67cd0c746bb3a609e39c.elf,elf,2026-08-13 23:34:32,MalwareBazaar
MD5,2c5b16b3d229cb61fc2be84550c1db61,eb9c029830935d18579ef3654d808d8360d55223869c67cd0c746bb3a609e39c,Mirai,eb9c029830935d18579ef3654d808d8360d55223869c67cd0c746bb3a609e39c.elf,elf,2026-08-13 23:34:06,MalwareBazaar
SHA-1,1a07798ec9b4c3967de1c1ddb0447ac757fb646c,eb9c029830935d18579ef3654d808d8360d55223869c67cd0c746bb3a609e39c,Mirai,eb9c029830935d18579ef3654d808d8360d55223869c67cd0c746bb3a609e39c.elf,elf,2026-08-13 23:34:06,MalwareBazaar
SHA-256,eb9c029830935d18579ef3654d808d8360d55223869c67cd0c746bb3a609e39c,eb9c029830935d18579ef3654d808d8360d55223869c67cd0c746bb3a609e39c,Mirai,eb9c029830935d18579ef3654d808d8360d55223869c67cd0c746bb3a609e39c.elf,elf,2026-08-13 23:34:06,MalwareBazaar
SHA3-384,88964745c493d02e1dca4aea6fc4aca0d9bd23326ff419405c9ed7fa79e86f798c756d6d0aadb7b2130be4f1f52a0da1,eb9c029830935d18579ef3654d808d8360d55223869c67cd0c746bb3a609e39c,Mirai,eb9c029830935d18579ef3654d808d8360d55223869c67cd0c746bb3a609e39c.elf,elf,2026-08-13 23:34:06,MalwareBazaar
TLSH,T168630217E4704663DBF289F697B5C4F3724B165433CB715F83A0DBA912E888991EEC06,eb9c029830935d18579ef3654d808d8360d55223869c67cd0c746bb3a609e39c,Mirai,eb9c029830935d18579ef3654d808d8360d55223869c67cd0c746bb3a609e39c.elf,elf,2026-08-13 23:34:06,MalwareBazaar
SSDEEP,1536:ThgeiDS6BbLNzkq9lNqLHy9Hd2IyFJwcaLZLJLNRHBrTKZG7sR:FXiWQNQAmby992hFJwcaLZLBHpTKZGA,eb9c029830935d18579ef3654d808d8360d55223869c67cd0c746bb3a609e39c,Mirai,eb9c029830935d18579ef3654d808d8360d55223869c67cd0c746bb3a609e39c.elf,elf,2026-08-13 23:34:06,MalwareBazaar
MD5,ccd548dbf76e37e5e096f56bcd85a676,a30bb2d9701ceab3cd0a49fcc7d474ecc6fccb8311fbe23a465a89a55c69d0eb,Mirai,a30bb2d9701ceab3cd0a49fcc7d474ecc6fccb8311fbe23a465a89a55c69d0eb.elf,elf,2026-08-13 23:34:02,MalwareBazaar
SHA-1,3427a2ca1bc99db24e7c617f2b153019ccf54136,a30bb2d9701ceab3cd0a49fcc7d474ecc6fccb8311fbe23a465a89a55c69d0eb,Mirai,a30bb2d9701ceab3cd0a49fcc7d474ecc6fccb8311fbe23a465a89a55c69d0eb.elf,elf,2026-08-13 23:34:02,MalwareBazaar
SHA-256,a30bb2d9701ceab3cd0a49fcc7d474ecc6fccb8311fbe23a465a89a55c69d0eb,a30bb2d9701ceab3cd0a49fcc7d474ecc6fccb8311fbe23a465a89a55c69d0eb,Mirai,a30bb2d9701ceab3cd0a49fcc7d474ecc6fccb8311fbe23a465a89a55c69d0eb.elf,elf,2026-08-13 23:34:02,MalwareBazaar
SHA3-384,0947fcd41ed4bad8442d138b21128f143a1d2ae9e10ff57940b6d4e589ac773d4d4adb4d9d66d23789cc90addf117442,a30bb2d9701ceab3cd0a49fcc7d474ecc6fccb8311fbe23a465a89a55c69d0eb,Mirai,a30bb2d9701ceab3cd0a49fcc7d474ecc6fccb8311fbe23a465a89a55c69d0eb.elf,elf,2026-08-13 23:34:02,MalwareBazaar
TLSH,T142A34BD7F800DD7DF84ED77B44634A16B170B76109831F3A328BB9A3AD721985962F82,a30bb2d9701ceab3cd0a49fcc7d474ecc6fccb8311fbe23a465a89a55c69d0eb,Mirai,a30bb2d9701ceab3cd0a49fcc7d474ecc6fccb8311fbe23a465a89a55c69d0eb.elf,elf,2026-08-13 23:34:02,MalwareBazaar
SSDEEP,3072:hImP1efsFIAqk9ItViHQFX2VrPJLgviHbV:ngfsFIYUX2VrJ9HbV,a30bb2d9701ceab3cd0a49fcc7d474ecc6fccb8311fbe23a465a89a55c69d0eb,Mirai,a30bb2d9701ceab3cd0a49fcc7d474ecc6fccb8311fbe23a465a89a55c69d0eb.elf,elf,2026-08-13 23:34:02,MalwareBazaar
MD5,e2ab3c82469a5738dc1732f9e29ad304,9a25e7daef511ee2e91f1726a1f67a3c3a9229d04f76468fc8f56805d263b2c8,Mirai,e70745807f277cf046c8ec352b296f748a3fd497f4f0b2e0f6818e37608051a6.elf,elf,2026-08-13 23:24:39,MalwareBazaar
SHA-1,060cbe0f2bc7c84e5007ed14e81c66e8f16b7ca8,9a25e7daef511ee2e91f1726a1f67a3c3a9229d04f76468fc8f56805d263b2c8,Mirai,e70745807f277cf046c8ec352b296f748a3fd497f4f0b2e0f6818e37608051a6.elf,elf,2026-08-13 23:24:39,MalwareBazaar
SHA-256,9a25e7daef511ee2e91f1726a1f67a3c3a9229d04f76468fc8f56805d263b2c8,9a25e7daef511ee2e91f1726a1f67a3c3a9229d04f76468fc8f56805d263b2c8,Mirai,e70745807f277cf046c8ec352b296f748a3fd497f4f0b2e0f6818e37608051a6.elf,elf,2026-08-13 23:24:39,MalwareBazaar
SHA3-384,5709caecc7d1d1ba794a5fe470fd85072e673550f6f4cfa9a497a5056bfc58815857e02aceae9588dc44e67e0bab4af8,9a25e7daef511ee2e91f1726a1f67a3c3a9229d04f76468fc8f56805d263b2c8,Mirai,e70745807f277cf046c8ec352b296f748a3fd497f4f0b2e0f6818e37608051a6.elf,elf,2026-08-13 23:24:39,MalwareBazaar
TLSH,T184737CC57643E4F4EC6201792277E7335A36F43A102ADF83D7A9E932AC56A01E64739C,9a25e7daef511ee2e91f1726a1f67a3c3a9229d04f76468fc8f56805d263b2c8,Mirai,e70745807f277cf046c8ec352b296f748a3fd497f4f0b2e0f6818e37608051a6.elf,elf,2026-08-13 23:24:39,MalwareBazaar
TELFHASH,t18141fdfa2d7e18e8b7d09848935e1f213e2de77725a075f141f3993022a3e8250b6c78,9a25e7daef511ee2e91f1726a1f67a3c3a9229d04f76468fc8f56805d263b2c8,Mirai,e70745807f277cf046c8ec352b296f748a3fd497f4f0b2e0f6818e37608051a6.elf,elf,2026-08-13 23:24:39,MalwareBazaar
SSDEEP,1536:NFjD79Vfj2UUqy94q1VOinMlalY1fYc8G65Kjgr+QVLTninP23vdtJ:NFj/3fj2UKf1VOK4M+fYSjgZVLrouh,9a25e7daef511ee2e91f1726a1f67a3c3a9229d04f76468fc8f56805d263b2c8,Mirai,e70745807f277cf046c8ec352b296f748a3fd497f4f0b2e0f6818e37608051a6.elf,elf,2026-08-13 23:24:39,MalwareBazaar
MD5,5b62c40b07e45ac48e8a0a406ddc3011,e70745807f277cf046c8ec352b296f748a3fd497f4f0b2e0f6818e37608051a6,Mirai,e70745807f277cf046c8ec352b296f748a3fd497f4f0b2e0f6818e37608051a6.elf,elf,2026-08-13 23:24:10,MalwareBazaar
SHA-1,6e02d50b0f4a648a57786666bdc56cb98e6f28aa,e70745807f277cf046c8ec352b296f748a3fd497f4f0b2e0f6818e37608051a6,Mirai,e70745807f277cf046c8ec352b296f748a3fd497f4f0b2e0f6818e37608051a6.elf,elf,2026-08-13 23:24:10,MalwareBazaar
SHA-256,e70745807f277cf046c8ec352b296f748a3fd497f4f0b2e0f6818e37608051a6,e70745807f277cf046c8ec352b296f748a3fd497f4f0b2e0f6818e37608051a6,Mirai,e70745807f277cf046c8ec352b296f748a3fd497f4f0b2e0f6818e37608051a6.elf,elf,2026-08-13 23:24:10,MalwareBazaar
SHA3-384,d3cbf04ee53ecd3ae50d7a9ae0ede2278a9f80db84aa222b7df0127bd0bbecad429a3bfc78c1786cce634fc9a509ea01,e70745807f277cf046c8ec352b296f748a3fd497f4f0b2e0f6818e37608051a6,Mirai,e70745807f277cf046c8ec352b296f748a3fd497f4f0b2e0f6818e37608051a6.elf,elf,2026-08-13 23:24:10,MalwareBazaar
TLSH,T18503F116E6AFEE0155B43135386FB20B6210E64464C87195A9CCE174EE6EE2F692CAC3,e70745807f277cf046c8ec352b296f748a3fd497f4f0b2e0f6818e37608051a6,Mirai,e70745807f277cf046c8ec352b296f748a3fd497f4f0b2e0f6818e37608051a6.elf,elf,2026-08-13 23:24:10,MalwareBazaar
SSDEEP,768:xcQsjJ3q8xOR5PSHqZ/Q4DEwLle2n3bUW7NUQN5WJqjDonbcuyD7UGQRjF:xiY8YdSy/wAn3bUWHinouy8Gyh,e70745807f277cf046c8ec352b296f748a3fd497f4f0b2e0f6818e37608051a6,Mirai,e70745807f277cf046c8ec352b296f748a3fd497f4f0b2e0f6818e37608051a6.elf,elf,2026-08-13 23:24:10,MalwareBazaar
MD5,7e7457758a892d3043730893d5d2c085,1b0ec563cbabaa68e37d081d9538c1b66652c389467294f495bdd5437fd2a1fa,unknown,EdgeElevator.exe,exe,2026-08-13 23:21:04,MalwareBazaar
SHA-1,a66db4592392524926ff13aa980cfe65c25db0ba,1b0ec563cbabaa68e37d081d9538c1b66652c389467294f495bdd5437fd2a1fa,unknown,EdgeElevator.exe,exe,2026-08-13 23:21:04,MalwareBazaar
SHA-256,1b0ec563cbabaa68e37d081d9538c1b66652c389467294f495bdd5437fd2a1fa,1b0ec563cbabaa68e37d081d9538c1b66652c389467294f495bdd5437fd2a1fa,unknown,EdgeElevator.exe,exe,2026-08-13 23:21:04,MalwareBazaar
SHA3-384,c9a7ef4f13afd8e84850dafe71a5857a7824ebc9d92c9de259bc33faed9713c389ac825b01f82b64b77d06e7dbebb9da,1b0ec563cbabaa68e37d081d9538c1b66652c389467294f495bdd5437fd2a1fa,unknown,EdgeElevator.exe,exe,2026-08-13 23:21:04,MalwareBazaar
IMPHASH,4e2bd2c481372f7ab13b83b63b424e97,1b0ec563cbabaa68e37d081d9538c1b66652c389467294f495bdd5437fd2a1fa,unknown,EdgeElevator.exe,exe,2026-08-13 23:21:04,MalwareBazaar
TLSH,T1D8176C17BCA119EAC0AEA2324973519A7B61BC441F3223D72E90B7782FB3BD09D75705,1b0ec563cbabaa68e37d081d9538c1b66652c389467294f495bdd5437fd2a1fa,unknown,EdgeElevator.exe,exe,2026-08-13 23:21:04,MalwareBazaar
SSDEEP,24576:n9YMAIvLWkAVaOaqApHaDUZtpwRLnrPFRdnG6njpUXMdPmdN6xg3skxELLlIrS0Z:n91LWlVaOaqjDU/8ns6njSXJm8kq+i7,1b0ec563cbabaa68e37d081d9538c1b66652c389467294f495bdd5437fd2a1fa,unknown,EdgeElevator.exe,exe,2026-08-13 23:21:04,MalwareBazaar
MD5,67b698157090e329f7978a774579a4d6,6aa898f1a164c270d0729b7dcec1f4359eb2f0c4109e690e7d3b09abdf7364ec,Mirai,bot.ppc,elf,2026-08-13 23:02:06,MalwareBazaar
SHA-1,6a64a69e23ea904d1d239ebc3afc19adb4f53a42,6aa898f1a164c270d0729b7dcec1f4359eb2f0c4109e690e7d3b09abdf7364ec,Mirai,bot.ppc,elf,2026-08-13 23:02:06,MalwareBazaar
SHA-256,6aa898f1a164c270d0729b7dcec1f4359eb2f0c4109e690e7d3b09abdf7364ec,6aa898f1a164c270d0729b7dcec1f4359eb2f0c4109e690e7d3b09abdf7364ec,Mirai,bot.ppc,elf,2026-08-13 23:02:06,MalwareBazaar
SHA3-384,6180061fc0c6d459f68d642d1da943817c2f86ea724e653362698a5f3102ce03bf70c43f747606db346ea79185e6b5bc,6aa898f1a164c270d0729b7dcec1f4359eb2f0c4109e690e7d3b09abdf7364ec,Mirai,bot.ppc,elf,2026-08-13 23:02:06,MalwareBazaar
TLSH,T108254A46FF1C4562C9430DF16A3F43D9F7257A4340F9922A370EAB572621E3A9AC7389,6aa898f1a164c270d0729b7dcec1f4359eb2f0c4109e690e7d3b09abdf7364ec,Mirai,bot.ppc,elf,2026-08-13 23:02:06,MalwareBazaar
SSDEEP,24576:VM244wwZcWpFWuqJbxAij9+a7ysZTojyRFOGWlFkCFd8iJN67:VM244wwZcWOuqJbiij9bRZEjyRUGWlF6,6aa898f1a164c270d0729b7dcec1f4359eb2f0c4109e690e7d3b09abdf7364ec,Mirai,bot.ppc,elf,2026-08-13 23:02:06,MalwareBazaar
MD5,77905822eddf82d3924bb4eefd268cde,ceaea5f689a22613155872a732c36daa0ef2f588fee96b792411215adb5ec2a0,Mirai,bot.arm,elf,2026-08-13 23:02:04,MalwareBazaar
SHA-1,3c5086d4fa0b138cbe62bd82b19396978718471b,ceaea5f689a22613155872a732c36daa0ef2f588fee96b792411215adb5ec2a0,Mirai,bot.arm,elf,2026-08-13 23:02:04,MalwareBazaar
SHA-256,ceaea5f689a22613155872a732c36daa0ef2f588fee96b792411215adb5ec2a0,ceaea5f689a22613155872a732c36daa0ef2f588fee96b792411215adb5ec2a0,Mirai,bot.arm,elf,2026-08-13 23:02:04,MalwareBazaar
SHA3-384,eade704e665162cae5a6489b011a99d3c5c3c7324bc3313908dbd2fbfc8fe8b441cb8d873492038564c487b1ef210136,ceaea5f689a22613155872a732c36daa0ef2f588fee96b792411215adb5ec2a0,Mirai,bot.arm,elf,2026-08-13 23:02:04,MalwareBazaar
TLSH,T1A2F42955F880DF61C6C129B6FB5D86AC33134779D3EB720689254B343BAB86B0F3A641,ceaea5f689a22613155872a732c36daa0ef2f588fee96b792411215adb5ec2a0,Mirai,bot.arm,elf,2026-08-13 23:02:04,MalwareBazaar
TELFHASH,t1efe026546c6d38bee281c2188112415c8a7c65a903312488c7c839280e1bf8a21f1d33,ceaea5f689a22613155872a732c36daa0ef2f588fee96b792411215adb5ec2a0,Mirai,bot.arm,elf,2026-08-13 23:02:04,MalwareBazaar
SSDEEP,12288:FfsYxttvwh+ms5Pvm8dJcELy9fICo4bs1MO40kjWvgpDdJv:zw25P+cJJLy9f3PCyjx,ceaea5f689a22613155872a732c36daa0ef2f588fee96b792411215adb5ec2a0,Mirai,bot.arm,elf,2026-08-13 23:02:04,MalwareBazaar
MD5,ba843872e83364b1d6952fb65ebe4c99,541155aeca277f0d11b3b83f2b9000b60210ffcb8fe99999d14a0665dfdceeed,Mirai,bot.aarch64,elf,2026-08-13 23:02:03,MalwareBazaar
SHA-1,524b09f8925be1770c477fd58e2b1ec0ccfd7a1d,541155aeca277f0d11b3b83f2b9000b60210ffcb8fe99999d14a0665dfdceeed,Mirai,bot.aarch64,elf,2026-08-13 23:02:03,MalwareBazaar
SHA-256,541155aeca277f0d11b3b83f2b9000b60210ffcb8fe99999d14a0665dfdceeed,541155aeca277f0d11b3b83f2b9000b60210ffcb8fe99999d14a0665dfdceeed,Mirai,bot.aarch64,elf,2026-08-13 23:02:03,MalwareBazaar
SHA3-384,92804c5019e567fffb218d4c03ff3b9dec872846f19b911dac7875d1cdda828fd5132b69dfe40d52cedeb51ed6c09b62,541155aeca277f0d11b3b83f2b9000b60210ffcb8fe99999d14a0665dfdceeed,Mirai,bot.aarch64,elf,2026-08-13 23:02:03,MalwareBazaar
TLSH,T13E056D5DFE4E3D41E3DBF278DB4E83E1A21FB194D32391A33982025CD486AE9CAB0555,541155aeca277f0d11b3b83f2b9000b60210ffcb8fe99999d14a0665dfdceeed,Mirai,bot.aarch64,elf,2026-08-13 23:02:03,MalwareBazaar
SSDEEP,12288:oBLwCF1sJtSkrAJfhvQAG0ilihFfMdUD6CLQ96w5dwciNz:M1ySyAfy8YihV6JXC,541155aeca277f0d11b3b83f2b9000b60210ffcb8fe99999d14a0665dfdceeed,Mirai,bot.aarch64,elf,2026-08-13 23:02:03,MalwareBazaar
MD5,d814825f36a1c768f72c47621caa396b,81a6b7afc8b8eee0301fe884359a05db347e09b8545bf2e3a2be4a9bde9edae5,Mirai,bot.arm7,elf,2026-08-13 23:02:01,MalwareBazaar
SHA-1,ab2386c98da1d0a8870f03e744c9201c96b92ec8,81a6b7afc8b8eee0301fe884359a05db347e09b8545bf2e3a2be4a9bde9edae5,Mirai,bot.arm7,elf,2026-08-13 23:02:01,MalwareBazaar
SHA-256,81a6b7afc8b8eee0301fe884359a05db347e09b8545bf2e3a2be4a9bde9edae5,81a6b7afc8b8eee0301fe884359a05db347e09b8545bf2e3a2be4a9bde9edae5,Mirai,bot.arm7,elf,2026-08-13 23:02:01,MalwareBazaar
SHA3-384,6c4eadada92f07c54af1d5585569c73c9198778c9f164d64c4374c555d9119a30ca4333259d88490f5f5018a28c0a617,81a6b7afc8b8eee0301fe884359a05db347e09b8545bf2e3a2be4a9bde9edae5,Mirai,bot.arm7,elf,2026-08-13 23:02:01,MalwareBazaar
TLSH,T16EB4E086F7472F42C8D7D9391847C1459A59E56763F383097F43A8BB38292B24F3878A,81a6b7afc8b8eee0301fe884359a05db347e09b8545bf2e3a2be4a9bde9edae5,Mirai,bot.arm7,elf,2026-08-13 23:02:01,MalwareBazaar
SSDEEP,12288:xNTGJM3a9gbqoDWZcI/rX6nVf30Gbk6FHuADJyQEg7n3gpCFGHI:xVfEGLHuAREP,81a6b7afc8b8eee0301fe884359a05db347e09b8545bf2e3a2be4a9bde9edae5,Mirai,bot.arm7,elf,2026-08-13 23:02:01,MalwareBazaar
MD5,0c2bd659add40a7fc4278c2caa9fcb3b,769b5c6f875497f6ffa4129b44f47fdf9f186da0cf8359b2b55d14cd0ec9dd41,Mirai,bot.mipsel,elf,2026-08-13 23:01:59,MalwareBazaar
SHA-1,93ce56b7b95840efc3570593b63bcb060be41699,769b5c6f875497f6ffa4129b44f47fdf9f186da0cf8359b2b55d14cd0ec9dd41,Mirai,bot.mipsel,elf,2026-08-13 23:01:59,MalwareBazaar
SHA-256,769b5c6f875497f6ffa4129b44f47fdf9f186da0cf8359b2b55d14cd0ec9dd41,769b5c6f875497f6ffa4129b44f47fdf9f186da0cf8359b2b55d14cd0ec9dd41,Mirai,bot.mipsel,elf,2026-08-13 23:01:59,MalwareBazaar
SHA3-384,d8b712ae9ed8856cfef1fc09c77aec4afd757648127d1bcfead2620ea9b4ddce5a08b94ed01529c98a151eb4b416c17b,769b5c6f875497f6ffa4129b44f47fdf9f186da0cf8359b2b55d14cd0ec9dd41,Mirai,bot.mipsel,elf,2026-08-13 23:01:59,MalwareBazaar
TLSH,T13B256D06EF805FEBC46FCD30493EC30715EDA8C756D5A63A71FC4A8DBA5925A0AD3488,769b5c6f875497f6ffa4129b44f47fdf9f186da0cf8359b2b55d14cd0ec9dd41,Mirai,bot.mipsel,elf,2026-08-13 23:01:59,MalwareBazaar
SSDEEP,12288:3GUJrgGeexB4z6f5H5Id/jAI8Krl9k/UhGVkVBbvutu/AapNfm3T9hO3G1qEvzo3:Kn3qKZ6vrZVoFWGVfxkfEe32y6M/W/,769b5c6f875497f6ffa4129b44f47fdf9f186da0cf8359b2b55d14cd0ec9dd41,Mirai,bot.mipsel,elf,2026-08-13 23:01:59,MalwareBazaar
MD5,819898f757bb1362b77a446a46590ace,4d665ce1ac6e85c429e004145d55bcc2e6a4d2eb24fb55a8b9864e8c1f97faeb,Mirai,bot.x86_64,elf,2026-08-13 23:01:58,MalwareBazaar
SHA-1,0e8a76fd5769d35d2fa3a2c057dd2df700125d1f,4d665ce1ac6e85c429e004145d55bcc2e6a4d2eb24fb55a8b9864e8c1f97faeb,Mirai,bot.x86_64,elf,2026-08-13 23:01:58,MalwareBazaar
SHA-256,4d665ce1ac6e85c429e004145d55bcc2e6a4d2eb24fb55a8b9864e8c1f97faeb,4d665ce1ac6e85c429e004145d55bcc2e6a4d2eb24fb55a8b9864e8c1f97faeb,Mirai,bot.x86_64,elf,2026-08-13 23:01:58,MalwareBazaar
SHA3-384,c7129c0ec79571d6f21a906a16546808b999fd699ab3a95a7f7386e4161e6af158ddb1f4a26e5dbf10f939e4549afe0b,4d665ce1ac6e85c429e004145d55bcc2e6a4d2eb24fb55a8b9864e8c1f97faeb,Mirai,bot.x86_64,elf,2026-08-13 23:01:58,MalwareBazaar
TLSH,T1A9257C1AE2B2F1BCD00BC03417DBCAA25535B47526313D7F36C5DA312EA6DE12369B26,4d665ce1ac6e85c429e004145d55bcc2e6a4d2eb24fb55a8b9864e8c1f97faeb,Mirai,bot.x86_64,elf,2026-08-13 23:01:58,MalwareBazaar
TELFHASH,t193d17fb04afa39b4bad5c921b352f9b45a3229f651e536e019179d88efc4fd00c63c1b,4d665ce1ac6e85c429e004145d55bcc2e6a4d2eb24fb55a8b9864e8c1f97faeb,Mirai,bot.x86_64,elf,2026-08-13 23:01:58,MalwareBazaar
SSDEEP,12288:Orn3LdtNgD0V+G/W5DCpxZ4SzChmDHMcL2YTdNJHpf5ZXYLjUuqipYoLayzsEa83:OdtNg/UW1CpxZ4FGsCDXoLBTpYPE,4d665ce1ac6e85c429e004145d55bcc2e6a4d2eb24fb55a8b9864e8c1f97faeb,Mirai,bot.x86_64,elf,2026-08-13 23:01:58,MalwareBazaar
MD5,f3ebf9098c15143e41b495b7215ad926,dbc1ca156e64d63c86210256623e28d163cbf2bc0da02813828adec3d6d8c9c5,Mirai,bot.sh4,elf,2026-08-13 23:01:57,MalwareBazaar
SHA-1,6fa0f0e0ea5b4e28226fa9a7f01e6cdad3a681be,dbc1ca156e64d63c86210256623e28d163cbf2bc0da02813828adec3d6d8c9c5,Mirai,bot.sh4,elf,2026-08-13 23:01:57,MalwareBazaar
SHA-256,dbc1ca156e64d63c86210256623e28d163cbf2bc0da02813828adec3d6d8c9c5,dbc1ca156e64d63c86210256623e28d163cbf2bc0da02813828adec3d6d8c9c5,Mirai,bot.sh4,elf,2026-08-13 23:01:57,MalwareBazaar
SHA3-384,42307140f037fca5009e5e0b6b3c6a40c059b35da5e99ac050b9844ec10abb165bf9e478540986e370a4242bb2933ce4,dbc1ca156e64d63c86210256623e28d163cbf2bc0da02813828adec3d6d8c9c5,Mirai,bot.sh4,elf,2026-08-13 23:01:57,MalwareBazaar
TLSH,T185E4C093E1319EE5C53A4AB4147DF3344B01E6A313877181F6FE8284186F6A9BE9DB70,dbc1ca156e64d63c86210256623e28d163cbf2bc0da02813828adec3d6d8c9c5,Mirai,bot.sh4,elf,2026-08-13 23:01:57,MalwareBazaar
SSDEEP,12288:hlVCJDspZCZRQRCUpriQEyDIFxCMmDObWavAb9Qpc3Mv:hbyEZCZoBxIRh,dbc1ca156e64d63c86210256623e28d163cbf2bc0da02813828adec3d6d8c9c5,Mirai,bot.sh4,elf,2026-08-13 23:01:57,MalwareBazaar
MD5,21c6d3e54ebd9cc63e265b1d2adaf86a,e9625f6ad35d4f3cc39833bc3af887840f7a00634326c94f5a426bbe1200ba48,unknown,file,exe,2026-08-13 22:58:30,MalwareBazaar
SHA-1,04659a8b981939cb95d1304ae9e09d9ba3170f5d,e9625f6ad35d4f3cc39833bc3af887840f7a00634326c94f5a426bbe1200ba48,unknown,file,exe,2026-08-13 22:58:30,MalwareBazaar
SHA-256,e9625f6ad35d4f3cc39833bc3af887840f7a00634326c94f5a426bbe1200ba48,e9625f6ad35d4f3cc39833bc3af887840f7a00634326c94f5a426bbe1200ba48,unknown,file,exe,2026-08-13 22:58:30,MalwareBazaar
SHA3-384,4148e96de28aed672742e4609294892a1af5a93e0c669f1589504a4b9bae68431465f7b9fb42199d094967c22348a3b3,e9625f6ad35d4f3cc39833bc3af887840f7a00634326c94f5a426bbe1200ba48,unknown,file,exe,2026-08-13 22:58:30,MalwareBazaar
IMPHASH,21d587ce9df9b4780a02c6ce5f7831b1,e9625f6ad35d4f3cc39833bc3af887840f7a00634326c94f5a426bbe1200ba48,unknown,file,exe,2026-08-13 22:58:30,MalwareBazaar
TLSH,T157D5F0137F00D542D15A2E718AB4CBF86320FD48AE52879B34E6BE5BFDE96C25C066C4,e9625f6ad35d4f3cc39833bc3af887840f7a00634326c94f5a426bbe1200ba48,unknown,file,exe,2026-08-13 22:58:30,MalwareBazaar
SSDEEP,49152:yw0pZ0aaBCY6t5I7uhE+XpC5fz6JRcsPbkN5ROp//3/UnaYzH:yJpZ0aaB5C1XpCRWcsuGpn3uaYzH,e9625f6ad35d4f3cc39833bc3af887840f7a00634326c94f5a426bbe1200ba48,unknown,file,exe,2026-08-13 22:58:30,MalwareBazaar
ICON-DHASH,71e8c8c6c6ceec71,e9625f6ad35d4f3cc39833bc3af887840f7a00634326c94f5a426bbe1200ba48,unknown,file,exe,2026-08-13 22:58:30,MalwareBazaar
MD5,5e3c514d0bc1ff347c39d4fc24e73b38,67df70e9753cc21ce84551660c9fe4762af23436b0a7e26b007c93da919fc40b,Mirai,mpsl,elf,2026-08-13 22:57:43,MalwareBazaar
SHA-1,d6ba5fb692eb7ef4c53b2487c75f03de0b094029,67df70e9753cc21ce84551660c9fe4762af23436b0a7e26b007c93da919fc40b,Mirai,mpsl,elf,2026-08-13 22:57:43,MalwareBazaar
SHA-256,67df70e9753cc21ce84551660c9fe4762af23436b0a7e26b007c93da919fc40b,67df70e9753cc21ce84551660c9fe4762af23436b0a7e26b007c93da919fc40b,Mirai,mpsl,elf,2026-08-13 22:57:43,MalwareBazaar
SHA3-384,f8844f4c1441c5eb5f5ee3e6b7d662ecef189c46f5e1585fc7e5a4b8e516b4f3d9f0d9f0e4f6edd76f2e190f270b0175,67df70e9753cc21ce84551660c9fe4762af23436b0a7e26b007c93da919fc40b,Mirai,mpsl,elf,2026-08-13 22:57:43,MalwareBazaar
TLSH,T1C0A4E70AAF650EFBD82BCD3B06F91B1635CD644722953F353178D918BE4A60B4AD3C68,67df70e9753cc21ce84551660c9fe4762af23436b0a7e26b007c93da919fc40b,Mirai,mpsl,elf,2026-08-13 22:57:43,MalwareBazaar
SSDEEP,6144:Y95xdjjKGsmpK4IbQM2UP+QerZX3ZknBmPrARrvYzQLcEKq:Y95xdjm4IR2UyHZkBUrA1Y/Xq,67df70e9753cc21ce84551660c9fe4762af23436b0a7e26b007c93da919fc40b,Mirai,mpsl,elf,2026-08-13 22:57:43,MalwareBazaar
MD5,abc8e686002e60c1e05a4ed79347912c,ea07e17417b3f101380d7fc558f437fe43f225b91b393c5a047debf362173eda,Mirai,bot.mips,elf,2026-08-13 22:39:50,MalwareBazaar
SHA-1,783b53524b1d20b681d30f046084c0af0f570305,ea07e17417b3f101380d7fc558f437fe43f225b91b393c5a047debf362173eda,Mirai,bot.mips,elf,2026-08-13 22:39:50,MalwareBazaar
SHA-256,ea07e17417b3f101380d7fc558f437fe43f225b91b393c5a047debf362173eda,ea07e17417b3f101380d7fc558f437fe43f225b91b393c5a047debf362173eda,Mirai,bot.mips,elf,2026-08-13 22:39:50,MalwareBazaar
SHA3-384,afca16ed47f0eb7832436ac1c97b6d2ee54d76faea85c87946c134217a63cce672df09db6d1bcb0485cbc0b1645bede0,ea07e17417b3f101380d7fc558f437fe43f225b91b393c5a047debf362173eda,Mirai,bot.mips,elf,2026-08-13 22:39:50,MalwareBazaar
TLSH,T1C1256B677721DFA5F314D17008F3C6515A9521A32AF240AAB2BCD7187E2162E2C6FFE4,ea07e17417b3f101380d7fc558f437fe43f225b91b393c5a047debf362173eda,Mirai,bot.mips,elf,2026-08-13 22:39:50,MalwareBazaar
TELFHASH,t11d51e018097817f493655c5d49edff3696a230ef7e1a2c278a20e86ee76af834d11c1c,ea07e17417b3f101380d7fc558f437fe43f225b91b393c5a047debf362173eda,Mirai,bot.mips,elf,2026-08-13 22:39:50,MalwareBazaar
SSDEEP,24576:54a/KMHAB2M1zVwsGUvIzS4M701tGtQbZNk:54a/a26zIzS4M7KG8E,ea07e17417b3f101380d7fc558f437fe43f225b91b393c5a047debf362173eda,Mirai,bot.mips,elf,2026-08-13 22:39:50,MalwareBazaar
MD5,f21283d3b8ac3949c225b3b4540f24d9,d442b5376625db2254eac2e9dac7effe78d8b4e7c81f689a4401f754fde58017,Mirai,d442b5376625db2254eac2e9dac7effe78d8b4e7c81f689a4401f754fde58017,sh,2026-08-13 22:23:28,MalwareBazaar
SHA-1,b7165a0b4b69faf3ce7610ac04fca65ba84789f6,d442b5376625db2254eac2e9dac7effe78d8b4e7c81f689a4401f754fde58017,Mirai,d442b5376625db2254eac2e9dac7effe78d8b4e7c81f689a4401f754fde58017,sh,2026-08-13 22:23:28,MalwareBazaar
SHA-256,d442b5376625db2254eac2e9dac7effe78d8b4e7c81f689a4401f754fde58017,d442b5376625db2254eac2e9dac7effe78d8b4e7c81f689a4401f754fde58017,Mirai,d442b5376625db2254eac2e9dac7effe78d8b4e7c81f689a4401f754fde58017,sh,2026-08-13 22:23:28,MalwareBazaar
SHA3-384,1360e045388b1a86fb37c0651bdebdd349684c43a997914333f540268774b7a8c4bfe1ef48f92fb4dc292bcebf48d0b2,d442b5376625db2254eac2e9dac7effe78d8b4e7c81f689a4401f754fde58017,Mirai,d442b5376625db2254eac2e9dac7effe78d8b4e7c81f689a4401f754fde58017,sh,2026-08-13 22:23:28,MalwareBazaar
TLSH,T18831109E41214B755502C99E73B2395CB18DAAFB6C8EC7C8C9880EED924878CF251F8D,d442b5376625db2254eac2e9dac7effe78d8b4e7c81f689a4401f754fde58017,Mirai,d442b5376625db2254eac2e9dac7effe78d8b4e7c81f689a4401f754fde58017,sh,2026-08-13 22:23:28,MalwareBazaar
SSDEEP,24:G38WsrxrXRtZ/dPHB7M3lTkSNWyWVHYUyUf2:G38WsrxrhtvPHB7ZI3U2,d442b5376625db2254eac2e9dac7effe78d8b4e7c81f689a4401f754fde58017,Mirai,d442b5376625db2254eac2e9dac7effe78d8b4e7c81f689a4401f754fde58017,sh,2026-08-13 22:23:28,MalwareBazaar
MD5,d4a63d94be80521f70bebcc1e95d1024,39cef3a0e01334bf358bf0450209365bd5fbeff3b2ceea67684b7745e0c8f75c,unknown,client_linux,elf,2026-08-13 22:09:20,MalwareBazaar
SHA-256,39cef3a0e01334bf358bf0450209365bd5fbeff3b2ceea67684b7745e0c8f75c,39cef3a0e01334bf358bf0450209365bd5fbeff3b2ceea67684b7745e0c8f75c,unknown,client_linux,elf,2026-08-13 22:09:20,MalwareBazaar
